#! /opt/homebrew/Cellar/icarus-verilog/13.0/bin/vvp
:ivl_version "13.0 (stable)" "(v13_0)";
:ivl_delay_selection "TYPICAL";
:vpi_time_precision - 12;
:vpi_module "/opt/homebrew/Cellar/icarus-verilog/13.0/lib/ivl/system.vpi";
:vpi_module "/opt/homebrew/Cellar/icarus-verilog/13.0/lib/ivl/vhdl_sys.vpi";
:vpi_module "/opt/homebrew/Cellar/icarus-verilog/13.0/lib/ivl/vhdl_textio.vpi";
:vpi_module "/opt/homebrew/Cellar/icarus-verilog/13.0/lib/ivl/v2005_math.vpi";
:vpi_module "/opt/homebrew/Cellar/icarus-verilog/13.0/lib/ivl/va_math.vpi";
S_0x105705100 .scope module, "CPU_tb" "CPU_tb" 2 4;
 .timescale -9 -12;
v0x94d1186e0_0 .var/i "FAILED", 31 0;
v0x94d118780_0 .var "clk", 0 0;
v0x94d118820_0 .net "halt", 0 0, L_0x94d098500;  1 drivers
v0x94d1188c0_0 .var/i "i", 31 0;
v0x94d118960 .array "memory", 8191 0, 31 0;
v0x94d118a00 .array "register_file", 31 0, 31 0;
v0x94d118aa0_0 .var "rst", 0 0;
S_0x105705280 .scope begin, "CLOCK_GENERATOR" "CLOCK_GENERATOR" 2 30, 2 30 0, S_0x105705100;
 .timescale -9 -12;
S_0x105704b40 .scope begin, "REF_INIT" "REF_INIT" 2 24, 2 24 0, S_0x105705100;
 .timescale -9 -12;
S_0x105704cc0 .scope begin, "Settings" "Settings" 2 35, 2 35 0, S_0x105705100;
 .timescale -9 -12;
E_0x94d065700 .event posedge, v0x94d117980_0;
S_0x105704190 .scope module, "cpu" "CPU" 2 17, 3 4 0, S_0x105705100;
 .timescale -9 -12;
    .port_info 0 /INPUT 1 "clk";
    .port_info 1 /INPUT 1 "rst";
    .port_info 2 /OUTPUT 1 "halt";
L_0x105709060 .functor BUFZ 32, v0x94d115ae0_0, C4<00000000000000000000000000000000>, C4<00000000000000000000000000000000>, C4<00000000000000000000000000000000>;
L_0x94d11c000 .functor BUFZ 32, v0x94d1157c0_0, C4<00000000000000000000000000000000>, C4<00000000000000000000000000000000>, C4<00000000000000000000000000000000>;
L_0x94d11c070 .functor BUFZ 32, L_0x105709060, C4<00000000000000000000000000000000>, C4<00000000000000000000000000000000>, C4<00000000000000000000000000000000>;
L_0x94d11c0e0 .functor BUFZ 5, L_0x94d098820, C4<00000>, C4<00000>, C4<00000>;
L_0x94d11c150 .functor BUFZ 5, L_0x94d0988c0, C4<00000>, C4<00000>, C4<00000>;
v0x94d115680_0 .var "A", 31 0;
v0x94d115720_0 .net "ALUOp", 3 0, v0x105709140_0;  1 drivers
v0x94d1157c0_0 .var "ALUOut", 31 0;
v0x94d115860_0 .net "ALUOutWire", 31 0, L_0x94d11c000;  1 drivers
v0x94d115900_0 .net "ALUSrcA", 0 0, v0x105708fc0_0;  1 drivers
v0x94d1159a0_0 .net "ALUSrcB", 1 0, v0x105708e40_0;  1 drivers
v0x94d115a40_0 .net "AWire", 31 0, v0x94d115680_0;  1 drivers
v0x94d115ae0_0 .var "B", 31 0;
v0x94d115b80_0 .net "BWire", 31 0, L_0x105709060;  1 drivers
v0x94d115c20_0 .var "IR", 31 0;
v0x94d115cc0_0 .net "IRWrite", 0 0, v0x94d114000_0;  1 drivers
v0x94d115d60_0 .net "InstDone", 0 0, v0x94d1140a0_0;  1 drivers
v0x94d115e00_0 .net "IorD", 0 0, v0x94d114140_0;  1 drivers
v0x94d115ea0_0 .var "MDR", 31 0;
v0x94d115f40_0 .net "MDRWire", 31 0, v0x94d115ea0_0;  1 drivers
v0x94d115fe0_0 .net "MemRead", 0 0, v0x94d1141e0_0;  1 drivers
v0x94d116080_0 .net "MemWrite", 0 0, v0x94d114280_0;  1 drivers
v0x94d116120_0 .net "MemtoReg", 0 0, v0x94d114320_0;  1 drivers
v0x94d1161c0_0 .var "PC", 31 0;
v0x94d116260_0 .net "PCSource", 1 0, v0x94d1143c0_0;  1 drivers
v0x94d116300_0 .net "PCWrite", 0 0, v0x94d114460_0;  1 drivers
v0x94d1163a0_0 .net "PCWriteCond", 0 0, v0x94d114500_0;  1 drivers
v0x94d116440_0 .var "PC_next", 31 0;
v0x94d1164e0_0 .net "PC_plus4", 31 0, L_0x94d04d900;  1 drivers
v0x94d116580_0 .net "RegDst", 1 0, v0x94d1145a0_0;  1 drivers
v0x94d116620_0 .net "RegWrite", 0 0, v0x94d114640_0;  1 drivers
v0x94d1166c0_0 .net "SignExtend", 0 0, v0x94d1146e0_0;  1 drivers
L_0x94d570010 .functor BUFT 1, C4<00000000000000000000000000000100>, C4<0>, C4<0>, C4<0>;
v0x94d116760_0 .net/2u *"_ivl_0", 31 0, L_0x94d570010;  1 drivers
v0x94d116800_0 .net *"_ivl_11", 15 0, L_0x94d0981e0;  1 drivers
v0x94d1168a0_0 .net *"_ivl_12", 31 0, L_0x94d098320;  1 drivers
L_0x94d5700a0 .functor BUFT 1, C4<0000000000000000>, C4<0>, C4<0>, C4<0>;
v0x94d116940_0 .net/2u *"_ivl_14", 15 0, L_0x94d5700a0;  1 drivers
v0x94d1169e0_0 .net *"_ivl_16", 31 0, L_0x94d0986e0;  1 drivers
L_0x94d570058 .functor BUFT 1, C4<00000000000000000000000000000000>, C4<0>, C4<0>, C4<0>;
v0x94d116a80_0 .net/2u *"_ivl_4", 31 0, L_0x94d570058;  1 drivers
L_0x94d5700e8 .functor BUFT 1, C4<01>, C4<0>, C4<0>, C4<0>;
v0x94d116b20_0 .net/2u *"_ivl_52", 1 0, L_0x94d5700e8;  1 drivers
v0x94d116bc0_0 .net *"_ivl_54", 0 0, L_0x94d098c80;  1 drivers
L_0x94d570130 .functor BUFT 1, C4<00>, C4<0>, C4<0>, C4<0>;
v0x94d116c60_0 .net/2u *"_ivl_56", 1 0, L_0x94d570130;  1 drivers
v0x94d116d00_0 .net *"_ivl_58", 0 0, L_0x94d098d20;  1 drivers
L_0x94d570178 .functor BUFT 1, C4<11111>, C4<0>, C4<0>, C4<0>;
v0x94d116da0_0 .net/2u *"_ivl_60", 4 0, L_0x94d570178;  1 drivers
v0x94d116e40_0 .net *"_ivl_62", 4 0, L_0x94d04dae0;  1 drivers
L_0x94d5701c0 .functor BUFT 1, C4<00>, C4<0>, C4<0>, C4<0>;
v0x94d116ee0_0 .net/2u *"_ivl_70", 1 0, L_0x94d5701c0;  1 drivers
v0x94d116f80_0 .net *"_ivl_72", 0 0, L_0x94d098dc0;  1 drivers
L_0x94d570208 .functor BUFT 1, C4<01>, C4<0>, C4<0>, C4<0>;
v0x94d117020_0 .net/2u *"_ivl_74", 1 0, L_0x94d570208;  1 drivers
v0x94d1170c0_0 .net *"_ivl_76", 0 0, L_0x94d098e60;  1 drivers
L_0x94d570250 .functor BUFT 1, C4<00000000000000000000000000000100>, C4<0>, C4<0>, C4<0>;
v0x94d117160_0 .net/2u *"_ivl_78", 31 0, L_0x94d570250;  1 drivers
L_0x94d570298 .functor BUFT 1, C4<10>, C4<0>, C4<0>, C4<0>;
v0x94d117200_0 .net/2u *"_ivl_80", 1 0, L_0x94d570298;  1 drivers
v0x94d1172a0_0 .net *"_ivl_82", 0 0, L_0x94d098f00;  1 drivers
v0x94d117340_0 .net *"_ivl_84", 31 0, L_0x94d099040;  1 drivers
v0x94d1173e0_0 .net *"_ivl_86", 29 0, L_0x94d098fa0;  1 drivers
L_0x94d5702e0 .functor BUFT 1, C4<00>, C4<0>, C4<0>, C4<0>;
v0x94d117480_0 .net *"_ivl_88", 1 0, L_0x94d5702e0;  1 drivers
v0x94d117520_0 .net *"_ivl_9", 0 0, L_0x94d0985a0;  1 drivers
v0x94d1175c0_0 .net *"_ivl_90", 31 0, L_0x94d04dd60;  1 drivers
v0x94d117660_0 .net *"_ivl_92", 31 0, L_0x94d04de00;  1 drivers
v0x94d117700_0 .net "alu_result", 31 0, v0x105709ae0_0;  1 drivers
v0x94d1177a0_0 .net "clk", 0 0, v0x94d118780_0;  1 drivers
v0x94d117840_0 .net "ext_imm", 31 0, L_0x94d04d9a0;  1 drivers
v0x94d1178e0_0 .net "funct", 5 0, L_0x94d098aa0;  1 drivers
v0x94d117980_0 .net "halt", 0 0, L_0x94d098500;  alias, 1 drivers
v0x94d117a20_0 .net "immi", 15 0, L_0x94d098b40;  1 drivers
v0x94d117ac0_0 .net "immj", 25 0, L_0x94d098be0;  1 drivers
v0x94d117b60_0 .net "mem_addr", 31 0, L_0x94d04da40;  1 drivers
v0x94d117c00_0 .net "mem_read_data", 31 0, v0x94d114dc0_0;  1 drivers
v0x94d117ca0_0 .net "mem_write_data", 31 0, L_0x94d11c070;  1 drivers
v0x94d117d40_0 .net "opcode", 5 0, L_0x94d098780;  1 drivers
v0x94d117de0_0 .net "operand1", 31 0, L_0x94d04dcc0;  1 drivers
v0x94d117e80_0 .net "operand2", 31 0, L_0x94d04dea0;  1 drivers
v0x94d117f20_0 .net "rd", 4 0, L_0x94d098960;  1 drivers
v0x94d118000_0 .net "rd_addr1", 4 0, L_0x94d11c0e0;  1 drivers
v0x94d1180a0_0 .net "rd_addr2", 4 0, L_0x94d11c150;  1 drivers
v0x94d118140_0 .net "rd_data1", 31 0, v0x94d1152c0_0;  1 drivers
v0x94d1181e0_0 .net "rd_data2", 31 0, v0x94d115360_0;  1 drivers
v0x94d118280_0 .net "rs", 4 0, L_0x94d098820;  1 drivers
v0x94d118320_0 .net "rst", 0 0, v0x94d118aa0_0;  1 drivers
v0x94d1183c0_0 .net "rt", 4 0, L_0x94d0988c0;  1 drivers
v0x94d118460_0 .net "shamt", 4 0, L_0x94d098a00;  1 drivers
v0x94d118500_0 .net "wr_addr", 4 0, L_0x94d04db80;  1 drivers
v0x94d1185a0_0 .net "wr_data", 31 0, L_0x94d04dc20;  1 drivers
v0x94d118640_0 .net "zero", 0 0, v0x1057092c0_0;  1 drivers
E_0x94d065740/0 .event anyedge, v0x94d1143c0_0, v0x105709ae0_0, v0x94d115860_0, v0x94d1161c0_0;
E_0x94d065740/1 .event anyedge, v0x94d117ac0_0, v0x94d115a40_0;
E_0x94d065740 .event/or E_0x94d065740/0, E_0x94d065740/1;
L_0x94d04d900 .arith/sum 32, v0x94d1161c0_0, L_0x94d570010;
L_0x94d098500 .cmp/eq 32, v0x94d115c20_0, L_0x94d570058;
L_0x94d0985a0 .part L_0x94d098b40, 15, 1;
L_0x94d0981e0 .repeat 16, 16, L_0x94d0985a0;
L_0x94d098320 .concat [ 16 16 0 0], L_0x94d098b40, L_0x94d0981e0;
L_0x94d0986e0 .concat [ 16 16 0 0], L_0x94d098b40, L_0x94d5700a0;
L_0x94d04d9a0 .functor MUXZ 32, L_0x94d0986e0, L_0x94d098320, v0x94d1146e0_0, C4<>;
L_0x94d098780 .part v0x94d115c20_0, 26, 6;
L_0x94d098820 .part v0x94d115c20_0, 21, 5;
L_0x94d0988c0 .part v0x94d115c20_0, 16, 5;
L_0x94d098960 .part v0x94d115c20_0, 11, 5;
L_0x94d098a00 .part v0x94d115c20_0, 6, 5;
L_0x94d098aa0 .part v0x94d115c20_0, 0, 6;
L_0x94d098b40 .part v0x94d115c20_0, 0, 16;
L_0x94d098be0 .part v0x94d115c20_0, 0, 26;
L_0x94d04da40 .functor MUXZ 32, v0x94d1161c0_0, v0x94d1157c0_0, v0x94d114140_0, C4<>;
L_0x94d098c80 .cmp/eq 2, v0x94d1145a0_0, L_0x94d5700e8;
L_0x94d098d20 .cmp/eq 2, v0x94d1145a0_0, L_0x94d570130;
L_0x94d04dae0 .functor MUXZ 5, L_0x94d570178, L_0x94d0988c0, L_0x94d098d20, C4<>;
L_0x94d04db80 .functor MUXZ 5, L_0x94d04dae0, L_0x94d098960, L_0x94d098c80, C4<>;
L_0x94d04dc20 .functor MUXZ 32, L_0x94d11c000, v0x94d115ea0_0, v0x94d114320_0, C4<>;
L_0x94d04dcc0 .functor MUXZ 32, v0x94d1161c0_0, v0x94d115680_0, v0x105708fc0_0, C4<>;
L_0x94d098dc0 .cmp/eq 2, v0x105708e40_0, L_0x94d5701c0;
L_0x94d098e60 .cmp/eq 2, v0x105708e40_0, L_0x94d570208;
L_0x94d098f00 .cmp/eq 2, v0x105708e40_0, L_0x94d570298;
L_0x94d098fa0 .part L_0x94d04d9a0, 0, 30;
L_0x94d099040 .concat [ 2 30 0 0], L_0x94d5702e0, L_0x94d098fa0;
L_0x94d04dd60 .functor MUXZ 32, L_0x94d099040, L_0x94d04d9a0, L_0x94d098f00, C4<>;
L_0x94d04de00 .functor MUXZ 32, L_0x94d04dd60, L_0x94d570250, L_0x94d098e60, C4<>;
L_0x94d04dea0 .functor MUXZ 32, L_0x94d04de00, v0x94d115ae0_0, L_0x94d098dc0, C4<>;
S_0x105704310 .scope module, "alu" "ALU" 3 207, 4 5 0, S_0x105704190;
 .timescale -9 -12;
    .port_info 0 /INPUT 32 "operand1";
    .port_info 1 /INPUT 32 "operand2";
    .port_info 2 /INPUT 5 "shamt";
    .port_info 3 /INPUT 4 "funct";
    .port_info 4 /OUTPUT 32 "alu_result";
    .port_info 5 /OUTPUT 1 "zero";
v0x105709ae0_0 .var "alu_result", 31 0;
v0x1057098c0_0 .net "funct", 3 0, v0x105709140_0;  alias, 1 drivers
v0x105709740_0 .net "operand1", 31 0, L_0x94d04dcc0;  alias, 1 drivers
v0x1057095c0_0 .net "operand2", 31 0, L_0x94d04dea0;  alias, 1 drivers
v0x105709440_0 .net "shamt", 4 0, L_0x94d098a00;  alias, 1 drivers
v0x1057092c0_0 .var "zero", 0 0;
E_0x94d065780 .event anyedge, v0x1057098c0_0, v0x105709740_0, v0x1057095c0_0, v0x105709440_0;
S_0x1056fce30 .scope module, "ctrl" "CTRL" 3 155, 5 4 0, S_0x105704190;
 .timescale -9 -12;
    .port_info 0 /INPUT 1 "rst";
    .port_info 1 /INPUT 1 "clk";
    .port_info 2 /INPUT 6 "opcode";
    .port_info 3 /INPUT 6 "funct";
    .port_info 4 /OUTPUT 2 "PCSource";
    .port_info 5 /OUTPUT 4 "ALUOp";
    .port_info 6 /OUTPUT 2 "ALUSrcB";
    .port_info 7 /OUTPUT 1 "ALUSrcA";
    .port_info 8 /OUTPUT 1 "RegWrite";
    .port_info 9 /OUTPUT 2 "RegDst";
    .port_info 10 /OUTPUT 1 "PCWriteCond";
    .port_info 11 /OUTPUT 1 "PCWrite";
    .port_info 12 /OUTPUT 1 "IorD";
    .port_info 13 /OUTPUT 1 "MemRead";
    .port_info 14 /OUTPUT 1 "MemWrite";
    .port_info 15 /OUTPUT 1 "MemtoReg";
    .port_info 16 /OUTPUT 1 "IRWrite";
    .port_info 17 /OUTPUT 1 "SignExtend";
    .port_info 18 /OUTPUT 1 "InstDone";
v0x105709140_0 .var "ALUOp", 3 0;
v0x105708fc0_0 .var "ALUSrcA", 0 0;
v0x105708e40_0 .var "ALUSrcB", 1 0;
v0x94d114000_0 .var "IRWrite", 0 0;
v0x94d1140a0_0 .var "InstDone", 0 0;
v0x94d114140_0 .var "IorD", 0 0;
v0x94d1141e0_0 .var "MemRead", 0 0;
v0x94d114280_0 .var "MemWrite", 0 0;
v0x94d114320_0 .var "MemtoReg", 0 0;
v0x94d1143c0_0 .var "PCSource", 1 0;
v0x94d114460_0 .var "PCWrite", 0 0;
v0x94d114500_0 .var "PCWriteCond", 0 0;
v0x94d1145a0_0 .var "RegDst", 1 0;
v0x94d114640_0 .var "RegWrite", 0 0;
v0x94d1146e0_0 .var "SignExtend", 0 0;
v0x94d114780_0 .net "clk", 0 0, v0x94d118780_0;  alias, 1 drivers
v0x94d114820_0 .net "funct", 5 0, L_0x94d098aa0;  alias, 1 drivers
v0x94d1148c0_0 .net "opcode", 5 0, L_0x94d098780;  alias, 1 drivers
v0x94d114960_0 .net "rst", 0 0, v0x94d118aa0_0;  alias, 1 drivers
v0x94d114a00_0 .var "state", 2 0;
v0x94d114aa0_0 .var "state_next", 2 0;
E_0x94d065800 .event anyedge, v0x94d114a00_0, v0x94d1148c0_0, v0x94d114820_0;
E_0x94d065840 .event posedge, v0x94d114780_0;
S_0x1056fcfb0 .scope module, "mem" "MEM" 3 195, 6 3 0, S_0x105704190;
 .timescale -9 -12;
    .port_info 0 /INPUT 1 "clk";
    .port_info 1 /INPUT 1 "rst";
    .port_info 2 /INPUT 32 "mem_addr";
    .port_info 3 /INPUT 1 "MemWrite";
    .port_info 4 /INPUT 32 "mem_write_data";
    .port_info 5 /OUTPUT 32 "mem_read_data";
v0x94d114be0_0 .net "MemWrite", 0 0, v0x94d114280_0;  alias, 1 drivers
v0x94d114c80_0 .net "clk", 0 0, v0x94d118780_0;  alias, 1 drivers
v0x94d114d20_0 .net "mem_addr", 31 0, L_0x94d04da40;  alias, 1 drivers
v0x94d114dc0_0 .var "mem_read_data", 31 0;
v0x94d114e60_0 .net "mem_write_data", 31 0, L_0x94d11c070;  alias, 1 drivers
v0x94d114f00 .array "memory", 8191 0, 31 0;
v0x94d114fa0_0 .net "rst", 0 0, v0x94d118aa0_0;  alias, 1 drivers
v0x94d114f00_0 .array/port v0x94d114f00, 0;
v0x94d114f00_1 .array/port v0x94d114f00, 1;
v0x94d114f00_2 .array/port v0x94d114f00, 2;
E_0x94d065880/0 .event anyedge, v0x94d114d20_0, v0x94d114f00_0, v0x94d114f00_1, v0x94d114f00_2;
v0x94d114f00_3 .array/port v0x94d114f00, 3;
v0x94d114f00_4 .array/port v0x94d114f00, 4;
v0x94d114f00_5 .array/port v0x94d114f00, 5;
v0x94d114f00_6 .array/port v0x94d114f00, 6;
E_0x94d065880/1 .event anyedge, v0x94d114f00_3, v0x94d114f00_4, v0x94d114f00_5, v0x94d114f00_6;
v0x94d114f00_7 .array/port v0x94d114f00, 7;
v0x94d114f00_8 .array/port v0x94d114f00, 8;
v0x94d114f00_9 .array/port v0x94d114f00, 9;
v0x94d114f00_10 .array/port v0x94d114f00, 10;
E_0x94d065880/2 .event anyedge, v0x94d114f00_7, v0x94d114f00_8, v0x94d114f00_9, v0x94d114f00_10;
v0x94d114f00_11 .array/port v0x94d114f00, 11;
v0x94d114f00_12 .array/port v0x94d114f00, 12;
v0x94d114f00_13 .array/port v0x94d114f00, 13;
v0x94d114f00_14 .array/port v0x94d114f00, 14;
E_0x94d065880/3 .event anyedge, v0x94d114f00_11, v0x94d114f00_12, v0x94d114f00_13, v0x94d114f00_14;
v0x94d114f00_15 .array/port v0x94d114f00, 15;
v0x94d114f00_16 .array/port v0x94d114f00, 16;
v0x94d114f00_17 .array/port v0x94d114f00, 17;
v0x94d114f00_18 .array/port v0x94d114f00, 18;
E_0x94d065880/4 .event anyedge, v0x94d114f00_15, v0x94d114f00_16, v0x94d114f00_17, v0x94d114f00_18;
v0x94d114f00_19 .array/port v0x94d114f00, 19;
v0x94d114f00_20 .array/port v0x94d114f00, 20;
v0x94d114f00_21 .array/port v0x94d114f00, 21;
v0x94d114f00_22 .array/port v0x94d114f00, 22;
E_0x94d065880/5 .event anyedge, v0x94d114f00_19, v0x94d114f00_20, v0x94d114f00_21, v0x94d114f00_22;
v0x94d114f00_23 .array/port v0x94d114f00, 23;
v0x94d114f00_24 .array/port v0x94d114f00, 24;
v0x94d114f00_25 .array/port v0x94d114f00, 25;
v0x94d114f00_26 .array/port v0x94d114f00, 26;
E_0x94d065880/6 .event anyedge, v0x94d114f00_23, v0x94d114f00_24, v0x94d114f00_25, v0x94d114f00_26;
v0x94d114f00_27 .array/port v0x94d114f00, 27;
v0x94d114f00_28 .array/port v0x94d114f00, 28;
v0x94d114f00_29 .array/port v0x94d114f00, 29;
v0x94d114f00_30 .array/port v0x94d114f00, 30;
E_0x94d065880/7 .event anyedge, v0x94d114f00_27, v0x94d114f00_28, v0x94d114f00_29, v0x94d114f00_30;
v0x94d114f00_31 .array/port v0x94d114f00, 31;
v0x94d114f00_32 .array/port v0x94d114f00, 32;
v0x94d114f00_33 .array/port v0x94d114f00, 33;
v0x94d114f00_34 .array/port v0x94d114f00, 34;
E_0x94d065880/8 .event anyedge, v0x94d114f00_31, v0x94d114f00_32, v0x94d114f00_33, v0x94d114f00_34;
v0x94d114f00_35 .array/port v0x94d114f00, 35;
v0x94d114f00_36 .array/port v0x94d114f00, 36;
v0x94d114f00_37 .array/port v0x94d114f00, 37;
v0x94d114f00_38 .array/port v0x94d114f00, 38;
E_0x94d065880/9 .event anyedge, v0x94d114f00_35, v0x94d114f00_36, v0x94d114f00_37, v0x94d114f00_38;
v0x94d114f00_39 .array/port v0x94d114f00, 39;
v0x94d114f00_40 .array/port v0x94d114f00, 40;
v0x94d114f00_41 .array/port v0x94d114f00, 41;
v0x94d114f00_42 .array/port v0x94d114f00, 42;
E_0x94d065880/10 .event anyedge, v0x94d114f00_39, v0x94d114f00_40, v0x94d114f00_41, v0x94d114f00_42;
v0x94d114f00_43 .array/port v0x94d114f00, 43;
v0x94d114f00_44 .array/port v0x94d114f00, 44;
v0x94d114f00_45 .array/port v0x94d114f00, 45;
v0x94d114f00_46 .array/port v0x94d114f00, 46;
E_0x94d065880/11 .event anyedge, v0x94d114f00_43, v0x94d114f00_44, v0x94d114f00_45, v0x94d114f00_46;
v0x94d114f00_47 .array/port v0x94d114f00, 47;
v0x94d114f00_48 .array/port v0x94d114f00, 48;
v0x94d114f00_49 .array/port v0x94d114f00, 49;
v0x94d114f00_50 .array/port v0x94d114f00, 50;
E_0x94d065880/12 .event anyedge, v0x94d114f00_47, v0x94d114f00_48, v0x94d114f00_49, v0x94d114f00_50;
v0x94d114f00_51 .array/port v0x94d114f00, 51;
v0x94d114f00_52 .array/port v0x94d114f00, 52;
v0x94d114f00_53 .array/port v0x94d114f00, 53;
v0x94d114f00_54 .array/port v0x94d114f00, 54;
E_0x94d065880/13 .event anyedge, v0x94d114f00_51, v0x94d114f00_52, v0x94d114f00_53, v0x94d114f00_54;
v0x94d114f00_55 .array/port v0x94d114f00, 55;
v0x94d114f00_56 .array/port v0x94d114f00, 56;
v0x94d114f00_57 .array/port v0x94d114f00, 57;
v0x94d114f00_58 .array/port v0x94d114f00, 58;
E_0x94d065880/14 .event anyedge, v0x94d114f00_55, v0x94d114f00_56, v0x94d114f00_57, v0x94d114f00_58;
v0x94d114f00_59 .array/port v0x94d114f00, 59;
v0x94d114f00_60 .array/port v0x94d114f00, 60;
v0x94d114f00_61 .array/port v0x94d114f00, 61;
v0x94d114f00_62 .array/port v0x94d114f00, 62;
E_0x94d065880/15 .event anyedge, v0x94d114f00_59, v0x94d114f00_60, v0x94d114f00_61, v0x94d114f00_62;
v0x94d114f00_63 .array/port v0x94d114f00, 63;
v0x94d114f00_64 .array/port v0x94d114f00, 64;
v0x94d114f00_65 .array/port v0x94d114f00, 65;
v0x94d114f00_66 .array/port v0x94d114f00, 66;
E_0x94d065880/16 .event anyedge, v0x94d114f00_63, v0x94d114f00_64, v0x94d114f00_65, v0x94d114f00_66;
v0x94d114f00_67 .array/port v0x94d114f00, 67;
v0x94d114f00_68 .array/port v0x94d114f00, 68;
v0x94d114f00_69 .array/port v0x94d114f00, 69;
v0x94d114f00_70 .array/port v0x94d114f00, 70;
E_0x94d065880/17 .event anyedge, v0x94d114f00_67, v0x94d114f00_68, v0x94d114f00_69, v0x94d114f00_70;
v0x94d114f00_71 .array/port v0x94d114f00, 71;
v0x94d114f00_72 .array/port v0x94d114f00, 72;
v0x94d114f00_73 .array/port v0x94d114f00, 73;
v0x94d114f00_74 .array/port v0x94d114f00, 74;
E_0x94d065880/18 .event anyedge, v0x94d114f00_71, v0x94d114f00_72, v0x94d114f00_73, v0x94d114f00_74;
v0x94d114f00_75 .array/port v0x94d114f00, 75;
v0x94d114f00_76 .array/port v0x94d114f00, 76;
v0x94d114f00_77 .array/port v0x94d114f00, 77;
v0x94d114f00_78 .array/port v0x94d114f00, 78;
E_0x94d065880/19 .event anyedge, v0x94d114f00_75, v0x94d114f00_76, v0x94d114f00_77, v0x94d114f00_78;
v0x94d114f00_79 .array/port v0x94d114f00, 79;
v0x94d114f00_80 .array/port v0x94d114f00, 80;
v0x94d114f00_81 .array/port v0x94d114f00, 81;
v0x94d114f00_82 .array/port v0x94d114f00, 82;
E_0x94d065880/20 .event anyedge, v0x94d114f00_79, v0x94d114f00_80, v0x94d114f00_81, v0x94d114f00_82;
v0x94d114f00_83 .array/port v0x94d114f00, 83;
v0x94d114f00_84 .array/port v0x94d114f00, 84;
v0x94d114f00_85 .array/port v0x94d114f00, 85;
v0x94d114f00_86 .array/port v0x94d114f00, 86;
E_0x94d065880/21 .event anyedge, v0x94d114f00_83, v0x94d114f00_84, v0x94d114f00_85, v0x94d114f00_86;
v0x94d114f00_87 .array/port v0x94d114f00, 87;
v0x94d114f00_88 .array/port v0x94d114f00, 88;
v0x94d114f00_89 .array/port v0x94d114f00, 89;
v0x94d114f00_90 .array/port v0x94d114f00, 90;
E_0x94d065880/22 .event anyedge, v0x94d114f00_87, v0x94d114f00_88, v0x94d114f00_89, v0x94d114f00_90;
v0x94d114f00_91 .array/port v0x94d114f00, 91;
v0x94d114f00_92 .array/port v0x94d114f00, 92;
v0x94d114f00_93 .array/port v0x94d114f00, 93;
v0x94d114f00_94 .array/port v0x94d114f00, 94;
E_0x94d065880/23 .event anyedge, v0x94d114f00_91, v0x94d114f00_92, v0x94d114f00_93, v0x94d114f00_94;
v0x94d114f00_95 .array/port v0x94d114f00, 95;
v0x94d114f00_96 .array/port v0x94d114f00, 96;
v0x94d114f00_97 .array/port v0x94d114f00, 97;
v0x94d114f00_98 .array/port v0x94d114f00, 98;
E_0x94d065880/24 .event anyedge, v0x94d114f00_95, v0x94d114f00_96, v0x94d114f00_97, v0x94d114f00_98;
v0x94d114f00_99 .array/port v0x94d114f00, 99;
v0x94d114f00_100 .array/port v0x94d114f00, 100;
v0x94d114f00_101 .array/port v0x94d114f00, 101;
v0x94d114f00_102 .array/port v0x94d114f00, 102;
E_0x94d065880/25 .event anyedge, v0x94d114f00_99, v0x94d114f00_100, v0x94d114f00_101, v0x94d114f00_102;
v0x94d114f00_103 .array/port v0x94d114f00, 103;
v0x94d114f00_104 .array/port v0x94d114f00, 104;
v0x94d114f00_105 .array/port v0x94d114f00, 105;
v0x94d114f00_106 .array/port v0x94d114f00, 106;
E_0x94d065880/26 .event anyedge, v0x94d114f00_103, v0x94d114f00_104, v0x94d114f00_105, v0x94d114f00_106;
v0x94d114f00_107 .array/port v0x94d114f00, 107;
v0x94d114f00_108 .array/port v0x94d114f00, 108;
v0x94d114f00_109 .array/port v0x94d114f00, 109;
v0x94d114f00_110 .array/port v0x94d114f00, 110;
E_0x94d065880/27 .event anyedge, v0x94d114f00_107, v0x94d114f00_108, v0x94d114f00_109, v0x94d114f00_110;
v0x94d114f00_111 .array/port v0x94d114f00, 111;
v0x94d114f00_112 .array/port v0x94d114f00, 112;
v0x94d114f00_113 .array/port v0x94d114f00, 113;
v0x94d114f00_114 .array/port v0x94d114f00, 114;
E_0x94d065880/28 .event anyedge, v0x94d114f00_111, v0x94d114f00_112, v0x94d114f00_113, v0x94d114f00_114;
v0x94d114f00_115 .array/port v0x94d114f00, 115;
v0x94d114f00_116 .array/port v0x94d114f00, 116;
v0x94d114f00_117 .array/port v0x94d114f00, 117;
v0x94d114f00_118 .array/port v0x94d114f00, 118;
E_0x94d065880/29 .event anyedge, v0x94d114f00_115, v0x94d114f00_116, v0x94d114f00_117, v0x94d114f00_118;
v0x94d114f00_119 .array/port v0x94d114f00, 119;
v0x94d114f00_120 .array/port v0x94d114f00, 120;
v0x94d114f00_121 .array/port v0x94d114f00, 121;
v0x94d114f00_122 .array/port v0x94d114f00, 122;
E_0x94d065880/30 .event anyedge, v0x94d114f00_119, v0x94d114f00_120, v0x94d114f00_121, v0x94d114f00_122;
v0x94d114f00_123 .array/port v0x94d114f00, 123;
v0x94d114f00_124 .array/port v0x94d114f00, 124;
v0x94d114f00_125 .array/port v0x94d114f00, 125;
v0x94d114f00_126 .array/port v0x94d114f00, 126;
E_0x94d065880/31 .event anyedge, v0x94d114f00_123, v0x94d114f00_124, v0x94d114f00_125, v0x94d114f00_126;
v0x94d114f00_127 .array/port v0x94d114f00, 127;
v0x94d114f00_128 .array/port v0x94d114f00, 128;
v0x94d114f00_129 .array/port v0x94d114f00, 129;
v0x94d114f00_130 .array/port v0x94d114f00, 130;
E_0x94d065880/32 .event anyedge, v0x94d114f00_127, v0x94d114f00_128, v0x94d114f00_129, v0x94d114f00_130;
v0x94d114f00_131 .array/port v0x94d114f00, 131;
v0x94d114f00_132 .array/port v0x94d114f00, 132;
v0x94d114f00_133 .array/port v0x94d114f00, 133;
v0x94d114f00_134 .array/port v0x94d114f00, 134;
E_0x94d065880/33 .event anyedge, v0x94d114f00_131, v0x94d114f00_132, v0x94d114f00_133, v0x94d114f00_134;
v0x94d114f00_135 .array/port v0x94d114f00, 135;
v0x94d114f00_136 .array/port v0x94d114f00, 136;
v0x94d114f00_137 .array/port v0x94d114f00, 137;
v0x94d114f00_138 .array/port v0x94d114f00, 138;
E_0x94d065880/34 .event anyedge, v0x94d114f00_135, v0x94d114f00_136, v0x94d114f00_137, v0x94d114f00_138;
v0x94d114f00_139 .array/port v0x94d114f00, 139;
v0x94d114f00_140 .array/port v0x94d114f00, 140;
v0x94d114f00_141 .array/port v0x94d114f00, 141;
v0x94d114f00_142 .array/port v0x94d114f00, 142;
E_0x94d065880/35 .event anyedge, v0x94d114f00_139, v0x94d114f00_140, v0x94d114f00_141, v0x94d114f00_142;
v0x94d114f00_143 .array/port v0x94d114f00, 143;
v0x94d114f00_144 .array/port v0x94d114f00, 144;
v0x94d114f00_145 .array/port v0x94d114f00, 145;
v0x94d114f00_146 .array/port v0x94d114f00, 146;
E_0x94d065880/36 .event anyedge, v0x94d114f00_143, v0x94d114f00_144, v0x94d114f00_145, v0x94d114f00_146;
v0x94d114f00_147 .array/port v0x94d114f00, 147;
v0x94d114f00_148 .array/port v0x94d114f00, 148;
v0x94d114f00_149 .array/port v0x94d114f00, 149;
v0x94d114f00_150 .array/port v0x94d114f00, 150;
E_0x94d065880/37 .event anyedge, v0x94d114f00_147, v0x94d114f00_148, v0x94d114f00_149, v0x94d114f00_150;
v0x94d114f00_151 .array/port v0x94d114f00, 151;
v0x94d114f00_152 .array/port v0x94d114f00, 152;
v0x94d114f00_153 .array/port v0x94d114f00, 153;
v0x94d114f00_154 .array/port v0x94d114f00, 154;
E_0x94d065880/38 .event anyedge, v0x94d114f00_151, v0x94d114f00_152, v0x94d114f00_153, v0x94d114f00_154;
v0x94d114f00_155 .array/port v0x94d114f00, 155;
v0x94d114f00_156 .array/port v0x94d114f00, 156;
v0x94d114f00_157 .array/port v0x94d114f00, 157;
v0x94d114f00_158 .array/port v0x94d114f00, 158;
E_0x94d065880/39 .event anyedge, v0x94d114f00_155, v0x94d114f00_156, v0x94d114f00_157, v0x94d114f00_158;
v0x94d114f00_159 .array/port v0x94d114f00, 159;
v0x94d114f00_160 .array/port v0x94d114f00, 160;
v0x94d114f00_161 .array/port v0x94d114f00, 161;
v0x94d114f00_162 .array/port v0x94d114f00, 162;
E_0x94d065880/40 .event anyedge, v0x94d114f00_159, v0x94d114f00_160, v0x94d114f00_161, v0x94d114f00_162;
v0x94d114f00_163 .array/port v0x94d114f00, 163;
v0x94d114f00_164 .array/port v0x94d114f00, 164;
v0x94d114f00_165 .array/port v0x94d114f00, 165;
v0x94d114f00_166 .array/port v0x94d114f00, 166;
E_0x94d065880/41 .event anyedge, v0x94d114f00_163, v0x94d114f00_164, v0x94d114f00_165, v0x94d114f00_166;
v0x94d114f00_167 .array/port v0x94d114f00, 167;
v0x94d114f00_168 .array/port v0x94d114f00, 168;
v0x94d114f00_169 .array/port v0x94d114f00, 169;
v0x94d114f00_170 .array/port v0x94d114f00, 170;
E_0x94d065880/42 .event anyedge, v0x94d114f00_167, v0x94d114f00_168, v0x94d114f00_169, v0x94d114f00_170;
v0x94d114f00_171 .array/port v0x94d114f00, 171;
v0x94d114f00_172 .array/port v0x94d114f00, 172;
v0x94d114f00_173 .array/port v0x94d114f00, 173;
v0x94d114f00_174 .array/port v0x94d114f00, 174;
E_0x94d065880/43 .event anyedge, v0x94d114f00_171, v0x94d114f00_172, v0x94d114f00_173, v0x94d114f00_174;
v0x94d114f00_175 .array/port v0x94d114f00, 175;
v0x94d114f00_176 .array/port v0x94d114f00, 176;
v0x94d114f00_177 .array/port v0x94d114f00, 177;
v0x94d114f00_178 .array/port v0x94d114f00, 178;
E_0x94d065880/44 .event anyedge, v0x94d114f00_175, v0x94d114f00_176, v0x94d114f00_177, v0x94d114f00_178;
v0x94d114f00_179 .array/port v0x94d114f00, 179;
v0x94d114f00_180 .array/port v0x94d114f00, 180;
v0x94d114f00_181 .array/port v0x94d114f00, 181;
v0x94d114f00_182 .array/port v0x94d114f00, 182;
E_0x94d065880/45 .event anyedge, v0x94d114f00_179, v0x94d114f00_180, v0x94d114f00_181, v0x94d114f00_182;
v0x94d114f00_183 .array/port v0x94d114f00, 183;
v0x94d114f00_184 .array/port v0x94d114f00, 184;
v0x94d114f00_185 .array/port v0x94d114f00, 185;
v0x94d114f00_186 .array/port v0x94d114f00, 186;
E_0x94d065880/46 .event anyedge, v0x94d114f00_183, v0x94d114f00_184, v0x94d114f00_185, v0x94d114f00_186;
v0x94d114f00_187 .array/port v0x94d114f00, 187;
v0x94d114f00_188 .array/port v0x94d114f00, 188;
v0x94d114f00_189 .array/port v0x94d114f00, 189;
v0x94d114f00_190 .array/port v0x94d114f00, 190;
E_0x94d065880/47 .event anyedge, v0x94d114f00_187, v0x94d114f00_188, v0x94d114f00_189, v0x94d114f00_190;
v0x94d114f00_191 .array/port v0x94d114f00, 191;
v0x94d114f00_192 .array/port v0x94d114f00, 192;
v0x94d114f00_193 .array/port v0x94d114f00, 193;
v0x94d114f00_194 .array/port v0x94d114f00, 194;
E_0x94d065880/48 .event anyedge, v0x94d114f00_191, v0x94d114f00_192, v0x94d114f00_193, v0x94d114f00_194;
v0x94d114f00_195 .array/port v0x94d114f00, 195;
v0x94d114f00_196 .array/port v0x94d114f00, 196;
v0x94d114f00_197 .array/port v0x94d114f00, 197;
v0x94d114f00_198 .array/port v0x94d114f00, 198;
E_0x94d065880/49 .event anyedge, v0x94d114f00_195, v0x94d114f00_196, v0x94d114f00_197, v0x94d114f00_198;
v0x94d114f00_199 .array/port v0x94d114f00, 199;
v0x94d114f00_200 .array/port v0x94d114f00, 200;
v0x94d114f00_201 .array/port v0x94d114f00, 201;
v0x94d114f00_202 .array/port v0x94d114f00, 202;
E_0x94d065880/50 .event anyedge, v0x94d114f00_199, v0x94d114f00_200, v0x94d114f00_201, v0x94d114f00_202;
v0x94d114f00_203 .array/port v0x94d114f00, 203;
v0x94d114f00_204 .array/port v0x94d114f00, 204;
v0x94d114f00_205 .array/port v0x94d114f00, 205;
v0x94d114f00_206 .array/port v0x94d114f00, 206;
E_0x94d065880/51 .event anyedge, v0x94d114f00_203, v0x94d114f00_204, v0x94d114f00_205, v0x94d114f00_206;
v0x94d114f00_207 .array/port v0x94d114f00, 207;
v0x94d114f00_208 .array/port v0x94d114f00, 208;
v0x94d114f00_209 .array/port v0x94d114f00, 209;
v0x94d114f00_210 .array/port v0x94d114f00, 210;
E_0x94d065880/52 .event anyedge, v0x94d114f00_207, v0x94d114f00_208, v0x94d114f00_209, v0x94d114f00_210;
v0x94d114f00_211 .array/port v0x94d114f00, 211;
v0x94d114f00_212 .array/port v0x94d114f00, 212;
v0x94d114f00_213 .array/port v0x94d114f00, 213;
v0x94d114f00_214 .array/port v0x94d114f00, 214;
E_0x94d065880/53 .event anyedge, v0x94d114f00_211, v0x94d114f00_212, v0x94d114f00_213, v0x94d114f00_214;
v0x94d114f00_215 .array/port v0x94d114f00, 215;
v0x94d114f00_216 .array/port v0x94d114f00, 216;
v0x94d114f00_217 .array/port v0x94d114f00, 217;
v0x94d114f00_218 .array/port v0x94d114f00, 218;
E_0x94d065880/54 .event anyedge, v0x94d114f00_215, v0x94d114f00_216, v0x94d114f00_217, v0x94d114f00_218;
v0x94d114f00_219 .array/port v0x94d114f00, 219;
v0x94d114f00_220 .array/port v0x94d114f00, 220;
v0x94d114f00_221 .array/port v0x94d114f00, 221;
v0x94d114f00_222 .array/port v0x94d114f00, 222;
E_0x94d065880/55 .event anyedge, v0x94d114f00_219, v0x94d114f00_220, v0x94d114f00_221, v0x94d114f00_222;
v0x94d114f00_223 .array/port v0x94d114f00, 223;
v0x94d114f00_224 .array/port v0x94d114f00, 224;
v0x94d114f00_225 .array/port v0x94d114f00, 225;
v0x94d114f00_226 .array/port v0x94d114f00, 226;
E_0x94d065880/56 .event anyedge, v0x94d114f00_223, v0x94d114f00_224, v0x94d114f00_225, v0x94d114f00_226;
v0x94d114f00_227 .array/port v0x94d114f00, 227;
v0x94d114f00_228 .array/port v0x94d114f00, 228;
v0x94d114f00_229 .array/port v0x94d114f00, 229;
v0x94d114f00_230 .array/port v0x94d114f00, 230;
E_0x94d065880/57 .event anyedge, v0x94d114f00_227, v0x94d114f00_228, v0x94d114f00_229, v0x94d114f00_230;
v0x94d114f00_231 .array/port v0x94d114f00, 231;
v0x94d114f00_232 .array/port v0x94d114f00, 232;
v0x94d114f00_233 .array/port v0x94d114f00, 233;
v0x94d114f00_234 .array/port v0x94d114f00, 234;
E_0x94d065880/58 .event anyedge, v0x94d114f00_231, v0x94d114f00_232, v0x94d114f00_233, v0x94d114f00_234;
v0x94d114f00_235 .array/port v0x94d114f00, 235;
v0x94d114f00_236 .array/port v0x94d114f00, 236;
v0x94d114f00_237 .array/port v0x94d114f00, 237;
v0x94d114f00_238 .array/port v0x94d114f00, 238;
E_0x94d065880/59 .event anyedge, v0x94d114f00_235, v0x94d114f00_236, v0x94d114f00_237, v0x94d114f00_238;
v0x94d114f00_239 .array/port v0x94d114f00, 239;
v0x94d114f00_240 .array/port v0x94d114f00, 240;
v0x94d114f00_241 .array/port v0x94d114f00, 241;
v0x94d114f00_242 .array/port v0x94d114f00, 242;
E_0x94d065880/60 .event anyedge, v0x94d114f00_239, v0x94d114f00_240, v0x94d114f00_241, v0x94d114f00_242;
v0x94d114f00_243 .array/port v0x94d114f00, 243;
v0x94d114f00_244 .array/port v0x94d114f00, 244;
v0x94d114f00_245 .array/port v0x94d114f00, 245;
v0x94d114f00_246 .array/port v0x94d114f00, 246;
E_0x94d065880/61 .event anyedge, v0x94d114f00_243, v0x94d114f00_244, v0x94d114f00_245, v0x94d114f00_246;
v0x94d114f00_247 .array/port v0x94d114f00, 247;
v0x94d114f00_248 .array/port v0x94d114f00, 248;
v0x94d114f00_249 .array/port v0x94d114f00, 249;
v0x94d114f00_250 .array/port v0x94d114f00, 250;
E_0x94d065880/62 .event anyedge, v0x94d114f00_247, v0x94d114f00_248, v0x94d114f00_249, v0x94d114f00_250;
v0x94d114f00_251 .array/port v0x94d114f00, 251;
v0x94d114f00_252 .array/port v0x94d114f00, 252;
v0x94d114f00_253 .array/port v0x94d114f00, 253;
v0x94d114f00_254 .array/port v0x94d114f00, 254;
E_0x94d065880/63 .event anyedge, v0x94d114f00_251, v0x94d114f00_252, v0x94d114f00_253, v0x94d114f00_254;
v0x94d114f00_255 .array/port v0x94d114f00, 255;
v0x94d114f00_256 .array/port v0x94d114f00, 256;
v0x94d114f00_257 .array/port v0x94d114f00, 257;
v0x94d114f00_258 .array/port v0x94d114f00, 258;
E_0x94d065880/64 .event anyedge, v0x94d114f00_255, v0x94d114f00_256, v0x94d114f00_257, v0x94d114f00_258;
v0x94d114f00_259 .array/port v0x94d114f00, 259;
v0x94d114f00_260 .array/port v0x94d114f00, 260;
v0x94d114f00_261 .array/port v0x94d114f00, 261;
v0x94d114f00_262 .array/port v0x94d114f00, 262;
E_0x94d065880/65 .event anyedge, v0x94d114f00_259, v0x94d114f00_260, v0x94d114f00_261, v0x94d114f00_262;
v0x94d114f00_263 .array/port v0x94d114f00, 263;
v0x94d114f00_264 .array/port v0x94d114f00, 264;
v0x94d114f00_265 .array/port v0x94d114f00, 265;
v0x94d114f00_266 .array/port v0x94d114f00, 266;
E_0x94d065880/66 .event anyedge, v0x94d114f00_263, v0x94d114f00_264, v0x94d114f00_265, v0x94d114f00_266;
v0x94d114f00_267 .array/port v0x94d114f00, 267;
v0x94d114f00_268 .array/port v0x94d114f00, 268;
v0x94d114f00_269 .array/port v0x94d114f00, 269;
v0x94d114f00_270 .array/port v0x94d114f00, 270;
E_0x94d065880/67 .event anyedge, v0x94d114f00_267, v0x94d114f00_268, v0x94d114f00_269, v0x94d114f00_270;
v0x94d114f00_271 .array/port v0x94d114f00, 271;
v0x94d114f00_272 .array/port v0x94d114f00, 272;
v0x94d114f00_273 .array/port v0x94d114f00, 273;
v0x94d114f00_274 .array/port v0x94d114f00, 274;
E_0x94d065880/68 .event anyedge, v0x94d114f00_271, v0x94d114f00_272, v0x94d114f00_273, v0x94d114f00_274;
v0x94d114f00_275 .array/port v0x94d114f00, 275;
v0x94d114f00_276 .array/port v0x94d114f00, 276;
v0x94d114f00_277 .array/port v0x94d114f00, 277;
v0x94d114f00_278 .array/port v0x94d114f00, 278;
E_0x94d065880/69 .event anyedge, v0x94d114f00_275, v0x94d114f00_276, v0x94d114f00_277, v0x94d114f00_278;
v0x94d114f00_279 .array/port v0x94d114f00, 279;
v0x94d114f00_280 .array/port v0x94d114f00, 280;
v0x94d114f00_281 .array/port v0x94d114f00, 281;
v0x94d114f00_282 .array/port v0x94d114f00, 282;
E_0x94d065880/70 .event anyedge, v0x94d114f00_279, v0x94d114f00_280, v0x94d114f00_281, v0x94d114f00_282;
v0x94d114f00_283 .array/port v0x94d114f00, 283;
v0x94d114f00_284 .array/port v0x94d114f00, 284;
v0x94d114f00_285 .array/port v0x94d114f00, 285;
v0x94d114f00_286 .array/port v0x94d114f00, 286;
E_0x94d065880/71 .event anyedge, v0x94d114f00_283, v0x94d114f00_284, v0x94d114f00_285, v0x94d114f00_286;
v0x94d114f00_287 .array/port v0x94d114f00, 287;
v0x94d114f00_288 .array/port v0x94d114f00, 288;
v0x94d114f00_289 .array/port v0x94d114f00, 289;
v0x94d114f00_290 .array/port v0x94d114f00, 290;
E_0x94d065880/72 .event anyedge, v0x94d114f00_287, v0x94d114f00_288, v0x94d114f00_289, v0x94d114f00_290;
v0x94d114f00_291 .array/port v0x94d114f00, 291;
v0x94d114f00_292 .array/port v0x94d114f00, 292;
v0x94d114f00_293 .array/port v0x94d114f00, 293;
v0x94d114f00_294 .array/port v0x94d114f00, 294;
E_0x94d065880/73 .event anyedge, v0x94d114f00_291, v0x94d114f00_292, v0x94d114f00_293, v0x94d114f00_294;
v0x94d114f00_295 .array/port v0x94d114f00, 295;
v0x94d114f00_296 .array/port v0x94d114f00, 296;
v0x94d114f00_297 .array/port v0x94d114f00, 297;
v0x94d114f00_298 .array/port v0x94d114f00, 298;
E_0x94d065880/74 .event anyedge, v0x94d114f00_295, v0x94d114f00_296, v0x94d114f00_297, v0x94d114f00_298;
v0x94d114f00_299 .array/port v0x94d114f00, 299;
v0x94d114f00_300 .array/port v0x94d114f00, 300;
v0x94d114f00_301 .array/port v0x94d114f00, 301;
v0x94d114f00_302 .array/port v0x94d114f00, 302;
E_0x94d065880/75 .event anyedge, v0x94d114f00_299, v0x94d114f00_300, v0x94d114f00_301, v0x94d114f00_302;
v0x94d114f00_303 .array/port v0x94d114f00, 303;
v0x94d114f00_304 .array/port v0x94d114f00, 304;
v0x94d114f00_305 .array/port v0x94d114f00, 305;
v0x94d114f00_306 .array/port v0x94d114f00, 306;
E_0x94d065880/76 .event anyedge, v0x94d114f00_303, v0x94d114f00_304, v0x94d114f00_305, v0x94d114f00_306;
v0x94d114f00_307 .array/port v0x94d114f00, 307;
v0x94d114f00_308 .array/port v0x94d114f00, 308;
v0x94d114f00_309 .array/port v0x94d114f00, 309;
v0x94d114f00_310 .array/port v0x94d114f00, 310;
E_0x94d065880/77 .event anyedge, v0x94d114f00_307, v0x94d114f00_308, v0x94d114f00_309, v0x94d114f00_310;
v0x94d114f00_311 .array/port v0x94d114f00, 311;
v0x94d114f00_312 .array/port v0x94d114f00, 312;
v0x94d114f00_313 .array/port v0x94d114f00, 313;
v0x94d114f00_314 .array/port v0x94d114f00, 314;
E_0x94d065880/78 .event anyedge, v0x94d114f00_311, v0x94d114f00_312, v0x94d114f00_313, v0x94d114f00_314;
v0x94d114f00_315 .array/port v0x94d114f00, 315;
v0x94d114f00_316 .array/port v0x94d114f00, 316;
v0x94d114f00_317 .array/port v0x94d114f00, 317;
v0x94d114f00_318 .array/port v0x94d114f00, 318;
E_0x94d065880/79 .event anyedge, v0x94d114f00_315, v0x94d114f00_316, v0x94d114f00_317, v0x94d114f00_318;
v0x94d114f00_319 .array/port v0x94d114f00, 319;
v0x94d114f00_320 .array/port v0x94d114f00, 320;
v0x94d114f00_321 .array/port v0x94d114f00, 321;
v0x94d114f00_322 .array/port v0x94d114f00, 322;
E_0x94d065880/80 .event anyedge, v0x94d114f00_319, v0x94d114f00_320, v0x94d114f00_321, v0x94d114f00_322;
v0x94d114f00_323 .array/port v0x94d114f00, 323;
v0x94d114f00_324 .array/port v0x94d114f00, 324;
v0x94d114f00_325 .array/port v0x94d114f00, 325;
v0x94d114f00_326 .array/port v0x94d114f00, 326;
E_0x94d065880/81 .event anyedge, v0x94d114f00_323, v0x94d114f00_324, v0x94d114f00_325, v0x94d114f00_326;
v0x94d114f00_327 .array/port v0x94d114f00, 327;
v0x94d114f00_328 .array/port v0x94d114f00, 328;
v0x94d114f00_329 .array/port v0x94d114f00, 329;
v0x94d114f00_330 .array/port v0x94d114f00, 330;
E_0x94d065880/82 .event anyedge, v0x94d114f00_327, v0x94d114f00_328, v0x94d114f00_329, v0x94d114f00_330;
v0x94d114f00_331 .array/port v0x94d114f00, 331;
v0x94d114f00_332 .array/port v0x94d114f00, 332;
v0x94d114f00_333 .array/port v0x94d114f00, 333;
v0x94d114f00_334 .array/port v0x94d114f00, 334;
E_0x94d065880/83 .event anyedge, v0x94d114f00_331, v0x94d114f00_332, v0x94d114f00_333, v0x94d114f00_334;
v0x94d114f00_335 .array/port v0x94d114f00, 335;
v0x94d114f00_336 .array/port v0x94d114f00, 336;
v0x94d114f00_337 .array/port v0x94d114f00, 337;
v0x94d114f00_338 .array/port v0x94d114f00, 338;
E_0x94d065880/84 .event anyedge, v0x94d114f00_335, v0x94d114f00_336, v0x94d114f00_337, v0x94d114f00_338;
v0x94d114f00_339 .array/port v0x94d114f00, 339;
v0x94d114f00_340 .array/port v0x94d114f00, 340;
v0x94d114f00_341 .array/port v0x94d114f00, 341;
v0x94d114f00_342 .array/port v0x94d114f00, 342;
E_0x94d065880/85 .event anyedge, v0x94d114f00_339, v0x94d114f00_340, v0x94d114f00_341, v0x94d114f00_342;
v0x94d114f00_343 .array/port v0x94d114f00, 343;
v0x94d114f00_344 .array/port v0x94d114f00, 344;
v0x94d114f00_345 .array/port v0x94d114f00, 345;
v0x94d114f00_346 .array/port v0x94d114f00, 346;
E_0x94d065880/86 .event anyedge, v0x94d114f00_343, v0x94d114f00_344, v0x94d114f00_345, v0x94d114f00_346;
v0x94d114f00_347 .array/port v0x94d114f00, 347;
v0x94d114f00_348 .array/port v0x94d114f00, 348;
v0x94d114f00_349 .array/port v0x94d114f00, 349;
v0x94d114f00_350 .array/port v0x94d114f00, 350;
E_0x94d065880/87 .event anyedge, v0x94d114f00_347, v0x94d114f00_348, v0x94d114f00_349, v0x94d114f00_350;
v0x94d114f00_351 .array/port v0x94d114f00, 351;
v0x94d114f00_352 .array/port v0x94d114f00, 352;
v0x94d114f00_353 .array/port v0x94d114f00, 353;
v0x94d114f00_354 .array/port v0x94d114f00, 354;
E_0x94d065880/88 .event anyedge, v0x94d114f00_351, v0x94d114f00_352, v0x94d114f00_353, v0x94d114f00_354;
v0x94d114f00_355 .array/port v0x94d114f00, 355;
v0x94d114f00_356 .array/port v0x94d114f00, 356;
v0x94d114f00_357 .array/port v0x94d114f00, 357;
v0x94d114f00_358 .array/port v0x94d114f00, 358;
E_0x94d065880/89 .event anyedge, v0x94d114f00_355, v0x94d114f00_356, v0x94d114f00_357, v0x94d114f00_358;
v0x94d114f00_359 .array/port v0x94d114f00, 359;
v0x94d114f00_360 .array/port v0x94d114f00, 360;
v0x94d114f00_361 .array/port v0x94d114f00, 361;
v0x94d114f00_362 .array/port v0x94d114f00, 362;
E_0x94d065880/90 .event anyedge, v0x94d114f00_359, v0x94d114f00_360, v0x94d114f00_361, v0x94d114f00_362;
v0x94d114f00_363 .array/port v0x94d114f00, 363;
v0x94d114f00_364 .array/port v0x94d114f00, 364;
v0x94d114f00_365 .array/port v0x94d114f00, 365;
v0x94d114f00_366 .array/port v0x94d114f00, 366;
E_0x94d065880/91 .event anyedge, v0x94d114f00_363, v0x94d114f00_364, v0x94d114f00_365, v0x94d114f00_366;
v0x94d114f00_367 .array/port v0x94d114f00, 367;
v0x94d114f00_368 .array/port v0x94d114f00, 368;
v0x94d114f00_369 .array/port v0x94d114f00, 369;
v0x94d114f00_370 .array/port v0x94d114f00, 370;
E_0x94d065880/92 .event anyedge, v0x94d114f00_367, v0x94d114f00_368, v0x94d114f00_369, v0x94d114f00_370;
v0x94d114f00_371 .array/port v0x94d114f00, 371;
v0x94d114f00_372 .array/port v0x94d114f00, 372;
v0x94d114f00_373 .array/port v0x94d114f00, 373;
v0x94d114f00_374 .array/port v0x94d114f00, 374;
E_0x94d065880/93 .event anyedge, v0x94d114f00_371, v0x94d114f00_372, v0x94d114f00_373, v0x94d114f00_374;
v0x94d114f00_375 .array/port v0x94d114f00, 375;
v0x94d114f00_376 .array/port v0x94d114f00, 376;
v0x94d114f00_377 .array/port v0x94d114f00, 377;
v0x94d114f00_378 .array/port v0x94d114f00, 378;
E_0x94d065880/94 .event anyedge, v0x94d114f00_375, v0x94d114f00_376, v0x94d114f00_377, v0x94d114f00_378;
v0x94d114f00_379 .array/port v0x94d114f00, 379;
v0x94d114f00_380 .array/port v0x94d114f00, 380;
v0x94d114f00_381 .array/port v0x94d114f00, 381;
v0x94d114f00_382 .array/port v0x94d114f00, 382;
E_0x94d065880/95 .event anyedge, v0x94d114f00_379, v0x94d114f00_380, v0x94d114f00_381, v0x94d114f00_382;
v0x94d114f00_383 .array/port v0x94d114f00, 383;
v0x94d114f00_384 .array/port v0x94d114f00, 384;
v0x94d114f00_385 .array/port v0x94d114f00, 385;
v0x94d114f00_386 .array/port v0x94d114f00, 386;
E_0x94d065880/96 .event anyedge, v0x94d114f00_383, v0x94d114f00_384, v0x94d114f00_385, v0x94d114f00_386;
v0x94d114f00_387 .array/port v0x94d114f00, 387;
v0x94d114f00_388 .array/port v0x94d114f00, 388;
v0x94d114f00_389 .array/port v0x94d114f00, 389;
v0x94d114f00_390 .array/port v0x94d114f00, 390;
E_0x94d065880/97 .event anyedge, v0x94d114f00_387, v0x94d114f00_388, v0x94d114f00_389, v0x94d114f00_390;
v0x94d114f00_391 .array/port v0x94d114f00, 391;
v0x94d114f00_392 .array/port v0x94d114f00, 392;
v0x94d114f00_393 .array/port v0x94d114f00, 393;
v0x94d114f00_394 .array/port v0x94d114f00, 394;
E_0x94d065880/98 .event anyedge, v0x94d114f00_391, v0x94d114f00_392, v0x94d114f00_393, v0x94d114f00_394;
v0x94d114f00_395 .array/port v0x94d114f00, 395;
v0x94d114f00_396 .array/port v0x94d114f00, 396;
v0x94d114f00_397 .array/port v0x94d114f00, 397;
v0x94d114f00_398 .array/port v0x94d114f00, 398;
E_0x94d065880/99 .event anyedge, v0x94d114f00_395, v0x94d114f00_396, v0x94d114f00_397, v0x94d114f00_398;
v0x94d114f00_399 .array/port v0x94d114f00, 399;
v0x94d114f00_400 .array/port v0x94d114f00, 400;
v0x94d114f00_401 .array/port v0x94d114f00, 401;
v0x94d114f00_402 .array/port v0x94d114f00, 402;
E_0x94d065880/100 .event anyedge, v0x94d114f00_399, v0x94d114f00_400, v0x94d114f00_401, v0x94d114f00_402;
v0x94d114f00_403 .array/port v0x94d114f00, 403;
v0x94d114f00_404 .array/port v0x94d114f00, 404;
v0x94d114f00_405 .array/port v0x94d114f00, 405;
v0x94d114f00_406 .array/port v0x94d114f00, 406;
E_0x94d065880/101 .event anyedge, v0x94d114f00_403, v0x94d114f00_404, v0x94d114f00_405, v0x94d114f00_406;
v0x94d114f00_407 .array/port v0x94d114f00, 407;
v0x94d114f00_408 .array/port v0x94d114f00, 408;
v0x94d114f00_409 .array/port v0x94d114f00, 409;
v0x94d114f00_410 .array/port v0x94d114f00, 410;
E_0x94d065880/102 .event anyedge, v0x94d114f00_407, v0x94d114f00_408, v0x94d114f00_409, v0x94d114f00_410;
v0x94d114f00_411 .array/port v0x94d114f00, 411;
v0x94d114f00_412 .array/port v0x94d114f00, 412;
v0x94d114f00_413 .array/port v0x94d114f00, 413;
v0x94d114f00_414 .array/port v0x94d114f00, 414;
E_0x94d065880/103 .event anyedge, v0x94d114f00_411, v0x94d114f00_412, v0x94d114f00_413, v0x94d114f00_414;
v0x94d114f00_415 .array/port v0x94d114f00, 415;
v0x94d114f00_416 .array/port v0x94d114f00, 416;
v0x94d114f00_417 .array/port v0x94d114f00, 417;
v0x94d114f00_418 .array/port v0x94d114f00, 418;
E_0x94d065880/104 .event anyedge, v0x94d114f00_415, v0x94d114f00_416, v0x94d114f00_417, v0x94d114f00_418;
v0x94d114f00_419 .array/port v0x94d114f00, 419;
v0x94d114f00_420 .array/port v0x94d114f00, 420;
v0x94d114f00_421 .array/port v0x94d114f00, 421;
v0x94d114f00_422 .array/port v0x94d114f00, 422;
E_0x94d065880/105 .event anyedge, v0x94d114f00_419, v0x94d114f00_420, v0x94d114f00_421, v0x94d114f00_422;
v0x94d114f00_423 .array/port v0x94d114f00, 423;
v0x94d114f00_424 .array/port v0x94d114f00, 424;
v0x94d114f00_425 .array/port v0x94d114f00, 425;
v0x94d114f00_426 .array/port v0x94d114f00, 426;
E_0x94d065880/106 .event anyedge, v0x94d114f00_423, v0x94d114f00_424, v0x94d114f00_425, v0x94d114f00_426;
v0x94d114f00_427 .array/port v0x94d114f00, 427;
v0x94d114f00_428 .array/port v0x94d114f00, 428;
v0x94d114f00_429 .array/port v0x94d114f00, 429;
v0x94d114f00_430 .array/port v0x94d114f00, 430;
E_0x94d065880/107 .event anyedge, v0x94d114f00_427, v0x94d114f00_428, v0x94d114f00_429, v0x94d114f00_430;
v0x94d114f00_431 .array/port v0x94d114f00, 431;
v0x94d114f00_432 .array/port v0x94d114f00, 432;
v0x94d114f00_433 .array/port v0x94d114f00, 433;
v0x94d114f00_434 .array/port v0x94d114f00, 434;
E_0x94d065880/108 .event anyedge, v0x94d114f00_431, v0x94d114f00_432, v0x94d114f00_433, v0x94d114f00_434;
v0x94d114f00_435 .array/port v0x94d114f00, 435;
v0x94d114f00_436 .array/port v0x94d114f00, 436;
v0x94d114f00_437 .array/port v0x94d114f00, 437;
v0x94d114f00_438 .array/port v0x94d114f00, 438;
E_0x94d065880/109 .event anyedge, v0x94d114f00_435, v0x94d114f00_436, v0x94d114f00_437, v0x94d114f00_438;
v0x94d114f00_439 .array/port v0x94d114f00, 439;
v0x94d114f00_440 .array/port v0x94d114f00, 440;
v0x94d114f00_441 .array/port v0x94d114f00, 441;
v0x94d114f00_442 .array/port v0x94d114f00, 442;
E_0x94d065880/110 .event anyedge, v0x94d114f00_439, v0x94d114f00_440, v0x94d114f00_441, v0x94d114f00_442;
v0x94d114f00_443 .array/port v0x94d114f00, 443;
v0x94d114f00_444 .array/port v0x94d114f00, 444;
v0x94d114f00_445 .array/port v0x94d114f00, 445;
v0x94d114f00_446 .array/port v0x94d114f00, 446;
E_0x94d065880/111 .event anyedge, v0x94d114f00_443, v0x94d114f00_444, v0x94d114f00_445, v0x94d114f00_446;
v0x94d114f00_447 .array/port v0x94d114f00, 447;
v0x94d114f00_448 .array/port v0x94d114f00, 448;
v0x94d114f00_449 .array/port v0x94d114f00, 449;
v0x94d114f00_450 .array/port v0x94d114f00, 450;
E_0x94d065880/112 .event anyedge, v0x94d114f00_447, v0x94d114f00_448, v0x94d114f00_449, v0x94d114f00_450;
v0x94d114f00_451 .array/port v0x94d114f00, 451;
v0x94d114f00_452 .array/port v0x94d114f00, 452;
v0x94d114f00_453 .array/port v0x94d114f00, 453;
v0x94d114f00_454 .array/port v0x94d114f00, 454;
E_0x94d065880/113 .event anyedge, v0x94d114f00_451, v0x94d114f00_452, v0x94d114f00_453, v0x94d114f00_454;
v0x94d114f00_455 .array/port v0x94d114f00, 455;
v0x94d114f00_456 .array/port v0x94d114f00, 456;
v0x94d114f00_457 .array/port v0x94d114f00, 457;
v0x94d114f00_458 .array/port v0x94d114f00, 458;
E_0x94d065880/114 .event anyedge, v0x94d114f00_455, v0x94d114f00_456, v0x94d114f00_457, v0x94d114f00_458;
v0x94d114f00_459 .array/port v0x94d114f00, 459;
v0x94d114f00_460 .array/port v0x94d114f00, 460;
v0x94d114f00_461 .array/port v0x94d114f00, 461;
v0x94d114f00_462 .array/port v0x94d114f00, 462;
E_0x94d065880/115 .event anyedge, v0x94d114f00_459, v0x94d114f00_460, v0x94d114f00_461, v0x94d114f00_462;
v0x94d114f00_463 .array/port v0x94d114f00, 463;
v0x94d114f00_464 .array/port v0x94d114f00, 464;
v0x94d114f00_465 .array/port v0x94d114f00, 465;
v0x94d114f00_466 .array/port v0x94d114f00, 466;
E_0x94d065880/116 .event anyedge, v0x94d114f00_463, v0x94d114f00_464, v0x94d114f00_465, v0x94d114f00_466;
v0x94d114f00_467 .array/port v0x94d114f00, 467;
v0x94d114f00_468 .array/port v0x94d114f00, 468;
v0x94d114f00_469 .array/port v0x94d114f00, 469;
v0x94d114f00_470 .array/port v0x94d114f00, 470;
E_0x94d065880/117 .event anyedge, v0x94d114f00_467, v0x94d114f00_468, v0x94d114f00_469, v0x94d114f00_470;
v0x94d114f00_471 .array/port v0x94d114f00, 471;
v0x94d114f00_472 .array/port v0x94d114f00, 472;
v0x94d114f00_473 .array/port v0x94d114f00, 473;
v0x94d114f00_474 .array/port v0x94d114f00, 474;
E_0x94d065880/118 .event anyedge, v0x94d114f00_471, v0x94d114f00_472, v0x94d114f00_473, v0x94d114f00_474;
v0x94d114f00_475 .array/port v0x94d114f00, 475;
v0x94d114f00_476 .array/port v0x94d114f00, 476;
v0x94d114f00_477 .array/port v0x94d114f00, 477;
v0x94d114f00_478 .array/port v0x94d114f00, 478;
E_0x94d065880/119 .event anyedge, v0x94d114f00_475, v0x94d114f00_476, v0x94d114f00_477, v0x94d114f00_478;
v0x94d114f00_479 .array/port v0x94d114f00, 479;
v0x94d114f00_480 .array/port v0x94d114f00, 480;
v0x94d114f00_481 .array/port v0x94d114f00, 481;
v0x94d114f00_482 .array/port v0x94d114f00, 482;
E_0x94d065880/120 .event anyedge, v0x94d114f00_479, v0x94d114f00_480, v0x94d114f00_481, v0x94d114f00_482;
v0x94d114f00_483 .array/port v0x94d114f00, 483;
v0x94d114f00_484 .array/port v0x94d114f00, 484;
v0x94d114f00_485 .array/port v0x94d114f00, 485;
v0x94d114f00_486 .array/port v0x94d114f00, 486;
E_0x94d065880/121 .event anyedge, v0x94d114f00_483, v0x94d114f00_484, v0x94d114f00_485, v0x94d114f00_486;
v0x94d114f00_487 .array/port v0x94d114f00, 487;
v0x94d114f00_488 .array/port v0x94d114f00, 488;
v0x94d114f00_489 .array/port v0x94d114f00, 489;
v0x94d114f00_490 .array/port v0x94d114f00, 490;
E_0x94d065880/122 .event anyedge, v0x94d114f00_487, v0x94d114f00_488, v0x94d114f00_489, v0x94d114f00_490;
v0x94d114f00_491 .array/port v0x94d114f00, 491;
v0x94d114f00_492 .array/port v0x94d114f00, 492;
v0x94d114f00_493 .array/port v0x94d114f00, 493;
v0x94d114f00_494 .array/port v0x94d114f00, 494;
E_0x94d065880/123 .event anyedge, v0x94d114f00_491, v0x94d114f00_492, v0x94d114f00_493, v0x94d114f00_494;
v0x94d114f00_495 .array/port v0x94d114f00, 495;
v0x94d114f00_496 .array/port v0x94d114f00, 496;
v0x94d114f00_497 .array/port v0x94d114f00, 497;
v0x94d114f00_498 .array/port v0x94d114f00, 498;
E_0x94d065880/124 .event anyedge, v0x94d114f00_495, v0x94d114f00_496, v0x94d114f00_497, v0x94d114f00_498;
v0x94d114f00_499 .array/port v0x94d114f00, 499;
v0x94d114f00_500 .array/port v0x94d114f00, 500;
v0x94d114f00_501 .array/port v0x94d114f00, 501;
v0x94d114f00_502 .array/port v0x94d114f00, 502;
E_0x94d065880/125 .event anyedge, v0x94d114f00_499, v0x94d114f00_500, v0x94d114f00_501, v0x94d114f00_502;
v0x94d114f00_503 .array/port v0x94d114f00, 503;
v0x94d114f00_504 .array/port v0x94d114f00, 504;
v0x94d114f00_505 .array/port v0x94d114f00, 505;
v0x94d114f00_506 .array/port v0x94d114f00, 506;
E_0x94d065880/126 .event anyedge, v0x94d114f00_503, v0x94d114f00_504, v0x94d114f00_505, v0x94d114f00_506;
v0x94d114f00_507 .array/port v0x94d114f00, 507;
v0x94d114f00_508 .array/port v0x94d114f00, 508;
v0x94d114f00_509 .array/port v0x94d114f00, 509;
v0x94d114f00_510 .array/port v0x94d114f00, 510;
E_0x94d065880/127 .event anyedge, v0x94d114f00_507, v0x94d114f00_508, v0x94d114f00_509, v0x94d114f00_510;
v0x94d114f00_511 .array/port v0x94d114f00, 511;
v0x94d114f00_512 .array/port v0x94d114f00, 512;
v0x94d114f00_513 .array/port v0x94d114f00, 513;
v0x94d114f00_514 .array/port v0x94d114f00, 514;
E_0x94d065880/128 .event anyedge, v0x94d114f00_511, v0x94d114f00_512, v0x94d114f00_513, v0x94d114f00_514;
v0x94d114f00_515 .array/port v0x94d114f00, 515;
v0x94d114f00_516 .array/port v0x94d114f00, 516;
v0x94d114f00_517 .array/port v0x94d114f00, 517;
v0x94d114f00_518 .array/port v0x94d114f00, 518;
E_0x94d065880/129 .event anyedge, v0x94d114f00_515, v0x94d114f00_516, v0x94d114f00_517, v0x94d114f00_518;
v0x94d114f00_519 .array/port v0x94d114f00, 519;
v0x94d114f00_520 .array/port v0x94d114f00, 520;
v0x94d114f00_521 .array/port v0x94d114f00, 521;
v0x94d114f00_522 .array/port v0x94d114f00, 522;
E_0x94d065880/130 .event anyedge, v0x94d114f00_519, v0x94d114f00_520, v0x94d114f00_521, v0x94d114f00_522;
v0x94d114f00_523 .array/port v0x94d114f00, 523;
v0x94d114f00_524 .array/port v0x94d114f00, 524;
v0x94d114f00_525 .array/port v0x94d114f00, 525;
v0x94d114f00_526 .array/port v0x94d114f00, 526;
E_0x94d065880/131 .event anyedge, v0x94d114f00_523, v0x94d114f00_524, v0x94d114f00_525, v0x94d114f00_526;
v0x94d114f00_527 .array/port v0x94d114f00, 527;
v0x94d114f00_528 .array/port v0x94d114f00, 528;
v0x94d114f00_529 .array/port v0x94d114f00, 529;
v0x94d114f00_530 .array/port v0x94d114f00, 530;
E_0x94d065880/132 .event anyedge, v0x94d114f00_527, v0x94d114f00_528, v0x94d114f00_529, v0x94d114f00_530;
v0x94d114f00_531 .array/port v0x94d114f00, 531;
v0x94d114f00_532 .array/port v0x94d114f00, 532;
v0x94d114f00_533 .array/port v0x94d114f00, 533;
v0x94d114f00_534 .array/port v0x94d114f00, 534;
E_0x94d065880/133 .event anyedge, v0x94d114f00_531, v0x94d114f00_532, v0x94d114f00_533, v0x94d114f00_534;
v0x94d114f00_535 .array/port v0x94d114f00, 535;
v0x94d114f00_536 .array/port v0x94d114f00, 536;
v0x94d114f00_537 .array/port v0x94d114f00, 537;
v0x94d114f00_538 .array/port v0x94d114f00, 538;
E_0x94d065880/134 .event anyedge, v0x94d114f00_535, v0x94d114f00_536, v0x94d114f00_537, v0x94d114f00_538;
v0x94d114f00_539 .array/port v0x94d114f00, 539;
v0x94d114f00_540 .array/port v0x94d114f00, 540;
v0x94d114f00_541 .array/port v0x94d114f00, 541;
v0x94d114f00_542 .array/port v0x94d114f00, 542;
E_0x94d065880/135 .event anyedge, v0x94d114f00_539, v0x94d114f00_540, v0x94d114f00_541, v0x94d114f00_542;
v0x94d114f00_543 .array/port v0x94d114f00, 543;
v0x94d114f00_544 .array/port v0x94d114f00, 544;
v0x94d114f00_545 .array/port v0x94d114f00, 545;
v0x94d114f00_546 .array/port v0x94d114f00, 546;
E_0x94d065880/136 .event anyedge, v0x94d114f00_543, v0x94d114f00_544, v0x94d114f00_545, v0x94d114f00_546;
v0x94d114f00_547 .array/port v0x94d114f00, 547;
v0x94d114f00_548 .array/port v0x94d114f00, 548;
v0x94d114f00_549 .array/port v0x94d114f00, 549;
v0x94d114f00_550 .array/port v0x94d114f00, 550;
E_0x94d065880/137 .event anyedge, v0x94d114f00_547, v0x94d114f00_548, v0x94d114f00_549, v0x94d114f00_550;
v0x94d114f00_551 .array/port v0x94d114f00, 551;
v0x94d114f00_552 .array/port v0x94d114f00, 552;
v0x94d114f00_553 .array/port v0x94d114f00, 553;
v0x94d114f00_554 .array/port v0x94d114f00, 554;
E_0x94d065880/138 .event anyedge, v0x94d114f00_551, v0x94d114f00_552, v0x94d114f00_553, v0x94d114f00_554;
v0x94d114f00_555 .array/port v0x94d114f00, 555;
v0x94d114f00_556 .array/port v0x94d114f00, 556;
v0x94d114f00_557 .array/port v0x94d114f00, 557;
v0x94d114f00_558 .array/port v0x94d114f00, 558;
E_0x94d065880/139 .event anyedge, v0x94d114f00_555, v0x94d114f00_556, v0x94d114f00_557, v0x94d114f00_558;
v0x94d114f00_559 .array/port v0x94d114f00, 559;
v0x94d114f00_560 .array/port v0x94d114f00, 560;
v0x94d114f00_561 .array/port v0x94d114f00, 561;
v0x94d114f00_562 .array/port v0x94d114f00, 562;
E_0x94d065880/140 .event anyedge, v0x94d114f00_559, v0x94d114f00_560, v0x94d114f00_561, v0x94d114f00_562;
v0x94d114f00_563 .array/port v0x94d114f00, 563;
v0x94d114f00_564 .array/port v0x94d114f00, 564;
v0x94d114f00_565 .array/port v0x94d114f00, 565;
v0x94d114f00_566 .array/port v0x94d114f00, 566;
E_0x94d065880/141 .event anyedge, v0x94d114f00_563, v0x94d114f00_564, v0x94d114f00_565, v0x94d114f00_566;
v0x94d114f00_567 .array/port v0x94d114f00, 567;
v0x94d114f00_568 .array/port v0x94d114f00, 568;
v0x94d114f00_569 .array/port v0x94d114f00, 569;
v0x94d114f00_570 .array/port v0x94d114f00, 570;
E_0x94d065880/142 .event anyedge, v0x94d114f00_567, v0x94d114f00_568, v0x94d114f00_569, v0x94d114f00_570;
v0x94d114f00_571 .array/port v0x94d114f00, 571;
v0x94d114f00_572 .array/port v0x94d114f00, 572;
v0x94d114f00_573 .array/port v0x94d114f00, 573;
v0x94d114f00_574 .array/port v0x94d114f00, 574;
E_0x94d065880/143 .event anyedge, v0x94d114f00_571, v0x94d114f00_572, v0x94d114f00_573, v0x94d114f00_574;
v0x94d114f00_575 .array/port v0x94d114f00, 575;
v0x94d114f00_576 .array/port v0x94d114f00, 576;
v0x94d114f00_577 .array/port v0x94d114f00, 577;
v0x94d114f00_578 .array/port v0x94d114f00, 578;
E_0x94d065880/144 .event anyedge, v0x94d114f00_575, v0x94d114f00_576, v0x94d114f00_577, v0x94d114f00_578;
v0x94d114f00_579 .array/port v0x94d114f00, 579;
v0x94d114f00_580 .array/port v0x94d114f00, 580;
v0x94d114f00_581 .array/port v0x94d114f00, 581;
v0x94d114f00_582 .array/port v0x94d114f00, 582;
E_0x94d065880/145 .event anyedge, v0x94d114f00_579, v0x94d114f00_580, v0x94d114f00_581, v0x94d114f00_582;
v0x94d114f00_583 .array/port v0x94d114f00, 583;
v0x94d114f00_584 .array/port v0x94d114f00, 584;
v0x94d114f00_585 .array/port v0x94d114f00, 585;
v0x94d114f00_586 .array/port v0x94d114f00, 586;
E_0x94d065880/146 .event anyedge, v0x94d114f00_583, v0x94d114f00_584, v0x94d114f00_585, v0x94d114f00_586;
v0x94d114f00_587 .array/port v0x94d114f00, 587;
v0x94d114f00_588 .array/port v0x94d114f00, 588;
v0x94d114f00_589 .array/port v0x94d114f00, 589;
v0x94d114f00_590 .array/port v0x94d114f00, 590;
E_0x94d065880/147 .event anyedge, v0x94d114f00_587, v0x94d114f00_588, v0x94d114f00_589, v0x94d114f00_590;
v0x94d114f00_591 .array/port v0x94d114f00, 591;
v0x94d114f00_592 .array/port v0x94d114f00, 592;
v0x94d114f00_593 .array/port v0x94d114f00, 593;
v0x94d114f00_594 .array/port v0x94d114f00, 594;
E_0x94d065880/148 .event anyedge, v0x94d114f00_591, v0x94d114f00_592, v0x94d114f00_593, v0x94d114f00_594;
v0x94d114f00_595 .array/port v0x94d114f00, 595;
v0x94d114f00_596 .array/port v0x94d114f00, 596;
v0x94d114f00_597 .array/port v0x94d114f00, 597;
v0x94d114f00_598 .array/port v0x94d114f00, 598;
E_0x94d065880/149 .event anyedge, v0x94d114f00_595, v0x94d114f00_596, v0x94d114f00_597, v0x94d114f00_598;
v0x94d114f00_599 .array/port v0x94d114f00, 599;
v0x94d114f00_600 .array/port v0x94d114f00, 600;
v0x94d114f00_601 .array/port v0x94d114f00, 601;
v0x94d114f00_602 .array/port v0x94d114f00, 602;
E_0x94d065880/150 .event anyedge, v0x94d114f00_599, v0x94d114f00_600, v0x94d114f00_601, v0x94d114f00_602;
v0x94d114f00_603 .array/port v0x94d114f00, 603;
v0x94d114f00_604 .array/port v0x94d114f00, 604;
v0x94d114f00_605 .array/port v0x94d114f00, 605;
v0x94d114f00_606 .array/port v0x94d114f00, 606;
E_0x94d065880/151 .event anyedge, v0x94d114f00_603, v0x94d114f00_604, v0x94d114f00_605, v0x94d114f00_606;
v0x94d114f00_607 .array/port v0x94d114f00, 607;
v0x94d114f00_608 .array/port v0x94d114f00, 608;
v0x94d114f00_609 .array/port v0x94d114f00, 609;
v0x94d114f00_610 .array/port v0x94d114f00, 610;
E_0x94d065880/152 .event anyedge, v0x94d114f00_607, v0x94d114f00_608, v0x94d114f00_609, v0x94d114f00_610;
v0x94d114f00_611 .array/port v0x94d114f00, 611;
v0x94d114f00_612 .array/port v0x94d114f00, 612;
v0x94d114f00_613 .array/port v0x94d114f00, 613;
v0x94d114f00_614 .array/port v0x94d114f00, 614;
E_0x94d065880/153 .event anyedge, v0x94d114f00_611, v0x94d114f00_612, v0x94d114f00_613, v0x94d114f00_614;
v0x94d114f00_615 .array/port v0x94d114f00, 615;
v0x94d114f00_616 .array/port v0x94d114f00, 616;
v0x94d114f00_617 .array/port v0x94d114f00, 617;
v0x94d114f00_618 .array/port v0x94d114f00, 618;
E_0x94d065880/154 .event anyedge, v0x94d114f00_615, v0x94d114f00_616, v0x94d114f00_617, v0x94d114f00_618;
v0x94d114f00_619 .array/port v0x94d114f00, 619;
v0x94d114f00_620 .array/port v0x94d114f00, 620;
v0x94d114f00_621 .array/port v0x94d114f00, 621;
v0x94d114f00_622 .array/port v0x94d114f00, 622;
E_0x94d065880/155 .event anyedge, v0x94d114f00_619, v0x94d114f00_620, v0x94d114f00_621, v0x94d114f00_622;
v0x94d114f00_623 .array/port v0x94d114f00, 623;
v0x94d114f00_624 .array/port v0x94d114f00, 624;
v0x94d114f00_625 .array/port v0x94d114f00, 625;
v0x94d114f00_626 .array/port v0x94d114f00, 626;
E_0x94d065880/156 .event anyedge, v0x94d114f00_623, v0x94d114f00_624, v0x94d114f00_625, v0x94d114f00_626;
v0x94d114f00_627 .array/port v0x94d114f00, 627;
v0x94d114f00_628 .array/port v0x94d114f00, 628;
v0x94d114f00_629 .array/port v0x94d114f00, 629;
v0x94d114f00_630 .array/port v0x94d114f00, 630;
E_0x94d065880/157 .event anyedge, v0x94d114f00_627, v0x94d114f00_628, v0x94d114f00_629, v0x94d114f00_630;
v0x94d114f00_631 .array/port v0x94d114f00, 631;
v0x94d114f00_632 .array/port v0x94d114f00, 632;
v0x94d114f00_633 .array/port v0x94d114f00, 633;
v0x94d114f00_634 .array/port v0x94d114f00, 634;
E_0x94d065880/158 .event anyedge, v0x94d114f00_631, v0x94d114f00_632, v0x94d114f00_633, v0x94d114f00_634;
v0x94d114f00_635 .array/port v0x94d114f00, 635;
v0x94d114f00_636 .array/port v0x94d114f00, 636;
v0x94d114f00_637 .array/port v0x94d114f00, 637;
v0x94d114f00_638 .array/port v0x94d114f00, 638;
E_0x94d065880/159 .event anyedge, v0x94d114f00_635, v0x94d114f00_636, v0x94d114f00_637, v0x94d114f00_638;
v0x94d114f00_639 .array/port v0x94d114f00, 639;
v0x94d114f00_640 .array/port v0x94d114f00, 640;
v0x94d114f00_641 .array/port v0x94d114f00, 641;
v0x94d114f00_642 .array/port v0x94d114f00, 642;
E_0x94d065880/160 .event anyedge, v0x94d114f00_639, v0x94d114f00_640, v0x94d114f00_641, v0x94d114f00_642;
v0x94d114f00_643 .array/port v0x94d114f00, 643;
v0x94d114f00_644 .array/port v0x94d114f00, 644;
v0x94d114f00_645 .array/port v0x94d114f00, 645;
v0x94d114f00_646 .array/port v0x94d114f00, 646;
E_0x94d065880/161 .event anyedge, v0x94d114f00_643, v0x94d114f00_644, v0x94d114f00_645, v0x94d114f00_646;
v0x94d114f00_647 .array/port v0x94d114f00, 647;
v0x94d114f00_648 .array/port v0x94d114f00, 648;
v0x94d114f00_649 .array/port v0x94d114f00, 649;
v0x94d114f00_650 .array/port v0x94d114f00, 650;
E_0x94d065880/162 .event anyedge, v0x94d114f00_647, v0x94d114f00_648, v0x94d114f00_649, v0x94d114f00_650;
v0x94d114f00_651 .array/port v0x94d114f00, 651;
v0x94d114f00_652 .array/port v0x94d114f00, 652;
v0x94d114f00_653 .array/port v0x94d114f00, 653;
v0x94d114f00_654 .array/port v0x94d114f00, 654;
E_0x94d065880/163 .event anyedge, v0x94d114f00_651, v0x94d114f00_652, v0x94d114f00_653, v0x94d114f00_654;
v0x94d114f00_655 .array/port v0x94d114f00, 655;
v0x94d114f00_656 .array/port v0x94d114f00, 656;
v0x94d114f00_657 .array/port v0x94d114f00, 657;
v0x94d114f00_658 .array/port v0x94d114f00, 658;
E_0x94d065880/164 .event anyedge, v0x94d114f00_655, v0x94d114f00_656, v0x94d114f00_657, v0x94d114f00_658;
v0x94d114f00_659 .array/port v0x94d114f00, 659;
v0x94d114f00_660 .array/port v0x94d114f00, 660;
v0x94d114f00_661 .array/port v0x94d114f00, 661;
v0x94d114f00_662 .array/port v0x94d114f00, 662;
E_0x94d065880/165 .event anyedge, v0x94d114f00_659, v0x94d114f00_660, v0x94d114f00_661, v0x94d114f00_662;
v0x94d114f00_663 .array/port v0x94d114f00, 663;
v0x94d114f00_664 .array/port v0x94d114f00, 664;
v0x94d114f00_665 .array/port v0x94d114f00, 665;
v0x94d114f00_666 .array/port v0x94d114f00, 666;
E_0x94d065880/166 .event anyedge, v0x94d114f00_663, v0x94d114f00_664, v0x94d114f00_665, v0x94d114f00_666;
v0x94d114f00_667 .array/port v0x94d114f00, 667;
v0x94d114f00_668 .array/port v0x94d114f00, 668;
v0x94d114f00_669 .array/port v0x94d114f00, 669;
v0x94d114f00_670 .array/port v0x94d114f00, 670;
E_0x94d065880/167 .event anyedge, v0x94d114f00_667, v0x94d114f00_668, v0x94d114f00_669, v0x94d114f00_670;
v0x94d114f00_671 .array/port v0x94d114f00, 671;
v0x94d114f00_672 .array/port v0x94d114f00, 672;
v0x94d114f00_673 .array/port v0x94d114f00, 673;
v0x94d114f00_674 .array/port v0x94d114f00, 674;
E_0x94d065880/168 .event anyedge, v0x94d114f00_671, v0x94d114f00_672, v0x94d114f00_673, v0x94d114f00_674;
v0x94d114f00_675 .array/port v0x94d114f00, 675;
v0x94d114f00_676 .array/port v0x94d114f00, 676;
v0x94d114f00_677 .array/port v0x94d114f00, 677;
v0x94d114f00_678 .array/port v0x94d114f00, 678;
E_0x94d065880/169 .event anyedge, v0x94d114f00_675, v0x94d114f00_676, v0x94d114f00_677, v0x94d114f00_678;
v0x94d114f00_679 .array/port v0x94d114f00, 679;
v0x94d114f00_680 .array/port v0x94d114f00, 680;
v0x94d114f00_681 .array/port v0x94d114f00, 681;
v0x94d114f00_682 .array/port v0x94d114f00, 682;
E_0x94d065880/170 .event anyedge, v0x94d114f00_679, v0x94d114f00_680, v0x94d114f00_681, v0x94d114f00_682;
v0x94d114f00_683 .array/port v0x94d114f00, 683;
v0x94d114f00_684 .array/port v0x94d114f00, 684;
v0x94d114f00_685 .array/port v0x94d114f00, 685;
v0x94d114f00_686 .array/port v0x94d114f00, 686;
E_0x94d065880/171 .event anyedge, v0x94d114f00_683, v0x94d114f00_684, v0x94d114f00_685, v0x94d114f00_686;
v0x94d114f00_687 .array/port v0x94d114f00, 687;
v0x94d114f00_688 .array/port v0x94d114f00, 688;
v0x94d114f00_689 .array/port v0x94d114f00, 689;
v0x94d114f00_690 .array/port v0x94d114f00, 690;
E_0x94d065880/172 .event anyedge, v0x94d114f00_687, v0x94d114f00_688, v0x94d114f00_689, v0x94d114f00_690;
v0x94d114f00_691 .array/port v0x94d114f00, 691;
v0x94d114f00_692 .array/port v0x94d114f00, 692;
v0x94d114f00_693 .array/port v0x94d114f00, 693;
v0x94d114f00_694 .array/port v0x94d114f00, 694;
E_0x94d065880/173 .event anyedge, v0x94d114f00_691, v0x94d114f00_692, v0x94d114f00_693, v0x94d114f00_694;
v0x94d114f00_695 .array/port v0x94d114f00, 695;
v0x94d114f00_696 .array/port v0x94d114f00, 696;
v0x94d114f00_697 .array/port v0x94d114f00, 697;
v0x94d114f00_698 .array/port v0x94d114f00, 698;
E_0x94d065880/174 .event anyedge, v0x94d114f00_695, v0x94d114f00_696, v0x94d114f00_697, v0x94d114f00_698;
v0x94d114f00_699 .array/port v0x94d114f00, 699;
v0x94d114f00_700 .array/port v0x94d114f00, 700;
v0x94d114f00_701 .array/port v0x94d114f00, 701;
v0x94d114f00_702 .array/port v0x94d114f00, 702;
E_0x94d065880/175 .event anyedge, v0x94d114f00_699, v0x94d114f00_700, v0x94d114f00_701, v0x94d114f00_702;
v0x94d114f00_703 .array/port v0x94d114f00, 703;
v0x94d114f00_704 .array/port v0x94d114f00, 704;
v0x94d114f00_705 .array/port v0x94d114f00, 705;
v0x94d114f00_706 .array/port v0x94d114f00, 706;
E_0x94d065880/176 .event anyedge, v0x94d114f00_703, v0x94d114f00_704, v0x94d114f00_705, v0x94d114f00_706;
v0x94d114f00_707 .array/port v0x94d114f00, 707;
v0x94d114f00_708 .array/port v0x94d114f00, 708;
v0x94d114f00_709 .array/port v0x94d114f00, 709;
v0x94d114f00_710 .array/port v0x94d114f00, 710;
E_0x94d065880/177 .event anyedge, v0x94d114f00_707, v0x94d114f00_708, v0x94d114f00_709, v0x94d114f00_710;
v0x94d114f00_711 .array/port v0x94d114f00, 711;
v0x94d114f00_712 .array/port v0x94d114f00, 712;
v0x94d114f00_713 .array/port v0x94d114f00, 713;
v0x94d114f00_714 .array/port v0x94d114f00, 714;
E_0x94d065880/178 .event anyedge, v0x94d114f00_711, v0x94d114f00_712, v0x94d114f00_713, v0x94d114f00_714;
v0x94d114f00_715 .array/port v0x94d114f00, 715;
v0x94d114f00_716 .array/port v0x94d114f00, 716;
v0x94d114f00_717 .array/port v0x94d114f00, 717;
v0x94d114f00_718 .array/port v0x94d114f00, 718;
E_0x94d065880/179 .event anyedge, v0x94d114f00_715, v0x94d114f00_716, v0x94d114f00_717, v0x94d114f00_718;
v0x94d114f00_719 .array/port v0x94d114f00, 719;
v0x94d114f00_720 .array/port v0x94d114f00, 720;
v0x94d114f00_721 .array/port v0x94d114f00, 721;
v0x94d114f00_722 .array/port v0x94d114f00, 722;
E_0x94d065880/180 .event anyedge, v0x94d114f00_719, v0x94d114f00_720, v0x94d114f00_721, v0x94d114f00_722;
v0x94d114f00_723 .array/port v0x94d114f00, 723;
v0x94d114f00_724 .array/port v0x94d114f00, 724;
v0x94d114f00_725 .array/port v0x94d114f00, 725;
v0x94d114f00_726 .array/port v0x94d114f00, 726;
E_0x94d065880/181 .event anyedge, v0x94d114f00_723, v0x94d114f00_724, v0x94d114f00_725, v0x94d114f00_726;
v0x94d114f00_727 .array/port v0x94d114f00, 727;
v0x94d114f00_728 .array/port v0x94d114f00, 728;
v0x94d114f00_729 .array/port v0x94d114f00, 729;
v0x94d114f00_730 .array/port v0x94d114f00, 730;
E_0x94d065880/182 .event anyedge, v0x94d114f00_727, v0x94d114f00_728, v0x94d114f00_729, v0x94d114f00_730;
v0x94d114f00_731 .array/port v0x94d114f00, 731;
v0x94d114f00_732 .array/port v0x94d114f00, 732;
v0x94d114f00_733 .array/port v0x94d114f00, 733;
v0x94d114f00_734 .array/port v0x94d114f00, 734;
E_0x94d065880/183 .event anyedge, v0x94d114f00_731, v0x94d114f00_732, v0x94d114f00_733, v0x94d114f00_734;
v0x94d114f00_735 .array/port v0x94d114f00, 735;
v0x94d114f00_736 .array/port v0x94d114f00, 736;
v0x94d114f00_737 .array/port v0x94d114f00, 737;
v0x94d114f00_738 .array/port v0x94d114f00, 738;
E_0x94d065880/184 .event anyedge, v0x94d114f00_735, v0x94d114f00_736, v0x94d114f00_737, v0x94d114f00_738;
v0x94d114f00_739 .array/port v0x94d114f00, 739;
v0x94d114f00_740 .array/port v0x94d114f00, 740;
v0x94d114f00_741 .array/port v0x94d114f00, 741;
v0x94d114f00_742 .array/port v0x94d114f00, 742;
E_0x94d065880/185 .event anyedge, v0x94d114f00_739, v0x94d114f00_740, v0x94d114f00_741, v0x94d114f00_742;
v0x94d114f00_743 .array/port v0x94d114f00, 743;
v0x94d114f00_744 .array/port v0x94d114f00, 744;
v0x94d114f00_745 .array/port v0x94d114f00, 745;
v0x94d114f00_746 .array/port v0x94d114f00, 746;
E_0x94d065880/186 .event anyedge, v0x94d114f00_743, v0x94d114f00_744, v0x94d114f00_745, v0x94d114f00_746;
v0x94d114f00_747 .array/port v0x94d114f00, 747;
v0x94d114f00_748 .array/port v0x94d114f00, 748;
v0x94d114f00_749 .array/port v0x94d114f00, 749;
v0x94d114f00_750 .array/port v0x94d114f00, 750;
E_0x94d065880/187 .event anyedge, v0x94d114f00_747, v0x94d114f00_748, v0x94d114f00_749, v0x94d114f00_750;
v0x94d114f00_751 .array/port v0x94d114f00, 751;
v0x94d114f00_752 .array/port v0x94d114f00, 752;
v0x94d114f00_753 .array/port v0x94d114f00, 753;
v0x94d114f00_754 .array/port v0x94d114f00, 754;
E_0x94d065880/188 .event anyedge, v0x94d114f00_751, v0x94d114f00_752, v0x94d114f00_753, v0x94d114f00_754;
v0x94d114f00_755 .array/port v0x94d114f00, 755;
v0x94d114f00_756 .array/port v0x94d114f00, 756;
v0x94d114f00_757 .array/port v0x94d114f00, 757;
v0x94d114f00_758 .array/port v0x94d114f00, 758;
E_0x94d065880/189 .event anyedge, v0x94d114f00_755, v0x94d114f00_756, v0x94d114f00_757, v0x94d114f00_758;
v0x94d114f00_759 .array/port v0x94d114f00, 759;
v0x94d114f00_760 .array/port v0x94d114f00, 760;
v0x94d114f00_761 .array/port v0x94d114f00, 761;
v0x94d114f00_762 .array/port v0x94d114f00, 762;
E_0x94d065880/190 .event anyedge, v0x94d114f00_759, v0x94d114f00_760, v0x94d114f00_761, v0x94d114f00_762;
v0x94d114f00_763 .array/port v0x94d114f00, 763;
v0x94d114f00_764 .array/port v0x94d114f00, 764;
v0x94d114f00_765 .array/port v0x94d114f00, 765;
v0x94d114f00_766 .array/port v0x94d114f00, 766;
E_0x94d065880/191 .event anyedge, v0x94d114f00_763, v0x94d114f00_764, v0x94d114f00_765, v0x94d114f00_766;
v0x94d114f00_767 .array/port v0x94d114f00, 767;
v0x94d114f00_768 .array/port v0x94d114f00, 768;
v0x94d114f00_769 .array/port v0x94d114f00, 769;
v0x94d114f00_770 .array/port v0x94d114f00, 770;
E_0x94d065880/192 .event anyedge, v0x94d114f00_767, v0x94d114f00_768, v0x94d114f00_769, v0x94d114f00_770;
v0x94d114f00_771 .array/port v0x94d114f00, 771;
v0x94d114f00_772 .array/port v0x94d114f00, 772;
v0x94d114f00_773 .array/port v0x94d114f00, 773;
v0x94d114f00_774 .array/port v0x94d114f00, 774;
E_0x94d065880/193 .event anyedge, v0x94d114f00_771, v0x94d114f00_772, v0x94d114f00_773, v0x94d114f00_774;
v0x94d114f00_775 .array/port v0x94d114f00, 775;
v0x94d114f00_776 .array/port v0x94d114f00, 776;
v0x94d114f00_777 .array/port v0x94d114f00, 777;
v0x94d114f00_778 .array/port v0x94d114f00, 778;
E_0x94d065880/194 .event anyedge, v0x94d114f00_775, v0x94d114f00_776, v0x94d114f00_777, v0x94d114f00_778;
v0x94d114f00_779 .array/port v0x94d114f00, 779;
v0x94d114f00_780 .array/port v0x94d114f00, 780;
v0x94d114f00_781 .array/port v0x94d114f00, 781;
v0x94d114f00_782 .array/port v0x94d114f00, 782;
E_0x94d065880/195 .event anyedge, v0x94d114f00_779, v0x94d114f00_780, v0x94d114f00_781, v0x94d114f00_782;
v0x94d114f00_783 .array/port v0x94d114f00, 783;
v0x94d114f00_784 .array/port v0x94d114f00, 784;
v0x94d114f00_785 .array/port v0x94d114f00, 785;
v0x94d114f00_786 .array/port v0x94d114f00, 786;
E_0x94d065880/196 .event anyedge, v0x94d114f00_783, v0x94d114f00_784, v0x94d114f00_785, v0x94d114f00_786;
v0x94d114f00_787 .array/port v0x94d114f00, 787;
v0x94d114f00_788 .array/port v0x94d114f00, 788;
v0x94d114f00_789 .array/port v0x94d114f00, 789;
v0x94d114f00_790 .array/port v0x94d114f00, 790;
E_0x94d065880/197 .event anyedge, v0x94d114f00_787, v0x94d114f00_788, v0x94d114f00_789, v0x94d114f00_790;
v0x94d114f00_791 .array/port v0x94d114f00, 791;
v0x94d114f00_792 .array/port v0x94d114f00, 792;
v0x94d114f00_793 .array/port v0x94d114f00, 793;
v0x94d114f00_794 .array/port v0x94d114f00, 794;
E_0x94d065880/198 .event anyedge, v0x94d114f00_791, v0x94d114f00_792, v0x94d114f00_793, v0x94d114f00_794;
v0x94d114f00_795 .array/port v0x94d114f00, 795;
v0x94d114f00_796 .array/port v0x94d114f00, 796;
v0x94d114f00_797 .array/port v0x94d114f00, 797;
v0x94d114f00_798 .array/port v0x94d114f00, 798;
E_0x94d065880/199 .event anyedge, v0x94d114f00_795, v0x94d114f00_796, v0x94d114f00_797, v0x94d114f00_798;
v0x94d114f00_799 .array/port v0x94d114f00, 799;
v0x94d114f00_800 .array/port v0x94d114f00, 800;
v0x94d114f00_801 .array/port v0x94d114f00, 801;
v0x94d114f00_802 .array/port v0x94d114f00, 802;
E_0x94d065880/200 .event anyedge, v0x94d114f00_799, v0x94d114f00_800, v0x94d114f00_801, v0x94d114f00_802;
v0x94d114f00_803 .array/port v0x94d114f00, 803;
v0x94d114f00_804 .array/port v0x94d114f00, 804;
v0x94d114f00_805 .array/port v0x94d114f00, 805;
v0x94d114f00_806 .array/port v0x94d114f00, 806;
E_0x94d065880/201 .event anyedge, v0x94d114f00_803, v0x94d114f00_804, v0x94d114f00_805, v0x94d114f00_806;
v0x94d114f00_807 .array/port v0x94d114f00, 807;
v0x94d114f00_808 .array/port v0x94d114f00, 808;
v0x94d114f00_809 .array/port v0x94d114f00, 809;
v0x94d114f00_810 .array/port v0x94d114f00, 810;
E_0x94d065880/202 .event anyedge, v0x94d114f00_807, v0x94d114f00_808, v0x94d114f00_809, v0x94d114f00_810;
v0x94d114f00_811 .array/port v0x94d114f00, 811;
v0x94d114f00_812 .array/port v0x94d114f00, 812;
v0x94d114f00_813 .array/port v0x94d114f00, 813;
v0x94d114f00_814 .array/port v0x94d114f00, 814;
E_0x94d065880/203 .event anyedge, v0x94d114f00_811, v0x94d114f00_812, v0x94d114f00_813, v0x94d114f00_814;
v0x94d114f00_815 .array/port v0x94d114f00, 815;
v0x94d114f00_816 .array/port v0x94d114f00, 816;
v0x94d114f00_817 .array/port v0x94d114f00, 817;
v0x94d114f00_818 .array/port v0x94d114f00, 818;
E_0x94d065880/204 .event anyedge, v0x94d114f00_815, v0x94d114f00_816, v0x94d114f00_817, v0x94d114f00_818;
v0x94d114f00_819 .array/port v0x94d114f00, 819;
v0x94d114f00_820 .array/port v0x94d114f00, 820;
v0x94d114f00_821 .array/port v0x94d114f00, 821;
v0x94d114f00_822 .array/port v0x94d114f00, 822;
E_0x94d065880/205 .event anyedge, v0x94d114f00_819, v0x94d114f00_820, v0x94d114f00_821, v0x94d114f00_822;
v0x94d114f00_823 .array/port v0x94d114f00, 823;
v0x94d114f00_824 .array/port v0x94d114f00, 824;
v0x94d114f00_825 .array/port v0x94d114f00, 825;
v0x94d114f00_826 .array/port v0x94d114f00, 826;
E_0x94d065880/206 .event anyedge, v0x94d114f00_823, v0x94d114f00_824, v0x94d114f00_825, v0x94d114f00_826;
v0x94d114f00_827 .array/port v0x94d114f00, 827;
v0x94d114f00_828 .array/port v0x94d114f00, 828;
v0x94d114f00_829 .array/port v0x94d114f00, 829;
v0x94d114f00_830 .array/port v0x94d114f00, 830;
E_0x94d065880/207 .event anyedge, v0x94d114f00_827, v0x94d114f00_828, v0x94d114f00_829, v0x94d114f00_830;
v0x94d114f00_831 .array/port v0x94d114f00, 831;
v0x94d114f00_832 .array/port v0x94d114f00, 832;
v0x94d114f00_833 .array/port v0x94d114f00, 833;
v0x94d114f00_834 .array/port v0x94d114f00, 834;
E_0x94d065880/208 .event anyedge, v0x94d114f00_831, v0x94d114f00_832, v0x94d114f00_833, v0x94d114f00_834;
v0x94d114f00_835 .array/port v0x94d114f00, 835;
v0x94d114f00_836 .array/port v0x94d114f00, 836;
v0x94d114f00_837 .array/port v0x94d114f00, 837;
v0x94d114f00_838 .array/port v0x94d114f00, 838;
E_0x94d065880/209 .event anyedge, v0x94d114f00_835, v0x94d114f00_836, v0x94d114f00_837, v0x94d114f00_838;
v0x94d114f00_839 .array/port v0x94d114f00, 839;
v0x94d114f00_840 .array/port v0x94d114f00, 840;
v0x94d114f00_841 .array/port v0x94d114f00, 841;
v0x94d114f00_842 .array/port v0x94d114f00, 842;
E_0x94d065880/210 .event anyedge, v0x94d114f00_839, v0x94d114f00_840, v0x94d114f00_841, v0x94d114f00_842;
v0x94d114f00_843 .array/port v0x94d114f00, 843;
v0x94d114f00_844 .array/port v0x94d114f00, 844;
v0x94d114f00_845 .array/port v0x94d114f00, 845;
v0x94d114f00_846 .array/port v0x94d114f00, 846;
E_0x94d065880/211 .event anyedge, v0x94d114f00_843, v0x94d114f00_844, v0x94d114f00_845, v0x94d114f00_846;
v0x94d114f00_847 .array/port v0x94d114f00, 847;
v0x94d114f00_848 .array/port v0x94d114f00, 848;
v0x94d114f00_849 .array/port v0x94d114f00, 849;
v0x94d114f00_850 .array/port v0x94d114f00, 850;
E_0x94d065880/212 .event anyedge, v0x94d114f00_847, v0x94d114f00_848, v0x94d114f00_849, v0x94d114f00_850;
v0x94d114f00_851 .array/port v0x94d114f00, 851;
v0x94d114f00_852 .array/port v0x94d114f00, 852;
v0x94d114f00_853 .array/port v0x94d114f00, 853;
v0x94d114f00_854 .array/port v0x94d114f00, 854;
E_0x94d065880/213 .event anyedge, v0x94d114f00_851, v0x94d114f00_852, v0x94d114f00_853, v0x94d114f00_854;
v0x94d114f00_855 .array/port v0x94d114f00, 855;
v0x94d114f00_856 .array/port v0x94d114f00, 856;
v0x94d114f00_857 .array/port v0x94d114f00, 857;
v0x94d114f00_858 .array/port v0x94d114f00, 858;
E_0x94d065880/214 .event anyedge, v0x94d114f00_855, v0x94d114f00_856, v0x94d114f00_857, v0x94d114f00_858;
v0x94d114f00_859 .array/port v0x94d114f00, 859;
v0x94d114f00_860 .array/port v0x94d114f00, 860;
v0x94d114f00_861 .array/port v0x94d114f00, 861;
v0x94d114f00_862 .array/port v0x94d114f00, 862;
E_0x94d065880/215 .event anyedge, v0x94d114f00_859, v0x94d114f00_860, v0x94d114f00_861, v0x94d114f00_862;
v0x94d114f00_863 .array/port v0x94d114f00, 863;
v0x94d114f00_864 .array/port v0x94d114f00, 864;
v0x94d114f00_865 .array/port v0x94d114f00, 865;
v0x94d114f00_866 .array/port v0x94d114f00, 866;
E_0x94d065880/216 .event anyedge, v0x94d114f00_863, v0x94d114f00_864, v0x94d114f00_865, v0x94d114f00_866;
v0x94d114f00_867 .array/port v0x94d114f00, 867;
v0x94d114f00_868 .array/port v0x94d114f00, 868;
v0x94d114f00_869 .array/port v0x94d114f00, 869;
v0x94d114f00_870 .array/port v0x94d114f00, 870;
E_0x94d065880/217 .event anyedge, v0x94d114f00_867, v0x94d114f00_868, v0x94d114f00_869, v0x94d114f00_870;
v0x94d114f00_871 .array/port v0x94d114f00, 871;
v0x94d114f00_872 .array/port v0x94d114f00, 872;
v0x94d114f00_873 .array/port v0x94d114f00, 873;
v0x94d114f00_874 .array/port v0x94d114f00, 874;
E_0x94d065880/218 .event anyedge, v0x94d114f00_871, v0x94d114f00_872, v0x94d114f00_873, v0x94d114f00_874;
v0x94d114f00_875 .array/port v0x94d114f00, 875;
v0x94d114f00_876 .array/port v0x94d114f00, 876;
v0x94d114f00_877 .array/port v0x94d114f00, 877;
v0x94d114f00_878 .array/port v0x94d114f00, 878;
E_0x94d065880/219 .event anyedge, v0x94d114f00_875, v0x94d114f00_876, v0x94d114f00_877, v0x94d114f00_878;
v0x94d114f00_879 .array/port v0x94d114f00, 879;
v0x94d114f00_880 .array/port v0x94d114f00, 880;
v0x94d114f00_881 .array/port v0x94d114f00, 881;
v0x94d114f00_882 .array/port v0x94d114f00, 882;
E_0x94d065880/220 .event anyedge, v0x94d114f00_879, v0x94d114f00_880, v0x94d114f00_881, v0x94d114f00_882;
v0x94d114f00_883 .array/port v0x94d114f00, 883;
v0x94d114f00_884 .array/port v0x94d114f00, 884;
v0x94d114f00_885 .array/port v0x94d114f00, 885;
v0x94d114f00_886 .array/port v0x94d114f00, 886;
E_0x94d065880/221 .event anyedge, v0x94d114f00_883, v0x94d114f00_884, v0x94d114f00_885, v0x94d114f00_886;
v0x94d114f00_887 .array/port v0x94d114f00, 887;
v0x94d114f00_888 .array/port v0x94d114f00, 888;
v0x94d114f00_889 .array/port v0x94d114f00, 889;
v0x94d114f00_890 .array/port v0x94d114f00, 890;
E_0x94d065880/222 .event anyedge, v0x94d114f00_887, v0x94d114f00_888, v0x94d114f00_889, v0x94d114f00_890;
v0x94d114f00_891 .array/port v0x94d114f00, 891;
v0x94d114f00_892 .array/port v0x94d114f00, 892;
v0x94d114f00_893 .array/port v0x94d114f00, 893;
v0x94d114f00_894 .array/port v0x94d114f00, 894;
E_0x94d065880/223 .event anyedge, v0x94d114f00_891, v0x94d114f00_892, v0x94d114f00_893, v0x94d114f00_894;
v0x94d114f00_895 .array/port v0x94d114f00, 895;
v0x94d114f00_896 .array/port v0x94d114f00, 896;
v0x94d114f00_897 .array/port v0x94d114f00, 897;
v0x94d114f00_898 .array/port v0x94d114f00, 898;
E_0x94d065880/224 .event anyedge, v0x94d114f00_895, v0x94d114f00_896, v0x94d114f00_897, v0x94d114f00_898;
v0x94d114f00_899 .array/port v0x94d114f00, 899;
v0x94d114f00_900 .array/port v0x94d114f00, 900;
v0x94d114f00_901 .array/port v0x94d114f00, 901;
v0x94d114f00_902 .array/port v0x94d114f00, 902;
E_0x94d065880/225 .event anyedge, v0x94d114f00_899, v0x94d114f00_900, v0x94d114f00_901, v0x94d114f00_902;
v0x94d114f00_903 .array/port v0x94d114f00, 903;
v0x94d114f00_904 .array/port v0x94d114f00, 904;
v0x94d114f00_905 .array/port v0x94d114f00, 905;
v0x94d114f00_906 .array/port v0x94d114f00, 906;
E_0x94d065880/226 .event anyedge, v0x94d114f00_903, v0x94d114f00_904, v0x94d114f00_905, v0x94d114f00_906;
v0x94d114f00_907 .array/port v0x94d114f00, 907;
v0x94d114f00_908 .array/port v0x94d114f00, 908;
v0x94d114f00_909 .array/port v0x94d114f00, 909;
v0x94d114f00_910 .array/port v0x94d114f00, 910;
E_0x94d065880/227 .event anyedge, v0x94d114f00_907, v0x94d114f00_908, v0x94d114f00_909, v0x94d114f00_910;
v0x94d114f00_911 .array/port v0x94d114f00, 911;
v0x94d114f00_912 .array/port v0x94d114f00, 912;
v0x94d114f00_913 .array/port v0x94d114f00, 913;
v0x94d114f00_914 .array/port v0x94d114f00, 914;
E_0x94d065880/228 .event anyedge, v0x94d114f00_911, v0x94d114f00_912, v0x94d114f00_913, v0x94d114f00_914;
v0x94d114f00_915 .array/port v0x94d114f00, 915;
v0x94d114f00_916 .array/port v0x94d114f00, 916;
v0x94d114f00_917 .array/port v0x94d114f00, 917;
v0x94d114f00_918 .array/port v0x94d114f00, 918;
E_0x94d065880/229 .event anyedge, v0x94d114f00_915, v0x94d114f00_916, v0x94d114f00_917, v0x94d114f00_918;
v0x94d114f00_919 .array/port v0x94d114f00, 919;
v0x94d114f00_920 .array/port v0x94d114f00, 920;
v0x94d114f00_921 .array/port v0x94d114f00, 921;
v0x94d114f00_922 .array/port v0x94d114f00, 922;
E_0x94d065880/230 .event anyedge, v0x94d114f00_919, v0x94d114f00_920, v0x94d114f00_921, v0x94d114f00_922;
v0x94d114f00_923 .array/port v0x94d114f00, 923;
v0x94d114f00_924 .array/port v0x94d114f00, 924;
v0x94d114f00_925 .array/port v0x94d114f00, 925;
v0x94d114f00_926 .array/port v0x94d114f00, 926;
E_0x94d065880/231 .event anyedge, v0x94d114f00_923, v0x94d114f00_924, v0x94d114f00_925, v0x94d114f00_926;
v0x94d114f00_927 .array/port v0x94d114f00, 927;
v0x94d114f00_928 .array/port v0x94d114f00, 928;
v0x94d114f00_929 .array/port v0x94d114f00, 929;
v0x94d114f00_930 .array/port v0x94d114f00, 930;
E_0x94d065880/232 .event anyedge, v0x94d114f00_927, v0x94d114f00_928, v0x94d114f00_929, v0x94d114f00_930;
v0x94d114f00_931 .array/port v0x94d114f00, 931;
v0x94d114f00_932 .array/port v0x94d114f00, 932;
v0x94d114f00_933 .array/port v0x94d114f00, 933;
v0x94d114f00_934 .array/port v0x94d114f00, 934;
E_0x94d065880/233 .event anyedge, v0x94d114f00_931, v0x94d114f00_932, v0x94d114f00_933, v0x94d114f00_934;
v0x94d114f00_935 .array/port v0x94d114f00, 935;
v0x94d114f00_936 .array/port v0x94d114f00, 936;
v0x94d114f00_937 .array/port v0x94d114f00, 937;
v0x94d114f00_938 .array/port v0x94d114f00, 938;
E_0x94d065880/234 .event anyedge, v0x94d114f00_935, v0x94d114f00_936, v0x94d114f00_937, v0x94d114f00_938;
v0x94d114f00_939 .array/port v0x94d114f00, 939;
v0x94d114f00_940 .array/port v0x94d114f00, 940;
v0x94d114f00_941 .array/port v0x94d114f00, 941;
v0x94d114f00_942 .array/port v0x94d114f00, 942;
E_0x94d065880/235 .event anyedge, v0x94d114f00_939, v0x94d114f00_940, v0x94d114f00_941, v0x94d114f00_942;
v0x94d114f00_943 .array/port v0x94d114f00, 943;
v0x94d114f00_944 .array/port v0x94d114f00, 944;
v0x94d114f00_945 .array/port v0x94d114f00, 945;
v0x94d114f00_946 .array/port v0x94d114f00, 946;
E_0x94d065880/236 .event anyedge, v0x94d114f00_943, v0x94d114f00_944, v0x94d114f00_945, v0x94d114f00_946;
v0x94d114f00_947 .array/port v0x94d114f00, 947;
v0x94d114f00_948 .array/port v0x94d114f00, 948;
v0x94d114f00_949 .array/port v0x94d114f00, 949;
v0x94d114f00_950 .array/port v0x94d114f00, 950;
E_0x94d065880/237 .event anyedge, v0x94d114f00_947, v0x94d114f00_948, v0x94d114f00_949, v0x94d114f00_950;
v0x94d114f00_951 .array/port v0x94d114f00, 951;
v0x94d114f00_952 .array/port v0x94d114f00, 952;
v0x94d114f00_953 .array/port v0x94d114f00, 953;
v0x94d114f00_954 .array/port v0x94d114f00, 954;
E_0x94d065880/238 .event anyedge, v0x94d114f00_951, v0x94d114f00_952, v0x94d114f00_953, v0x94d114f00_954;
v0x94d114f00_955 .array/port v0x94d114f00, 955;
v0x94d114f00_956 .array/port v0x94d114f00, 956;
v0x94d114f00_957 .array/port v0x94d114f00, 957;
v0x94d114f00_958 .array/port v0x94d114f00, 958;
E_0x94d065880/239 .event anyedge, v0x94d114f00_955, v0x94d114f00_956, v0x94d114f00_957, v0x94d114f00_958;
v0x94d114f00_959 .array/port v0x94d114f00, 959;
v0x94d114f00_960 .array/port v0x94d114f00, 960;
v0x94d114f00_961 .array/port v0x94d114f00, 961;
v0x94d114f00_962 .array/port v0x94d114f00, 962;
E_0x94d065880/240 .event anyedge, v0x94d114f00_959, v0x94d114f00_960, v0x94d114f00_961, v0x94d114f00_962;
v0x94d114f00_963 .array/port v0x94d114f00, 963;
v0x94d114f00_964 .array/port v0x94d114f00, 964;
v0x94d114f00_965 .array/port v0x94d114f00, 965;
v0x94d114f00_966 .array/port v0x94d114f00, 966;
E_0x94d065880/241 .event anyedge, v0x94d114f00_963, v0x94d114f00_964, v0x94d114f00_965, v0x94d114f00_966;
v0x94d114f00_967 .array/port v0x94d114f00, 967;
v0x94d114f00_968 .array/port v0x94d114f00, 968;
v0x94d114f00_969 .array/port v0x94d114f00, 969;
v0x94d114f00_970 .array/port v0x94d114f00, 970;
E_0x94d065880/242 .event anyedge, v0x94d114f00_967, v0x94d114f00_968, v0x94d114f00_969, v0x94d114f00_970;
v0x94d114f00_971 .array/port v0x94d114f00, 971;
v0x94d114f00_972 .array/port v0x94d114f00, 972;
v0x94d114f00_973 .array/port v0x94d114f00, 973;
v0x94d114f00_974 .array/port v0x94d114f00, 974;
E_0x94d065880/243 .event anyedge, v0x94d114f00_971, v0x94d114f00_972, v0x94d114f00_973, v0x94d114f00_974;
v0x94d114f00_975 .array/port v0x94d114f00, 975;
v0x94d114f00_976 .array/port v0x94d114f00, 976;
v0x94d114f00_977 .array/port v0x94d114f00, 977;
v0x94d114f00_978 .array/port v0x94d114f00, 978;
E_0x94d065880/244 .event anyedge, v0x94d114f00_975, v0x94d114f00_976, v0x94d114f00_977, v0x94d114f00_978;
v0x94d114f00_979 .array/port v0x94d114f00, 979;
v0x94d114f00_980 .array/port v0x94d114f00, 980;
v0x94d114f00_981 .array/port v0x94d114f00, 981;
v0x94d114f00_982 .array/port v0x94d114f00, 982;
E_0x94d065880/245 .event anyedge, v0x94d114f00_979, v0x94d114f00_980, v0x94d114f00_981, v0x94d114f00_982;
v0x94d114f00_983 .array/port v0x94d114f00, 983;
v0x94d114f00_984 .array/port v0x94d114f00, 984;
v0x94d114f00_985 .array/port v0x94d114f00, 985;
v0x94d114f00_986 .array/port v0x94d114f00, 986;
E_0x94d065880/246 .event anyedge, v0x94d114f00_983, v0x94d114f00_984, v0x94d114f00_985, v0x94d114f00_986;
v0x94d114f00_987 .array/port v0x94d114f00, 987;
v0x94d114f00_988 .array/port v0x94d114f00, 988;
v0x94d114f00_989 .array/port v0x94d114f00, 989;
v0x94d114f00_990 .array/port v0x94d114f00, 990;
E_0x94d065880/247 .event anyedge, v0x94d114f00_987, v0x94d114f00_988, v0x94d114f00_989, v0x94d114f00_990;
v0x94d114f00_991 .array/port v0x94d114f00, 991;
v0x94d114f00_992 .array/port v0x94d114f00, 992;
v0x94d114f00_993 .array/port v0x94d114f00, 993;
v0x94d114f00_994 .array/port v0x94d114f00, 994;
E_0x94d065880/248 .event anyedge, v0x94d114f00_991, v0x94d114f00_992, v0x94d114f00_993, v0x94d114f00_994;
v0x94d114f00_995 .array/port v0x94d114f00, 995;
v0x94d114f00_996 .array/port v0x94d114f00, 996;
v0x94d114f00_997 .array/port v0x94d114f00, 997;
v0x94d114f00_998 .array/port v0x94d114f00, 998;
E_0x94d065880/249 .event anyedge, v0x94d114f00_995, v0x94d114f00_996, v0x94d114f00_997, v0x94d114f00_998;
v0x94d114f00_999 .array/port v0x94d114f00, 999;
v0x94d114f00_1000 .array/port v0x94d114f00, 1000;
v0x94d114f00_1001 .array/port v0x94d114f00, 1001;
v0x94d114f00_1002 .array/port v0x94d114f00, 1002;
E_0x94d065880/250 .event anyedge, v0x94d114f00_999, v0x94d114f00_1000, v0x94d114f00_1001, v0x94d114f00_1002;
v0x94d114f00_1003 .array/port v0x94d114f00, 1003;
v0x94d114f00_1004 .array/port v0x94d114f00, 1004;
v0x94d114f00_1005 .array/port v0x94d114f00, 1005;
v0x94d114f00_1006 .array/port v0x94d114f00, 1006;
E_0x94d065880/251 .event anyedge, v0x94d114f00_1003, v0x94d114f00_1004, v0x94d114f00_1005, v0x94d114f00_1006;
v0x94d114f00_1007 .array/port v0x94d114f00, 1007;
v0x94d114f00_1008 .array/port v0x94d114f00, 1008;
v0x94d114f00_1009 .array/port v0x94d114f00, 1009;
v0x94d114f00_1010 .array/port v0x94d114f00, 1010;
E_0x94d065880/252 .event anyedge, v0x94d114f00_1007, v0x94d114f00_1008, v0x94d114f00_1009, v0x94d114f00_1010;
v0x94d114f00_1011 .array/port v0x94d114f00, 1011;
v0x94d114f00_1012 .array/port v0x94d114f00, 1012;
v0x94d114f00_1013 .array/port v0x94d114f00, 1013;
v0x94d114f00_1014 .array/port v0x94d114f00, 1014;
E_0x94d065880/253 .event anyedge, v0x94d114f00_1011, v0x94d114f00_1012, v0x94d114f00_1013, v0x94d114f00_1014;
v0x94d114f00_1015 .array/port v0x94d114f00, 1015;
v0x94d114f00_1016 .array/port v0x94d114f00, 1016;
v0x94d114f00_1017 .array/port v0x94d114f00, 1017;
v0x94d114f00_1018 .array/port v0x94d114f00, 1018;
E_0x94d065880/254 .event anyedge, v0x94d114f00_1015, v0x94d114f00_1016, v0x94d114f00_1017, v0x94d114f00_1018;
v0x94d114f00_1019 .array/port v0x94d114f00, 1019;
v0x94d114f00_1020 .array/port v0x94d114f00, 1020;
v0x94d114f00_1021 .array/port v0x94d114f00, 1021;
v0x94d114f00_1022 .array/port v0x94d114f00, 1022;
E_0x94d065880/255 .event anyedge, v0x94d114f00_1019, v0x94d114f00_1020, v0x94d114f00_1021, v0x94d114f00_1022;
v0x94d114f00_1023 .array/port v0x94d114f00, 1023;
v0x94d114f00_1024 .array/port v0x94d114f00, 1024;
v0x94d114f00_1025 .array/port v0x94d114f00, 1025;
v0x94d114f00_1026 .array/port v0x94d114f00, 1026;
E_0x94d065880/256 .event anyedge, v0x94d114f00_1023, v0x94d114f00_1024, v0x94d114f00_1025, v0x94d114f00_1026;
v0x94d114f00_1027 .array/port v0x94d114f00, 1027;
v0x94d114f00_1028 .array/port v0x94d114f00, 1028;
v0x94d114f00_1029 .array/port v0x94d114f00, 1029;
v0x94d114f00_1030 .array/port v0x94d114f00, 1030;
E_0x94d065880/257 .event anyedge, v0x94d114f00_1027, v0x94d114f00_1028, v0x94d114f00_1029, v0x94d114f00_1030;
v0x94d114f00_1031 .array/port v0x94d114f00, 1031;
v0x94d114f00_1032 .array/port v0x94d114f00, 1032;
v0x94d114f00_1033 .array/port v0x94d114f00, 1033;
v0x94d114f00_1034 .array/port v0x94d114f00, 1034;
E_0x94d065880/258 .event anyedge, v0x94d114f00_1031, v0x94d114f00_1032, v0x94d114f00_1033, v0x94d114f00_1034;
v0x94d114f00_1035 .array/port v0x94d114f00, 1035;
v0x94d114f00_1036 .array/port v0x94d114f00, 1036;
v0x94d114f00_1037 .array/port v0x94d114f00, 1037;
v0x94d114f00_1038 .array/port v0x94d114f00, 1038;
E_0x94d065880/259 .event anyedge, v0x94d114f00_1035, v0x94d114f00_1036, v0x94d114f00_1037, v0x94d114f00_1038;
v0x94d114f00_1039 .array/port v0x94d114f00, 1039;
v0x94d114f00_1040 .array/port v0x94d114f00, 1040;
v0x94d114f00_1041 .array/port v0x94d114f00, 1041;
v0x94d114f00_1042 .array/port v0x94d114f00, 1042;
E_0x94d065880/260 .event anyedge, v0x94d114f00_1039, v0x94d114f00_1040, v0x94d114f00_1041, v0x94d114f00_1042;
v0x94d114f00_1043 .array/port v0x94d114f00, 1043;
v0x94d114f00_1044 .array/port v0x94d114f00, 1044;
v0x94d114f00_1045 .array/port v0x94d114f00, 1045;
v0x94d114f00_1046 .array/port v0x94d114f00, 1046;
E_0x94d065880/261 .event anyedge, v0x94d114f00_1043, v0x94d114f00_1044, v0x94d114f00_1045, v0x94d114f00_1046;
v0x94d114f00_1047 .array/port v0x94d114f00, 1047;
v0x94d114f00_1048 .array/port v0x94d114f00, 1048;
v0x94d114f00_1049 .array/port v0x94d114f00, 1049;
v0x94d114f00_1050 .array/port v0x94d114f00, 1050;
E_0x94d065880/262 .event anyedge, v0x94d114f00_1047, v0x94d114f00_1048, v0x94d114f00_1049, v0x94d114f00_1050;
v0x94d114f00_1051 .array/port v0x94d114f00, 1051;
v0x94d114f00_1052 .array/port v0x94d114f00, 1052;
v0x94d114f00_1053 .array/port v0x94d114f00, 1053;
v0x94d114f00_1054 .array/port v0x94d114f00, 1054;
E_0x94d065880/263 .event anyedge, v0x94d114f00_1051, v0x94d114f00_1052, v0x94d114f00_1053, v0x94d114f00_1054;
v0x94d114f00_1055 .array/port v0x94d114f00, 1055;
v0x94d114f00_1056 .array/port v0x94d114f00, 1056;
v0x94d114f00_1057 .array/port v0x94d114f00, 1057;
v0x94d114f00_1058 .array/port v0x94d114f00, 1058;
E_0x94d065880/264 .event anyedge, v0x94d114f00_1055, v0x94d114f00_1056, v0x94d114f00_1057, v0x94d114f00_1058;
v0x94d114f00_1059 .array/port v0x94d114f00, 1059;
v0x94d114f00_1060 .array/port v0x94d114f00, 1060;
v0x94d114f00_1061 .array/port v0x94d114f00, 1061;
v0x94d114f00_1062 .array/port v0x94d114f00, 1062;
E_0x94d065880/265 .event anyedge, v0x94d114f00_1059, v0x94d114f00_1060, v0x94d114f00_1061, v0x94d114f00_1062;
v0x94d114f00_1063 .array/port v0x94d114f00, 1063;
v0x94d114f00_1064 .array/port v0x94d114f00, 1064;
v0x94d114f00_1065 .array/port v0x94d114f00, 1065;
v0x94d114f00_1066 .array/port v0x94d114f00, 1066;
E_0x94d065880/266 .event anyedge, v0x94d114f00_1063, v0x94d114f00_1064, v0x94d114f00_1065, v0x94d114f00_1066;
v0x94d114f00_1067 .array/port v0x94d114f00, 1067;
v0x94d114f00_1068 .array/port v0x94d114f00, 1068;
v0x94d114f00_1069 .array/port v0x94d114f00, 1069;
v0x94d114f00_1070 .array/port v0x94d114f00, 1070;
E_0x94d065880/267 .event anyedge, v0x94d114f00_1067, v0x94d114f00_1068, v0x94d114f00_1069, v0x94d114f00_1070;
v0x94d114f00_1071 .array/port v0x94d114f00, 1071;
v0x94d114f00_1072 .array/port v0x94d114f00, 1072;
v0x94d114f00_1073 .array/port v0x94d114f00, 1073;
v0x94d114f00_1074 .array/port v0x94d114f00, 1074;
E_0x94d065880/268 .event anyedge, v0x94d114f00_1071, v0x94d114f00_1072, v0x94d114f00_1073, v0x94d114f00_1074;
v0x94d114f00_1075 .array/port v0x94d114f00, 1075;
v0x94d114f00_1076 .array/port v0x94d114f00, 1076;
v0x94d114f00_1077 .array/port v0x94d114f00, 1077;
v0x94d114f00_1078 .array/port v0x94d114f00, 1078;
E_0x94d065880/269 .event anyedge, v0x94d114f00_1075, v0x94d114f00_1076, v0x94d114f00_1077, v0x94d114f00_1078;
v0x94d114f00_1079 .array/port v0x94d114f00, 1079;
v0x94d114f00_1080 .array/port v0x94d114f00, 1080;
v0x94d114f00_1081 .array/port v0x94d114f00, 1081;
v0x94d114f00_1082 .array/port v0x94d114f00, 1082;
E_0x94d065880/270 .event anyedge, v0x94d114f00_1079, v0x94d114f00_1080, v0x94d114f00_1081, v0x94d114f00_1082;
v0x94d114f00_1083 .array/port v0x94d114f00, 1083;
v0x94d114f00_1084 .array/port v0x94d114f00, 1084;
v0x94d114f00_1085 .array/port v0x94d114f00, 1085;
v0x94d114f00_1086 .array/port v0x94d114f00, 1086;
E_0x94d065880/271 .event anyedge, v0x94d114f00_1083, v0x94d114f00_1084, v0x94d114f00_1085, v0x94d114f00_1086;
v0x94d114f00_1087 .array/port v0x94d114f00, 1087;
v0x94d114f00_1088 .array/port v0x94d114f00, 1088;
v0x94d114f00_1089 .array/port v0x94d114f00, 1089;
v0x94d114f00_1090 .array/port v0x94d114f00, 1090;
E_0x94d065880/272 .event anyedge, v0x94d114f00_1087, v0x94d114f00_1088, v0x94d114f00_1089, v0x94d114f00_1090;
v0x94d114f00_1091 .array/port v0x94d114f00, 1091;
v0x94d114f00_1092 .array/port v0x94d114f00, 1092;
v0x94d114f00_1093 .array/port v0x94d114f00, 1093;
v0x94d114f00_1094 .array/port v0x94d114f00, 1094;
E_0x94d065880/273 .event anyedge, v0x94d114f00_1091, v0x94d114f00_1092, v0x94d114f00_1093, v0x94d114f00_1094;
v0x94d114f00_1095 .array/port v0x94d114f00, 1095;
v0x94d114f00_1096 .array/port v0x94d114f00, 1096;
v0x94d114f00_1097 .array/port v0x94d114f00, 1097;
v0x94d114f00_1098 .array/port v0x94d114f00, 1098;
E_0x94d065880/274 .event anyedge, v0x94d114f00_1095, v0x94d114f00_1096, v0x94d114f00_1097, v0x94d114f00_1098;
v0x94d114f00_1099 .array/port v0x94d114f00, 1099;
v0x94d114f00_1100 .array/port v0x94d114f00, 1100;
v0x94d114f00_1101 .array/port v0x94d114f00, 1101;
v0x94d114f00_1102 .array/port v0x94d114f00, 1102;
E_0x94d065880/275 .event anyedge, v0x94d114f00_1099, v0x94d114f00_1100, v0x94d114f00_1101, v0x94d114f00_1102;
v0x94d114f00_1103 .array/port v0x94d114f00, 1103;
v0x94d114f00_1104 .array/port v0x94d114f00, 1104;
v0x94d114f00_1105 .array/port v0x94d114f00, 1105;
v0x94d114f00_1106 .array/port v0x94d114f00, 1106;
E_0x94d065880/276 .event anyedge, v0x94d114f00_1103, v0x94d114f00_1104, v0x94d114f00_1105, v0x94d114f00_1106;
v0x94d114f00_1107 .array/port v0x94d114f00, 1107;
v0x94d114f00_1108 .array/port v0x94d114f00, 1108;
v0x94d114f00_1109 .array/port v0x94d114f00, 1109;
v0x94d114f00_1110 .array/port v0x94d114f00, 1110;
E_0x94d065880/277 .event anyedge, v0x94d114f00_1107, v0x94d114f00_1108, v0x94d114f00_1109, v0x94d114f00_1110;
v0x94d114f00_1111 .array/port v0x94d114f00, 1111;
v0x94d114f00_1112 .array/port v0x94d114f00, 1112;
v0x94d114f00_1113 .array/port v0x94d114f00, 1113;
v0x94d114f00_1114 .array/port v0x94d114f00, 1114;
E_0x94d065880/278 .event anyedge, v0x94d114f00_1111, v0x94d114f00_1112, v0x94d114f00_1113, v0x94d114f00_1114;
v0x94d114f00_1115 .array/port v0x94d114f00, 1115;
v0x94d114f00_1116 .array/port v0x94d114f00, 1116;
v0x94d114f00_1117 .array/port v0x94d114f00, 1117;
v0x94d114f00_1118 .array/port v0x94d114f00, 1118;
E_0x94d065880/279 .event anyedge, v0x94d114f00_1115, v0x94d114f00_1116, v0x94d114f00_1117, v0x94d114f00_1118;
v0x94d114f00_1119 .array/port v0x94d114f00, 1119;
v0x94d114f00_1120 .array/port v0x94d114f00, 1120;
v0x94d114f00_1121 .array/port v0x94d114f00, 1121;
v0x94d114f00_1122 .array/port v0x94d114f00, 1122;
E_0x94d065880/280 .event anyedge, v0x94d114f00_1119, v0x94d114f00_1120, v0x94d114f00_1121, v0x94d114f00_1122;
v0x94d114f00_1123 .array/port v0x94d114f00, 1123;
v0x94d114f00_1124 .array/port v0x94d114f00, 1124;
v0x94d114f00_1125 .array/port v0x94d114f00, 1125;
v0x94d114f00_1126 .array/port v0x94d114f00, 1126;
E_0x94d065880/281 .event anyedge, v0x94d114f00_1123, v0x94d114f00_1124, v0x94d114f00_1125, v0x94d114f00_1126;
v0x94d114f00_1127 .array/port v0x94d114f00, 1127;
v0x94d114f00_1128 .array/port v0x94d114f00, 1128;
v0x94d114f00_1129 .array/port v0x94d114f00, 1129;
v0x94d114f00_1130 .array/port v0x94d114f00, 1130;
E_0x94d065880/282 .event anyedge, v0x94d114f00_1127, v0x94d114f00_1128, v0x94d114f00_1129, v0x94d114f00_1130;
v0x94d114f00_1131 .array/port v0x94d114f00, 1131;
v0x94d114f00_1132 .array/port v0x94d114f00, 1132;
v0x94d114f00_1133 .array/port v0x94d114f00, 1133;
v0x94d114f00_1134 .array/port v0x94d114f00, 1134;
E_0x94d065880/283 .event anyedge, v0x94d114f00_1131, v0x94d114f00_1132, v0x94d114f00_1133, v0x94d114f00_1134;
v0x94d114f00_1135 .array/port v0x94d114f00, 1135;
v0x94d114f00_1136 .array/port v0x94d114f00, 1136;
v0x94d114f00_1137 .array/port v0x94d114f00, 1137;
v0x94d114f00_1138 .array/port v0x94d114f00, 1138;
E_0x94d065880/284 .event anyedge, v0x94d114f00_1135, v0x94d114f00_1136, v0x94d114f00_1137, v0x94d114f00_1138;
v0x94d114f00_1139 .array/port v0x94d114f00, 1139;
v0x94d114f00_1140 .array/port v0x94d114f00, 1140;
v0x94d114f00_1141 .array/port v0x94d114f00, 1141;
v0x94d114f00_1142 .array/port v0x94d114f00, 1142;
E_0x94d065880/285 .event anyedge, v0x94d114f00_1139, v0x94d114f00_1140, v0x94d114f00_1141, v0x94d114f00_1142;
v0x94d114f00_1143 .array/port v0x94d114f00, 1143;
v0x94d114f00_1144 .array/port v0x94d114f00, 1144;
v0x94d114f00_1145 .array/port v0x94d114f00, 1145;
v0x94d114f00_1146 .array/port v0x94d114f00, 1146;
E_0x94d065880/286 .event anyedge, v0x94d114f00_1143, v0x94d114f00_1144, v0x94d114f00_1145, v0x94d114f00_1146;
v0x94d114f00_1147 .array/port v0x94d114f00, 1147;
v0x94d114f00_1148 .array/port v0x94d114f00, 1148;
v0x94d114f00_1149 .array/port v0x94d114f00, 1149;
v0x94d114f00_1150 .array/port v0x94d114f00, 1150;
E_0x94d065880/287 .event anyedge, v0x94d114f00_1147, v0x94d114f00_1148, v0x94d114f00_1149, v0x94d114f00_1150;
v0x94d114f00_1151 .array/port v0x94d114f00, 1151;
v0x94d114f00_1152 .array/port v0x94d114f00, 1152;
v0x94d114f00_1153 .array/port v0x94d114f00, 1153;
v0x94d114f00_1154 .array/port v0x94d114f00, 1154;
E_0x94d065880/288 .event anyedge, v0x94d114f00_1151, v0x94d114f00_1152, v0x94d114f00_1153, v0x94d114f00_1154;
v0x94d114f00_1155 .array/port v0x94d114f00, 1155;
v0x94d114f00_1156 .array/port v0x94d114f00, 1156;
v0x94d114f00_1157 .array/port v0x94d114f00, 1157;
v0x94d114f00_1158 .array/port v0x94d114f00, 1158;
E_0x94d065880/289 .event anyedge, v0x94d114f00_1155, v0x94d114f00_1156, v0x94d114f00_1157, v0x94d114f00_1158;
v0x94d114f00_1159 .array/port v0x94d114f00, 1159;
v0x94d114f00_1160 .array/port v0x94d114f00, 1160;
v0x94d114f00_1161 .array/port v0x94d114f00, 1161;
v0x94d114f00_1162 .array/port v0x94d114f00, 1162;
E_0x94d065880/290 .event anyedge, v0x94d114f00_1159, v0x94d114f00_1160, v0x94d114f00_1161, v0x94d114f00_1162;
v0x94d114f00_1163 .array/port v0x94d114f00, 1163;
v0x94d114f00_1164 .array/port v0x94d114f00, 1164;
v0x94d114f00_1165 .array/port v0x94d114f00, 1165;
v0x94d114f00_1166 .array/port v0x94d114f00, 1166;
E_0x94d065880/291 .event anyedge, v0x94d114f00_1163, v0x94d114f00_1164, v0x94d114f00_1165, v0x94d114f00_1166;
v0x94d114f00_1167 .array/port v0x94d114f00, 1167;
v0x94d114f00_1168 .array/port v0x94d114f00, 1168;
v0x94d114f00_1169 .array/port v0x94d114f00, 1169;
v0x94d114f00_1170 .array/port v0x94d114f00, 1170;
E_0x94d065880/292 .event anyedge, v0x94d114f00_1167, v0x94d114f00_1168, v0x94d114f00_1169, v0x94d114f00_1170;
v0x94d114f00_1171 .array/port v0x94d114f00, 1171;
v0x94d114f00_1172 .array/port v0x94d114f00, 1172;
v0x94d114f00_1173 .array/port v0x94d114f00, 1173;
v0x94d114f00_1174 .array/port v0x94d114f00, 1174;
E_0x94d065880/293 .event anyedge, v0x94d114f00_1171, v0x94d114f00_1172, v0x94d114f00_1173, v0x94d114f00_1174;
v0x94d114f00_1175 .array/port v0x94d114f00, 1175;
v0x94d114f00_1176 .array/port v0x94d114f00, 1176;
v0x94d114f00_1177 .array/port v0x94d114f00, 1177;
v0x94d114f00_1178 .array/port v0x94d114f00, 1178;
E_0x94d065880/294 .event anyedge, v0x94d114f00_1175, v0x94d114f00_1176, v0x94d114f00_1177, v0x94d114f00_1178;
v0x94d114f00_1179 .array/port v0x94d114f00, 1179;
v0x94d114f00_1180 .array/port v0x94d114f00, 1180;
v0x94d114f00_1181 .array/port v0x94d114f00, 1181;
v0x94d114f00_1182 .array/port v0x94d114f00, 1182;
E_0x94d065880/295 .event anyedge, v0x94d114f00_1179, v0x94d114f00_1180, v0x94d114f00_1181, v0x94d114f00_1182;
v0x94d114f00_1183 .array/port v0x94d114f00, 1183;
v0x94d114f00_1184 .array/port v0x94d114f00, 1184;
v0x94d114f00_1185 .array/port v0x94d114f00, 1185;
v0x94d114f00_1186 .array/port v0x94d114f00, 1186;
E_0x94d065880/296 .event anyedge, v0x94d114f00_1183, v0x94d114f00_1184, v0x94d114f00_1185, v0x94d114f00_1186;
v0x94d114f00_1187 .array/port v0x94d114f00, 1187;
v0x94d114f00_1188 .array/port v0x94d114f00, 1188;
v0x94d114f00_1189 .array/port v0x94d114f00, 1189;
v0x94d114f00_1190 .array/port v0x94d114f00, 1190;
E_0x94d065880/297 .event anyedge, v0x94d114f00_1187, v0x94d114f00_1188, v0x94d114f00_1189, v0x94d114f00_1190;
v0x94d114f00_1191 .array/port v0x94d114f00, 1191;
v0x94d114f00_1192 .array/port v0x94d114f00, 1192;
v0x94d114f00_1193 .array/port v0x94d114f00, 1193;
v0x94d114f00_1194 .array/port v0x94d114f00, 1194;
E_0x94d065880/298 .event anyedge, v0x94d114f00_1191, v0x94d114f00_1192, v0x94d114f00_1193, v0x94d114f00_1194;
v0x94d114f00_1195 .array/port v0x94d114f00, 1195;
v0x94d114f00_1196 .array/port v0x94d114f00, 1196;
v0x94d114f00_1197 .array/port v0x94d114f00, 1197;
v0x94d114f00_1198 .array/port v0x94d114f00, 1198;
E_0x94d065880/299 .event anyedge, v0x94d114f00_1195, v0x94d114f00_1196, v0x94d114f00_1197, v0x94d114f00_1198;
v0x94d114f00_1199 .array/port v0x94d114f00, 1199;
v0x94d114f00_1200 .array/port v0x94d114f00, 1200;
v0x94d114f00_1201 .array/port v0x94d114f00, 1201;
v0x94d114f00_1202 .array/port v0x94d114f00, 1202;
E_0x94d065880/300 .event anyedge, v0x94d114f00_1199, v0x94d114f00_1200, v0x94d114f00_1201, v0x94d114f00_1202;
v0x94d114f00_1203 .array/port v0x94d114f00, 1203;
v0x94d114f00_1204 .array/port v0x94d114f00, 1204;
v0x94d114f00_1205 .array/port v0x94d114f00, 1205;
v0x94d114f00_1206 .array/port v0x94d114f00, 1206;
E_0x94d065880/301 .event anyedge, v0x94d114f00_1203, v0x94d114f00_1204, v0x94d114f00_1205, v0x94d114f00_1206;
v0x94d114f00_1207 .array/port v0x94d114f00, 1207;
v0x94d114f00_1208 .array/port v0x94d114f00, 1208;
v0x94d114f00_1209 .array/port v0x94d114f00, 1209;
v0x94d114f00_1210 .array/port v0x94d114f00, 1210;
E_0x94d065880/302 .event anyedge, v0x94d114f00_1207, v0x94d114f00_1208, v0x94d114f00_1209, v0x94d114f00_1210;
v0x94d114f00_1211 .array/port v0x94d114f00, 1211;
v0x94d114f00_1212 .array/port v0x94d114f00, 1212;
v0x94d114f00_1213 .array/port v0x94d114f00, 1213;
v0x94d114f00_1214 .array/port v0x94d114f00, 1214;
E_0x94d065880/303 .event anyedge, v0x94d114f00_1211, v0x94d114f00_1212, v0x94d114f00_1213, v0x94d114f00_1214;
v0x94d114f00_1215 .array/port v0x94d114f00, 1215;
v0x94d114f00_1216 .array/port v0x94d114f00, 1216;
v0x94d114f00_1217 .array/port v0x94d114f00, 1217;
v0x94d114f00_1218 .array/port v0x94d114f00, 1218;
E_0x94d065880/304 .event anyedge, v0x94d114f00_1215, v0x94d114f00_1216, v0x94d114f00_1217, v0x94d114f00_1218;
v0x94d114f00_1219 .array/port v0x94d114f00, 1219;
v0x94d114f00_1220 .array/port v0x94d114f00, 1220;
v0x94d114f00_1221 .array/port v0x94d114f00, 1221;
v0x94d114f00_1222 .array/port v0x94d114f00, 1222;
E_0x94d065880/305 .event anyedge, v0x94d114f00_1219, v0x94d114f00_1220, v0x94d114f00_1221, v0x94d114f00_1222;
v0x94d114f00_1223 .array/port v0x94d114f00, 1223;
v0x94d114f00_1224 .array/port v0x94d114f00, 1224;
v0x94d114f00_1225 .array/port v0x94d114f00, 1225;
v0x94d114f00_1226 .array/port v0x94d114f00, 1226;
E_0x94d065880/306 .event anyedge, v0x94d114f00_1223, v0x94d114f00_1224, v0x94d114f00_1225, v0x94d114f00_1226;
v0x94d114f00_1227 .array/port v0x94d114f00, 1227;
v0x94d114f00_1228 .array/port v0x94d114f00, 1228;
v0x94d114f00_1229 .array/port v0x94d114f00, 1229;
v0x94d114f00_1230 .array/port v0x94d114f00, 1230;
E_0x94d065880/307 .event anyedge, v0x94d114f00_1227, v0x94d114f00_1228, v0x94d114f00_1229, v0x94d114f00_1230;
v0x94d114f00_1231 .array/port v0x94d114f00, 1231;
v0x94d114f00_1232 .array/port v0x94d114f00, 1232;
v0x94d114f00_1233 .array/port v0x94d114f00, 1233;
v0x94d114f00_1234 .array/port v0x94d114f00, 1234;
E_0x94d065880/308 .event anyedge, v0x94d114f00_1231, v0x94d114f00_1232, v0x94d114f00_1233, v0x94d114f00_1234;
v0x94d114f00_1235 .array/port v0x94d114f00, 1235;
v0x94d114f00_1236 .array/port v0x94d114f00, 1236;
v0x94d114f00_1237 .array/port v0x94d114f00, 1237;
v0x94d114f00_1238 .array/port v0x94d114f00, 1238;
E_0x94d065880/309 .event anyedge, v0x94d114f00_1235, v0x94d114f00_1236, v0x94d114f00_1237, v0x94d114f00_1238;
v0x94d114f00_1239 .array/port v0x94d114f00, 1239;
v0x94d114f00_1240 .array/port v0x94d114f00, 1240;
v0x94d114f00_1241 .array/port v0x94d114f00, 1241;
v0x94d114f00_1242 .array/port v0x94d114f00, 1242;
E_0x94d065880/310 .event anyedge, v0x94d114f00_1239, v0x94d114f00_1240, v0x94d114f00_1241, v0x94d114f00_1242;
v0x94d114f00_1243 .array/port v0x94d114f00, 1243;
v0x94d114f00_1244 .array/port v0x94d114f00, 1244;
v0x94d114f00_1245 .array/port v0x94d114f00, 1245;
v0x94d114f00_1246 .array/port v0x94d114f00, 1246;
E_0x94d065880/311 .event anyedge, v0x94d114f00_1243, v0x94d114f00_1244, v0x94d114f00_1245, v0x94d114f00_1246;
v0x94d114f00_1247 .array/port v0x94d114f00, 1247;
v0x94d114f00_1248 .array/port v0x94d114f00, 1248;
v0x94d114f00_1249 .array/port v0x94d114f00, 1249;
v0x94d114f00_1250 .array/port v0x94d114f00, 1250;
E_0x94d065880/312 .event anyedge, v0x94d114f00_1247, v0x94d114f00_1248, v0x94d114f00_1249, v0x94d114f00_1250;
v0x94d114f00_1251 .array/port v0x94d114f00, 1251;
v0x94d114f00_1252 .array/port v0x94d114f00, 1252;
v0x94d114f00_1253 .array/port v0x94d114f00, 1253;
v0x94d114f00_1254 .array/port v0x94d114f00, 1254;
E_0x94d065880/313 .event anyedge, v0x94d114f00_1251, v0x94d114f00_1252, v0x94d114f00_1253, v0x94d114f00_1254;
v0x94d114f00_1255 .array/port v0x94d114f00, 1255;
v0x94d114f00_1256 .array/port v0x94d114f00, 1256;
v0x94d114f00_1257 .array/port v0x94d114f00, 1257;
v0x94d114f00_1258 .array/port v0x94d114f00, 1258;
E_0x94d065880/314 .event anyedge, v0x94d114f00_1255, v0x94d114f00_1256, v0x94d114f00_1257, v0x94d114f00_1258;
v0x94d114f00_1259 .array/port v0x94d114f00, 1259;
v0x94d114f00_1260 .array/port v0x94d114f00, 1260;
v0x94d114f00_1261 .array/port v0x94d114f00, 1261;
v0x94d114f00_1262 .array/port v0x94d114f00, 1262;
E_0x94d065880/315 .event anyedge, v0x94d114f00_1259, v0x94d114f00_1260, v0x94d114f00_1261, v0x94d114f00_1262;
v0x94d114f00_1263 .array/port v0x94d114f00, 1263;
v0x94d114f00_1264 .array/port v0x94d114f00, 1264;
v0x94d114f00_1265 .array/port v0x94d114f00, 1265;
v0x94d114f00_1266 .array/port v0x94d114f00, 1266;
E_0x94d065880/316 .event anyedge, v0x94d114f00_1263, v0x94d114f00_1264, v0x94d114f00_1265, v0x94d114f00_1266;
v0x94d114f00_1267 .array/port v0x94d114f00, 1267;
v0x94d114f00_1268 .array/port v0x94d114f00, 1268;
v0x94d114f00_1269 .array/port v0x94d114f00, 1269;
v0x94d114f00_1270 .array/port v0x94d114f00, 1270;
E_0x94d065880/317 .event anyedge, v0x94d114f00_1267, v0x94d114f00_1268, v0x94d114f00_1269, v0x94d114f00_1270;
v0x94d114f00_1271 .array/port v0x94d114f00, 1271;
v0x94d114f00_1272 .array/port v0x94d114f00, 1272;
v0x94d114f00_1273 .array/port v0x94d114f00, 1273;
v0x94d114f00_1274 .array/port v0x94d114f00, 1274;
E_0x94d065880/318 .event anyedge, v0x94d114f00_1271, v0x94d114f00_1272, v0x94d114f00_1273, v0x94d114f00_1274;
v0x94d114f00_1275 .array/port v0x94d114f00, 1275;
v0x94d114f00_1276 .array/port v0x94d114f00, 1276;
v0x94d114f00_1277 .array/port v0x94d114f00, 1277;
v0x94d114f00_1278 .array/port v0x94d114f00, 1278;
E_0x94d065880/319 .event anyedge, v0x94d114f00_1275, v0x94d114f00_1276, v0x94d114f00_1277, v0x94d114f00_1278;
v0x94d114f00_1279 .array/port v0x94d114f00, 1279;
v0x94d114f00_1280 .array/port v0x94d114f00, 1280;
v0x94d114f00_1281 .array/port v0x94d114f00, 1281;
v0x94d114f00_1282 .array/port v0x94d114f00, 1282;
E_0x94d065880/320 .event anyedge, v0x94d114f00_1279, v0x94d114f00_1280, v0x94d114f00_1281, v0x94d114f00_1282;
v0x94d114f00_1283 .array/port v0x94d114f00, 1283;
v0x94d114f00_1284 .array/port v0x94d114f00, 1284;
v0x94d114f00_1285 .array/port v0x94d114f00, 1285;
v0x94d114f00_1286 .array/port v0x94d114f00, 1286;
E_0x94d065880/321 .event anyedge, v0x94d114f00_1283, v0x94d114f00_1284, v0x94d114f00_1285, v0x94d114f00_1286;
v0x94d114f00_1287 .array/port v0x94d114f00, 1287;
v0x94d114f00_1288 .array/port v0x94d114f00, 1288;
v0x94d114f00_1289 .array/port v0x94d114f00, 1289;
v0x94d114f00_1290 .array/port v0x94d114f00, 1290;
E_0x94d065880/322 .event anyedge, v0x94d114f00_1287, v0x94d114f00_1288, v0x94d114f00_1289, v0x94d114f00_1290;
v0x94d114f00_1291 .array/port v0x94d114f00, 1291;
v0x94d114f00_1292 .array/port v0x94d114f00, 1292;
v0x94d114f00_1293 .array/port v0x94d114f00, 1293;
v0x94d114f00_1294 .array/port v0x94d114f00, 1294;
E_0x94d065880/323 .event anyedge, v0x94d114f00_1291, v0x94d114f00_1292, v0x94d114f00_1293, v0x94d114f00_1294;
v0x94d114f00_1295 .array/port v0x94d114f00, 1295;
v0x94d114f00_1296 .array/port v0x94d114f00, 1296;
v0x94d114f00_1297 .array/port v0x94d114f00, 1297;
v0x94d114f00_1298 .array/port v0x94d114f00, 1298;
E_0x94d065880/324 .event anyedge, v0x94d114f00_1295, v0x94d114f00_1296, v0x94d114f00_1297, v0x94d114f00_1298;
v0x94d114f00_1299 .array/port v0x94d114f00, 1299;
v0x94d114f00_1300 .array/port v0x94d114f00, 1300;
v0x94d114f00_1301 .array/port v0x94d114f00, 1301;
v0x94d114f00_1302 .array/port v0x94d114f00, 1302;
E_0x94d065880/325 .event anyedge, v0x94d114f00_1299, v0x94d114f00_1300, v0x94d114f00_1301, v0x94d114f00_1302;
v0x94d114f00_1303 .array/port v0x94d114f00, 1303;
v0x94d114f00_1304 .array/port v0x94d114f00, 1304;
v0x94d114f00_1305 .array/port v0x94d114f00, 1305;
v0x94d114f00_1306 .array/port v0x94d114f00, 1306;
E_0x94d065880/326 .event anyedge, v0x94d114f00_1303, v0x94d114f00_1304, v0x94d114f00_1305, v0x94d114f00_1306;
v0x94d114f00_1307 .array/port v0x94d114f00, 1307;
v0x94d114f00_1308 .array/port v0x94d114f00, 1308;
v0x94d114f00_1309 .array/port v0x94d114f00, 1309;
v0x94d114f00_1310 .array/port v0x94d114f00, 1310;
E_0x94d065880/327 .event anyedge, v0x94d114f00_1307, v0x94d114f00_1308, v0x94d114f00_1309, v0x94d114f00_1310;
v0x94d114f00_1311 .array/port v0x94d114f00, 1311;
v0x94d114f00_1312 .array/port v0x94d114f00, 1312;
v0x94d114f00_1313 .array/port v0x94d114f00, 1313;
v0x94d114f00_1314 .array/port v0x94d114f00, 1314;
E_0x94d065880/328 .event anyedge, v0x94d114f00_1311, v0x94d114f00_1312, v0x94d114f00_1313, v0x94d114f00_1314;
v0x94d114f00_1315 .array/port v0x94d114f00, 1315;
v0x94d114f00_1316 .array/port v0x94d114f00, 1316;
v0x94d114f00_1317 .array/port v0x94d114f00, 1317;
v0x94d114f00_1318 .array/port v0x94d114f00, 1318;
E_0x94d065880/329 .event anyedge, v0x94d114f00_1315, v0x94d114f00_1316, v0x94d114f00_1317, v0x94d114f00_1318;
v0x94d114f00_1319 .array/port v0x94d114f00, 1319;
v0x94d114f00_1320 .array/port v0x94d114f00, 1320;
v0x94d114f00_1321 .array/port v0x94d114f00, 1321;
v0x94d114f00_1322 .array/port v0x94d114f00, 1322;
E_0x94d065880/330 .event anyedge, v0x94d114f00_1319, v0x94d114f00_1320, v0x94d114f00_1321, v0x94d114f00_1322;
v0x94d114f00_1323 .array/port v0x94d114f00, 1323;
v0x94d114f00_1324 .array/port v0x94d114f00, 1324;
v0x94d114f00_1325 .array/port v0x94d114f00, 1325;
v0x94d114f00_1326 .array/port v0x94d114f00, 1326;
E_0x94d065880/331 .event anyedge, v0x94d114f00_1323, v0x94d114f00_1324, v0x94d114f00_1325, v0x94d114f00_1326;
v0x94d114f00_1327 .array/port v0x94d114f00, 1327;
v0x94d114f00_1328 .array/port v0x94d114f00, 1328;
v0x94d114f00_1329 .array/port v0x94d114f00, 1329;
v0x94d114f00_1330 .array/port v0x94d114f00, 1330;
E_0x94d065880/332 .event anyedge, v0x94d114f00_1327, v0x94d114f00_1328, v0x94d114f00_1329, v0x94d114f00_1330;
v0x94d114f00_1331 .array/port v0x94d114f00, 1331;
v0x94d114f00_1332 .array/port v0x94d114f00, 1332;
v0x94d114f00_1333 .array/port v0x94d114f00, 1333;
v0x94d114f00_1334 .array/port v0x94d114f00, 1334;
E_0x94d065880/333 .event anyedge, v0x94d114f00_1331, v0x94d114f00_1332, v0x94d114f00_1333, v0x94d114f00_1334;
v0x94d114f00_1335 .array/port v0x94d114f00, 1335;
v0x94d114f00_1336 .array/port v0x94d114f00, 1336;
v0x94d114f00_1337 .array/port v0x94d114f00, 1337;
v0x94d114f00_1338 .array/port v0x94d114f00, 1338;
E_0x94d065880/334 .event anyedge, v0x94d114f00_1335, v0x94d114f00_1336, v0x94d114f00_1337, v0x94d114f00_1338;
v0x94d114f00_1339 .array/port v0x94d114f00, 1339;
v0x94d114f00_1340 .array/port v0x94d114f00, 1340;
v0x94d114f00_1341 .array/port v0x94d114f00, 1341;
v0x94d114f00_1342 .array/port v0x94d114f00, 1342;
E_0x94d065880/335 .event anyedge, v0x94d114f00_1339, v0x94d114f00_1340, v0x94d114f00_1341, v0x94d114f00_1342;
v0x94d114f00_1343 .array/port v0x94d114f00, 1343;
v0x94d114f00_1344 .array/port v0x94d114f00, 1344;
v0x94d114f00_1345 .array/port v0x94d114f00, 1345;
v0x94d114f00_1346 .array/port v0x94d114f00, 1346;
E_0x94d065880/336 .event anyedge, v0x94d114f00_1343, v0x94d114f00_1344, v0x94d114f00_1345, v0x94d114f00_1346;
v0x94d114f00_1347 .array/port v0x94d114f00, 1347;
v0x94d114f00_1348 .array/port v0x94d114f00, 1348;
v0x94d114f00_1349 .array/port v0x94d114f00, 1349;
v0x94d114f00_1350 .array/port v0x94d114f00, 1350;
E_0x94d065880/337 .event anyedge, v0x94d114f00_1347, v0x94d114f00_1348, v0x94d114f00_1349, v0x94d114f00_1350;
v0x94d114f00_1351 .array/port v0x94d114f00, 1351;
v0x94d114f00_1352 .array/port v0x94d114f00, 1352;
v0x94d114f00_1353 .array/port v0x94d114f00, 1353;
v0x94d114f00_1354 .array/port v0x94d114f00, 1354;
E_0x94d065880/338 .event anyedge, v0x94d114f00_1351, v0x94d114f00_1352, v0x94d114f00_1353, v0x94d114f00_1354;
v0x94d114f00_1355 .array/port v0x94d114f00, 1355;
v0x94d114f00_1356 .array/port v0x94d114f00, 1356;
v0x94d114f00_1357 .array/port v0x94d114f00, 1357;
v0x94d114f00_1358 .array/port v0x94d114f00, 1358;
E_0x94d065880/339 .event anyedge, v0x94d114f00_1355, v0x94d114f00_1356, v0x94d114f00_1357, v0x94d114f00_1358;
v0x94d114f00_1359 .array/port v0x94d114f00, 1359;
v0x94d114f00_1360 .array/port v0x94d114f00, 1360;
v0x94d114f00_1361 .array/port v0x94d114f00, 1361;
v0x94d114f00_1362 .array/port v0x94d114f00, 1362;
E_0x94d065880/340 .event anyedge, v0x94d114f00_1359, v0x94d114f00_1360, v0x94d114f00_1361, v0x94d114f00_1362;
v0x94d114f00_1363 .array/port v0x94d114f00, 1363;
v0x94d114f00_1364 .array/port v0x94d114f00, 1364;
v0x94d114f00_1365 .array/port v0x94d114f00, 1365;
v0x94d114f00_1366 .array/port v0x94d114f00, 1366;
E_0x94d065880/341 .event anyedge, v0x94d114f00_1363, v0x94d114f00_1364, v0x94d114f00_1365, v0x94d114f00_1366;
v0x94d114f00_1367 .array/port v0x94d114f00, 1367;
v0x94d114f00_1368 .array/port v0x94d114f00, 1368;
v0x94d114f00_1369 .array/port v0x94d114f00, 1369;
v0x94d114f00_1370 .array/port v0x94d114f00, 1370;
E_0x94d065880/342 .event anyedge, v0x94d114f00_1367, v0x94d114f00_1368, v0x94d114f00_1369, v0x94d114f00_1370;
v0x94d114f00_1371 .array/port v0x94d114f00, 1371;
v0x94d114f00_1372 .array/port v0x94d114f00, 1372;
v0x94d114f00_1373 .array/port v0x94d114f00, 1373;
v0x94d114f00_1374 .array/port v0x94d114f00, 1374;
E_0x94d065880/343 .event anyedge, v0x94d114f00_1371, v0x94d114f00_1372, v0x94d114f00_1373, v0x94d114f00_1374;
v0x94d114f00_1375 .array/port v0x94d114f00, 1375;
v0x94d114f00_1376 .array/port v0x94d114f00, 1376;
v0x94d114f00_1377 .array/port v0x94d114f00, 1377;
v0x94d114f00_1378 .array/port v0x94d114f00, 1378;
E_0x94d065880/344 .event anyedge, v0x94d114f00_1375, v0x94d114f00_1376, v0x94d114f00_1377, v0x94d114f00_1378;
v0x94d114f00_1379 .array/port v0x94d114f00, 1379;
v0x94d114f00_1380 .array/port v0x94d114f00, 1380;
v0x94d114f00_1381 .array/port v0x94d114f00, 1381;
v0x94d114f00_1382 .array/port v0x94d114f00, 1382;
E_0x94d065880/345 .event anyedge, v0x94d114f00_1379, v0x94d114f00_1380, v0x94d114f00_1381, v0x94d114f00_1382;
v0x94d114f00_1383 .array/port v0x94d114f00, 1383;
v0x94d114f00_1384 .array/port v0x94d114f00, 1384;
v0x94d114f00_1385 .array/port v0x94d114f00, 1385;
v0x94d114f00_1386 .array/port v0x94d114f00, 1386;
E_0x94d065880/346 .event anyedge, v0x94d114f00_1383, v0x94d114f00_1384, v0x94d114f00_1385, v0x94d114f00_1386;
v0x94d114f00_1387 .array/port v0x94d114f00, 1387;
v0x94d114f00_1388 .array/port v0x94d114f00, 1388;
v0x94d114f00_1389 .array/port v0x94d114f00, 1389;
v0x94d114f00_1390 .array/port v0x94d114f00, 1390;
E_0x94d065880/347 .event anyedge, v0x94d114f00_1387, v0x94d114f00_1388, v0x94d114f00_1389, v0x94d114f00_1390;
v0x94d114f00_1391 .array/port v0x94d114f00, 1391;
v0x94d114f00_1392 .array/port v0x94d114f00, 1392;
v0x94d114f00_1393 .array/port v0x94d114f00, 1393;
v0x94d114f00_1394 .array/port v0x94d114f00, 1394;
E_0x94d065880/348 .event anyedge, v0x94d114f00_1391, v0x94d114f00_1392, v0x94d114f00_1393, v0x94d114f00_1394;
v0x94d114f00_1395 .array/port v0x94d114f00, 1395;
v0x94d114f00_1396 .array/port v0x94d114f00, 1396;
v0x94d114f00_1397 .array/port v0x94d114f00, 1397;
v0x94d114f00_1398 .array/port v0x94d114f00, 1398;
E_0x94d065880/349 .event anyedge, v0x94d114f00_1395, v0x94d114f00_1396, v0x94d114f00_1397, v0x94d114f00_1398;
v0x94d114f00_1399 .array/port v0x94d114f00, 1399;
v0x94d114f00_1400 .array/port v0x94d114f00, 1400;
v0x94d114f00_1401 .array/port v0x94d114f00, 1401;
v0x94d114f00_1402 .array/port v0x94d114f00, 1402;
E_0x94d065880/350 .event anyedge, v0x94d114f00_1399, v0x94d114f00_1400, v0x94d114f00_1401, v0x94d114f00_1402;
v0x94d114f00_1403 .array/port v0x94d114f00, 1403;
v0x94d114f00_1404 .array/port v0x94d114f00, 1404;
v0x94d114f00_1405 .array/port v0x94d114f00, 1405;
v0x94d114f00_1406 .array/port v0x94d114f00, 1406;
E_0x94d065880/351 .event anyedge, v0x94d114f00_1403, v0x94d114f00_1404, v0x94d114f00_1405, v0x94d114f00_1406;
v0x94d114f00_1407 .array/port v0x94d114f00, 1407;
v0x94d114f00_1408 .array/port v0x94d114f00, 1408;
v0x94d114f00_1409 .array/port v0x94d114f00, 1409;
v0x94d114f00_1410 .array/port v0x94d114f00, 1410;
E_0x94d065880/352 .event anyedge, v0x94d114f00_1407, v0x94d114f00_1408, v0x94d114f00_1409, v0x94d114f00_1410;
v0x94d114f00_1411 .array/port v0x94d114f00, 1411;
v0x94d114f00_1412 .array/port v0x94d114f00, 1412;
v0x94d114f00_1413 .array/port v0x94d114f00, 1413;
v0x94d114f00_1414 .array/port v0x94d114f00, 1414;
E_0x94d065880/353 .event anyedge, v0x94d114f00_1411, v0x94d114f00_1412, v0x94d114f00_1413, v0x94d114f00_1414;
v0x94d114f00_1415 .array/port v0x94d114f00, 1415;
v0x94d114f00_1416 .array/port v0x94d114f00, 1416;
v0x94d114f00_1417 .array/port v0x94d114f00, 1417;
v0x94d114f00_1418 .array/port v0x94d114f00, 1418;
E_0x94d065880/354 .event anyedge, v0x94d114f00_1415, v0x94d114f00_1416, v0x94d114f00_1417, v0x94d114f00_1418;
v0x94d114f00_1419 .array/port v0x94d114f00, 1419;
v0x94d114f00_1420 .array/port v0x94d114f00, 1420;
v0x94d114f00_1421 .array/port v0x94d114f00, 1421;
v0x94d114f00_1422 .array/port v0x94d114f00, 1422;
E_0x94d065880/355 .event anyedge, v0x94d114f00_1419, v0x94d114f00_1420, v0x94d114f00_1421, v0x94d114f00_1422;
v0x94d114f00_1423 .array/port v0x94d114f00, 1423;
v0x94d114f00_1424 .array/port v0x94d114f00, 1424;
v0x94d114f00_1425 .array/port v0x94d114f00, 1425;
v0x94d114f00_1426 .array/port v0x94d114f00, 1426;
E_0x94d065880/356 .event anyedge, v0x94d114f00_1423, v0x94d114f00_1424, v0x94d114f00_1425, v0x94d114f00_1426;
v0x94d114f00_1427 .array/port v0x94d114f00, 1427;
v0x94d114f00_1428 .array/port v0x94d114f00, 1428;
v0x94d114f00_1429 .array/port v0x94d114f00, 1429;
v0x94d114f00_1430 .array/port v0x94d114f00, 1430;
E_0x94d065880/357 .event anyedge, v0x94d114f00_1427, v0x94d114f00_1428, v0x94d114f00_1429, v0x94d114f00_1430;
v0x94d114f00_1431 .array/port v0x94d114f00, 1431;
v0x94d114f00_1432 .array/port v0x94d114f00, 1432;
v0x94d114f00_1433 .array/port v0x94d114f00, 1433;
v0x94d114f00_1434 .array/port v0x94d114f00, 1434;
E_0x94d065880/358 .event anyedge, v0x94d114f00_1431, v0x94d114f00_1432, v0x94d114f00_1433, v0x94d114f00_1434;
v0x94d114f00_1435 .array/port v0x94d114f00, 1435;
v0x94d114f00_1436 .array/port v0x94d114f00, 1436;
v0x94d114f00_1437 .array/port v0x94d114f00, 1437;
v0x94d114f00_1438 .array/port v0x94d114f00, 1438;
E_0x94d065880/359 .event anyedge, v0x94d114f00_1435, v0x94d114f00_1436, v0x94d114f00_1437, v0x94d114f00_1438;
v0x94d114f00_1439 .array/port v0x94d114f00, 1439;
v0x94d114f00_1440 .array/port v0x94d114f00, 1440;
v0x94d114f00_1441 .array/port v0x94d114f00, 1441;
v0x94d114f00_1442 .array/port v0x94d114f00, 1442;
E_0x94d065880/360 .event anyedge, v0x94d114f00_1439, v0x94d114f00_1440, v0x94d114f00_1441, v0x94d114f00_1442;
v0x94d114f00_1443 .array/port v0x94d114f00, 1443;
v0x94d114f00_1444 .array/port v0x94d114f00, 1444;
v0x94d114f00_1445 .array/port v0x94d114f00, 1445;
v0x94d114f00_1446 .array/port v0x94d114f00, 1446;
E_0x94d065880/361 .event anyedge, v0x94d114f00_1443, v0x94d114f00_1444, v0x94d114f00_1445, v0x94d114f00_1446;
v0x94d114f00_1447 .array/port v0x94d114f00, 1447;
v0x94d114f00_1448 .array/port v0x94d114f00, 1448;
v0x94d114f00_1449 .array/port v0x94d114f00, 1449;
v0x94d114f00_1450 .array/port v0x94d114f00, 1450;
E_0x94d065880/362 .event anyedge, v0x94d114f00_1447, v0x94d114f00_1448, v0x94d114f00_1449, v0x94d114f00_1450;
v0x94d114f00_1451 .array/port v0x94d114f00, 1451;
v0x94d114f00_1452 .array/port v0x94d114f00, 1452;
v0x94d114f00_1453 .array/port v0x94d114f00, 1453;
v0x94d114f00_1454 .array/port v0x94d114f00, 1454;
E_0x94d065880/363 .event anyedge, v0x94d114f00_1451, v0x94d114f00_1452, v0x94d114f00_1453, v0x94d114f00_1454;
v0x94d114f00_1455 .array/port v0x94d114f00, 1455;
v0x94d114f00_1456 .array/port v0x94d114f00, 1456;
v0x94d114f00_1457 .array/port v0x94d114f00, 1457;
v0x94d114f00_1458 .array/port v0x94d114f00, 1458;
E_0x94d065880/364 .event anyedge, v0x94d114f00_1455, v0x94d114f00_1456, v0x94d114f00_1457, v0x94d114f00_1458;
v0x94d114f00_1459 .array/port v0x94d114f00, 1459;
v0x94d114f00_1460 .array/port v0x94d114f00, 1460;
v0x94d114f00_1461 .array/port v0x94d114f00, 1461;
v0x94d114f00_1462 .array/port v0x94d114f00, 1462;
E_0x94d065880/365 .event anyedge, v0x94d114f00_1459, v0x94d114f00_1460, v0x94d114f00_1461, v0x94d114f00_1462;
v0x94d114f00_1463 .array/port v0x94d114f00, 1463;
v0x94d114f00_1464 .array/port v0x94d114f00, 1464;
v0x94d114f00_1465 .array/port v0x94d114f00, 1465;
v0x94d114f00_1466 .array/port v0x94d114f00, 1466;
E_0x94d065880/366 .event anyedge, v0x94d114f00_1463, v0x94d114f00_1464, v0x94d114f00_1465, v0x94d114f00_1466;
v0x94d114f00_1467 .array/port v0x94d114f00, 1467;
v0x94d114f00_1468 .array/port v0x94d114f00, 1468;
v0x94d114f00_1469 .array/port v0x94d114f00, 1469;
v0x94d114f00_1470 .array/port v0x94d114f00, 1470;
E_0x94d065880/367 .event anyedge, v0x94d114f00_1467, v0x94d114f00_1468, v0x94d114f00_1469, v0x94d114f00_1470;
v0x94d114f00_1471 .array/port v0x94d114f00, 1471;
v0x94d114f00_1472 .array/port v0x94d114f00, 1472;
v0x94d114f00_1473 .array/port v0x94d114f00, 1473;
v0x94d114f00_1474 .array/port v0x94d114f00, 1474;
E_0x94d065880/368 .event anyedge, v0x94d114f00_1471, v0x94d114f00_1472, v0x94d114f00_1473, v0x94d114f00_1474;
v0x94d114f00_1475 .array/port v0x94d114f00, 1475;
v0x94d114f00_1476 .array/port v0x94d114f00, 1476;
v0x94d114f00_1477 .array/port v0x94d114f00, 1477;
v0x94d114f00_1478 .array/port v0x94d114f00, 1478;
E_0x94d065880/369 .event anyedge, v0x94d114f00_1475, v0x94d114f00_1476, v0x94d114f00_1477, v0x94d114f00_1478;
v0x94d114f00_1479 .array/port v0x94d114f00, 1479;
v0x94d114f00_1480 .array/port v0x94d114f00, 1480;
v0x94d114f00_1481 .array/port v0x94d114f00, 1481;
v0x94d114f00_1482 .array/port v0x94d114f00, 1482;
E_0x94d065880/370 .event anyedge, v0x94d114f00_1479, v0x94d114f00_1480, v0x94d114f00_1481, v0x94d114f00_1482;
v0x94d114f00_1483 .array/port v0x94d114f00, 1483;
v0x94d114f00_1484 .array/port v0x94d114f00, 1484;
v0x94d114f00_1485 .array/port v0x94d114f00, 1485;
v0x94d114f00_1486 .array/port v0x94d114f00, 1486;
E_0x94d065880/371 .event anyedge, v0x94d114f00_1483, v0x94d114f00_1484, v0x94d114f00_1485, v0x94d114f00_1486;
v0x94d114f00_1487 .array/port v0x94d114f00, 1487;
v0x94d114f00_1488 .array/port v0x94d114f00, 1488;
v0x94d114f00_1489 .array/port v0x94d114f00, 1489;
v0x94d114f00_1490 .array/port v0x94d114f00, 1490;
E_0x94d065880/372 .event anyedge, v0x94d114f00_1487, v0x94d114f00_1488, v0x94d114f00_1489, v0x94d114f00_1490;
v0x94d114f00_1491 .array/port v0x94d114f00, 1491;
v0x94d114f00_1492 .array/port v0x94d114f00, 1492;
v0x94d114f00_1493 .array/port v0x94d114f00, 1493;
v0x94d114f00_1494 .array/port v0x94d114f00, 1494;
E_0x94d065880/373 .event anyedge, v0x94d114f00_1491, v0x94d114f00_1492, v0x94d114f00_1493, v0x94d114f00_1494;
v0x94d114f00_1495 .array/port v0x94d114f00, 1495;
v0x94d114f00_1496 .array/port v0x94d114f00, 1496;
v0x94d114f00_1497 .array/port v0x94d114f00, 1497;
v0x94d114f00_1498 .array/port v0x94d114f00, 1498;
E_0x94d065880/374 .event anyedge, v0x94d114f00_1495, v0x94d114f00_1496, v0x94d114f00_1497, v0x94d114f00_1498;
v0x94d114f00_1499 .array/port v0x94d114f00, 1499;
v0x94d114f00_1500 .array/port v0x94d114f00, 1500;
v0x94d114f00_1501 .array/port v0x94d114f00, 1501;
v0x94d114f00_1502 .array/port v0x94d114f00, 1502;
E_0x94d065880/375 .event anyedge, v0x94d114f00_1499, v0x94d114f00_1500, v0x94d114f00_1501, v0x94d114f00_1502;
v0x94d114f00_1503 .array/port v0x94d114f00, 1503;
v0x94d114f00_1504 .array/port v0x94d114f00, 1504;
v0x94d114f00_1505 .array/port v0x94d114f00, 1505;
v0x94d114f00_1506 .array/port v0x94d114f00, 1506;
E_0x94d065880/376 .event anyedge, v0x94d114f00_1503, v0x94d114f00_1504, v0x94d114f00_1505, v0x94d114f00_1506;
v0x94d114f00_1507 .array/port v0x94d114f00, 1507;
v0x94d114f00_1508 .array/port v0x94d114f00, 1508;
v0x94d114f00_1509 .array/port v0x94d114f00, 1509;
v0x94d114f00_1510 .array/port v0x94d114f00, 1510;
E_0x94d065880/377 .event anyedge, v0x94d114f00_1507, v0x94d114f00_1508, v0x94d114f00_1509, v0x94d114f00_1510;
v0x94d114f00_1511 .array/port v0x94d114f00, 1511;
v0x94d114f00_1512 .array/port v0x94d114f00, 1512;
v0x94d114f00_1513 .array/port v0x94d114f00, 1513;
v0x94d114f00_1514 .array/port v0x94d114f00, 1514;
E_0x94d065880/378 .event anyedge, v0x94d114f00_1511, v0x94d114f00_1512, v0x94d114f00_1513, v0x94d114f00_1514;
v0x94d114f00_1515 .array/port v0x94d114f00, 1515;
v0x94d114f00_1516 .array/port v0x94d114f00, 1516;
v0x94d114f00_1517 .array/port v0x94d114f00, 1517;
v0x94d114f00_1518 .array/port v0x94d114f00, 1518;
E_0x94d065880/379 .event anyedge, v0x94d114f00_1515, v0x94d114f00_1516, v0x94d114f00_1517, v0x94d114f00_1518;
v0x94d114f00_1519 .array/port v0x94d114f00, 1519;
v0x94d114f00_1520 .array/port v0x94d114f00, 1520;
v0x94d114f00_1521 .array/port v0x94d114f00, 1521;
v0x94d114f00_1522 .array/port v0x94d114f00, 1522;
E_0x94d065880/380 .event anyedge, v0x94d114f00_1519, v0x94d114f00_1520, v0x94d114f00_1521, v0x94d114f00_1522;
v0x94d114f00_1523 .array/port v0x94d114f00, 1523;
v0x94d114f00_1524 .array/port v0x94d114f00, 1524;
v0x94d114f00_1525 .array/port v0x94d114f00, 1525;
v0x94d114f00_1526 .array/port v0x94d114f00, 1526;
E_0x94d065880/381 .event anyedge, v0x94d114f00_1523, v0x94d114f00_1524, v0x94d114f00_1525, v0x94d114f00_1526;
v0x94d114f00_1527 .array/port v0x94d114f00, 1527;
v0x94d114f00_1528 .array/port v0x94d114f00, 1528;
v0x94d114f00_1529 .array/port v0x94d114f00, 1529;
v0x94d114f00_1530 .array/port v0x94d114f00, 1530;
E_0x94d065880/382 .event anyedge, v0x94d114f00_1527, v0x94d114f00_1528, v0x94d114f00_1529, v0x94d114f00_1530;
v0x94d114f00_1531 .array/port v0x94d114f00, 1531;
v0x94d114f00_1532 .array/port v0x94d114f00, 1532;
v0x94d114f00_1533 .array/port v0x94d114f00, 1533;
v0x94d114f00_1534 .array/port v0x94d114f00, 1534;
E_0x94d065880/383 .event anyedge, v0x94d114f00_1531, v0x94d114f00_1532, v0x94d114f00_1533, v0x94d114f00_1534;
v0x94d114f00_1535 .array/port v0x94d114f00, 1535;
v0x94d114f00_1536 .array/port v0x94d114f00, 1536;
v0x94d114f00_1537 .array/port v0x94d114f00, 1537;
v0x94d114f00_1538 .array/port v0x94d114f00, 1538;
E_0x94d065880/384 .event anyedge, v0x94d114f00_1535, v0x94d114f00_1536, v0x94d114f00_1537, v0x94d114f00_1538;
v0x94d114f00_1539 .array/port v0x94d114f00, 1539;
v0x94d114f00_1540 .array/port v0x94d114f00, 1540;
v0x94d114f00_1541 .array/port v0x94d114f00, 1541;
v0x94d114f00_1542 .array/port v0x94d114f00, 1542;
E_0x94d065880/385 .event anyedge, v0x94d114f00_1539, v0x94d114f00_1540, v0x94d114f00_1541, v0x94d114f00_1542;
v0x94d114f00_1543 .array/port v0x94d114f00, 1543;
v0x94d114f00_1544 .array/port v0x94d114f00, 1544;
v0x94d114f00_1545 .array/port v0x94d114f00, 1545;
v0x94d114f00_1546 .array/port v0x94d114f00, 1546;
E_0x94d065880/386 .event anyedge, v0x94d114f00_1543, v0x94d114f00_1544, v0x94d114f00_1545, v0x94d114f00_1546;
v0x94d114f00_1547 .array/port v0x94d114f00, 1547;
v0x94d114f00_1548 .array/port v0x94d114f00, 1548;
v0x94d114f00_1549 .array/port v0x94d114f00, 1549;
v0x94d114f00_1550 .array/port v0x94d114f00, 1550;
E_0x94d065880/387 .event anyedge, v0x94d114f00_1547, v0x94d114f00_1548, v0x94d114f00_1549, v0x94d114f00_1550;
v0x94d114f00_1551 .array/port v0x94d114f00, 1551;
v0x94d114f00_1552 .array/port v0x94d114f00, 1552;
v0x94d114f00_1553 .array/port v0x94d114f00, 1553;
v0x94d114f00_1554 .array/port v0x94d114f00, 1554;
E_0x94d065880/388 .event anyedge, v0x94d114f00_1551, v0x94d114f00_1552, v0x94d114f00_1553, v0x94d114f00_1554;
v0x94d114f00_1555 .array/port v0x94d114f00, 1555;
v0x94d114f00_1556 .array/port v0x94d114f00, 1556;
v0x94d114f00_1557 .array/port v0x94d114f00, 1557;
v0x94d114f00_1558 .array/port v0x94d114f00, 1558;
E_0x94d065880/389 .event anyedge, v0x94d114f00_1555, v0x94d114f00_1556, v0x94d114f00_1557, v0x94d114f00_1558;
v0x94d114f00_1559 .array/port v0x94d114f00, 1559;
v0x94d114f00_1560 .array/port v0x94d114f00, 1560;
v0x94d114f00_1561 .array/port v0x94d114f00, 1561;
v0x94d114f00_1562 .array/port v0x94d114f00, 1562;
E_0x94d065880/390 .event anyedge, v0x94d114f00_1559, v0x94d114f00_1560, v0x94d114f00_1561, v0x94d114f00_1562;
v0x94d114f00_1563 .array/port v0x94d114f00, 1563;
v0x94d114f00_1564 .array/port v0x94d114f00, 1564;
v0x94d114f00_1565 .array/port v0x94d114f00, 1565;
v0x94d114f00_1566 .array/port v0x94d114f00, 1566;
E_0x94d065880/391 .event anyedge, v0x94d114f00_1563, v0x94d114f00_1564, v0x94d114f00_1565, v0x94d114f00_1566;
v0x94d114f00_1567 .array/port v0x94d114f00, 1567;
v0x94d114f00_1568 .array/port v0x94d114f00, 1568;
v0x94d114f00_1569 .array/port v0x94d114f00, 1569;
v0x94d114f00_1570 .array/port v0x94d114f00, 1570;
E_0x94d065880/392 .event anyedge, v0x94d114f00_1567, v0x94d114f00_1568, v0x94d114f00_1569, v0x94d114f00_1570;
v0x94d114f00_1571 .array/port v0x94d114f00, 1571;
v0x94d114f00_1572 .array/port v0x94d114f00, 1572;
v0x94d114f00_1573 .array/port v0x94d114f00, 1573;
v0x94d114f00_1574 .array/port v0x94d114f00, 1574;
E_0x94d065880/393 .event anyedge, v0x94d114f00_1571, v0x94d114f00_1572, v0x94d114f00_1573, v0x94d114f00_1574;
v0x94d114f00_1575 .array/port v0x94d114f00, 1575;
v0x94d114f00_1576 .array/port v0x94d114f00, 1576;
v0x94d114f00_1577 .array/port v0x94d114f00, 1577;
v0x94d114f00_1578 .array/port v0x94d114f00, 1578;
E_0x94d065880/394 .event anyedge, v0x94d114f00_1575, v0x94d114f00_1576, v0x94d114f00_1577, v0x94d114f00_1578;
v0x94d114f00_1579 .array/port v0x94d114f00, 1579;
v0x94d114f00_1580 .array/port v0x94d114f00, 1580;
v0x94d114f00_1581 .array/port v0x94d114f00, 1581;
v0x94d114f00_1582 .array/port v0x94d114f00, 1582;
E_0x94d065880/395 .event anyedge, v0x94d114f00_1579, v0x94d114f00_1580, v0x94d114f00_1581, v0x94d114f00_1582;
v0x94d114f00_1583 .array/port v0x94d114f00, 1583;
v0x94d114f00_1584 .array/port v0x94d114f00, 1584;
v0x94d114f00_1585 .array/port v0x94d114f00, 1585;
v0x94d114f00_1586 .array/port v0x94d114f00, 1586;
E_0x94d065880/396 .event anyedge, v0x94d114f00_1583, v0x94d114f00_1584, v0x94d114f00_1585, v0x94d114f00_1586;
v0x94d114f00_1587 .array/port v0x94d114f00, 1587;
v0x94d114f00_1588 .array/port v0x94d114f00, 1588;
v0x94d114f00_1589 .array/port v0x94d114f00, 1589;
v0x94d114f00_1590 .array/port v0x94d114f00, 1590;
E_0x94d065880/397 .event anyedge, v0x94d114f00_1587, v0x94d114f00_1588, v0x94d114f00_1589, v0x94d114f00_1590;
v0x94d114f00_1591 .array/port v0x94d114f00, 1591;
v0x94d114f00_1592 .array/port v0x94d114f00, 1592;
v0x94d114f00_1593 .array/port v0x94d114f00, 1593;
v0x94d114f00_1594 .array/port v0x94d114f00, 1594;
E_0x94d065880/398 .event anyedge, v0x94d114f00_1591, v0x94d114f00_1592, v0x94d114f00_1593, v0x94d114f00_1594;
v0x94d114f00_1595 .array/port v0x94d114f00, 1595;
v0x94d114f00_1596 .array/port v0x94d114f00, 1596;
v0x94d114f00_1597 .array/port v0x94d114f00, 1597;
v0x94d114f00_1598 .array/port v0x94d114f00, 1598;
E_0x94d065880/399 .event anyedge, v0x94d114f00_1595, v0x94d114f00_1596, v0x94d114f00_1597, v0x94d114f00_1598;
v0x94d114f00_1599 .array/port v0x94d114f00, 1599;
v0x94d114f00_1600 .array/port v0x94d114f00, 1600;
v0x94d114f00_1601 .array/port v0x94d114f00, 1601;
v0x94d114f00_1602 .array/port v0x94d114f00, 1602;
E_0x94d065880/400 .event anyedge, v0x94d114f00_1599, v0x94d114f00_1600, v0x94d114f00_1601, v0x94d114f00_1602;
v0x94d114f00_1603 .array/port v0x94d114f00, 1603;
v0x94d114f00_1604 .array/port v0x94d114f00, 1604;
v0x94d114f00_1605 .array/port v0x94d114f00, 1605;
v0x94d114f00_1606 .array/port v0x94d114f00, 1606;
E_0x94d065880/401 .event anyedge, v0x94d114f00_1603, v0x94d114f00_1604, v0x94d114f00_1605, v0x94d114f00_1606;
v0x94d114f00_1607 .array/port v0x94d114f00, 1607;
v0x94d114f00_1608 .array/port v0x94d114f00, 1608;
v0x94d114f00_1609 .array/port v0x94d114f00, 1609;
v0x94d114f00_1610 .array/port v0x94d114f00, 1610;
E_0x94d065880/402 .event anyedge, v0x94d114f00_1607, v0x94d114f00_1608, v0x94d114f00_1609, v0x94d114f00_1610;
v0x94d114f00_1611 .array/port v0x94d114f00, 1611;
v0x94d114f00_1612 .array/port v0x94d114f00, 1612;
v0x94d114f00_1613 .array/port v0x94d114f00, 1613;
v0x94d114f00_1614 .array/port v0x94d114f00, 1614;
E_0x94d065880/403 .event anyedge, v0x94d114f00_1611, v0x94d114f00_1612, v0x94d114f00_1613, v0x94d114f00_1614;
v0x94d114f00_1615 .array/port v0x94d114f00, 1615;
v0x94d114f00_1616 .array/port v0x94d114f00, 1616;
v0x94d114f00_1617 .array/port v0x94d114f00, 1617;
v0x94d114f00_1618 .array/port v0x94d114f00, 1618;
E_0x94d065880/404 .event anyedge, v0x94d114f00_1615, v0x94d114f00_1616, v0x94d114f00_1617, v0x94d114f00_1618;
v0x94d114f00_1619 .array/port v0x94d114f00, 1619;
v0x94d114f00_1620 .array/port v0x94d114f00, 1620;
v0x94d114f00_1621 .array/port v0x94d114f00, 1621;
v0x94d114f00_1622 .array/port v0x94d114f00, 1622;
E_0x94d065880/405 .event anyedge, v0x94d114f00_1619, v0x94d114f00_1620, v0x94d114f00_1621, v0x94d114f00_1622;
v0x94d114f00_1623 .array/port v0x94d114f00, 1623;
v0x94d114f00_1624 .array/port v0x94d114f00, 1624;
v0x94d114f00_1625 .array/port v0x94d114f00, 1625;
v0x94d114f00_1626 .array/port v0x94d114f00, 1626;
E_0x94d065880/406 .event anyedge, v0x94d114f00_1623, v0x94d114f00_1624, v0x94d114f00_1625, v0x94d114f00_1626;
v0x94d114f00_1627 .array/port v0x94d114f00, 1627;
v0x94d114f00_1628 .array/port v0x94d114f00, 1628;
v0x94d114f00_1629 .array/port v0x94d114f00, 1629;
v0x94d114f00_1630 .array/port v0x94d114f00, 1630;
E_0x94d065880/407 .event anyedge, v0x94d114f00_1627, v0x94d114f00_1628, v0x94d114f00_1629, v0x94d114f00_1630;
v0x94d114f00_1631 .array/port v0x94d114f00, 1631;
v0x94d114f00_1632 .array/port v0x94d114f00, 1632;
v0x94d114f00_1633 .array/port v0x94d114f00, 1633;
v0x94d114f00_1634 .array/port v0x94d114f00, 1634;
E_0x94d065880/408 .event anyedge, v0x94d114f00_1631, v0x94d114f00_1632, v0x94d114f00_1633, v0x94d114f00_1634;
v0x94d114f00_1635 .array/port v0x94d114f00, 1635;
v0x94d114f00_1636 .array/port v0x94d114f00, 1636;
v0x94d114f00_1637 .array/port v0x94d114f00, 1637;
v0x94d114f00_1638 .array/port v0x94d114f00, 1638;
E_0x94d065880/409 .event anyedge, v0x94d114f00_1635, v0x94d114f00_1636, v0x94d114f00_1637, v0x94d114f00_1638;
v0x94d114f00_1639 .array/port v0x94d114f00, 1639;
v0x94d114f00_1640 .array/port v0x94d114f00, 1640;
v0x94d114f00_1641 .array/port v0x94d114f00, 1641;
v0x94d114f00_1642 .array/port v0x94d114f00, 1642;
E_0x94d065880/410 .event anyedge, v0x94d114f00_1639, v0x94d114f00_1640, v0x94d114f00_1641, v0x94d114f00_1642;
v0x94d114f00_1643 .array/port v0x94d114f00, 1643;
v0x94d114f00_1644 .array/port v0x94d114f00, 1644;
v0x94d114f00_1645 .array/port v0x94d114f00, 1645;
v0x94d114f00_1646 .array/port v0x94d114f00, 1646;
E_0x94d065880/411 .event anyedge, v0x94d114f00_1643, v0x94d114f00_1644, v0x94d114f00_1645, v0x94d114f00_1646;
v0x94d114f00_1647 .array/port v0x94d114f00, 1647;
v0x94d114f00_1648 .array/port v0x94d114f00, 1648;
v0x94d114f00_1649 .array/port v0x94d114f00, 1649;
v0x94d114f00_1650 .array/port v0x94d114f00, 1650;
E_0x94d065880/412 .event anyedge, v0x94d114f00_1647, v0x94d114f00_1648, v0x94d114f00_1649, v0x94d114f00_1650;
v0x94d114f00_1651 .array/port v0x94d114f00, 1651;
v0x94d114f00_1652 .array/port v0x94d114f00, 1652;
v0x94d114f00_1653 .array/port v0x94d114f00, 1653;
v0x94d114f00_1654 .array/port v0x94d114f00, 1654;
E_0x94d065880/413 .event anyedge, v0x94d114f00_1651, v0x94d114f00_1652, v0x94d114f00_1653, v0x94d114f00_1654;
v0x94d114f00_1655 .array/port v0x94d114f00, 1655;
v0x94d114f00_1656 .array/port v0x94d114f00, 1656;
v0x94d114f00_1657 .array/port v0x94d114f00, 1657;
v0x94d114f00_1658 .array/port v0x94d114f00, 1658;
E_0x94d065880/414 .event anyedge, v0x94d114f00_1655, v0x94d114f00_1656, v0x94d114f00_1657, v0x94d114f00_1658;
v0x94d114f00_1659 .array/port v0x94d114f00, 1659;
v0x94d114f00_1660 .array/port v0x94d114f00, 1660;
v0x94d114f00_1661 .array/port v0x94d114f00, 1661;
v0x94d114f00_1662 .array/port v0x94d114f00, 1662;
E_0x94d065880/415 .event anyedge, v0x94d114f00_1659, v0x94d114f00_1660, v0x94d114f00_1661, v0x94d114f00_1662;
v0x94d114f00_1663 .array/port v0x94d114f00, 1663;
v0x94d114f00_1664 .array/port v0x94d114f00, 1664;
v0x94d114f00_1665 .array/port v0x94d114f00, 1665;
v0x94d114f00_1666 .array/port v0x94d114f00, 1666;
E_0x94d065880/416 .event anyedge, v0x94d114f00_1663, v0x94d114f00_1664, v0x94d114f00_1665, v0x94d114f00_1666;
v0x94d114f00_1667 .array/port v0x94d114f00, 1667;
v0x94d114f00_1668 .array/port v0x94d114f00, 1668;
v0x94d114f00_1669 .array/port v0x94d114f00, 1669;
v0x94d114f00_1670 .array/port v0x94d114f00, 1670;
E_0x94d065880/417 .event anyedge, v0x94d114f00_1667, v0x94d114f00_1668, v0x94d114f00_1669, v0x94d114f00_1670;
v0x94d114f00_1671 .array/port v0x94d114f00, 1671;
v0x94d114f00_1672 .array/port v0x94d114f00, 1672;
v0x94d114f00_1673 .array/port v0x94d114f00, 1673;
v0x94d114f00_1674 .array/port v0x94d114f00, 1674;
E_0x94d065880/418 .event anyedge, v0x94d114f00_1671, v0x94d114f00_1672, v0x94d114f00_1673, v0x94d114f00_1674;
v0x94d114f00_1675 .array/port v0x94d114f00, 1675;
v0x94d114f00_1676 .array/port v0x94d114f00, 1676;
v0x94d114f00_1677 .array/port v0x94d114f00, 1677;
v0x94d114f00_1678 .array/port v0x94d114f00, 1678;
E_0x94d065880/419 .event anyedge, v0x94d114f00_1675, v0x94d114f00_1676, v0x94d114f00_1677, v0x94d114f00_1678;
v0x94d114f00_1679 .array/port v0x94d114f00, 1679;
v0x94d114f00_1680 .array/port v0x94d114f00, 1680;
v0x94d114f00_1681 .array/port v0x94d114f00, 1681;
v0x94d114f00_1682 .array/port v0x94d114f00, 1682;
E_0x94d065880/420 .event anyedge, v0x94d114f00_1679, v0x94d114f00_1680, v0x94d114f00_1681, v0x94d114f00_1682;
v0x94d114f00_1683 .array/port v0x94d114f00, 1683;
v0x94d114f00_1684 .array/port v0x94d114f00, 1684;
v0x94d114f00_1685 .array/port v0x94d114f00, 1685;
v0x94d114f00_1686 .array/port v0x94d114f00, 1686;
E_0x94d065880/421 .event anyedge, v0x94d114f00_1683, v0x94d114f00_1684, v0x94d114f00_1685, v0x94d114f00_1686;
v0x94d114f00_1687 .array/port v0x94d114f00, 1687;
v0x94d114f00_1688 .array/port v0x94d114f00, 1688;
v0x94d114f00_1689 .array/port v0x94d114f00, 1689;
v0x94d114f00_1690 .array/port v0x94d114f00, 1690;
E_0x94d065880/422 .event anyedge, v0x94d114f00_1687, v0x94d114f00_1688, v0x94d114f00_1689, v0x94d114f00_1690;
v0x94d114f00_1691 .array/port v0x94d114f00, 1691;
v0x94d114f00_1692 .array/port v0x94d114f00, 1692;
v0x94d114f00_1693 .array/port v0x94d114f00, 1693;
v0x94d114f00_1694 .array/port v0x94d114f00, 1694;
E_0x94d065880/423 .event anyedge, v0x94d114f00_1691, v0x94d114f00_1692, v0x94d114f00_1693, v0x94d114f00_1694;
v0x94d114f00_1695 .array/port v0x94d114f00, 1695;
v0x94d114f00_1696 .array/port v0x94d114f00, 1696;
v0x94d114f00_1697 .array/port v0x94d114f00, 1697;
v0x94d114f00_1698 .array/port v0x94d114f00, 1698;
E_0x94d065880/424 .event anyedge, v0x94d114f00_1695, v0x94d114f00_1696, v0x94d114f00_1697, v0x94d114f00_1698;
v0x94d114f00_1699 .array/port v0x94d114f00, 1699;
v0x94d114f00_1700 .array/port v0x94d114f00, 1700;
v0x94d114f00_1701 .array/port v0x94d114f00, 1701;
v0x94d114f00_1702 .array/port v0x94d114f00, 1702;
E_0x94d065880/425 .event anyedge, v0x94d114f00_1699, v0x94d114f00_1700, v0x94d114f00_1701, v0x94d114f00_1702;
v0x94d114f00_1703 .array/port v0x94d114f00, 1703;
v0x94d114f00_1704 .array/port v0x94d114f00, 1704;
v0x94d114f00_1705 .array/port v0x94d114f00, 1705;
v0x94d114f00_1706 .array/port v0x94d114f00, 1706;
E_0x94d065880/426 .event anyedge, v0x94d114f00_1703, v0x94d114f00_1704, v0x94d114f00_1705, v0x94d114f00_1706;
v0x94d114f00_1707 .array/port v0x94d114f00, 1707;
v0x94d114f00_1708 .array/port v0x94d114f00, 1708;
v0x94d114f00_1709 .array/port v0x94d114f00, 1709;
v0x94d114f00_1710 .array/port v0x94d114f00, 1710;
E_0x94d065880/427 .event anyedge, v0x94d114f00_1707, v0x94d114f00_1708, v0x94d114f00_1709, v0x94d114f00_1710;
v0x94d114f00_1711 .array/port v0x94d114f00, 1711;
v0x94d114f00_1712 .array/port v0x94d114f00, 1712;
v0x94d114f00_1713 .array/port v0x94d114f00, 1713;
v0x94d114f00_1714 .array/port v0x94d114f00, 1714;
E_0x94d065880/428 .event anyedge, v0x94d114f00_1711, v0x94d114f00_1712, v0x94d114f00_1713, v0x94d114f00_1714;
v0x94d114f00_1715 .array/port v0x94d114f00, 1715;
v0x94d114f00_1716 .array/port v0x94d114f00, 1716;
v0x94d114f00_1717 .array/port v0x94d114f00, 1717;
v0x94d114f00_1718 .array/port v0x94d114f00, 1718;
E_0x94d065880/429 .event anyedge, v0x94d114f00_1715, v0x94d114f00_1716, v0x94d114f00_1717, v0x94d114f00_1718;
v0x94d114f00_1719 .array/port v0x94d114f00, 1719;
v0x94d114f00_1720 .array/port v0x94d114f00, 1720;
v0x94d114f00_1721 .array/port v0x94d114f00, 1721;
v0x94d114f00_1722 .array/port v0x94d114f00, 1722;
E_0x94d065880/430 .event anyedge, v0x94d114f00_1719, v0x94d114f00_1720, v0x94d114f00_1721, v0x94d114f00_1722;
v0x94d114f00_1723 .array/port v0x94d114f00, 1723;
v0x94d114f00_1724 .array/port v0x94d114f00, 1724;
v0x94d114f00_1725 .array/port v0x94d114f00, 1725;
v0x94d114f00_1726 .array/port v0x94d114f00, 1726;
E_0x94d065880/431 .event anyedge, v0x94d114f00_1723, v0x94d114f00_1724, v0x94d114f00_1725, v0x94d114f00_1726;
v0x94d114f00_1727 .array/port v0x94d114f00, 1727;
v0x94d114f00_1728 .array/port v0x94d114f00, 1728;
v0x94d114f00_1729 .array/port v0x94d114f00, 1729;
v0x94d114f00_1730 .array/port v0x94d114f00, 1730;
E_0x94d065880/432 .event anyedge, v0x94d114f00_1727, v0x94d114f00_1728, v0x94d114f00_1729, v0x94d114f00_1730;
v0x94d114f00_1731 .array/port v0x94d114f00, 1731;
v0x94d114f00_1732 .array/port v0x94d114f00, 1732;
v0x94d114f00_1733 .array/port v0x94d114f00, 1733;
v0x94d114f00_1734 .array/port v0x94d114f00, 1734;
E_0x94d065880/433 .event anyedge, v0x94d114f00_1731, v0x94d114f00_1732, v0x94d114f00_1733, v0x94d114f00_1734;
v0x94d114f00_1735 .array/port v0x94d114f00, 1735;
v0x94d114f00_1736 .array/port v0x94d114f00, 1736;
v0x94d114f00_1737 .array/port v0x94d114f00, 1737;
v0x94d114f00_1738 .array/port v0x94d114f00, 1738;
E_0x94d065880/434 .event anyedge, v0x94d114f00_1735, v0x94d114f00_1736, v0x94d114f00_1737, v0x94d114f00_1738;
v0x94d114f00_1739 .array/port v0x94d114f00, 1739;
v0x94d114f00_1740 .array/port v0x94d114f00, 1740;
v0x94d114f00_1741 .array/port v0x94d114f00, 1741;
v0x94d114f00_1742 .array/port v0x94d114f00, 1742;
E_0x94d065880/435 .event anyedge, v0x94d114f00_1739, v0x94d114f00_1740, v0x94d114f00_1741, v0x94d114f00_1742;
v0x94d114f00_1743 .array/port v0x94d114f00, 1743;
v0x94d114f00_1744 .array/port v0x94d114f00, 1744;
v0x94d114f00_1745 .array/port v0x94d114f00, 1745;
v0x94d114f00_1746 .array/port v0x94d114f00, 1746;
E_0x94d065880/436 .event anyedge, v0x94d114f00_1743, v0x94d114f00_1744, v0x94d114f00_1745, v0x94d114f00_1746;
v0x94d114f00_1747 .array/port v0x94d114f00, 1747;
v0x94d114f00_1748 .array/port v0x94d114f00, 1748;
v0x94d114f00_1749 .array/port v0x94d114f00, 1749;
v0x94d114f00_1750 .array/port v0x94d114f00, 1750;
E_0x94d065880/437 .event anyedge, v0x94d114f00_1747, v0x94d114f00_1748, v0x94d114f00_1749, v0x94d114f00_1750;
v0x94d114f00_1751 .array/port v0x94d114f00, 1751;
v0x94d114f00_1752 .array/port v0x94d114f00, 1752;
v0x94d114f00_1753 .array/port v0x94d114f00, 1753;
v0x94d114f00_1754 .array/port v0x94d114f00, 1754;
E_0x94d065880/438 .event anyedge, v0x94d114f00_1751, v0x94d114f00_1752, v0x94d114f00_1753, v0x94d114f00_1754;
v0x94d114f00_1755 .array/port v0x94d114f00, 1755;
v0x94d114f00_1756 .array/port v0x94d114f00, 1756;
v0x94d114f00_1757 .array/port v0x94d114f00, 1757;
v0x94d114f00_1758 .array/port v0x94d114f00, 1758;
E_0x94d065880/439 .event anyedge, v0x94d114f00_1755, v0x94d114f00_1756, v0x94d114f00_1757, v0x94d114f00_1758;
v0x94d114f00_1759 .array/port v0x94d114f00, 1759;
v0x94d114f00_1760 .array/port v0x94d114f00, 1760;
v0x94d114f00_1761 .array/port v0x94d114f00, 1761;
v0x94d114f00_1762 .array/port v0x94d114f00, 1762;
E_0x94d065880/440 .event anyedge, v0x94d114f00_1759, v0x94d114f00_1760, v0x94d114f00_1761, v0x94d114f00_1762;
v0x94d114f00_1763 .array/port v0x94d114f00, 1763;
v0x94d114f00_1764 .array/port v0x94d114f00, 1764;
v0x94d114f00_1765 .array/port v0x94d114f00, 1765;
v0x94d114f00_1766 .array/port v0x94d114f00, 1766;
E_0x94d065880/441 .event anyedge, v0x94d114f00_1763, v0x94d114f00_1764, v0x94d114f00_1765, v0x94d114f00_1766;
v0x94d114f00_1767 .array/port v0x94d114f00, 1767;
v0x94d114f00_1768 .array/port v0x94d114f00, 1768;
v0x94d114f00_1769 .array/port v0x94d114f00, 1769;
v0x94d114f00_1770 .array/port v0x94d114f00, 1770;
E_0x94d065880/442 .event anyedge, v0x94d114f00_1767, v0x94d114f00_1768, v0x94d114f00_1769, v0x94d114f00_1770;
v0x94d114f00_1771 .array/port v0x94d114f00, 1771;
v0x94d114f00_1772 .array/port v0x94d114f00, 1772;
v0x94d114f00_1773 .array/port v0x94d114f00, 1773;
v0x94d114f00_1774 .array/port v0x94d114f00, 1774;
E_0x94d065880/443 .event anyedge, v0x94d114f00_1771, v0x94d114f00_1772, v0x94d114f00_1773, v0x94d114f00_1774;
v0x94d114f00_1775 .array/port v0x94d114f00, 1775;
v0x94d114f00_1776 .array/port v0x94d114f00, 1776;
v0x94d114f00_1777 .array/port v0x94d114f00, 1777;
v0x94d114f00_1778 .array/port v0x94d114f00, 1778;
E_0x94d065880/444 .event anyedge, v0x94d114f00_1775, v0x94d114f00_1776, v0x94d114f00_1777, v0x94d114f00_1778;
v0x94d114f00_1779 .array/port v0x94d114f00, 1779;
v0x94d114f00_1780 .array/port v0x94d114f00, 1780;
v0x94d114f00_1781 .array/port v0x94d114f00, 1781;
v0x94d114f00_1782 .array/port v0x94d114f00, 1782;
E_0x94d065880/445 .event anyedge, v0x94d114f00_1779, v0x94d114f00_1780, v0x94d114f00_1781, v0x94d114f00_1782;
v0x94d114f00_1783 .array/port v0x94d114f00, 1783;
v0x94d114f00_1784 .array/port v0x94d114f00, 1784;
v0x94d114f00_1785 .array/port v0x94d114f00, 1785;
v0x94d114f00_1786 .array/port v0x94d114f00, 1786;
E_0x94d065880/446 .event anyedge, v0x94d114f00_1783, v0x94d114f00_1784, v0x94d114f00_1785, v0x94d114f00_1786;
v0x94d114f00_1787 .array/port v0x94d114f00, 1787;
v0x94d114f00_1788 .array/port v0x94d114f00, 1788;
v0x94d114f00_1789 .array/port v0x94d114f00, 1789;
v0x94d114f00_1790 .array/port v0x94d114f00, 1790;
E_0x94d065880/447 .event anyedge, v0x94d114f00_1787, v0x94d114f00_1788, v0x94d114f00_1789, v0x94d114f00_1790;
v0x94d114f00_1791 .array/port v0x94d114f00, 1791;
v0x94d114f00_1792 .array/port v0x94d114f00, 1792;
v0x94d114f00_1793 .array/port v0x94d114f00, 1793;
v0x94d114f00_1794 .array/port v0x94d114f00, 1794;
E_0x94d065880/448 .event anyedge, v0x94d114f00_1791, v0x94d114f00_1792, v0x94d114f00_1793, v0x94d114f00_1794;
v0x94d114f00_1795 .array/port v0x94d114f00, 1795;
v0x94d114f00_1796 .array/port v0x94d114f00, 1796;
v0x94d114f00_1797 .array/port v0x94d114f00, 1797;
v0x94d114f00_1798 .array/port v0x94d114f00, 1798;
E_0x94d065880/449 .event anyedge, v0x94d114f00_1795, v0x94d114f00_1796, v0x94d114f00_1797, v0x94d114f00_1798;
v0x94d114f00_1799 .array/port v0x94d114f00, 1799;
v0x94d114f00_1800 .array/port v0x94d114f00, 1800;
v0x94d114f00_1801 .array/port v0x94d114f00, 1801;
v0x94d114f00_1802 .array/port v0x94d114f00, 1802;
E_0x94d065880/450 .event anyedge, v0x94d114f00_1799, v0x94d114f00_1800, v0x94d114f00_1801, v0x94d114f00_1802;
v0x94d114f00_1803 .array/port v0x94d114f00, 1803;
v0x94d114f00_1804 .array/port v0x94d114f00, 1804;
v0x94d114f00_1805 .array/port v0x94d114f00, 1805;
v0x94d114f00_1806 .array/port v0x94d114f00, 1806;
E_0x94d065880/451 .event anyedge, v0x94d114f00_1803, v0x94d114f00_1804, v0x94d114f00_1805, v0x94d114f00_1806;
v0x94d114f00_1807 .array/port v0x94d114f00, 1807;
v0x94d114f00_1808 .array/port v0x94d114f00, 1808;
v0x94d114f00_1809 .array/port v0x94d114f00, 1809;
v0x94d114f00_1810 .array/port v0x94d114f00, 1810;
E_0x94d065880/452 .event anyedge, v0x94d114f00_1807, v0x94d114f00_1808, v0x94d114f00_1809, v0x94d114f00_1810;
v0x94d114f00_1811 .array/port v0x94d114f00, 1811;
v0x94d114f00_1812 .array/port v0x94d114f00, 1812;
v0x94d114f00_1813 .array/port v0x94d114f00, 1813;
v0x94d114f00_1814 .array/port v0x94d114f00, 1814;
E_0x94d065880/453 .event anyedge, v0x94d114f00_1811, v0x94d114f00_1812, v0x94d114f00_1813, v0x94d114f00_1814;
v0x94d114f00_1815 .array/port v0x94d114f00, 1815;
v0x94d114f00_1816 .array/port v0x94d114f00, 1816;
v0x94d114f00_1817 .array/port v0x94d114f00, 1817;
v0x94d114f00_1818 .array/port v0x94d114f00, 1818;
E_0x94d065880/454 .event anyedge, v0x94d114f00_1815, v0x94d114f00_1816, v0x94d114f00_1817, v0x94d114f00_1818;
v0x94d114f00_1819 .array/port v0x94d114f00, 1819;
v0x94d114f00_1820 .array/port v0x94d114f00, 1820;
v0x94d114f00_1821 .array/port v0x94d114f00, 1821;
v0x94d114f00_1822 .array/port v0x94d114f00, 1822;
E_0x94d065880/455 .event anyedge, v0x94d114f00_1819, v0x94d114f00_1820, v0x94d114f00_1821, v0x94d114f00_1822;
v0x94d114f00_1823 .array/port v0x94d114f00, 1823;
v0x94d114f00_1824 .array/port v0x94d114f00, 1824;
v0x94d114f00_1825 .array/port v0x94d114f00, 1825;
v0x94d114f00_1826 .array/port v0x94d114f00, 1826;
E_0x94d065880/456 .event anyedge, v0x94d114f00_1823, v0x94d114f00_1824, v0x94d114f00_1825, v0x94d114f00_1826;
v0x94d114f00_1827 .array/port v0x94d114f00, 1827;
v0x94d114f00_1828 .array/port v0x94d114f00, 1828;
v0x94d114f00_1829 .array/port v0x94d114f00, 1829;
v0x94d114f00_1830 .array/port v0x94d114f00, 1830;
E_0x94d065880/457 .event anyedge, v0x94d114f00_1827, v0x94d114f00_1828, v0x94d114f00_1829, v0x94d114f00_1830;
v0x94d114f00_1831 .array/port v0x94d114f00, 1831;
v0x94d114f00_1832 .array/port v0x94d114f00, 1832;
v0x94d114f00_1833 .array/port v0x94d114f00, 1833;
v0x94d114f00_1834 .array/port v0x94d114f00, 1834;
E_0x94d065880/458 .event anyedge, v0x94d114f00_1831, v0x94d114f00_1832, v0x94d114f00_1833, v0x94d114f00_1834;
v0x94d114f00_1835 .array/port v0x94d114f00, 1835;
v0x94d114f00_1836 .array/port v0x94d114f00, 1836;
v0x94d114f00_1837 .array/port v0x94d114f00, 1837;
v0x94d114f00_1838 .array/port v0x94d114f00, 1838;
E_0x94d065880/459 .event anyedge, v0x94d114f00_1835, v0x94d114f00_1836, v0x94d114f00_1837, v0x94d114f00_1838;
v0x94d114f00_1839 .array/port v0x94d114f00, 1839;
v0x94d114f00_1840 .array/port v0x94d114f00, 1840;
v0x94d114f00_1841 .array/port v0x94d114f00, 1841;
v0x94d114f00_1842 .array/port v0x94d114f00, 1842;
E_0x94d065880/460 .event anyedge, v0x94d114f00_1839, v0x94d114f00_1840, v0x94d114f00_1841, v0x94d114f00_1842;
v0x94d114f00_1843 .array/port v0x94d114f00, 1843;
v0x94d114f00_1844 .array/port v0x94d114f00, 1844;
v0x94d114f00_1845 .array/port v0x94d114f00, 1845;
v0x94d114f00_1846 .array/port v0x94d114f00, 1846;
E_0x94d065880/461 .event anyedge, v0x94d114f00_1843, v0x94d114f00_1844, v0x94d114f00_1845, v0x94d114f00_1846;
v0x94d114f00_1847 .array/port v0x94d114f00, 1847;
v0x94d114f00_1848 .array/port v0x94d114f00, 1848;
v0x94d114f00_1849 .array/port v0x94d114f00, 1849;
v0x94d114f00_1850 .array/port v0x94d114f00, 1850;
E_0x94d065880/462 .event anyedge, v0x94d114f00_1847, v0x94d114f00_1848, v0x94d114f00_1849, v0x94d114f00_1850;
v0x94d114f00_1851 .array/port v0x94d114f00, 1851;
v0x94d114f00_1852 .array/port v0x94d114f00, 1852;
v0x94d114f00_1853 .array/port v0x94d114f00, 1853;
v0x94d114f00_1854 .array/port v0x94d114f00, 1854;
E_0x94d065880/463 .event anyedge, v0x94d114f00_1851, v0x94d114f00_1852, v0x94d114f00_1853, v0x94d114f00_1854;
v0x94d114f00_1855 .array/port v0x94d114f00, 1855;
v0x94d114f00_1856 .array/port v0x94d114f00, 1856;
v0x94d114f00_1857 .array/port v0x94d114f00, 1857;
v0x94d114f00_1858 .array/port v0x94d114f00, 1858;
E_0x94d065880/464 .event anyedge, v0x94d114f00_1855, v0x94d114f00_1856, v0x94d114f00_1857, v0x94d114f00_1858;
v0x94d114f00_1859 .array/port v0x94d114f00, 1859;
v0x94d114f00_1860 .array/port v0x94d114f00, 1860;
v0x94d114f00_1861 .array/port v0x94d114f00, 1861;
v0x94d114f00_1862 .array/port v0x94d114f00, 1862;
E_0x94d065880/465 .event anyedge, v0x94d114f00_1859, v0x94d114f00_1860, v0x94d114f00_1861, v0x94d114f00_1862;
v0x94d114f00_1863 .array/port v0x94d114f00, 1863;
v0x94d114f00_1864 .array/port v0x94d114f00, 1864;
v0x94d114f00_1865 .array/port v0x94d114f00, 1865;
v0x94d114f00_1866 .array/port v0x94d114f00, 1866;
E_0x94d065880/466 .event anyedge, v0x94d114f00_1863, v0x94d114f00_1864, v0x94d114f00_1865, v0x94d114f00_1866;
v0x94d114f00_1867 .array/port v0x94d114f00, 1867;
v0x94d114f00_1868 .array/port v0x94d114f00, 1868;
v0x94d114f00_1869 .array/port v0x94d114f00, 1869;
v0x94d114f00_1870 .array/port v0x94d114f00, 1870;
E_0x94d065880/467 .event anyedge, v0x94d114f00_1867, v0x94d114f00_1868, v0x94d114f00_1869, v0x94d114f00_1870;
v0x94d114f00_1871 .array/port v0x94d114f00, 1871;
v0x94d114f00_1872 .array/port v0x94d114f00, 1872;
v0x94d114f00_1873 .array/port v0x94d114f00, 1873;
v0x94d114f00_1874 .array/port v0x94d114f00, 1874;
E_0x94d065880/468 .event anyedge, v0x94d114f00_1871, v0x94d114f00_1872, v0x94d114f00_1873, v0x94d114f00_1874;
v0x94d114f00_1875 .array/port v0x94d114f00, 1875;
v0x94d114f00_1876 .array/port v0x94d114f00, 1876;
v0x94d114f00_1877 .array/port v0x94d114f00, 1877;
v0x94d114f00_1878 .array/port v0x94d114f00, 1878;
E_0x94d065880/469 .event anyedge, v0x94d114f00_1875, v0x94d114f00_1876, v0x94d114f00_1877, v0x94d114f00_1878;
v0x94d114f00_1879 .array/port v0x94d114f00, 1879;
v0x94d114f00_1880 .array/port v0x94d114f00, 1880;
v0x94d114f00_1881 .array/port v0x94d114f00, 1881;
v0x94d114f00_1882 .array/port v0x94d114f00, 1882;
E_0x94d065880/470 .event anyedge, v0x94d114f00_1879, v0x94d114f00_1880, v0x94d114f00_1881, v0x94d114f00_1882;
v0x94d114f00_1883 .array/port v0x94d114f00, 1883;
v0x94d114f00_1884 .array/port v0x94d114f00, 1884;
v0x94d114f00_1885 .array/port v0x94d114f00, 1885;
v0x94d114f00_1886 .array/port v0x94d114f00, 1886;
E_0x94d065880/471 .event anyedge, v0x94d114f00_1883, v0x94d114f00_1884, v0x94d114f00_1885, v0x94d114f00_1886;
v0x94d114f00_1887 .array/port v0x94d114f00, 1887;
v0x94d114f00_1888 .array/port v0x94d114f00, 1888;
v0x94d114f00_1889 .array/port v0x94d114f00, 1889;
v0x94d114f00_1890 .array/port v0x94d114f00, 1890;
E_0x94d065880/472 .event anyedge, v0x94d114f00_1887, v0x94d114f00_1888, v0x94d114f00_1889, v0x94d114f00_1890;
v0x94d114f00_1891 .array/port v0x94d114f00, 1891;
v0x94d114f00_1892 .array/port v0x94d114f00, 1892;
v0x94d114f00_1893 .array/port v0x94d114f00, 1893;
v0x94d114f00_1894 .array/port v0x94d114f00, 1894;
E_0x94d065880/473 .event anyedge, v0x94d114f00_1891, v0x94d114f00_1892, v0x94d114f00_1893, v0x94d114f00_1894;
v0x94d114f00_1895 .array/port v0x94d114f00, 1895;
v0x94d114f00_1896 .array/port v0x94d114f00, 1896;
v0x94d114f00_1897 .array/port v0x94d114f00, 1897;
v0x94d114f00_1898 .array/port v0x94d114f00, 1898;
E_0x94d065880/474 .event anyedge, v0x94d114f00_1895, v0x94d114f00_1896, v0x94d114f00_1897, v0x94d114f00_1898;
v0x94d114f00_1899 .array/port v0x94d114f00, 1899;
v0x94d114f00_1900 .array/port v0x94d114f00, 1900;
v0x94d114f00_1901 .array/port v0x94d114f00, 1901;
v0x94d114f00_1902 .array/port v0x94d114f00, 1902;
E_0x94d065880/475 .event anyedge, v0x94d114f00_1899, v0x94d114f00_1900, v0x94d114f00_1901, v0x94d114f00_1902;
v0x94d114f00_1903 .array/port v0x94d114f00, 1903;
v0x94d114f00_1904 .array/port v0x94d114f00, 1904;
v0x94d114f00_1905 .array/port v0x94d114f00, 1905;
v0x94d114f00_1906 .array/port v0x94d114f00, 1906;
E_0x94d065880/476 .event anyedge, v0x94d114f00_1903, v0x94d114f00_1904, v0x94d114f00_1905, v0x94d114f00_1906;
v0x94d114f00_1907 .array/port v0x94d114f00, 1907;
v0x94d114f00_1908 .array/port v0x94d114f00, 1908;
v0x94d114f00_1909 .array/port v0x94d114f00, 1909;
v0x94d114f00_1910 .array/port v0x94d114f00, 1910;
E_0x94d065880/477 .event anyedge, v0x94d114f00_1907, v0x94d114f00_1908, v0x94d114f00_1909, v0x94d114f00_1910;
v0x94d114f00_1911 .array/port v0x94d114f00, 1911;
v0x94d114f00_1912 .array/port v0x94d114f00, 1912;
v0x94d114f00_1913 .array/port v0x94d114f00, 1913;
v0x94d114f00_1914 .array/port v0x94d114f00, 1914;
E_0x94d065880/478 .event anyedge, v0x94d114f00_1911, v0x94d114f00_1912, v0x94d114f00_1913, v0x94d114f00_1914;
v0x94d114f00_1915 .array/port v0x94d114f00, 1915;
v0x94d114f00_1916 .array/port v0x94d114f00, 1916;
v0x94d114f00_1917 .array/port v0x94d114f00, 1917;
v0x94d114f00_1918 .array/port v0x94d114f00, 1918;
E_0x94d065880/479 .event anyedge, v0x94d114f00_1915, v0x94d114f00_1916, v0x94d114f00_1917, v0x94d114f00_1918;
v0x94d114f00_1919 .array/port v0x94d114f00, 1919;
v0x94d114f00_1920 .array/port v0x94d114f00, 1920;
v0x94d114f00_1921 .array/port v0x94d114f00, 1921;
v0x94d114f00_1922 .array/port v0x94d114f00, 1922;
E_0x94d065880/480 .event anyedge, v0x94d114f00_1919, v0x94d114f00_1920, v0x94d114f00_1921, v0x94d114f00_1922;
v0x94d114f00_1923 .array/port v0x94d114f00, 1923;
v0x94d114f00_1924 .array/port v0x94d114f00, 1924;
v0x94d114f00_1925 .array/port v0x94d114f00, 1925;
v0x94d114f00_1926 .array/port v0x94d114f00, 1926;
E_0x94d065880/481 .event anyedge, v0x94d114f00_1923, v0x94d114f00_1924, v0x94d114f00_1925, v0x94d114f00_1926;
v0x94d114f00_1927 .array/port v0x94d114f00, 1927;
v0x94d114f00_1928 .array/port v0x94d114f00, 1928;
v0x94d114f00_1929 .array/port v0x94d114f00, 1929;
v0x94d114f00_1930 .array/port v0x94d114f00, 1930;
E_0x94d065880/482 .event anyedge, v0x94d114f00_1927, v0x94d114f00_1928, v0x94d114f00_1929, v0x94d114f00_1930;
v0x94d114f00_1931 .array/port v0x94d114f00, 1931;
v0x94d114f00_1932 .array/port v0x94d114f00, 1932;
v0x94d114f00_1933 .array/port v0x94d114f00, 1933;
v0x94d114f00_1934 .array/port v0x94d114f00, 1934;
E_0x94d065880/483 .event anyedge, v0x94d114f00_1931, v0x94d114f00_1932, v0x94d114f00_1933, v0x94d114f00_1934;
v0x94d114f00_1935 .array/port v0x94d114f00, 1935;
v0x94d114f00_1936 .array/port v0x94d114f00, 1936;
v0x94d114f00_1937 .array/port v0x94d114f00, 1937;
v0x94d114f00_1938 .array/port v0x94d114f00, 1938;
E_0x94d065880/484 .event anyedge, v0x94d114f00_1935, v0x94d114f00_1936, v0x94d114f00_1937, v0x94d114f00_1938;
v0x94d114f00_1939 .array/port v0x94d114f00, 1939;
v0x94d114f00_1940 .array/port v0x94d114f00, 1940;
v0x94d114f00_1941 .array/port v0x94d114f00, 1941;
v0x94d114f00_1942 .array/port v0x94d114f00, 1942;
E_0x94d065880/485 .event anyedge, v0x94d114f00_1939, v0x94d114f00_1940, v0x94d114f00_1941, v0x94d114f00_1942;
v0x94d114f00_1943 .array/port v0x94d114f00, 1943;
v0x94d114f00_1944 .array/port v0x94d114f00, 1944;
v0x94d114f00_1945 .array/port v0x94d114f00, 1945;
v0x94d114f00_1946 .array/port v0x94d114f00, 1946;
E_0x94d065880/486 .event anyedge, v0x94d114f00_1943, v0x94d114f00_1944, v0x94d114f00_1945, v0x94d114f00_1946;
v0x94d114f00_1947 .array/port v0x94d114f00, 1947;
v0x94d114f00_1948 .array/port v0x94d114f00, 1948;
v0x94d114f00_1949 .array/port v0x94d114f00, 1949;
v0x94d114f00_1950 .array/port v0x94d114f00, 1950;
E_0x94d065880/487 .event anyedge, v0x94d114f00_1947, v0x94d114f00_1948, v0x94d114f00_1949, v0x94d114f00_1950;
v0x94d114f00_1951 .array/port v0x94d114f00, 1951;
v0x94d114f00_1952 .array/port v0x94d114f00, 1952;
v0x94d114f00_1953 .array/port v0x94d114f00, 1953;
v0x94d114f00_1954 .array/port v0x94d114f00, 1954;
E_0x94d065880/488 .event anyedge, v0x94d114f00_1951, v0x94d114f00_1952, v0x94d114f00_1953, v0x94d114f00_1954;
v0x94d114f00_1955 .array/port v0x94d114f00, 1955;
v0x94d114f00_1956 .array/port v0x94d114f00, 1956;
v0x94d114f00_1957 .array/port v0x94d114f00, 1957;
v0x94d114f00_1958 .array/port v0x94d114f00, 1958;
E_0x94d065880/489 .event anyedge, v0x94d114f00_1955, v0x94d114f00_1956, v0x94d114f00_1957, v0x94d114f00_1958;
v0x94d114f00_1959 .array/port v0x94d114f00, 1959;
v0x94d114f00_1960 .array/port v0x94d114f00, 1960;
v0x94d114f00_1961 .array/port v0x94d114f00, 1961;
v0x94d114f00_1962 .array/port v0x94d114f00, 1962;
E_0x94d065880/490 .event anyedge, v0x94d114f00_1959, v0x94d114f00_1960, v0x94d114f00_1961, v0x94d114f00_1962;
v0x94d114f00_1963 .array/port v0x94d114f00, 1963;
v0x94d114f00_1964 .array/port v0x94d114f00, 1964;
v0x94d114f00_1965 .array/port v0x94d114f00, 1965;
v0x94d114f00_1966 .array/port v0x94d114f00, 1966;
E_0x94d065880/491 .event anyedge, v0x94d114f00_1963, v0x94d114f00_1964, v0x94d114f00_1965, v0x94d114f00_1966;
v0x94d114f00_1967 .array/port v0x94d114f00, 1967;
v0x94d114f00_1968 .array/port v0x94d114f00, 1968;
v0x94d114f00_1969 .array/port v0x94d114f00, 1969;
v0x94d114f00_1970 .array/port v0x94d114f00, 1970;
E_0x94d065880/492 .event anyedge, v0x94d114f00_1967, v0x94d114f00_1968, v0x94d114f00_1969, v0x94d114f00_1970;
v0x94d114f00_1971 .array/port v0x94d114f00, 1971;
v0x94d114f00_1972 .array/port v0x94d114f00, 1972;
v0x94d114f00_1973 .array/port v0x94d114f00, 1973;
v0x94d114f00_1974 .array/port v0x94d114f00, 1974;
E_0x94d065880/493 .event anyedge, v0x94d114f00_1971, v0x94d114f00_1972, v0x94d114f00_1973, v0x94d114f00_1974;
v0x94d114f00_1975 .array/port v0x94d114f00, 1975;
v0x94d114f00_1976 .array/port v0x94d114f00, 1976;
v0x94d114f00_1977 .array/port v0x94d114f00, 1977;
v0x94d114f00_1978 .array/port v0x94d114f00, 1978;
E_0x94d065880/494 .event anyedge, v0x94d114f00_1975, v0x94d114f00_1976, v0x94d114f00_1977, v0x94d114f00_1978;
v0x94d114f00_1979 .array/port v0x94d114f00, 1979;
v0x94d114f00_1980 .array/port v0x94d114f00, 1980;
v0x94d114f00_1981 .array/port v0x94d114f00, 1981;
v0x94d114f00_1982 .array/port v0x94d114f00, 1982;
E_0x94d065880/495 .event anyedge, v0x94d114f00_1979, v0x94d114f00_1980, v0x94d114f00_1981, v0x94d114f00_1982;
v0x94d114f00_1983 .array/port v0x94d114f00, 1983;
v0x94d114f00_1984 .array/port v0x94d114f00, 1984;
v0x94d114f00_1985 .array/port v0x94d114f00, 1985;
v0x94d114f00_1986 .array/port v0x94d114f00, 1986;
E_0x94d065880/496 .event anyedge, v0x94d114f00_1983, v0x94d114f00_1984, v0x94d114f00_1985, v0x94d114f00_1986;
v0x94d114f00_1987 .array/port v0x94d114f00, 1987;
v0x94d114f00_1988 .array/port v0x94d114f00, 1988;
v0x94d114f00_1989 .array/port v0x94d114f00, 1989;
v0x94d114f00_1990 .array/port v0x94d114f00, 1990;
E_0x94d065880/497 .event anyedge, v0x94d114f00_1987, v0x94d114f00_1988, v0x94d114f00_1989, v0x94d114f00_1990;
v0x94d114f00_1991 .array/port v0x94d114f00, 1991;
v0x94d114f00_1992 .array/port v0x94d114f00, 1992;
v0x94d114f00_1993 .array/port v0x94d114f00, 1993;
v0x94d114f00_1994 .array/port v0x94d114f00, 1994;
E_0x94d065880/498 .event anyedge, v0x94d114f00_1991, v0x94d114f00_1992, v0x94d114f00_1993, v0x94d114f00_1994;
v0x94d114f00_1995 .array/port v0x94d114f00, 1995;
v0x94d114f00_1996 .array/port v0x94d114f00, 1996;
v0x94d114f00_1997 .array/port v0x94d114f00, 1997;
v0x94d114f00_1998 .array/port v0x94d114f00, 1998;
E_0x94d065880/499 .event anyedge, v0x94d114f00_1995, v0x94d114f00_1996, v0x94d114f00_1997, v0x94d114f00_1998;
v0x94d114f00_1999 .array/port v0x94d114f00, 1999;
v0x94d114f00_2000 .array/port v0x94d114f00, 2000;
v0x94d114f00_2001 .array/port v0x94d114f00, 2001;
v0x94d114f00_2002 .array/port v0x94d114f00, 2002;
E_0x94d065880/500 .event anyedge, v0x94d114f00_1999, v0x94d114f00_2000, v0x94d114f00_2001, v0x94d114f00_2002;
v0x94d114f00_2003 .array/port v0x94d114f00, 2003;
v0x94d114f00_2004 .array/port v0x94d114f00, 2004;
v0x94d114f00_2005 .array/port v0x94d114f00, 2005;
v0x94d114f00_2006 .array/port v0x94d114f00, 2006;
E_0x94d065880/501 .event anyedge, v0x94d114f00_2003, v0x94d114f00_2004, v0x94d114f00_2005, v0x94d114f00_2006;
v0x94d114f00_2007 .array/port v0x94d114f00, 2007;
v0x94d114f00_2008 .array/port v0x94d114f00, 2008;
v0x94d114f00_2009 .array/port v0x94d114f00, 2009;
v0x94d114f00_2010 .array/port v0x94d114f00, 2010;
E_0x94d065880/502 .event anyedge, v0x94d114f00_2007, v0x94d114f00_2008, v0x94d114f00_2009, v0x94d114f00_2010;
v0x94d114f00_2011 .array/port v0x94d114f00, 2011;
v0x94d114f00_2012 .array/port v0x94d114f00, 2012;
v0x94d114f00_2013 .array/port v0x94d114f00, 2013;
v0x94d114f00_2014 .array/port v0x94d114f00, 2014;
E_0x94d065880/503 .event anyedge, v0x94d114f00_2011, v0x94d114f00_2012, v0x94d114f00_2013, v0x94d114f00_2014;
v0x94d114f00_2015 .array/port v0x94d114f00, 2015;
v0x94d114f00_2016 .array/port v0x94d114f00, 2016;
v0x94d114f00_2017 .array/port v0x94d114f00, 2017;
v0x94d114f00_2018 .array/port v0x94d114f00, 2018;
E_0x94d065880/504 .event anyedge, v0x94d114f00_2015, v0x94d114f00_2016, v0x94d114f00_2017, v0x94d114f00_2018;
v0x94d114f00_2019 .array/port v0x94d114f00, 2019;
v0x94d114f00_2020 .array/port v0x94d114f00, 2020;
v0x94d114f00_2021 .array/port v0x94d114f00, 2021;
v0x94d114f00_2022 .array/port v0x94d114f00, 2022;
E_0x94d065880/505 .event anyedge, v0x94d114f00_2019, v0x94d114f00_2020, v0x94d114f00_2021, v0x94d114f00_2022;
v0x94d114f00_2023 .array/port v0x94d114f00, 2023;
v0x94d114f00_2024 .array/port v0x94d114f00, 2024;
v0x94d114f00_2025 .array/port v0x94d114f00, 2025;
v0x94d114f00_2026 .array/port v0x94d114f00, 2026;
E_0x94d065880/506 .event anyedge, v0x94d114f00_2023, v0x94d114f00_2024, v0x94d114f00_2025, v0x94d114f00_2026;
v0x94d114f00_2027 .array/port v0x94d114f00, 2027;
v0x94d114f00_2028 .array/port v0x94d114f00, 2028;
v0x94d114f00_2029 .array/port v0x94d114f00, 2029;
v0x94d114f00_2030 .array/port v0x94d114f00, 2030;
E_0x94d065880/507 .event anyedge, v0x94d114f00_2027, v0x94d114f00_2028, v0x94d114f00_2029, v0x94d114f00_2030;
v0x94d114f00_2031 .array/port v0x94d114f00, 2031;
v0x94d114f00_2032 .array/port v0x94d114f00, 2032;
v0x94d114f00_2033 .array/port v0x94d114f00, 2033;
v0x94d114f00_2034 .array/port v0x94d114f00, 2034;
E_0x94d065880/508 .event anyedge, v0x94d114f00_2031, v0x94d114f00_2032, v0x94d114f00_2033, v0x94d114f00_2034;
v0x94d114f00_2035 .array/port v0x94d114f00, 2035;
v0x94d114f00_2036 .array/port v0x94d114f00, 2036;
v0x94d114f00_2037 .array/port v0x94d114f00, 2037;
v0x94d114f00_2038 .array/port v0x94d114f00, 2038;
E_0x94d065880/509 .event anyedge, v0x94d114f00_2035, v0x94d114f00_2036, v0x94d114f00_2037, v0x94d114f00_2038;
v0x94d114f00_2039 .array/port v0x94d114f00, 2039;
v0x94d114f00_2040 .array/port v0x94d114f00, 2040;
v0x94d114f00_2041 .array/port v0x94d114f00, 2041;
v0x94d114f00_2042 .array/port v0x94d114f00, 2042;
E_0x94d065880/510 .event anyedge, v0x94d114f00_2039, v0x94d114f00_2040, v0x94d114f00_2041, v0x94d114f00_2042;
v0x94d114f00_2043 .array/port v0x94d114f00, 2043;
v0x94d114f00_2044 .array/port v0x94d114f00, 2044;
v0x94d114f00_2045 .array/port v0x94d114f00, 2045;
v0x94d114f00_2046 .array/port v0x94d114f00, 2046;
E_0x94d065880/511 .event anyedge, v0x94d114f00_2043, v0x94d114f00_2044, v0x94d114f00_2045, v0x94d114f00_2046;
v0x94d114f00_2047 .array/port v0x94d114f00, 2047;
v0x94d114f00_2048 .array/port v0x94d114f00, 2048;
v0x94d114f00_2049 .array/port v0x94d114f00, 2049;
v0x94d114f00_2050 .array/port v0x94d114f00, 2050;
E_0x94d065880/512 .event anyedge, v0x94d114f00_2047, v0x94d114f00_2048, v0x94d114f00_2049, v0x94d114f00_2050;
v0x94d114f00_2051 .array/port v0x94d114f00, 2051;
v0x94d114f00_2052 .array/port v0x94d114f00, 2052;
v0x94d114f00_2053 .array/port v0x94d114f00, 2053;
v0x94d114f00_2054 .array/port v0x94d114f00, 2054;
E_0x94d065880/513 .event anyedge, v0x94d114f00_2051, v0x94d114f00_2052, v0x94d114f00_2053, v0x94d114f00_2054;
v0x94d114f00_2055 .array/port v0x94d114f00, 2055;
v0x94d114f00_2056 .array/port v0x94d114f00, 2056;
v0x94d114f00_2057 .array/port v0x94d114f00, 2057;
v0x94d114f00_2058 .array/port v0x94d114f00, 2058;
E_0x94d065880/514 .event anyedge, v0x94d114f00_2055, v0x94d114f00_2056, v0x94d114f00_2057, v0x94d114f00_2058;
v0x94d114f00_2059 .array/port v0x94d114f00, 2059;
v0x94d114f00_2060 .array/port v0x94d114f00, 2060;
v0x94d114f00_2061 .array/port v0x94d114f00, 2061;
v0x94d114f00_2062 .array/port v0x94d114f00, 2062;
E_0x94d065880/515 .event anyedge, v0x94d114f00_2059, v0x94d114f00_2060, v0x94d114f00_2061, v0x94d114f00_2062;
v0x94d114f00_2063 .array/port v0x94d114f00, 2063;
v0x94d114f00_2064 .array/port v0x94d114f00, 2064;
v0x94d114f00_2065 .array/port v0x94d114f00, 2065;
v0x94d114f00_2066 .array/port v0x94d114f00, 2066;
E_0x94d065880/516 .event anyedge, v0x94d114f00_2063, v0x94d114f00_2064, v0x94d114f00_2065, v0x94d114f00_2066;
v0x94d114f00_2067 .array/port v0x94d114f00, 2067;
v0x94d114f00_2068 .array/port v0x94d114f00, 2068;
v0x94d114f00_2069 .array/port v0x94d114f00, 2069;
v0x94d114f00_2070 .array/port v0x94d114f00, 2070;
E_0x94d065880/517 .event anyedge, v0x94d114f00_2067, v0x94d114f00_2068, v0x94d114f00_2069, v0x94d114f00_2070;
v0x94d114f00_2071 .array/port v0x94d114f00, 2071;
v0x94d114f00_2072 .array/port v0x94d114f00, 2072;
v0x94d114f00_2073 .array/port v0x94d114f00, 2073;
v0x94d114f00_2074 .array/port v0x94d114f00, 2074;
E_0x94d065880/518 .event anyedge, v0x94d114f00_2071, v0x94d114f00_2072, v0x94d114f00_2073, v0x94d114f00_2074;
v0x94d114f00_2075 .array/port v0x94d114f00, 2075;
v0x94d114f00_2076 .array/port v0x94d114f00, 2076;
v0x94d114f00_2077 .array/port v0x94d114f00, 2077;
v0x94d114f00_2078 .array/port v0x94d114f00, 2078;
E_0x94d065880/519 .event anyedge, v0x94d114f00_2075, v0x94d114f00_2076, v0x94d114f00_2077, v0x94d114f00_2078;
v0x94d114f00_2079 .array/port v0x94d114f00, 2079;
v0x94d114f00_2080 .array/port v0x94d114f00, 2080;
v0x94d114f00_2081 .array/port v0x94d114f00, 2081;
v0x94d114f00_2082 .array/port v0x94d114f00, 2082;
E_0x94d065880/520 .event anyedge, v0x94d114f00_2079, v0x94d114f00_2080, v0x94d114f00_2081, v0x94d114f00_2082;
v0x94d114f00_2083 .array/port v0x94d114f00, 2083;
v0x94d114f00_2084 .array/port v0x94d114f00, 2084;
v0x94d114f00_2085 .array/port v0x94d114f00, 2085;
v0x94d114f00_2086 .array/port v0x94d114f00, 2086;
E_0x94d065880/521 .event anyedge, v0x94d114f00_2083, v0x94d114f00_2084, v0x94d114f00_2085, v0x94d114f00_2086;
v0x94d114f00_2087 .array/port v0x94d114f00, 2087;
v0x94d114f00_2088 .array/port v0x94d114f00, 2088;
v0x94d114f00_2089 .array/port v0x94d114f00, 2089;
v0x94d114f00_2090 .array/port v0x94d114f00, 2090;
E_0x94d065880/522 .event anyedge, v0x94d114f00_2087, v0x94d114f00_2088, v0x94d114f00_2089, v0x94d114f00_2090;
v0x94d114f00_2091 .array/port v0x94d114f00, 2091;
v0x94d114f00_2092 .array/port v0x94d114f00, 2092;
v0x94d114f00_2093 .array/port v0x94d114f00, 2093;
v0x94d114f00_2094 .array/port v0x94d114f00, 2094;
E_0x94d065880/523 .event anyedge, v0x94d114f00_2091, v0x94d114f00_2092, v0x94d114f00_2093, v0x94d114f00_2094;
v0x94d114f00_2095 .array/port v0x94d114f00, 2095;
v0x94d114f00_2096 .array/port v0x94d114f00, 2096;
v0x94d114f00_2097 .array/port v0x94d114f00, 2097;
v0x94d114f00_2098 .array/port v0x94d114f00, 2098;
E_0x94d065880/524 .event anyedge, v0x94d114f00_2095, v0x94d114f00_2096, v0x94d114f00_2097, v0x94d114f00_2098;
v0x94d114f00_2099 .array/port v0x94d114f00, 2099;
v0x94d114f00_2100 .array/port v0x94d114f00, 2100;
v0x94d114f00_2101 .array/port v0x94d114f00, 2101;
v0x94d114f00_2102 .array/port v0x94d114f00, 2102;
E_0x94d065880/525 .event anyedge, v0x94d114f00_2099, v0x94d114f00_2100, v0x94d114f00_2101, v0x94d114f00_2102;
v0x94d114f00_2103 .array/port v0x94d114f00, 2103;
v0x94d114f00_2104 .array/port v0x94d114f00, 2104;
v0x94d114f00_2105 .array/port v0x94d114f00, 2105;
v0x94d114f00_2106 .array/port v0x94d114f00, 2106;
E_0x94d065880/526 .event anyedge, v0x94d114f00_2103, v0x94d114f00_2104, v0x94d114f00_2105, v0x94d114f00_2106;
v0x94d114f00_2107 .array/port v0x94d114f00, 2107;
v0x94d114f00_2108 .array/port v0x94d114f00, 2108;
v0x94d114f00_2109 .array/port v0x94d114f00, 2109;
v0x94d114f00_2110 .array/port v0x94d114f00, 2110;
E_0x94d065880/527 .event anyedge, v0x94d114f00_2107, v0x94d114f00_2108, v0x94d114f00_2109, v0x94d114f00_2110;
v0x94d114f00_2111 .array/port v0x94d114f00, 2111;
v0x94d114f00_2112 .array/port v0x94d114f00, 2112;
v0x94d114f00_2113 .array/port v0x94d114f00, 2113;
v0x94d114f00_2114 .array/port v0x94d114f00, 2114;
E_0x94d065880/528 .event anyedge, v0x94d114f00_2111, v0x94d114f00_2112, v0x94d114f00_2113, v0x94d114f00_2114;
v0x94d114f00_2115 .array/port v0x94d114f00, 2115;
v0x94d114f00_2116 .array/port v0x94d114f00, 2116;
v0x94d114f00_2117 .array/port v0x94d114f00, 2117;
v0x94d114f00_2118 .array/port v0x94d114f00, 2118;
E_0x94d065880/529 .event anyedge, v0x94d114f00_2115, v0x94d114f00_2116, v0x94d114f00_2117, v0x94d114f00_2118;
v0x94d114f00_2119 .array/port v0x94d114f00, 2119;
v0x94d114f00_2120 .array/port v0x94d114f00, 2120;
v0x94d114f00_2121 .array/port v0x94d114f00, 2121;
v0x94d114f00_2122 .array/port v0x94d114f00, 2122;
E_0x94d065880/530 .event anyedge, v0x94d114f00_2119, v0x94d114f00_2120, v0x94d114f00_2121, v0x94d114f00_2122;
v0x94d114f00_2123 .array/port v0x94d114f00, 2123;
v0x94d114f00_2124 .array/port v0x94d114f00, 2124;
v0x94d114f00_2125 .array/port v0x94d114f00, 2125;
v0x94d114f00_2126 .array/port v0x94d114f00, 2126;
E_0x94d065880/531 .event anyedge, v0x94d114f00_2123, v0x94d114f00_2124, v0x94d114f00_2125, v0x94d114f00_2126;
v0x94d114f00_2127 .array/port v0x94d114f00, 2127;
v0x94d114f00_2128 .array/port v0x94d114f00, 2128;
v0x94d114f00_2129 .array/port v0x94d114f00, 2129;
v0x94d114f00_2130 .array/port v0x94d114f00, 2130;
E_0x94d065880/532 .event anyedge, v0x94d114f00_2127, v0x94d114f00_2128, v0x94d114f00_2129, v0x94d114f00_2130;
v0x94d114f00_2131 .array/port v0x94d114f00, 2131;
v0x94d114f00_2132 .array/port v0x94d114f00, 2132;
v0x94d114f00_2133 .array/port v0x94d114f00, 2133;
v0x94d114f00_2134 .array/port v0x94d114f00, 2134;
E_0x94d065880/533 .event anyedge, v0x94d114f00_2131, v0x94d114f00_2132, v0x94d114f00_2133, v0x94d114f00_2134;
v0x94d114f00_2135 .array/port v0x94d114f00, 2135;
v0x94d114f00_2136 .array/port v0x94d114f00, 2136;
v0x94d114f00_2137 .array/port v0x94d114f00, 2137;
v0x94d114f00_2138 .array/port v0x94d114f00, 2138;
E_0x94d065880/534 .event anyedge, v0x94d114f00_2135, v0x94d114f00_2136, v0x94d114f00_2137, v0x94d114f00_2138;
v0x94d114f00_2139 .array/port v0x94d114f00, 2139;
v0x94d114f00_2140 .array/port v0x94d114f00, 2140;
v0x94d114f00_2141 .array/port v0x94d114f00, 2141;
v0x94d114f00_2142 .array/port v0x94d114f00, 2142;
E_0x94d065880/535 .event anyedge, v0x94d114f00_2139, v0x94d114f00_2140, v0x94d114f00_2141, v0x94d114f00_2142;
v0x94d114f00_2143 .array/port v0x94d114f00, 2143;
v0x94d114f00_2144 .array/port v0x94d114f00, 2144;
v0x94d114f00_2145 .array/port v0x94d114f00, 2145;
v0x94d114f00_2146 .array/port v0x94d114f00, 2146;
E_0x94d065880/536 .event anyedge, v0x94d114f00_2143, v0x94d114f00_2144, v0x94d114f00_2145, v0x94d114f00_2146;
v0x94d114f00_2147 .array/port v0x94d114f00, 2147;
v0x94d114f00_2148 .array/port v0x94d114f00, 2148;
v0x94d114f00_2149 .array/port v0x94d114f00, 2149;
v0x94d114f00_2150 .array/port v0x94d114f00, 2150;
E_0x94d065880/537 .event anyedge, v0x94d114f00_2147, v0x94d114f00_2148, v0x94d114f00_2149, v0x94d114f00_2150;
v0x94d114f00_2151 .array/port v0x94d114f00, 2151;
v0x94d114f00_2152 .array/port v0x94d114f00, 2152;
v0x94d114f00_2153 .array/port v0x94d114f00, 2153;
v0x94d114f00_2154 .array/port v0x94d114f00, 2154;
E_0x94d065880/538 .event anyedge, v0x94d114f00_2151, v0x94d114f00_2152, v0x94d114f00_2153, v0x94d114f00_2154;
v0x94d114f00_2155 .array/port v0x94d114f00, 2155;
v0x94d114f00_2156 .array/port v0x94d114f00, 2156;
v0x94d114f00_2157 .array/port v0x94d114f00, 2157;
v0x94d114f00_2158 .array/port v0x94d114f00, 2158;
E_0x94d065880/539 .event anyedge, v0x94d114f00_2155, v0x94d114f00_2156, v0x94d114f00_2157, v0x94d114f00_2158;
v0x94d114f00_2159 .array/port v0x94d114f00, 2159;
v0x94d114f00_2160 .array/port v0x94d114f00, 2160;
v0x94d114f00_2161 .array/port v0x94d114f00, 2161;
v0x94d114f00_2162 .array/port v0x94d114f00, 2162;
E_0x94d065880/540 .event anyedge, v0x94d114f00_2159, v0x94d114f00_2160, v0x94d114f00_2161, v0x94d114f00_2162;
v0x94d114f00_2163 .array/port v0x94d114f00, 2163;
v0x94d114f00_2164 .array/port v0x94d114f00, 2164;
v0x94d114f00_2165 .array/port v0x94d114f00, 2165;
v0x94d114f00_2166 .array/port v0x94d114f00, 2166;
E_0x94d065880/541 .event anyedge, v0x94d114f00_2163, v0x94d114f00_2164, v0x94d114f00_2165, v0x94d114f00_2166;
v0x94d114f00_2167 .array/port v0x94d114f00, 2167;
v0x94d114f00_2168 .array/port v0x94d114f00, 2168;
v0x94d114f00_2169 .array/port v0x94d114f00, 2169;
v0x94d114f00_2170 .array/port v0x94d114f00, 2170;
E_0x94d065880/542 .event anyedge, v0x94d114f00_2167, v0x94d114f00_2168, v0x94d114f00_2169, v0x94d114f00_2170;
v0x94d114f00_2171 .array/port v0x94d114f00, 2171;
v0x94d114f00_2172 .array/port v0x94d114f00, 2172;
v0x94d114f00_2173 .array/port v0x94d114f00, 2173;
v0x94d114f00_2174 .array/port v0x94d114f00, 2174;
E_0x94d065880/543 .event anyedge, v0x94d114f00_2171, v0x94d114f00_2172, v0x94d114f00_2173, v0x94d114f00_2174;
v0x94d114f00_2175 .array/port v0x94d114f00, 2175;
v0x94d114f00_2176 .array/port v0x94d114f00, 2176;
v0x94d114f00_2177 .array/port v0x94d114f00, 2177;
v0x94d114f00_2178 .array/port v0x94d114f00, 2178;
E_0x94d065880/544 .event anyedge, v0x94d114f00_2175, v0x94d114f00_2176, v0x94d114f00_2177, v0x94d114f00_2178;
v0x94d114f00_2179 .array/port v0x94d114f00, 2179;
v0x94d114f00_2180 .array/port v0x94d114f00, 2180;
v0x94d114f00_2181 .array/port v0x94d114f00, 2181;
v0x94d114f00_2182 .array/port v0x94d114f00, 2182;
E_0x94d065880/545 .event anyedge, v0x94d114f00_2179, v0x94d114f00_2180, v0x94d114f00_2181, v0x94d114f00_2182;
v0x94d114f00_2183 .array/port v0x94d114f00, 2183;
v0x94d114f00_2184 .array/port v0x94d114f00, 2184;
v0x94d114f00_2185 .array/port v0x94d114f00, 2185;
v0x94d114f00_2186 .array/port v0x94d114f00, 2186;
E_0x94d065880/546 .event anyedge, v0x94d114f00_2183, v0x94d114f00_2184, v0x94d114f00_2185, v0x94d114f00_2186;
v0x94d114f00_2187 .array/port v0x94d114f00, 2187;
v0x94d114f00_2188 .array/port v0x94d114f00, 2188;
v0x94d114f00_2189 .array/port v0x94d114f00, 2189;
v0x94d114f00_2190 .array/port v0x94d114f00, 2190;
E_0x94d065880/547 .event anyedge, v0x94d114f00_2187, v0x94d114f00_2188, v0x94d114f00_2189, v0x94d114f00_2190;
v0x94d114f00_2191 .array/port v0x94d114f00, 2191;
v0x94d114f00_2192 .array/port v0x94d114f00, 2192;
v0x94d114f00_2193 .array/port v0x94d114f00, 2193;
v0x94d114f00_2194 .array/port v0x94d114f00, 2194;
E_0x94d065880/548 .event anyedge, v0x94d114f00_2191, v0x94d114f00_2192, v0x94d114f00_2193, v0x94d114f00_2194;
v0x94d114f00_2195 .array/port v0x94d114f00, 2195;
v0x94d114f00_2196 .array/port v0x94d114f00, 2196;
v0x94d114f00_2197 .array/port v0x94d114f00, 2197;
v0x94d114f00_2198 .array/port v0x94d114f00, 2198;
E_0x94d065880/549 .event anyedge, v0x94d114f00_2195, v0x94d114f00_2196, v0x94d114f00_2197, v0x94d114f00_2198;
v0x94d114f00_2199 .array/port v0x94d114f00, 2199;
v0x94d114f00_2200 .array/port v0x94d114f00, 2200;
v0x94d114f00_2201 .array/port v0x94d114f00, 2201;
v0x94d114f00_2202 .array/port v0x94d114f00, 2202;
E_0x94d065880/550 .event anyedge, v0x94d114f00_2199, v0x94d114f00_2200, v0x94d114f00_2201, v0x94d114f00_2202;
v0x94d114f00_2203 .array/port v0x94d114f00, 2203;
v0x94d114f00_2204 .array/port v0x94d114f00, 2204;
v0x94d114f00_2205 .array/port v0x94d114f00, 2205;
v0x94d114f00_2206 .array/port v0x94d114f00, 2206;
E_0x94d065880/551 .event anyedge, v0x94d114f00_2203, v0x94d114f00_2204, v0x94d114f00_2205, v0x94d114f00_2206;
v0x94d114f00_2207 .array/port v0x94d114f00, 2207;
v0x94d114f00_2208 .array/port v0x94d114f00, 2208;
v0x94d114f00_2209 .array/port v0x94d114f00, 2209;
v0x94d114f00_2210 .array/port v0x94d114f00, 2210;
E_0x94d065880/552 .event anyedge, v0x94d114f00_2207, v0x94d114f00_2208, v0x94d114f00_2209, v0x94d114f00_2210;
v0x94d114f00_2211 .array/port v0x94d114f00, 2211;
v0x94d114f00_2212 .array/port v0x94d114f00, 2212;
v0x94d114f00_2213 .array/port v0x94d114f00, 2213;
v0x94d114f00_2214 .array/port v0x94d114f00, 2214;
E_0x94d065880/553 .event anyedge, v0x94d114f00_2211, v0x94d114f00_2212, v0x94d114f00_2213, v0x94d114f00_2214;
v0x94d114f00_2215 .array/port v0x94d114f00, 2215;
v0x94d114f00_2216 .array/port v0x94d114f00, 2216;
v0x94d114f00_2217 .array/port v0x94d114f00, 2217;
v0x94d114f00_2218 .array/port v0x94d114f00, 2218;
E_0x94d065880/554 .event anyedge, v0x94d114f00_2215, v0x94d114f00_2216, v0x94d114f00_2217, v0x94d114f00_2218;
v0x94d114f00_2219 .array/port v0x94d114f00, 2219;
v0x94d114f00_2220 .array/port v0x94d114f00, 2220;
v0x94d114f00_2221 .array/port v0x94d114f00, 2221;
v0x94d114f00_2222 .array/port v0x94d114f00, 2222;
E_0x94d065880/555 .event anyedge, v0x94d114f00_2219, v0x94d114f00_2220, v0x94d114f00_2221, v0x94d114f00_2222;
v0x94d114f00_2223 .array/port v0x94d114f00, 2223;
v0x94d114f00_2224 .array/port v0x94d114f00, 2224;
v0x94d114f00_2225 .array/port v0x94d114f00, 2225;
v0x94d114f00_2226 .array/port v0x94d114f00, 2226;
E_0x94d065880/556 .event anyedge, v0x94d114f00_2223, v0x94d114f00_2224, v0x94d114f00_2225, v0x94d114f00_2226;
v0x94d114f00_2227 .array/port v0x94d114f00, 2227;
v0x94d114f00_2228 .array/port v0x94d114f00, 2228;
v0x94d114f00_2229 .array/port v0x94d114f00, 2229;
v0x94d114f00_2230 .array/port v0x94d114f00, 2230;
E_0x94d065880/557 .event anyedge, v0x94d114f00_2227, v0x94d114f00_2228, v0x94d114f00_2229, v0x94d114f00_2230;
v0x94d114f00_2231 .array/port v0x94d114f00, 2231;
v0x94d114f00_2232 .array/port v0x94d114f00, 2232;
v0x94d114f00_2233 .array/port v0x94d114f00, 2233;
v0x94d114f00_2234 .array/port v0x94d114f00, 2234;
E_0x94d065880/558 .event anyedge, v0x94d114f00_2231, v0x94d114f00_2232, v0x94d114f00_2233, v0x94d114f00_2234;
v0x94d114f00_2235 .array/port v0x94d114f00, 2235;
v0x94d114f00_2236 .array/port v0x94d114f00, 2236;
v0x94d114f00_2237 .array/port v0x94d114f00, 2237;
v0x94d114f00_2238 .array/port v0x94d114f00, 2238;
E_0x94d065880/559 .event anyedge, v0x94d114f00_2235, v0x94d114f00_2236, v0x94d114f00_2237, v0x94d114f00_2238;
v0x94d114f00_2239 .array/port v0x94d114f00, 2239;
v0x94d114f00_2240 .array/port v0x94d114f00, 2240;
v0x94d114f00_2241 .array/port v0x94d114f00, 2241;
v0x94d114f00_2242 .array/port v0x94d114f00, 2242;
E_0x94d065880/560 .event anyedge, v0x94d114f00_2239, v0x94d114f00_2240, v0x94d114f00_2241, v0x94d114f00_2242;
v0x94d114f00_2243 .array/port v0x94d114f00, 2243;
v0x94d114f00_2244 .array/port v0x94d114f00, 2244;
v0x94d114f00_2245 .array/port v0x94d114f00, 2245;
v0x94d114f00_2246 .array/port v0x94d114f00, 2246;
E_0x94d065880/561 .event anyedge, v0x94d114f00_2243, v0x94d114f00_2244, v0x94d114f00_2245, v0x94d114f00_2246;
v0x94d114f00_2247 .array/port v0x94d114f00, 2247;
v0x94d114f00_2248 .array/port v0x94d114f00, 2248;
v0x94d114f00_2249 .array/port v0x94d114f00, 2249;
v0x94d114f00_2250 .array/port v0x94d114f00, 2250;
E_0x94d065880/562 .event anyedge, v0x94d114f00_2247, v0x94d114f00_2248, v0x94d114f00_2249, v0x94d114f00_2250;
v0x94d114f00_2251 .array/port v0x94d114f00, 2251;
v0x94d114f00_2252 .array/port v0x94d114f00, 2252;
v0x94d114f00_2253 .array/port v0x94d114f00, 2253;
v0x94d114f00_2254 .array/port v0x94d114f00, 2254;
E_0x94d065880/563 .event anyedge, v0x94d114f00_2251, v0x94d114f00_2252, v0x94d114f00_2253, v0x94d114f00_2254;
v0x94d114f00_2255 .array/port v0x94d114f00, 2255;
v0x94d114f00_2256 .array/port v0x94d114f00, 2256;
v0x94d114f00_2257 .array/port v0x94d114f00, 2257;
v0x94d114f00_2258 .array/port v0x94d114f00, 2258;
E_0x94d065880/564 .event anyedge, v0x94d114f00_2255, v0x94d114f00_2256, v0x94d114f00_2257, v0x94d114f00_2258;
v0x94d114f00_2259 .array/port v0x94d114f00, 2259;
v0x94d114f00_2260 .array/port v0x94d114f00, 2260;
v0x94d114f00_2261 .array/port v0x94d114f00, 2261;
v0x94d114f00_2262 .array/port v0x94d114f00, 2262;
E_0x94d065880/565 .event anyedge, v0x94d114f00_2259, v0x94d114f00_2260, v0x94d114f00_2261, v0x94d114f00_2262;
v0x94d114f00_2263 .array/port v0x94d114f00, 2263;
v0x94d114f00_2264 .array/port v0x94d114f00, 2264;
v0x94d114f00_2265 .array/port v0x94d114f00, 2265;
v0x94d114f00_2266 .array/port v0x94d114f00, 2266;
E_0x94d065880/566 .event anyedge, v0x94d114f00_2263, v0x94d114f00_2264, v0x94d114f00_2265, v0x94d114f00_2266;
v0x94d114f00_2267 .array/port v0x94d114f00, 2267;
v0x94d114f00_2268 .array/port v0x94d114f00, 2268;
v0x94d114f00_2269 .array/port v0x94d114f00, 2269;
v0x94d114f00_2270 .array/port v0x94d114f00, 2270;
E_0x94d065880/567 .event anyedge, v0x94d114f00_2267, v0x94d114f00_2268, v0x94d114f00_2269, v0x94d114f00_2270;
v0x94d114f00_2271 .array/port v0x94d114f00, 2271;
v0x94d114f00_2272 .array/port v0x94d114f00, 2272;
v0x94d114f00_2273 .array/port v0x94d114f00, 2273;
v0x94d114f00_2274 .array/port v0x94d114f00, 2274;
E_0x94d065880/568 .event anyedge, v0x94d114f00_2271, v0x94d114f00_2272, v0x94d114f00_2273, v0x94d114f00_2274;
v0x94d114f00_2275 .array/port v0x94d114f00, 2275;
v0x94d114f00_2276 .array/port v0x94d114f00, 2276;
v0x94d114f00_2277 .array/port v0x94d114f00, 2277;
v0x94d114f00_2278 .array/port v0x94d114f00, 2278;
E_0x94d065880/569 .event anyedge, v0x94d114f00_2275, v0x94d114f00_2276, v0x94d114f00_2277, v0x94d114f00_2278;
v0x94d114f00_2279 .array/port v0x94d114f00, 2279;
v0x94d114f00_2280 .array/port v0x94d114f00, 2280;
v0x94d114f00_2281 .array/port v0x94d114f00, 2281;
v0x94d114f00_2282 .array/port v0x94d114f00, 2282;
E_0x94d065880/570 .event anyedge, v0x94d114f00_2279, v0x94d114f00_2280, v0x94d114f00_2281, v0x94d114f00_2282;
v0x94d114f00_2283 .array/port v0x94d114f00, 2283;
v0x94d114f00_2284 .array/port v0x94d114f00, 2284;
v0x94d114f00_2285 .array/port v0x94d114f00, 2285;
v0x94d114f00_2286 .array/port v0x94d114f00, 2286;
E_0x94d065880/571 .event anyedge, v0x94d114f00_2283, v0x94d114f00_2284, v0x94d114f00_2285, v0x94d114f00_2286;
v0x94d114f00_2287 .array/port v0x94d114f00, 2287;
v0x94d114f00_2288 .array/port v0x94d114f00, 2288;
v0x94d114f00_2289 .array/port v0x94d114f00, 2289;
v0x94d114f00_2290 .array/port v0x94d114f00, 2290;
E_0x94d065880/572 .event anyedge, v0x94d114f00_2287, v0x94d114f00_2288, v0x94d114f00_2289, v0x94d114f00_2290;
v0x94d114f00_2291 .array/port v0x94d114f00, 2291;
v0x94d114f00_2292 .array/port v0x94d114f00, 2292;
v0x94d114f00_2293 .array/port v0x94d114f00, 2293;
v0x94d114f00_2294 .array/port v0x94d114f00, 2294;
E_0x94d065880/573 .event anyedge, v0x94d114f00_2291, v0x94d114f00_2292, v0x94d114f00_2293, v0x94d114f00_2294;
v0x94d114f00_2295 .array/port v0x94d114f00, 2295;
v0x94d114f00_2296 .array/port v0x94d114f00, 2296;
v0x94d114f00_2297 .array/port v0x94d114f00, 2297;
v0x94d114f00_2298 .array/port v0x94d114f00, 2298;
E_0x94d065880/574 .event anyedge, v0x94d114f00_2295, v0x94d114f00_2296, v0x94d114f00_2297, v0x94d114f00_2298;
v0x94d114f00_2299 .array/port v0x94d114f00, 2299;
v0x94d114f00_2300 .array/port v0x94d114f00, 2300;
v0x94d114f00_2301 .array/port v0x94d114f00, 2301;
v0x94d114f00_2302 .array/port v0x94d114f00, 2302;
E_0x94d065880/575 .event anyedge, v0x94d114f00_2299, v0x94d114f00_2300, v0x94d114f00_2301, v0x94d114f00_2302;
v0x94d114f00_2303 .array/port v0x94d114f00, 2303;
v0x94d114f00_2304 .array/port v0x94d114f00, 2304;
v0x94d114f00_2305 .array/port v0x94d114f00, 2305;
v0x94d114f00_2306 .array/port v0x94d114f00, 2306;
E_0x94d065880/576 .event anyedge, v0x94d114f00_2303, v0x94d114f00_2304, v0x94d114f00_2305, v0x94d114f00_2306;
v0x94d114f00_2307 .array/port v0x94d114f00, 2307;
v0x94d114f00_2308 .array/port v0x94d114f00, 2308;
v0x94d114f00_2309 .array/port v0x94d114f00, 2309;
v0x94d114f00_2310 .array/port v0x94d114f00, 2310;
E_0x94d065880/577 .event anyedge, v0x94d114f00_2307, v0x94d114f00_2308, v0x94d114f00_2309, v0x94d114f00_2310;
v0x94d114f00_2311 .array/port v0x94d114f00, 2311;
v0x94d114f00_2312 .array/port v0x94d114f00, 2312;
v0x94d114f00_2313 .array/port v0x94d114f00, 2313;
v0x94d114f00_2314 .array/port v0x94d114f00, 2314;
E_0x94d065880/578 .event anyedge, v0x94d114f00_2311, v0x94d114f00_2312, v0x94d114f00_2313, v0x94d114f00_2314;
v0x94d114f00_2315 .array/port v0x94d114f00, 2315;
v0x94d114f00_2316 .array/port v0x94d114f00, 2316;
v0x94d114f00_2317 .array/port v0x94d114f00, 2317;
v0x94d114f00_2318 .array/port v0x94d114f00, 2318;
E_0x94d065880/579 .event anyedge, v0x94d114f00_2315, v0x94d114f00_2316, v0x94d114f00_2317, v0x94d114f00_2318;
v0x94d114f00_2319 .array/port v0x94d114f00, 2319;
v0x94d114f00_2320 .array/port v0x94d114f00, 2320;
v0x94d114f00_2321 .array/port v0x94d114f00, 2321;
v0x94d114f00_2322 .array/port v0x94d114f00, 2322;
E_0x94d065880/580 .event anyedge, v0x94d114f00_2319, v0x94d114f00_2320, v0x94d114f00_2321, v0x94d114f00_2322;
v0x94d114f00_2323 .array/port v0x94d114f00, 2323;
v0x94d114f00_2324 .array/port v0x94d114f00, 2324;
v0x94d114f00_2325 .array/port v0x94d114f00, 2325;
v0x94d114f00_2326 .array/port v0x94d114f00, 2326;
E_0x94d065880/581 .event anyedge, v0x94d114f00_2323, v0x94d114f00_2324, v0x94d114f00_2325, v0x94d114f00_2326;
v0x94d114f00_2327 .array/port v0x94d114f00, 2327;
v0x94d114f00_2328 .array/port v0x94d114f00, 2328;
v0x94d114f00_2329 .array/port v0x94d114f00, 2329;
v0x94d114f00_2330 .array/port v0x94d114f00, 2330;
E_0x94d065880/582 .event anyedge, v0x94d114f00_2327, v0x94d114f00_2328, v0x94d114f00_2329, v0x94d114f00_2330;
v0x94d114f00_2331 .array/port v0x94d114f00, 2331;
v0x94d114f00_2332 .array/port v0x94d114f00, 2332;
v0x94d114f00_2333 .array/port v0x94d114f00, 2333;
v0x94d114f00_2334 .array/port v0x94d114f00, 2334;
E_0x94d065880/583 .event anyedge, v0x94d114f00_2331, v0x94d114f00_2332, v0x94d114f00_2333, v0x94d114f00_2334;
v0x94d114f00_2335 .array/port v0x94d114f00, 2335;
v0x94d114f00_2336 .array/port v0x94d114f00, 2336;
v0x94d114f00_2337 .array/port v0x94d114f00, 2337;
v0x94d114f00_2338 .array/port v0x94d114f00, 2338;
E_0x94d065880/584 .event anyedge, v0x94d114f00_2335, v0x94d114f00_2336, v0x94d114f00_2337, v0x94d114f00_2338;
v0x94d114f00_2339 .array/port v0x94d114f00, 2339;
v0x94d114f00_2340 .array/port v0x94d114f00, 2340;
v0x94d114f00_2341 .array/port v0x94d114f00, 2341;
v0x94d114f00_2342 .array/port v0x94d114f00, 2342;
E_0x94d065880/585 .event anyedge, v0x94d114f00_2339, v0x94d114f00_2340, v0x94d114f00_2341, v0x94d114f00_2342;
v0x94d114f00_2343 .array/port v0x94d114f00, 2343;
v0x94d114f00_2344 .array/port v0x94d114f00, 2344;
v0x94d114f00_2345 .array/port v0x94d114f00, 2345;
v0x94d114f00_2346 .array/port v0x94d114f00, 2346;
E_0x94d065880/586 .event anyedge, v0x94d114f00_2343, v0x94d114f00_2344, v0x94d114f00_2345, v0x94d114f00_2346;
v0x94d114f00_2347 .array/port v0x94d114f00, 2347;
v0x94d114f00_2348 .array/port v0x94d114f00, 2348;
v0x94d114f00_2349 .array/port v0x94d114f00, 2349;
v0x94d114f00_2350 .array/port v0x94d114f00, 2350;
E_0x94d065880/587 .event anyedge, v0x94d114f00_2347, v0x94d114f00_2348, v0x94d114f00_2349, v0x94d114f00_2350;
v0x94d114f00_2351 .array/port v0x94d114f00, 2351;
v0x94d114f00_2352 .array/port v0x94d114f00, 2352;
v0x94d114f00_2353 .array/port v0x94d114f00, 2353;
v0x94d114f00_2354 .array/port v0x94d114f00, 2354;
E_0x94d065880/588 .event anyedge, v0x94d114f00_2351, v0x94d114f00_2352, v0x94d114f00_2353, v0x94d114f00_2354;
v0x94d114f00_2355 .array/port v0x94d114f00, 2355;
v0x94d114f00_2356 .array/port v0x94d114f00, 2356;
v0x94d114f00_2357 .array/port v0x94d114f00, 2357;
v0x94d114f00_2358 .array/port v0x94d114f00, 2358;
E_0x94d065880/589 .event anyedge, v0x94d114f00_2355, v0x94d114f00_2356, v0x94d114f00_2357, v0x94d114f00_2358;
v0x94d114f00_2359 .array/port v0x94d114f00, 2359;
v0x94d114f00_2360 .array/port v0x94d114f00, 2360;
v0x94d114f00_2361 .array/port v0x94d114f00, 2361;
v0x94d114f00_2362 .array/port v0x94d114f00, 2362;
E_0x94d065880/590 .event anyedge, v0x94d114f00_2359, v0x94d114f00_2360, v0x94d114f00_2361, v0x94d114f00_2362;
v0x94d114f00_2363 .array/port v0x94d114f00, 2363;
v0x94d114f00_2364 .array/port v0x94d114f00, 2364;
v0x94d114f00_2365 .array/port v0x94d114f00, 2365;
v0x94d114f00_2366 .array/port v0x94d114f00, 2366;
E_0x94d065880/591 .event anyedge, v0x94d114f00_2363, v0x94d114f00_2364, v0x94d114f00_2365, v0x94d114f00_2366;
v0x94d114f00_2367 .array/port v0x94d114f00, 2367;
v0x94d114f00_2368 .array/port v0x94d114f00, 2368;
v0x94d114f00_2369 .array/port v0x94d114f00, 2369;
v0x94d114f00_2370 .array/port v0x94d114f00, 2370;
E_0x94d065880/592 .event anyedge, v0x94d114f00_2367, v0x94d114f00_2368, v0x94d114f00_2369, v0x94d114f00_2370;
v0x94d114f00_2371 .array/port v0x94d114f00, 2371;
v0x94d114f00_2372 .array/port v0x94d114f00, 2372;
v0x94d114f00_2373 .array/port v0x94d114f00, 2373;
v0x94d114f00_2374 .array/port v0x94d114f00, 2374;
E_0x94d065880/593 .event anyedge, v0x94d114f00_2371, v0x94d114f00_2372, v0x94d114f00_2373, v0x94d114f00_2374;
v0x94d114f00_2375 .array/port v0x94d114f00, 2375;
v0x94d114f00_2376 .array/port v0x94d114f00, 2376;
v0x94d114f00_2377 .array/port v0x94d114f00, 2377;
v0x94d114f00_2378 .array/port v0x94d114f00, 2378;
E_0x94d065880/594 .event anyedge, v0x94d114f00_2375, v0x94d114f00_2376, v0x94d114f00_2377, v0x94d114f00_2378;
v0x94d114f00_2379 .array/port v0x94d114f00, 2379;
v0x94d114f00_2380 .array/port v0x94d114f00, 2380;
v0x94d114f00_2381 .array/port v0x94d114f00, 2381;
v0x94d114f00_2382 .array/port v0x94d114f00, 2382;
E_0x94d065880/595 .event anyedge, v0x94d114f00_2379, v0x94d114f00_2380, v0x94d114f00_2381, v0x94d114f00_2382;
v0x94d114f00_2383 .array/port v0x94d114f00, 2383;
v0x94d114f00_2384 .array/port v0x94d114f00, 2384;
v0x94d114f00_2385 .array/port v0x94d114f00, 2385;
v0x94d114f00_2386 .array/port v0x94d114f00, 2386;
E_0x94d065880/596 .event anyedge, v0x94d114f00_2383, v0x94d114f00_2384, v0x94d114f00_2385, v0x94d114f00_2386;
v0x94d114f00_2387 .array/port v0x94d114f00, 2387;
v0x94d114f00_2388 .array/port v0x94d114f00, 2388;
v0x94d114f00_2389 .array/port v0x94d114f00, 2389;
v0x94d114f00_2390 .array/port v0x94d114f00, 2390;
E_0x94d065880/597 .event anyedge, v0x94d114f00_2387, v0x94d114f00_2388, v0x94d114f00_2389, v0x94d114f00_2390;
v0x94d114f00_2391 .array/port v0x94d114f00, 2391;
v0x94d114f00_2392 .array/port v0x94d114f00, 2392;
v0x94d114f00_2393 .array/port v0x94d114f00, 2393;
v0x94d114f00_2394 .array/port v0x94d114f00, 2394;
E_0x94d065880/598 .event anyedge, v0x94d114f00_2391, v0x94d114f00_2392, v0x94d114f00_2393, v0x94d114f00_2394;
v0x94d114f00_2395 .array/port v0x94d114f00, 2395;
v0x94d114f00_2396 .array/port v0x94d114f00, 2396;
v0x94d114f00_2397 .array/port v0x94d114f00, 2397;
v0x94d114f00_2398 .array/port v0x94d114f00, 2398;
E_0x94d065880/599 .event anyedge, v0x94d114f00_2395, v0x94d114f00_2396, v0x94d114f00_2397, v0x94d114f00_2398;
v0x94d114f00_2399 .array/port v0x94d114f00, 2399;
v0x94d114f00_2400 .array/port v0x94d114f00, 2400;
v0x94d114f00_2401 .array/port v0x94d114f00, 2401;
v0x94d114f00_2402 .array/port v0x94d114f00, 2402;
E_0x94d065880/600 .event anyedge, v0x94d114f00_2399, v0x94d114f00_2400, v0x94d114f00_2401, v0x94d114f00_2402;
v0x94d114f00_2403 .array/port v0x94d114f00, 2403;
v0x94d114f00_2404 .array/port v0x94d114f00, 2404;
v0x94d114f00_2405 .array/port v0x94d114f00, 2405;
v0x94d114f00_2406 .array/port v0x94d114f00, 2406;
E_0x94d065880/601 .event anyedge, v0x94d114f00_2403, v0x94d114f00_2404, v0x94d114f00_2405, v0x94d114f00_2406;
v0x94d114f00_2407 .array/port v0x94d114f00, 2407;
v0x94d114f00_2408 .array/port v0x94d114f00, 2408;
v0x94d114f00_2409 .array/port v0x94d114f00, 2409;
v0x94d114f00_2410 .array/port v0x94d114f00, 2410;
E_0x94d065880/602 .event anyedge, v0x94d114f00_2407, v0x94d114f00_2408, v0x94d114f00_2409, v0x94d114f00_2410;
v0x94d114f00_2411 .array/port v0x94d114f00, 2411;
v0x94d114f00_2412 .array/port v0x94d114f00, 2412;
v0x94d114f00_2413 .array/port v0x94d114f00, 2413;
v0x94d114f00_2414 .array/port v0x94d114f00, 2414;
E_0x94d065880/603 .event anyedge, v0x94d114f00_2411, v0x94d114f00_2412, v0x94d114f00_2413, v0x94d114f00_2414;
v0x94d114f00_2415 .array/port v0x94d114f00, 2415;
v0x94d114f00_2416 .array/port v0x94d114f00, 2416;
v0x94d114f00_2417 .array/port v0x94d114f00, 2417;
v0x94d114f00_2418 .array/port v0x94d114f00, 2418;
E_0x94d065880/604 .event anyedge, v0x94d114f00_2415, v0x94d114f00_2416, v0x94d114f00_2417, v0x94d114f00_2418;
v0x94d114f00_2419 .array/port v0x94d114f00, 2419;
v0x94d114f00_2420 .array/port v0x94d114f00, 2420;
v0x94d114f00_2421 .array/port v0x94d114f00, 2421;
v0x94d114f00_2422 .array/port v0x94d114f00, 2422;
E_0x94d065880/605 .event anyedge, v0x94d114f00_2419, v0x94d114f00_2420, v0x94d114f00_2421, v0x94d114f00_2422;
v0x94d114f00_2423 .array/port v0x94d114f00, 2423;
v0x94d114f00_2424 .array/port v0x94d114f00, 2424;
v0x94d114f00_2425 .array/port v0x94d114f00, 2425;
v0x94d114f00_2426 .array/port v0x94d114f00, 2426;
E_0x94d065880/606 .event anyedge, v0x94d114f00_2423, v0x94d114f00_2424, v0x94d114f00_2425, v0x94d114f00_2426;
v0x94d114f00_2427 .array/port v0x94d114f00, 2427;
v0x94d114f00_2428 .array/port v0x94d114f00, 2428;
v0x94d114f00_2429 .array/port v0x94d114f00, 2429;
v0x94d114f00_2430 .array/port v0x94d114f00, 2430;
E_0x94d065880/607 .event anyedge, v0x94d114f00_2427, v0x94d114f00_2428, v0x94d114f00_2429, v0x94d114f00_2430;
v0x94d114f00_2431 .array/port v0x94d114f00, 2431;
v0x94d114f00_2432 .array/port v0x94d114f00, 2432;
v0x94d114f00_2433 .array/port v0x94d114f00, 2433;
v0x94d114f00_2434 .array/port v0x94d114f00, 2434;
E_0x94d065880/608 .event anyedge, v0x94d114f00_2431, v0x94d114f00_2432, v0x94d114f00_2433, v0x94d114f00_2434;
v0x94d114f00_2435 .array/port v0x94d114f00, 2435;
v0x94d114f00_2436 .array/port v0x94d114f00, 2436;
v0x94d114f00_2437 .array/port v0x94d114f00, 2437;
v0x94d114f00_2438 .array/port v0x94d114f00, 2438;
E_0x94d065880/609 .event anyedge, v0x94d114f00_2435, v0x94d114f00_2436, v0x94d114f00_2437, v0x94d114f00_2438;
v0x94d114f00_2439 .array/port v0x94d114f00, 2439;
v0x94d114f00_2440 .array/port v0x94d114f00, 2440;
v0x94d114f00_2441 .array/port v0x94d114f00, 2441;
v0x94d114f00_2442 .array/port v0x94d114f00, 2442;
E_0x94d065880/610 .event anyedge, v0x94d114f00_2439, v0x94d114f00_2440, v0x94d114f00_2441, v0x94d114f00_2442;
v0x94d114f00_2443 .array/port v0x94d114f00, 2443;
v0x94d114f00_2444 .array/port v0x94d114f00, 2444;
v0x94d114f00_2445 .array/port v0x94d114f00, 2445;
v0x94d114f00_2446 .array/port v0x94d114f00, 2446;
E_0x94d065880/611 .event anyedge, v0x94d114f00_2443, v0x94d114f00_2444, v0x94d114f00_2445, v0x94d114f00_2446;
v0x94d114f00_2447 .array/port v0x94d114f00, 2447;
v0x94d114f00_2448 .array/port v0x94d114f00, 2448;
v0x94d114f00_2449 .array/port v0x94d114f00, 2449;
v0x94d114f00_2450 .array/port v0x94d114f00, 2450;
E_0x94d065880/612 .event anyedge, v0x94d114f00_2447, v0x94d114f00_2448, v0x94d114f00_2449, v0x94d114f00_2450;
v0x94d114f00_2451 .array/port v0x94d114f00, 2451;
v0x94d114f00_2452 .array/port v0x94d114f00, 2452;
v0x94d114f00_2453 .array/port v0x94d114f00, 2453;
v0x94d114f00_2454 .array/port v0x94d114f00, 2454;
E_0x94d065880/613 .event anyedge, v0x94d114f00_2451, v0x94d114f00_2452, v0x94d114f00_2453, v0x94d114f00_2454;
v0x94d114f00_2455 .array/port v0x94d114f00, 2455;
v0x94d114f00_2456 .array/port v0x94d114f00, 2456;
v0x94d114f00_2457 .array/port v0x94d114f00, 2457;
v0x94d114f00_2458 .array/port v0x94d114f00, 2458;
E_0x94d065880/614 .event anyedge, v0x94d114f00_2455, v0x94d114f00_2456, v0x94d114f00_2457, v0x94d114f00_2458;
v0x94d114f00_2459 .array/port v0x94d114f00, 2459;
v0x94d114f00_2460 .array/port v0x94d114f00, 2460;
v0x94d114f00_2461 .array/port v0x94d114f00, 2461;
v0x94d114f00_2462 .array/port v0x94d114f00, 2462;
E_0x94d065880/615 .event anyedge, v0x94d114f00_2459, v0x94d114f00_2460, v0x94d114f00_2461, v0x94d114f00_2462;
v0x94d114f00_2463 .array/port v0x94d114f00, 2463;
v0x94d114f00_2464 .array/port v0x94d114f00, 2464;
v0x94d114f00_2465 .array/port v0x94d114f00, 2465;
v0x94d114f00_2466 .array/port v0x94d114f00, 2466;
E_0x94d065880/616 .event anyedge, v0x94d114f00_2463, v0x94d114f00_2464, v0x94d114f00_2465, v0x94d114f00_2466;
v0x94d114f00_2467 .array/port v0x94d114f00, 2467;
v0x94d114f00_2468 .array/port v0x94d114f00, 2468;
v0x94d114f00_2469 .array/port v0x94d114f00, 2469;
v0x94d114f00_2470 .array/port v0x94d114f00, 2470;
E_0x94d065880/617 .event anyedge, v0x94d114f00_2467, v0x94d114f00_2468, v0x94d114f00_2469, v0x94d114f00_2470;
v0x94d114f00_2471 .array/port v0x94d114f00, 2471;
v0x94d114f00_2472 .array/port v0x94d114f00, 2472;
v0x94d114f00_2473 .array/port v0x94d114f00, 2473;
v0x94d114f00_2474 .array/port v0x94d114f00, 2474;
E_0x94d065880/618 .event anyedge, v0x94d114f00_2471, v0x94d114f00_2472, v0x94d114f00_2473, v0x94d114f00_2474;
v0x94d114f00_2475 .array/port v0x94d114f00, 2475;
v0x94d114f00_2476 .array/port v0x94d114f00, 2476;
v0x94d114f00_2477 .array/port v0x94d114f00, 2477;
v0x94d114f00_2478 .array/port v0x94d114f00, 2478;
E_0x94d065880/619 .event anyedge, v0x94d114f00_2475, v0x94d114f00_2476, v0x94d114f00_2477, v0x94d114f00_2478;
v0x94d114f00_2479 .array/port v0x94d114f00, 2479;
v0x94d114f00_2480 .array/port v0x94d114f00, 2480;
v0x94d114f00_2481 .array/port v0x94d114f00, 2481;
v0x94d114f00_2482 .array/port v0x94d114f00, 2482;
E_0x94d065880/620 .event anyedge, v0x94d114f00_2479, v0x94d114f00_2480, v0x94d114f00_2481, v0x94d114f00_2482;
v0x94d114f00_2483 .array/port v0x94d114f00, 2483;
v0x94d114f00_2484 .array/port v0x94d114f00, 2484;
v0x94d114f00_2485 .array/port v0x94d114f00, 2485;
v0x94d114f00_2486 .array/port v0x94d114f00, 2486;
E_0x94d065880/621 .event anyedge, v0x94d114f00_2483, v0x94d114f00_2484, v0x94d114f00_2485, v0x94d114f00_2486;
v0x94d114f00_2487 .array/port v0x94d114f00, 2487;
v0x94d114f00_2488 .array/port v0x94d114f00, 2488;
v0x94d114f00_2489 .array/port v0x94d114f00, 2489;
v0x94d114f00_2490 .array/port v0x94d114f00, 2490;
E_0x94d065880/622 .event anyedge, v0x94d114f00_2487, v0x94d114f00_2488, v0x94d114f00_2489, v0x94d114f00_2490;
v0x94d114f00_2491 .array/port v0x94d114f00, 2491;
v0x94d114f00_2492 .array/port v0x94d114f00, 2492;
v0x94d114f00_2493 .array/port v0x94d114f00, 2493;
v0x94d114f00_2494 .array/port v0x94d114f00, 2494;
E_0x94d065880/623 .event anyedge, v0x94d114f00_2491, v0x94d114f00_2492, v0x94d114f00_2493, v0x94d114f00_2494;
v0x94d114f00_2495 .array/port v0x94d114f00, 2495;
v0x94d114f00_2496 .array/port v0x94d114f00, 2496;
v0x94d114f00_2497 .array/port v0x94d114f00, 2497;
v0x94d114f00_2498 .array/port v0x94d114f00, 2498;
E_0x94d065880/624 .event anyedge, v0x94d114f00_2495, v0x94d114f00_2496, v0x94d114f00_2497, v0x94d114f00_2498;
v0x94d114f00_2499 .array/port v0x94d114f00, 2499;
v0x94d114f00_2500 .array/port v0x94d114f00, 2500;
v0x94d114f00_2501 .array/port v0x94d114f00, 2501;
v0x94d114f00_2502 .array/port v0x94d114f00, 2502;
E_0x94d065880/625 .event anyedge, v0x94d114f00_2499, v0x94d114f00_2500, v0x94d114f00_2501, v0x94d114f00_2502;
v0x94d114f00_2503 .array/port v0x94d114f00, 2503;
v0x94d114f00_2504 .array/port v0x94d114f00, 2504;
v0x94d114f00_2505 .array/port v0x94d114f00, 2505;
v0x94d114f00_2506 .array/port v0x94d114f00, 2506;
E_0x94d065880/626 .event anyedge, v0x94d114f00_2503, v0x94d114f00_2504, v0x94d114f00_2505, v0x94d114f00_2506;
v0x94d114f00_2507 .array/port v0x94d114f00, 2507;
v0x94d114f00_2508 .array/port v0x94d114f00, 2508;
v0x94d114f00_2509 .array/port v0x94d114f00, 2509;
v0x94d114f00_2510 .array/port v0x94d114f00, 2510;
E_0x94d065880/627 .event anyedge, v0x94d114f00_2507, v0x94d114f00_2508, v0x94d114f00_2509, v0x94d114f00_2510;
v0x94d114f00_2511 .array/port v0x94d114f00, 2511;
v0x94d114f00_2512 .array/port v0x94d114f00, 2512;
v0x94d114f00_2513 .array/port v0x94d114f00, 2513;
v0x94d114f00_2514 .array/port v0x94d114f00, 2514;
E_0x94d065880/628 .event anyedge, v0x94d114f00_2511, v0x94d114f00_2512, v0x94d114f00_2513, v0x94d114f00_2514;
v0x94d114f00_2515 .array/port v0x94d114f00, 2515;
v0x94d114f00_2516 .array/port v0x94d114f00, 2516;
v0x94d114f00_2517 .array/port v0x94d114f00, 2517;
v0x94d114f00_2518 .array/port v0x94d114f00, 2518;
E_0x94d065880/629 .event anyedge, v0x94d114f00_2515, v0x94d114f00_2516, v0x94d114f00_2517, v0x94d114f00_2518;
v0x94d114f00_2519 .array/port v0x94d114f00, 2519;
v0x94d114f00_2520 .array/port v0x94d114f00, 2520;
v0x94d114f00_2521 .array/port v0x94d114f00, 2521;
v0x94d114f00_2522 .array/port v0x94d114f00, 2522;
E_0x94d065880/630 .event anyedge, v0x94d114f00_2519, v0x94d114f00_2520, v0x94d114f00_2521, v0x94d114f00_2522;
v0x94d114f00_2523 .array/port v0x94d114f00, 2523;
v0x94d114f00_2524 .array/port v0x94d114f00, 2524;
v0x94d114f00_2525 .array/port v0x94d114f00, 2525;
v0x94d114f00_2526 .array/port v0x94d114f00, 2526;
E_0x94d065880/631 .event anyedge, v0x94d114f00_2523, v0x94d114f00_2524, v0x94d114f00_2525, v0x94d114f00_2526;
v0x94d114f00_2527 .array/port v0x94d114f00, 2527;
v0x94d114f00_2528 .array/port v0x94d114f00, 2528;
v0x94d114f00_2529 .array/port v0x94d114f00, 2529;
v0x94d114f00_2530 .array/port v0x94d114f00, 2530;
E_0x94d065880/632 .event anyedge, v0x94d114f00_2527, v0x94d114f00_2528, v0x94d114f00_2529, v0x94d114f00_2530;
v0x94d114f00_2531 .array/port v0x94d114f00, 2531;
v0x94d114f00_2532 .array/port v0x94d114f00, 2532;
v0x94d114f00_2533 .array/port v0x94d114f00, 2533;
v0x94d114f00_2534 .array/port v0x94d114f00, 2534;
E_0x94d065880/633 .event anyedge, v0x94d114f00_2531, v0x94d114f00_2532, v0x94d114f00_2533, v0x94d114f00_2534;
v0x94d114f00_2535 .array/port v0x94d114f00, 2535;
v0x94d114f00_2536 .array/port v0x94d114f00, 2536;
v0x94d114f00_2537 .array/port v0x94d114f00, 2537;
v0x94d114f00_2538 .array/port v0x94d114f00, 2538;
E_0x94d065880/634 .event anyedge, v0x94d114f00_2535, v0x94d114f00_2536, v0x94d114f00_2537, v0x94d114f00_2538;
v0x94d114f00_2539 .array/port v0x94d114f00, 2539;
v0x94d114f00_2540 .array/port v0x94d114f00, 2540;
v0x94d114f00_2541 .array/port v0x94d114f00, 2541;
v0x94d114f00_2542 .array/port v0x94d114f00, 2542;
E_0x94d065880/635 .event anyedge, v0x94d114f00_2539, v0x94d114f00_2540, v0x94d114f00_2541, v0x94d114f00_2542;
v0x94d114f00_2543 .array/port v0x94d114f00, 2543;
v0x94d114f00_2544 .array/port v0x94d114f00, 2544;
v0x94d114f00_2545 .array/port v0x94d114f00, 2545;
v0x94d114f00_2546 .array/port v0x94d114f00, 2546;
E_0x94d065880/636 .event anyedge, v0x94d114f00_2543, v0x94d114f00_2544, v0x94d114f00_2545, v0x94d114f00_2546;
v0x94d114f00_2547 .array/port v0x94d114f00, 2547;
v0x94d114f00_2548 .array/port v0x94d114f00, 2548;
v0x94d114f00_2549 .array/port v0x94d114f00, 2549;
v0x94d114f00_2550 .array/port v0x94d114f00, 2550;
E_0x94d065880/637 .event anyedge, v0x94d114f00_2547, v0x94d114f00_2548, v0x94d114f00_2549, v0x94d114f00_2550;
v0x94d114f00_2551 .array/port v0x94d114f00, 2551;
v0x94d114f00_2552 .array/port v0x94d114f00, 2552;
v0x94d114f00_2553 .array/port v0x94d114f00, 2553;
v0x94d114f00_2554 .array/port v0x94d114f00, 2554;
E_0x94d065880/638 .event anyedge, v0x94d114f00_2551, v0x94d114f00_2552, v0x94d114f00_2553, v0x94d114f00_2554;
v0x94d114f00_2555 .array/port v0x94d114f00, 2555;
v0x94d114f00_2556 .array/port v0x94d114f00, 2556;
v0x94d114f00_2557 .array/port v0x94d114f00, 2557;
v0x94d114f00_2558 .array/port v0x94d114f00, 2558;
E_0x94d065880/639 .event anyedge, v0x94d114f00_2555, v0x94d114f00_2556, v0x94d114f00_2557, v0x94d114f00_2558;
v0x94d114f00_2559 .array/port v0x94d114f00, 2559;
v0x94d114f00_2560 .array/port v0x94d114f00, 2560;
v0x94d114f00_2561 .array/port v0x94d114f00, 2561;
v0x94d114f00_2562 .array/port v0x94d114f00, 2562;
E_0x94d065880/640 .event anyedge, v0x94d114f00_2559, v0x94d114f00_2560, v0x94d114f00_2561, v0x94d114f00_2562;
v0x94d114f00_2563 .array/port v0x94d114f00, 2563;
v0x94d114f00_2564 .array/port v0x94d114f00, 2564;
v0x94d114f00_2565 .array/port v0x94d114f00, 2565;
v0x94d114f00_2566 .array/port v0x94d114f00, 2566;
E_0x94d065880/641 .event anyedge, v0x94d114f00_2563, v0x94d114f00_2564, v0x94d114f00_2565, v0x94d114f00_2566;
v0x94d114f00_2567 .array/port v0x94d114f00, 2567;
v0x94d114f00_2568 .array/port v0x94d114f00, 2568;
v0x94d114f00_2569 .array/port v0x94d114f00, 2569;
v0x94d114f00_2570 .array/port v0x94d114f00, 2570;
E_0x94d065880/642 .event anyedge, v0x94d114f00_2567, v0x94d114f00_2568, v0x94d114f00_2569, v0x94d114f00_2570;
v0x94d114f00_2571 .array/port v0x94d114f00, 2571;
v0x94d114f00_2572 .array/port v0x94d114f00, 2572;
v0x94d114f00_2573 .array/port v0x94d114f00, 2573;
v0x94d114f00_2574 .array/port v0x94d114f00, 2574;
E_0x94d065880/643 .event anyedge, v0x94d114f00_2571, v0x94d114f00_2572, v0x94d114f00_2573, v0x94d114f00_2574;
v0x94d114f00_2575 .array/port v0x94d114f00, 2575;
v0x94d114f00_2576 .array/port v0x94d114f00, 2576;
v0x94d114f00_2577 .array/port v0x94d114f00, 2577;
v0x94d114f00_2578 .array/port v0x94d114f00, 2578;
E_0x94d065880/644 .event anyedge, v0x94d114f00_2575, v0x94d114f00_2576, v0x94d114f00_2577, v0x94d114f00_2578;
v0x94d114f00_2579 .array/port v0x94d114f00, 2579;
v0x94d114f00_2580 .array/port v0x94d114f00, 2580;
v0x94d114f00_2581 .array/port v0x94d114f00, 2581;
v0x94d114f00_2582 .array/port v0x94d114f00, 2582;
E_0x94d065880/645 .event anyedge, v0x94d114f00_2579, v0x94d114f00_2580, v0x94d114f00_2581, v0x94d114f00_2582;
v0x94d114f00_2583 .array/port v0x94d114f00, 2583;
v0x94d114f00_2584 .array/port v0x94d114f00, 2584;
v0x94d114f00_2585 .array/port v0x94d114f00, 2585;
v0x94d114f00_2586 .array/port v0x94d114f00, 2586;
E_0x94d065880/646 .event anyedge, v0x94d114f00_2583, v0x94d114f00_2584, v0x94d114f00_2585, v0x94d114f00_2586;
v0x94d114f00_2587 .array/port v0x94d114f00, 2587;
v0x94d114f00_2588 .array/port v0x94d114f00, 2588;
v0x94d114f00_2589 .array/port v0x94d114f00, 2589;
v0x94d114f00_2590 .array/port v0x94d114f00, 2590;
E_0x94d065880/647 .event anyedge, v0x94d114f00_2587, v0x94d114f00_2588, v0x94d114f00_2589, v0x94d114f00_2590;
v0x94d114f00_2591 .array/port v0x94d114f00, 2591;
v0x94d114f00_2592 .array/port v0x94d114f00, 2592;
v0x94d114f00_2593 .array/port v0x94d114f00, 2593;
v0x94d114f00_2594 .array/port v0x94d114f00, 2594;
E_0x94d065880/648 .event anyedge, v0x94d114f00_2591, v0x94d114f00_2592, v0x94d114f00_2593, v0x94d114f00_2594;
v0x94d114f00_2595 .array/port v0x94d114f00, 2595;
v0x94d114f00_2596 .array/port v0x94d114f00, 2596;
v0x94d114f00_2597 .array/port v0x94d114f00, 2597;
v0x94d114f00_2598 .array/port v0x94d114f00, 2598;
E_0x94d065880/649 .event anyedge, v0x94d114f00_2595, v0x94d114f00_2596, v0x94d114f00_2597, v0x94d114f00_2598;
v0x94d114f00_2599 .array/port v0x94d114f00, 2599;
v0x94d114f00_2600 .array/port v0x94d114f00, 2600;
v0x94d114f00_2601 .array/port v0x94d114f00, 2601;
v0x94d114f00_2602 .array/port v0x94d114f00, 2602;
E_0x94d065880/650 .event anyedge, v0x94d114f00_2599, v0x94d114f00_2600, v0x94d114f00_2601, v0x94d114f00_2602;
v0x94d114f00_2603 .array/port v0x94d114f00, 2603;
v0x94d114f00_2604 .array/port v0x94d114f00, 2604;
v0x94d114f00_2605 .array/port v0x94d114f00, 2605;
v0x94d114f00_2606 .array/port v0x94d114f00, 2606;
E_0x94d065880/651 .event anyedge, v0x94d114f00_2603, v0x94d114f00_2604, v0x94d114f00_2605, v0x94d114f00_2606;
v0x94d114f00_2607 .array/port v0x94d114f00, 2607;
v0x94d114f00_2608 .array/port v0x94d114f00, 2608;
v0x94d114f00_2609 .array/port v0x94d114f00, 2609;
v0x94d114f00_2610 .array/port v0x94d114f00, 2610;
E_0x94d065880/652 .event anyedge, v0x94d114f00_2607, v0x94d114f00_2608, v0x94d114f00_2609, v0x94d114f00_2610;
v0x94d114f00_2611 .array/port v0x94d114f00, 2611;
v0x94d114f00_2612 .array/port v0x94d114f00, 2612;
v0x94d114f00_2613 .array/port v0x94d114f00, 2613;
v0x94d114f00_2614 .array/port v0x94d114f00, 2614;
E_0x94d065880/653 .event anyedge, v0x94d114f00_2611, v0x94d114f00_2612, v0x94d114f00_2613, v0x94d114f00_2614;
v0x94d114f00_2615 .array/port v0x94d114f00, 2615;
v0x94d114f00_2616 .array/port v0x94d114f00, 2616;
v0x94d114f00_2617 .array/port v0x94d114f00, 2617;
v0x94d114f00_2618 .array/port v0x94d114f00, 2618;
E_0x94d065880/654 .event anyedge, v0x94d114f00_2615, v0x94d114f00_2616, v0x94d114f00_2617, v0x94d114f00_2618;
v0x94d114f00_2619 .array/port v0x94d114f00, 2619;
v0x94d114f00_2620 .array/port v0x94d114f00, 2620;
v0x94d114f00_2621 .array/port v0x94d114f00, 2621;
v0x94d114f00_2622 .array/port v0x94d114f00, 2622;
E_0x94d065880/655 .event anyedge, v0x94d114f00_2619, v0x94d114f00_2620, v0x94d114f00_2621, v0x94d114f00_2622;
v0x94d114f00_2623 .array/port v0x94d114f00, 2623;
v0x94d114f00_2624 .array/port v0x94d114f00, 2624;
v0x94d114f00_2625 .array/port v0x94d114f00, 2625;
v0x94d114f00_2626 .array/port v0x94d114f00, 2626;
E_0x94d065880/656 .event anyedge, v0x94d114f00_2623, v0x94d114f00_2624, v0x94d114f00_2625, v0x94d114f00_2626;
v0x94d114f00_2627 .array/port v0x94d114f00, 2627;
v0x94d114f00_2628 .array/port v0x94d114f00, 2628;
v0x94d114f00_2629 .array/port v0x94d114f00, 2629;
v0x94d114f00_2630 .array/port v0x94d114f00, 2630;
E_0x94d065880/657 .event anyedge, v0x94d114f00_2627, v0x94d114f00_2628, v0x94d114f00_2629, v0x94d114f00_2630;
v0x94d114f00_2631 .array/port v0x94d114f00, 2631;
v0x94d114f00_2632 .array/port v0x94d114f00, 2632;
v0x94d114f00_2633 .array/port v0x94d114f00, 2633;
v0x94d114f00_2634 .array/port v0x94d114f00, 2634;
E_0x94d065880/658 .event anyedge, v0x94d114f00_2631, v0x94d114f00_2632, v0x94d114f00_2633, v0x94d114f00_2634;
v0x94d114f00_2635 .array/port v0x94d114f00, 2635;
v0x94d114f00_2636 .array/port v0x94d114f00, 2636;
v0x94d114f00_2637 .array/port v0x94d114f00, 2637;
v0x94d114f00_2638 .array/port v0x94d114f00, 2638;
E_0x94d065880/659 .event anyedge, v0x94d114f00_2635, v0x94d114f00_2636, v0x94d114f00_2637, v0x94d114f00_2638;
v0x94d114f00_2639 .array/port v0x94d114f00, 2639;
v0x94d114f00_2640 .array/port v0x94d114f00, 2640;
v0x94d114f00_2641 .array/port v0x94d114f00, 2641;
v0x94d114f00_2642 .array/port v0x94d114f00, 2642;
E_0x94d065880/660 .event anyedge, v0x94d114f00_2639, v0x94d114f00_2640, v0x94d114f00_2641, v0x94d114f00_2642;
v0x94d114f00_2643 .array/port v0x94d114f00, 2643;
v0x94d114f00_2644 .array/port v0x94d114f00, 2644;
v0x94d114f00_2645 .array/port v0x94d114f00, 2645;
v0x94d114f00_2646 .array/port v0x94d114f00, 2646;
E_0x94d065880/661 .event anyedge, v0x94d114f00_2643, v0x94d114f00_2644, v0x94d114f00_2645, v0x94d114f00_2646;
v0x94d114f00_2647 .array/port v0x94d114f00, 2647;
v0x94d114f00_2648 .array/port v0x94d114f00, 2648;
v0x94d114f00_2649 .array/port v0x94d114f00, 2649;
v0x94d114f00_2650 .array/port v0x94d114f00, 2650;
E_0x94d065880/662 .event anyedge, v0x94d114f00_2647, v0x94d114f00_2648, v0x94d114f00_2649, v0x94d114f00_2650;
v0x94d114f00_2651 .array/port v0x94d114f00, 2651;
v0x94d114f00_2652 .array/port v0x94d114f00, 2652;
v0x94d114f00_2653 .array/port v0x94d114f00, 2653;
v0x94d114f00_2654 .array/port v0x94d114f00, 2654;
E_0x94d065880/663 .event anyedge, v0x94d114f00_2651, v0x94d114f00_2652, v0x94d114f00_2653, v0x94d114f00_2654;
v0x94d114f00_2655 .array/port v0x94d114f00, 2655;
v0x94d114f00_2656 .array/port v0x94d114f00, 2656;
v0x94d114f00_2657 .array/port v0x94d114f00, 2657;
v0x94d114f00_2658 .array/port v0x94d114f00, 2658;
E_0x94d065880/664 .event anyedge, v0x94d114f00_2655, v0x94d114f00_2656, v0x94d114f00_2657, v0x94d114f00_2658;
v0x94d114f00_2659 .array/port v0x94d114f00, 2659;
v0x94d114f00_2660 .array/port v0x94d114f00, 2660;
v0x94d114f00_2661 .array/port v0x94d114f00, 2661;
v0x94d114f00_2662 .array/port v0x94d114f00, 2662;
E_0x94d065880/665 .event anyedge, v0x94d114f00_2659, v0x94d114f00_2660, v0x94d114f00_2661, v0x94d114f00_2662;
v0x94d114f00_2663 .array/port v0x94d114f00, 2663;
v0x94d114f00_2664 .array/port v0x94d114f00, 2664;
v0x94d114f00_2665 .array/port v0x94d114f00, 2665;
v0x94d114f00_2666 .array/port v0x94d114f00, 2666;
E_0x94d065880/666 .event anyedge, v0x94d114f00_2663, v0x94d114f00_2664, v0x94d114f00_2665, v0x94d114f00_2666;
v0x94d114f00_2667 .array/port v0x94d114f00, 2667;
v0x94d114f00_2668 .array/port v0x94d114f00, 2668;
v0x94d114f00_2669 .array/port v0x94d114f00, 2669;
v0x94d114f00_2670 .array/port v0x94d114f00, 2670;
E_0x94d065880/667 .event anyedge, v0x94d114f00_2667, v0x94d114f00_2668, v0x94d114f00_2669, v0x94d114f00_2670;
v0x94d114f00_2671 .array/port v0x94d114f00, 2671;
v0x94d114f00_2672 .array/port v0x94d114f00, 2672;
v0x94d114f00_2673 .array/port v0x94d114f00, 2673;
v0x94d114f00_2674 .array/port v0x94d114f00, 2674;
E_0x94d065880/668 .event anyedge, v0x94d114f00_2671, v0x94d114f00_2672, v0x94d114f00_2673, v0x94d114f00_2674;
v0x94d114f00_2675 .array/port v0x94d114f00, 2675;
v0x94d114f00_2676 .array/port v0x94d114f00, 2676;
v0x94d114f00_2677 .array/port v0x94d114f00, 2677;
v0x94d114f00_2678 .array/port v0x94d114f00, 2678;
E_0x94d065880/669 .event anyedge, v0x94d114f00_2675, v0x94d114f00_2676, v0x94d114f00_2677, v0x94d114f00_2678;
v0x94d114f00_2679 .array/port v0x94d114f00, 2679;
v0x94d114f00_2680 .array/port v0x94d114f00, 2680;
v0x94d114f00_2681 .array/port v0x94d114f00, 2681;
v0x94d114f00_2682 .array/port v0x94d114f00, 2682;
E_0x94d065880/670 .event anyedge, v0x94d114f00_2679, v0x94d114f00_2680, v0x94d114f00_2681, v0x94d114f00_2682;
v0x94d114f00_2683 .array/port v0x94d114f00, 2683;
v0x94d114f00_2684 .array/port v0x94d114f00, 2684;
v0x94d114f00_2685 .array/port v0x94d114f00, 2685;
v0x94d114f00_2686 .array/port v0x94d114f00, 2686;
E_0x94d065880/671 .event anyedge, v0x94d114f00_2683, v0x94d114f00_2684, v0x94d114f00_2685, v0x94d114f00_2686;
v0x94d114f00_2687 .array/port v0x94d114f00, 2687;
v0x94d114f00_2688 .array/port v0x94d114f00, 2688;
v0x94d114f00_2689 .array/port v0x94d114f00, 2689;
v0x94d114f00_2690 .array/port v0x94d114f00, 2690;
E_0x94d065880/672 .event anyedge, v0x94d114f00_2687, v0x94d114f00_2688, v0x94d114f00_2689, v0x94d114f00_2690;
v0x94d114f00_2691 .array/port v0x94d114f00, 2691;
v0x94d114f00_2692 .array/port v0x94d114f00, 2692;
v0x94d114f00_2693 .array/port v0x94d114f00, 2693;
v0x94d114f00_2694 .array/port v0x94d114f00, 2694;
E_0x94d065880/673 .event anyedge, v0x94d114f00_2691, v0x94d114f00_2692, v0x94d114f00_2693, v0x94d114f00_2694;
v0x94d114f00_2695 .array/port v0x94d114f00, 2695;
v0x94d114f00_2696 .array/port v0x94d114f00, 2696;
v0x94d114f00_2697 .array/port v0x94d114f00, 2697;
v0x94d114f00_2698 .array/port v0x94d114f00, 2698;
E_0x94d065880/674 .event anyedge, v0x94d114f00_2695, v0x94d114f00_2696, v0x94d114f00_2697, v0x94d114f00_2698;
v0x94d114f00_2699 .array/port v0x94d114f00, 2699;
v0x94d114f00_2700 .array/port v0x94d114f00, 2700;
v0x94d114f00_2701 .array/port v0x94d114f00, 2701;
v0x94d114f00_2702 .array/port v0x94d114f00, 2702;
E_0x94d065880/675 .event anyedge, v0x94d114f00_2699, v0x94d114f00_2700, v0x94d114f00_2701, v0x94d114f00_2702;
v0x94d114f00_2703 .array/port v0x94d114f00, 2703;
v0x94d114f00_2704 .array/port v0x94d114f00, 2704;
v0x94d114f00_2705 .array/port v0x94d114f00, 2705;
v0x94d114f00_2706 .array/port v0x94d114f00, 2706;
E_0x94d065880/676 .event anyedge, v0x94d114f00_2703, v0x94d114f00_2704, v0x94d114f00_2705, v0x94d114f00_2706;
v0x94d114f00_2707 .array/port v0x94d114f00, 2707;
v0x94d114f00_2708 .array/port v0x94d114f00, 2708;
v0x94d114f00_2709 .array/port v0x94d114f00, 2709;
v0x94d114f00_2710 .array/port v0x94d114f00, 2710;
E_0x94d065880/677 .event anyedge, v0x94d114f00_2707, v0x94d114f00_2708, v0x94d114f00_2709, v0x94d114f00_2710;
v0x94d114f00_2711 .array/port v0x94d114f00, 2711;
v0x94d114f00_2712 .array/port v0x94d114f00, 2712;
v0x94d114f00_2713 .array/port v0x94d114f00, 2713;
v0x94d114f00_2714 .array/port v0x94d114f00, 2714;
E_0x94d065880/678 .event anyedge, v0x94d114f00_2711, v0x94d114f00_2712, v0x94d114f00_2713, v0x94d114f00_2714;
v0x94d114f00_2715 .array/port v0x94d114f00, 2715;
v0x94d114f00_2716 .array/port v0x94d114f00, 2716;
v0x94d114f00_2717 .array/port v0x94d114f00, 2717;
v0x94d114f00_2718 .array/port v0x94d114f00, 2718;
E_0x94d065880/679 .event anyedge, v0x94d114f00_2715, v0x94d114f00_2716, v0x94d114f00_2717, v0x94d114f00_2718;
v0x94d114f00_2719 .array/port v0x94d114f00, 2719;
v0x94d114f00_2720 .array/port v0x94d114f00, 2720;
v0x94d114f00_2721 .array/port v0x94d114f00, 2721;
v0x94d114f00_2722 .array/port v0x94d114f00, 2722;
E_0x94d065880/680 .event anyedge, v0x94d114f00_2719, v0x94d114f00_2720, v0x94d114f00_2721, v0x94d114f00_2722;
v0x94d114f00_2723 .array/port v0x94d114f00, 2723;
v0x94d114f00_2724 .array/port v0x94d114f00, 2724;
v0x94d114f00_2725 .array/port v0x94d114f00, 2725;
v0x94d114f00_2726 .array/port v0x94d114f00, 2726;
E_0x94d065880/681 .event anyedge, v0x94d114f00_2723, v0x94d114f00_2724, v0x94d114f00_2725, v0x94d114f00_2726;
v0x94d114f00_2727 .array/port v0x94d114f00, 2727;
v0x94d114f00_2728 .array/port v0x94d114f00, 2728;
v0x94d114f00_2729 .array/port v0x94d114f00, 2729;
v0x94d114f00_2730 .array/port v0x94d114f00, 2730;
E_0x94d065880/682 .event anyedge, v0x94d114f00_2727, v0x94d114f00_2728, v0x94d114f00_2729, v0x94d114f00_2730;
v0x94d114f00_2731 .array/port v0x94d114f00, 2731;
v0x94d114f00_2732 .array/port v0x94d114f00, 2732;
v0x94d114f00_2733 .array/port v0x94d114f00, 2733;
v0x94d114f00_2734 .array/port v0x94d114f00, 2734;
E_0x94d065880/683 .event anyedge, v0x94d114f00_2731, v0x94d114f00_2732, v0x94d114f00_2733, v0x94d114f00_2734;
v0x94d114f00_2735 .array/port v0x94d114f00, 2735;
v0x94d114f00_2736 .array/port v0x94d114f00, 2736;
v0x94d114f00_2737 .array/port v0x94d114f00, 2737;
v0x94d114f00_2738 .array/port v0x94d114f00, 2738;
E_0x94d065880/684 .event anyedge, v0x94d114f00_2735, v0x94d114f00_2736, v0x94d114f00_2737, v0x94d114f00_2738;
v0x94d114f00_2739 .array/port v0x94d114f00, 2739;
v0x94d114f00_2740 .array/port v0x94d114f00, 2740;
v0x94d114f00_2741 .array/port v0x94d114f00, 2741;
v0x94d114f00_2742 .array/port v0x94d114f00, 2742;
E_0x94d065880/685 .event anyedge, v0x94d114f00_2739, v0x94d114f00_2740, v0x94d114f00_2741, v0x94d114f00_2742;
v0x94d114f00_2743 .array/port v0x94d114f00, 2743;
v0x94d114f00_2744 .array/port v0x94d114f00, 2744;
v0x94d114f00_2745 .array/port v0x94d114f00, 2745;
v0x94d114f00_2746 .array/port v0x94d114f00, 2746;
E_0x94d065880/686 .event anyedge, v0x94d114f00_2743, v0x94d114f00_2744, v0x94d114f00_2745, v0x94d114f00_2746;
v0x94d114f00_2747 .array/port v0x94d114f00, 2747;
v0x94d114f00_2748 .array/port v0x94d114f00, 2748;
v0x94d114f00_2749 .array/port v0x94d114f00, 2749;
v0x94d114f00_2750 .array/port v0x94d114f00, 2750;
E_0x94d065880/687 .event anyedge, v0x94d114f00_2747, v0x94d114f00_2748, v0x94d114f00_2749, v0x94d114f00_2750;
v0x94d114f00_2751 .array/port v0x94d114f00, 2751;
v0x94d114f00_2752 .array/port v0x94d114f00, 2752;
v0x94d114f00_2753 .array/port v0x94d114f00, 2753;
v0x94d114f00_2754 .array/port v0x94d114f00, 2754;
E_0x94d065880/688 .event anyedge, v0x94d114f00_2751, v0x94d114f00_2752, v0x94d114f00_2753, v0x94d114f00_2754;
v0x94d114f00_2755 .array/port v0x94d114f00, 2755;
v0x94d114f00_2756 .array/port v0x94d114f00, 2756;
v0x94d114f00_2757 .array/port v0x94d114f00, 2757;
v0x94d114f00_2758 .array/port v0x94d114f00, 2758;
E_0x94d065880/689 .event anyedge, v0x94d114f00_2755, v0x94d114f00_2756, v0x94d114f00_2757, v0x94d114f00_2758;
v0x94d114f00_2759 .array/port v0x94d114f00, 2759;
v0x94d114f00_2760 .array/port v0x94d114f00, 2760;
v0x94d114f00_2761 .array/port v0x94d114f00, 2761;
v0x94d114f00_2762 .array/port v0x94d114f00, 2762;
E_0x94d065880/690 .event anyedge, v0x94d114f00_2759, v0x94d114f00_2760, v0x94d114f00_2761, v0x94d114f00_2762;
v0x94d114f00_2763 .array/port v0x94d114f00, 2763;
v0x94d114f00_2764 .array/port v0x94d114f00, 2764;
v0x94d114f00_2765 .array/port v0x94d114f00, 2765;
v0x94d114f00_2766 .array/port v0x94d114f00, 2766;
E_0x94d065880/691 .event anyedge, v0x94d114f00_2763, v0x94d114f00_2764, v0x94d114f00_2765, v0x94d114f00_2766;
v0x94d114f00_2767 .array/port v0x94d114f00, 2767;
v0x94d114f00_2768 .array/port v0x94d114f00, 2768;
v0x94d114f00_2769 .array/port v0x94d114f00, 2769;
v0x94d114f00_2770 .array/port v0x94d114f00, 2770;
E_0x94d065880/692 .event anyedge, v0x94d114f00_2767, v0x94d114f00_2768, v0x94d114f00_2769, v0x94d114f00_2770;
v0x94d114f00_2771 .array/port v0x94d114f00, 2771;
v0x94d114f00_2772 .array/port v0x94d114f00, 2772;
v0x94d114f00_2773 .array/port v0x94d114f00, 2773;
v0x94d114f00_2774 .array/port v0x94d114f00, 2774;
E_0x94d065880/693 .event anyedge, v0x94d114f00_2771, v0x94d114f00_2772, v0x94d114f00_2773, v0x94d114f00_2774;
v0x94d114f00_2775 .array/port v0x94d114f00, 2775;
v0x94d114f00_2776 .array/port v0x94d114f00, 2776;
v0x94d114f00_2777 .array/port v0x94d114f00, 2777;
v0x94d114f00_2778 .array/port v0x94d114f00, 2778;
E_0x94d065880/694 .event anyedge, v0x94d114f00_2775, v0x94d114f00_2776, v0x94d114f00_2777, v0x94d114f00_2778;
v0x94d114f00_2779 .array/port v0x94d114f00, 2779;
v0x94d114f00_2780 .array/port v0x94d114f00, 2780;
v0x94d114f00_2781 .array/port v0x94d114f00, 2781;
v0x94d114f00_2782 .array/port v0x94d114f00, 2782;
E_0x94d065880/695 .event anyedge, v0x94d114f00_2779, v0x94d114f00_2780, v0x94d114f00_2781, v0x94d114f00_2782;
v0x94d114f00_2783 .array/port v0x94d114f00, 2783;
v0x94d114f00_2784 .array/port v0x94d114f00, 2784;
v0x94d114f00_2785 .array/port v0x94d114f00, 2785;
v0x94d114f00_2786 .array/port v0x94d114f00, 2786;
E_0x94d065880/696 .event anyedge, v0x94d114f00_2783, v0x94d114f00_2784, v0x94d114f00_2785, v0x94d114f00_2786;
v0x94d114f00_2787 .array/port v0x94d114f00, 2787;
v0x94d114f00_2788 .array/port v0x94d114f00, 2788;
v0x94d114f00_2789 .array/port v0x94d114f00, 2789;
v0x94d114f00_2790 .array/port v0x94d114f00, 2790;
E_0x94d065880/697 .event anyedge, v0x94d114f00_2787, v0x94d114f00_2788, v0x94d114f00_2789, v0x94d114f00_2790;
v0x94d114f00_2791 .array/port v0x94d114f00, 2791;
v0x94d114f00_2792 .array/port v0x94d114f00, 2792;
v0x94d114f00_2793 .array/port v0x94d114f00, 2793;
v0x94d114f00_2794 .array/port v0x94d114f00, 2794;
E_0x94d065880/698 .event anyedge, v0x94d114f00_2791, v0x94d114f00_2792, v0x94d114f00_2793, v0x94d114f00_2794;
v0x94d114f00_2795 .array/port v0x94d114f00, 2795;
v0x94d114f00_2796 .array/port v0x94d114f00, 2796;
v0x94d114f00_2797 .array/port v0x94d114f00, 2797;
v0x94d114f00_2798 .array/port v0x94d114f00, 2798;
E_0x94d065880/699 .event anyedge, v0x94d114f00_2795, v0x94d114f00_2796, v0x94d114f00_2797, v0x94d114f00_2798;
v0x94d114f00_2799 .array/port v0x94d114f00, 2799;
v0x94d114f00_2800 .array/port v0x94d114f00, 2800;
v0x94d114f00_2801 .array/port v0x94d114f00, 2801;
v0x94d114f00_2802 .array/port v0x94d114f00, 2802;
E_0x94d065880/700 .event anyedge, v0x94d114f00_2799, v0x94d114f00_2800, v0x94d114f00_2801, v0x94d114f00_2802;
v0x94d114f00_2803 .array/port v0x94d114f00, 2803;
v0x94d114f00_2804 .array/port v0x94d114f00, 2804;
v0x94d114f00_2805 .array/port v0x94d114f00, 2805;
v0x94d114f00_2806 .array/port v0x94d114f00, 2806;
E_0x94d065880/701 .event anyedge, v0x94d114f00_2803, v0x94d114f00_2804, v0x94d114f00_2805, v0x94d114f00_2806;
v0x94d114f00_2807 .array/port v0x94d114f00, 2807;
v0x94d114f00_2808 .array/port v0x94d114f00, 2808;
v0x94d114f00_2809 .array/port v0x94d114f00, 2809;
v0x94d114f00_2810 .array/port v0x94d114f00, 2810;
E_0x94d065880/702 .event anyedge, v0x94d114f00_2807, v0x94d114f00_2808, v0x94d114f00_2809, v0x94d114f00_2810;
v0x94d114f00_2811 .array/port v0x94d114f00, 2811;
v0x94d114f00_2812 .array/port v0x94d114f00, 2812;
v0x94d114f00_2813 .array/port v0x94d114f00, 2813;
v0x94d114f00_2814 .array/port v0x94d114f00, 2814;
E_0x94d065880/703 .event anyedge, v0x94d114f00_2811, v0x94d114f00_2812, v0x94d114f00_2813, v0x94d114f00_2814;
v0x94d114f00_2815 .array/port v0x94d114f00, 2815;
v0x94d114f00_2816 .array/port v0x94d114f00, 2816;
v0x94d114f00_2817 .array/port v0x94d114f00, 2817;
v0x94d114f00_2818 .array/port v0x94d114f00, 2818;
E_0x94d065880/704 .event anyedge, v0x94d114f00_2815, v0x94d114f00_2816, v0x94d114f00_2817, v0x94d114f00_2818;
v0x94d114f00_2819 .array/port v0x94d114f00, 2819;
v0x94d114f00_2820 .array/port v0x94d114f00, 2820;
v0x94d114f00_2821 .array/port v0x94d114f00, 2821;
v0x94d114f00_2822 .array/port v0x94d114f00, 2822;
E_0x94d065880/705 .event anyedge, v0x94d114f00_2819, v0x94d114f00_2820, v0x94d114f00_2821, v0x94d114f00_2822;
v0x94d114f00_2823 .array/port v0x94d114f00, 2823;
v0x94d114f00_2824 .array/port v0x94d114f00, 2824;
v0x94d114f00_2825 .array/port v0x94d114f00, 2825;
v0x94d114f00_2826 .array/port v0x94d114f00, 2826;
E_0x94d065880/706 .event anyedge, v0x94d114f00_2823, v0x94d114f00_2824, v0x94d114f00_2825, v0x94d114f00_2826;
v0x94d114f00_2827 .array/port v0x94d114f00, 2827;
v0x94d114f00_2828 .array/port v0x94d114f00, 2828;
v0x94d114f00_2829 .array/port v0x94d114f00, 2829;
v0x94d114f00_2830 .array/port v0x94d114f00, 2830;
E_0x94d065880/707 .event anyedge, v0x94d114f00_2827, v0x94d114f00_2828, v0x94d114f00_2829, v0x94d114f00_2830;
v0x94d114f00_2831 .array/port v0x94d114f00, 2831;
v0x94d114f00_2832 .array/port v0x94d114f00, 2832;
v0x94d114f00_2833 .array/port v0x94d114f00, 2833;
v0x94d114f00_2834 .array/port v0x94d114f00, 2834;
E_0x94d065880/708 .event anyedge, v0x94d114f00_2831, v0x94d114f00_2832, v0x94d114f00_2833, v0x94d114f00_2834;
v0x94d114f00_2835 .array/port v0x94d114f00, 2835;
v0x94d114f00_2836 .array/port v0x94d114f00, 2836;
v0x94d114f00_2837 .array/port v0x94d114f00, 2837;
v0x94d114f00_2838 .array/port v0x94d114f00, 2838;
E_0x94d065880/709 .event anyedge, v0x94d114f00_2835, v0x94d114f00_2836, v0x94d114f00_2837, v0x94d114f00_2838;
v0x94d114f00_2839 .array/port v0x94d114f00, 2839;
v0x94d114f00_2840 .array/port v0x94d114f00, 2840;
v0x94d114f00_2841 .array/port v0x94d114f00, 2841;
v0x94d114f00_2842 .array/port v0x94d114f00, 2842;
E_0x94d065880/710 .event anyedge, v0x94d114f00_2839, v0x94d114f00_2840, v0x94d114f00_2841, v0x94d114f00_2842;
v0x94d114f00_2843 .array/port v0x94d114f00, 2843;
v0x94d114f00_2844 .array/port v0x94d114f00, 2844;
v0x94d114f00_2845 .array/port v0x94d114f00, 2845;
v0x94d114f00_2846 .array/port v0x94d114f00, 2846;
E_0x94d065880/711 .event anyedge, v0x94d114f00_2843, v0x94d114f00_2844, v0x94d114f00_2845, v0x94d114f00_2846;
v0x94d114f00_2847 .array/port v0x94d114f00, 2847;
v0x94d114f00_2848 .array/port v0x94d114f00, 2848;
v0x94d114f00_2849 .array/port v0x94d114f00, 2849;
v0x94d114f00_2850 .array/port v0x94d114f00, 2850;
E_0x94d065880/712 .event anyedge, v0x94d114f00_2847, v0x94d114f00_2848, v0x94d114f00_2849, v0x94d114f00_2850;
v0x94d114f00_2851 .array/port v0x94d114f00, 2851;
v0x94d114f00_2852 .array/port v0x94d114f00, 2852;
v0x94d114f00_2853 .array/port v0x94d114f00, 2853;
v0x94d114f00_2854 .array/port v0x94d114f00, 2854;
E_0x94d065880/713 .event anyedge, v0x94d114f00_2851, v0x94d114f00_2852, v0x94d114f00_2853, v0x94d114f00_2854;
v0x94d114f00_2855 .array/port v0x94d114f00, 2855;
v0x94d114f00_2856 .array/port v0x94d114f00, 2856;
v0x94d114f00_2857 .array/port v0x94d114f00, 2857;
v0x94d114f00_2858 .array/port v0x94d114f00, 2858;
E_0x94d065880/714 .event anyedge, v0x94d114f00_2855, v0x94d114f00_2856, v0x94d114f00_2857, v0x94d114f00_2858;
v0x94d114f00_2859 .array/port v0x94d114f00, 2859;
v0x94d114f00_2860 .array/port v0x94d114f00, 2860;
v0x94d114f00_2861 .array/port v0x94d114f00, 2861;
v0x94d114f00_2862 .array/port v0x94d114f00, 2862;
E_0x94d065880/715 .event anyedge, v0x94d114f00_2859, v0x94d114f00_2860, v0x94d114f00_2861, v0x94d114f00_2862;
v0x94d114f00_2863 .array/port v0x94d114f00, 2863;
v0x94d114f00_2864 .array/port v0x94d114f00, 2864;
v0x94d114f00_2865 .array/port v0x94d114f00, 2865;
v0x94d114f00_2866 .array/port v0x94d114f00, 2866;
E_0x94d065880/716 .event anyedge, v0x94d114f00_2863, v0x94d114f00_2864, v0x94d114f00_2865, v0x94d114f00_2866;
v0x94d114f00_2867 .array/port v0x94d114f00, 2867;
v0x94d114f00_2868 .array/port v0x94d114f00, 2868;
v0x94d114f00_2869 .array/port v0x94d114f00, 2869;
v0x94d114f00_2870 .array/port v0x94d114f00, 2870;
E_0x94d065880/717 .event anyedge, v0x94d114f00_2867, v0x94d114f00_2868, v0x94d114f00_2869, v0x94d114f00_2870;
v0x94d114f00_2871 .array/port v0x94d114f00, 2871;
v0x94d114f00_2872 .array/port v0x94d114f00, 2872;
v0x94d114f00_2873 .array/port v0x94d114f00, 2873;
v0x94d114f00_2874 .array/port v0x94d114f00, 2874;
E_0x94d065880/718 .event anyedge, v0x94d114f00_2871, v0x94d114f00_2872, v0x94d114f00_2873, v0x94d114f00_2874;
v0x94d114f00_2875 .array/port v0x94d114f00, 2875;
v0x94d114f00_2876 .array/port v0x94d114f00, 2876;
v0x94d114f00_2877 .array/port v0x94d114f00, 2877;
v0x94d114f00_2878 .array/port v0x94d114f00, 2878;
E_0x94d065880/719 .event anyedge, v0x94d114f00_2875, v0x94d114f00_2876, v0x94d114f00_2877, v0x94d114f00_2878;
v0x94d114f00_2879 .array/port v0x94d114f00, 2879;
v0x94d114f00_2880 .array/port v0x94d114f00, 2880;
v0x94d114f00_2881 .array/port v0x94d114f00, 2881;
v0x94d114f00_2882 .array/port v0x94d114f00, 2882;
E_0x94d065880/720 .event anyedge, v0x94d114f00_2879, v0x94d114f00_2880, v0x94d114f00_2881, v0x94d114f00_2882;
v0x94d114f00_2883 .array/port v0x94d114f00, 2883;
v0x94d114f00_2884 .array/port v0x94d114f00, 2884;
v0x94d114f00_2885 .array/port v0x94d114f00, 2885;
v0x94d114f00_2886 .array/port v0x94d114f00, 2886;
E_0x94d065880/721 .event anyedge, v0x94d114f00_2883, v0x94d114f00_2884, v0x94d114f00_2885, v0x94d114f00_2886;
v0x94d114f00_2887 .array/port v0x94d114f00, 2887;
v0x94d114f00_2888 .array/port v0x94d114f00, 2888;
v0x94d114f00_2889 .array/port v0x94d114f00, 2889;
v0x94d114f00_2890 .array/port v0x94d114f00, 2890;
E_0x94d065880/722 .event anyedge, v0x94d114f00_2887, v0x94d114f00_2888, v0x94d114f00_2889, v0x94d114f00_2890;
v0x94d114f00_2891 .array/port v0x94d114f00, 2891;
v0x94d114f00_2892 .array/port v0x94d114f00, 2892;
v0x94d114f00_2893 .array/port v0x94d114f00, 2893;
v0x94d114f00_2894 .array/port v0x94d114f00, 2894;
E_0x94d065880/723 .event anyedge, v0x94d114f00_2891, v0x94d114f00_2892, v0x94d114f00_2893, v0x94d114f00_2894;
v0x94d114f00_2895 .array/port v0x94d114f00, 2895;
v0x94d114f00_2896 .array/port v0x94d114f00, 2896;
v0x94d114f00_2897 .array/port v0x94d114f00, 2897;
v0x94d114f00_2898 .array/port v0x94d114f00, 2898;
E_0x94d065880/724 .event anyedge, v0x94d114f00_2895, v0x94d114f00_2896, v0x94d114f00_2897, v0x94d114f00_2898;
v0x94d114f00_2899 .array/port v0x94d114f00, 2899;
v0x94d114f00_2900 .array/port v0x94d114f00, 2900;
v0x94d114f00_2901 .array/port v0x94d114f00, 2901;
v0x94d114f00_2902 .array/port v0x94d114f00, 2902;
E_0x94d065880/725 .event anyedge, v0x94d114f00_2899, v0x94d114f00_2900, v0x94d114f00_2901, v0x94d114f00_2902;
v0x94d114f00_2903 .array/port v0x94d114f00, 2903;
v0x94d114f00_2904 .array/port v0x94d114f00, 2904;
v0x94d114f00_2905 .array/port v0x94d114f00, 2905;
v0x94d114f00_2906 .array/port v0x94d114f00, 2906;
E_0x94d065880/726 .event anyedge, v0x94d114f00_2903, v0x94d114f00_2904, v0x94d114f00_2905, v0x94d114f00_2906;
v0x94d114f00_2907 .array/port v0x94d114f00, 2907;
v0x94d114f00_2908 .array/port v0x94d114f00, 2908;
v0x94d114f00_2909 .array/port v0x94d114f00, 2909;
v0x94d114f00_2910 .array/port v0x94d114f00, 2910;
E_0x94d065880/727 .event anyedge, v0x94d114f00_2907, v0x94d114f00_2908, v0x94d114f00_2909, v0x94d114f00_2910;
v0x94d114f00_2911 .array/port v0x94d114f00, 2911;
v0x94d114f00_2912 .array/port v0x94d114f00, 2912;
v0x94d114f00_2913 .array/port v0x94d114f00, 2913;
v0x94d114f00_2914 .array/port v0x94d114f00, 2914;
E_0x94d065880/728 .event anyedge, v0x94d114f00_2911, v0x94d114f00_2912, v0x94d114f00_2913, v0x94d114f00_2914;
v0x94d114f00_2915 .array/port v0x94d114f00, 2915;
v0x94d114f00_2916 .array/port v0x94d114f00, 2916;
v0x94d114f00_2917 .array/port v0x94d114f00, 2917;
v0x94d114f00_2918 .array/port v0x94d114f00, 2918;
E_0x94d065880/729 .event anyedge, v0x94d114f00_2915, v0x94d114f00_2916, v0x94d114f00_2917, v0x94d114f00_2918;
v0x94d114f00_2919 .array/port v0x94d114f00, 2919;
v0x94d114f00_2920 .array/port v0x94d114f00, 2920;
v0x94d114f00_2921 .array/port v0x94d114f00, 2921;
v0x94d114f00_2922 .array/port v0x94d114f00, 2922;
E_0x94d065880/730 .event anyedge, v0x94d114f00_2919, v0x94d114f00_2920, v0x94d114f00_2921, v0x94d114f00_2922;
v0x94d114f00_2923 .array/port v0x94d114f00, 2923;
v0x94d114f00_2924 .array/port v0x94d114f00, 2924;
v0x94d114f00_2925 .array/port v0x94d114f00, 2925;
v0x94d114f00_2926 .array/port v0x94d114f00, 2926;
E_0x94d065880/731 .event anyedge, v0x94d114f00_2923, v0x94d114f00_2924, v0x94d114f00_2925, v0x94d114f00_2926;
v0x94d114f00_2927 .array/port v0x94d114f00, 2927;
v0x94d114f00_2928 .array/port v0x94d114f00, 2928;
v0x94d114f00_2929 .array/port v0x94d114f00, 2929;
v0x94d114f00_2930 .array/port v0x94d114f00, 2930;
E_0x94d065880/732 .event anyedge, v0x94d114f00_2927, v0x94d114f00_2928, v0x94d114f00_2929, v0x94d114f00_2930;
v0x94d114f00_2931 .array/port v0x94d114f00, 2931;
v0x94d114f00_2932 .array/port v0x94d114f00, 2932;
v0x94d114f00_2933 .array/port v0x94d114f00, 2933;
v0x94d114f00_2934 .array/port v0x94d114f00, 2934;
E_0x94d065880/733 .event anyedge, v0x94d114f00_2931, v0x94d114f00_2932, v0x94d114f00_2933, v0x94d114f00_2934;
v0x94d114f00_2935 .array/port v0x94d114f00, 2935;
v0x94d114f00_2936 .array/port v0x94d114f00, 2936;
v0x94d114f00_2937 .array/port v0x94d114f00, 2937;
v0x94d114f00_2938 .array/port v0x94d114f00, 2938;
E_0x94d065880/734 .event anyedge, v0x94d114f00_2935, v0x94d114f00_2936, v0x94d114f00_2937, v0x94d114f00_2938;
v0x94d114f00_2939 .array/port v0x94d114f00, 2939;
v0x94d114f00_2940 .array/port v0x94d114f00, 2940;
v0x94d114f00_2941 .array/port v0x94d114f00, 2941;
v0x94d114f00_2942 .array/port v0x94d114f00, 2942;
E_0x94d065880/735 .event anyedge, v0x94d114f00_2939, v0x94d114f00_2940, v0x94d114f00_2941, v0x94d114f00_2942;
v0x94d114f00_2943 .array/port v0x94d114f00, 2943;
v0x94d114f00_2944 .array/port v0x94d114f00, 2944;
v0x94d114f00_2945 .array/port v0x94d114f00, 2945;
v0x94d114f00_2946 .array/port v0x94d114f00, 2946;
E_0x94d065880/736 .event anyedge, v0x94d114f00_2943, v0x94d114f00_2944, v0x94d114f00_2945, v0x94d114f00_2946;
v0x94d114f00_2947 .array/port v0x94d114f00, 2947;
v0x94d114f00_2948 .array/port v0x94d114f00, 2948;
v0x94d114f00_2949 .array/port v0x94d114f00, 2949;
v0x94d114f00_2950 .array/port v0x94d114f00, 2950;
E_0x94d065880/737 .event anyedge, v0x94d114f00_2947, v0x94d114f00_2948, v0x94d114f00_2949, v0x94d114f00_2950;
v0x94d114f00_2951 .array/port v0x94d114f00, 2951;
v0x94d114f00_2952 .array/port v0x94d114f00, 2952;
v0x94d114f00_2953 .array/port v0x94d114f00, 2953;
v0x94d114f00_2954 .array/port v0x94d114f00, 2954;
E_0x94d065880/738 .event anyedge, v0x94d114f00_2951, v0x94d114f00_2952, v0x94d114f00_2953, v0x94d114f00_2954;
v0x94d114f00_2955 .array/port v0x94d114f00, 2955;
v0x94d114f00_2956 .array/port v0x94d114f00, 2956;
v0x94d114f00_2957 .array/port v0x94d114f00, 2957;
v0x94d114f00_2958 .array/port v0x94d114f00, 2958;
E_0x94d065880/739 .event anyedge, v0x94d114f00_2955, v0x94d114f00_2956, v0x94d114f00_2957, v0x94d114f00_2958;
v0x94d114f00_2959 .array/port v0x94d114f00, 2959;
v0x94d114f00_2960 .array/port v0x94d114f00, 2960;
v0x94d114f00_2961 .array/port v0x94d114f00, 2961;
v0x94d114f00_2962 .array/port v0x94d114f00, 2962;
E_0x94d065880/740 .event anyedge, v0x94d114f00_2959, v0x94d114f00_2960, v0x94d114f00_2961, v0x94d114f00_2962;
v0x94d114f00_2963 .array/port v0x94d114f00, 2963;
v0x94d114f00_2964 .array/port v0x94d114f00, 2964;
v0x94d114f00_2965 .array/port v0x94d114f00, 2965;
v0x94d114f00_2966 .array/port v0x94d114f00, 2966;
E_0x94d065880/741 .event anyedge, v0x94d114f00_2963, v0x94d114f00_2964, v0x94d114f00_2965, v0x94d114f00_2966;
v0x94d114f00_2967 .array/port v0x94d114f00, 2967;
v0x94d114f00_2968 .array/port v0x94d114f00, 2968;
v0x94d114f00_2969 .array/port v0x94d114f00, 2969;
v0x94d114f00_2970 .array/port v0x94d114f00, 2970;
E_0x94d065880/742 .event anyedge, v0x94d114f00_2967, v0x94d114f00_2968, v0x94d114f00_2969, v0x94d114f00_2970;
v0x94d114f00_2971 .array/port v0x94d114f00, 2971;
v0x94d114f00_2972 .array/port v0x94d114f00, 2972;
v0x94d114f00_2973 .array/port v0x94d114f00, 2973;
v0x94d114f00_2974 .array/port v0x94d114f00, 2974;
E_0x94d065880/743 .event anyedge, v0x94d114f00_2971, v0x94d114f00_2972, v0x94d114f00_2973, v0x94d114f00_2974;
v0x94d114f00_2975 .array/port v0x94d114f00, 2975;
v0x94d114f00_2976 .array/port v0x94d114f00, 2976;
v0x94d114f00_2977 .array/port v0x94d114f00, 2977;
v0x94d114f00_2978 .array/port v0x94d114f00, 2978;
E_0x94d065880/744 .event anyedge, v0x94d114f00_2975, v0x94d114f00_2976, v0x94d114f00_2977, v0x94d114f00_2978;
v0x94d114f00_2979 .array/port v0x94d114f00, 2979;
v0x94d114f00_2980 .array/port v0x94d114f00, 2980;
v0x94d114f00_2981 .array/port v0x94d114f00, 2981;
v0x94d114f00_2982 .array/port v0x94d114f00, 2982;
E_0x94d065880/745 .event anyedge, v0x94d114f00_2979, v0x94d114f00_2980, v0x94d114f00_2981, v0x94d114f00_2982;
v0x94d114f00_2983 .array/port v0x94d114f00, 2983;
v0x94d114f00_2984 .array/port v0x94d114f00, 2984;
v0x94d114f00_2985 .array/port v0x94d114f00, 2985;
v0x94d114f00_2986 .array/port v0x94d114f00, 2986;
E_0x94d065880/746 .event anyedge, v0x94d114f00_2983, v0x94d114f00_2984, v0x94d114f00_2985, v0x94d114f00_2986;
v0x94d114f00_2987 .array/port v0x94d114f00, 2987;
v0x94d114f00_2988 .array/port v0x94d114f00, 2988;
v0x94d114f00_2989 .array/port v0x94d114f00, 2989;
v0x94d114f00_2990 .array/port v0x94d114f00, 2990;
E_0x94d065880/747 .event anyedge, v0x94d114f00_2987, v0x94d114f00_2988, v0x94d114f00_2989, v0x94d114f00_2990;
v0x94d114f00_2991 .array/port v0x94d114f00, 2991;
v0x94d114f00_2992 .array/port v0x94d114f00, 2992;
v0x94d114f00_2993 .array/port v0x94d114f00, 2993;
v0x94d114f00_2994 .array/port v0x94d114f00, 2994;
E_0x94d065880/748 .event anyedge, v0x94d114f00_2991, v0x94d114f00_2992, v0x94d114f00_2993, v0x94d114f00_2994;
v0x94d114f00_2995 .array/port v0x94d114f00, 2995;
v0x94d114f00_2996 .array/port v0x94d114f00, 2996;
v0x94d114f00_2997 .array/port v0x94d114f00, 2997;
v0x94d114f00_2998 .array/port v0x94d114f00, 2998;
E_0x94d065880/749 .event anyedge, v0x94d114f00_2995, v0x94d114f00_2996, v0x94d114f00_2997, v0x94d114f00_2998;
v0x94d114f00_2999 .array/port v0x94d114f00, 2999;
v0x94d114f00_3000 .array/port v0x94d114f00, 3000;
v0x94d114f00_3001 .array/port v0x94d114f00, 3001;
v0x94d114f00_3002 .array/port v0x94d114f00, 3002;
E_0x94d065880/750 .event anyedge, v0x94d114f00_2999, v0x94d114f00_3000, v0x94d114f00_3001, v0x94d114f00_3002;
v0x94d114f00_3003 .array/port v0x94d114f00, 3003;
v0x94d114f00_3004 .array/port v0x94d114f00, 3004;
v0x94d114f00_3005 .array/port v0x94d114f00, 3005;
v0x94d114f00_3006 .array/port v0x94d114f00, 3006;
E_0x94d065880/751 .event anyedge, v0x94d114f00_3003, v0x94d114f00_3004, v0x94d114f00_3005, v0x94d114f00_3006;
v0x94d114f00_3007 .array/port v0x94d114f00, 3007;
v0x94d114f00_3008 .array/port v0x94d114f00, 3008;
v0x94d114f00_3009 .array/port v0x94d114f00, 3009;
v0x94d114f00_3010 .array/port v0x94d114f00, 3010;
E_0x94d065880/752 .event anyedge, v0x94d114f00_3007, v0x94d114f00_3008, v0x94d114f00_3009, v0x94d114f00_3010;
v0x94d114f00_3011 .array/port v0x94d114f00, 3011;
v0x94d114f00_3012 .array/port v0x94d114f00, 3012;
v0x94d114f00_3013 .array/port v0x94d114f00, 3013;
v0x94d114f00_3014 .array/port v0x94d114f00, 3014;
E_0x94d065880/753 .event anyedge, v0x94d114f00_3011, v0x94d114f00_3012, v0x94d114f00_3013, v0x94d114f00_3014;
v0x94d114f00_3015 .array/port v0x94d114f00, 3015;
v0x94d114f00_3016 .array/port v0x94d114f00, 3016;
v0x94d114f00_3017 .array/port v0x94d114f00, 3017;
v0x94d114f00_3018 .array/port v0x94d114f00, 3018;
E_0x94d065880/754 .event anyedge, v0x94d114f00_3015, v0x94d114f00_3016, v0x94d114f00_3017, v0x94d114f00_3018;
v0x94d114f00_3019 .array/port v0x94d114f00, 3019;
v0x94d114f00_3020 .array/port v0x94d114f00, 3020;
v0x94d114f00_3021 .array/port v0x94d114f00, 3021;
v0x94d114f00_3022 .array/port v0x94d114f00, 3022;
E_0x94d065880/755 .event anyedge, v0x94d114f00_3019, v0x94d114f00_3020, v0x94d114f00_3021, v0x94d114f00_3022;
v0x94d114f00_3023 .array/port v0x94d114f00, 3023;
v0x94d114f00_3024 .array/port v0x94d114f00, 3024;
v0x94d114f00_3025 .array/port v0x94d114f00, 3025;
v0x94d114f00_3026 .array/port v0x94d114f00, 3026;
E_0x94d065880/756 .event anyedge, v0x94d114f00_3023, v0x94d114f00_3024, v0x94d114f00_3025, v0x94d114f00_3026;
v0x94d114f00_3027 .array/port v0x94d114f00, 3027;
v0x94d114f00_3028 .array/port v0x94d114f00, 3028;
v0x94d114f00_3029 .array/port v0x94d114f00, 3029;
v0x94d114f00_3030 .array/port v0x94d114f00, 3030;
E_0x94d065880/757 .event anyedge, v0x94d114f00_3027, v0x94d114f00_3028, v0x94d114f00_3029, v0x94d114f00_3030;
v0x94d114f00_3031 .array/port v0x94d114f00, 3031;
v0x94d114f00_3032 .array/port v0x94d114f00, 3032;
v0x94d114f00_3033 .array/port v0x94d114f00, 3033;
v0x94d114f00_3034 .array/port v0x94d114f00, 3034;
E_0x94d065880/758 .event anyedge, v0x94d114f00_3031, v0x94d114f00_3032, v0x94d114f00_3033, v0x94d114f00_3034;
v0x94d114f00_3035 .array/port v0x94d114f00, 3035;
v0x94d114f00_3036 .array/port v0x94d114f00, 3036;
v0x94d114f00_3037 .array/port v0x94d114f00, 3037;
v0x94d114f00_3038 .array/port v0x94d114f00, 3038;
E_0x94d065880/759 .event anyedge, v0x94d114f00_3035, v0x94d114f00_3036, v0x94d114f00_3037, v0x94d114f00_3038;
v0x94d114f00_3039 .array/port v0x94d114f00, 3039;
v0x94d114f00_3040 .array/port v0x94d114f00, 3040;
v0x94d114f00_3041 .array/port v0x94d114f00, 3041;
v0x94d114f00_3042 .array/port v0x94d114f00, 3042;
E_0x94d065880/760 .event anyedge, v0x94d114f00_3039, v0x94d114f00_3040, v0x94d114f00_3041, v0x94d114f00_3042;
v0x94d114f00_3043 .array/port v0x94d114f00, 3043;
v0x94d114f00_3044 .array/port v0x94d114f00, 3044;
v0x94d114f00_3045 .array/port v0x94d114f00, 3045;
v0x94d114f00_3046 .array/port v0x94d114f00, 3046;
E_0x94d065880/761 .event anyedge, v0x94d114f00_3043, v0x94d114f00_3044, v0x94d114f00_3045, v0x94d114f00_3046;
v0x94d114f00_3047 .array/port v0x94d114f00, 3047;
v0x94d114f00_3048 .array/port v0x94d114f00, 3048;
v0x94d114f00_3049 .array/port v0x94d114f00, 3049;
v0x94d114f00_3050 .array/port v0x94d114f00, 3050;
E_0x94d065880/762 .event anyedge, v0x94d114f00_3047, v0x94d114f00_3048, v0x94d114f00_3049, v0x94d114f00_3050;
v0x94d114f00_3051 .array/port v0x94d114f00, 3051;
v0x94d114f00_3052 .array/port v0x94d114f00, 3052;
v0x94d114f00_3053 .array/port v0x94d114f00, 3053;
v0x94d114f00_3054 .array/port v0x94d114f00, 3054;
E_0x94d065880/763 .event anyedge, v0x94d114f00_3051, v0x94d114f00_3052, v0x94d114f00_3053, v0x94d114f00_3054;
v0x94d114f00_3055 .array/port v0x94d114f00, 3055;
v0x94d114f00_3056 .array/port v0x94d114f00, 3056;
v0x94d114f00_3057 .array/port v0x94d114f00, 3057;
v0x94d114f00_3058 .array/port v0x94d114f00, 3058;
E_0x94d065880/764 .event anyedge, v0x94d114f00_3055, v0x94d114f00_3056, v0x94d114f00_3057, v0x94d114f00_3058;
v0x94d114f00_3059 .array/port v0x94d114f00, 3059;
v0x94d114f00_3060 .array/port v0x94d114f00, 3060;
v0x94d114f00_3061 .array/port v0x94d114f00, 3061;
v0x94d114f00_3062 .array/port v0x94d114f00, 3062;
E_0x94d065880/765 .event anyedge, v0x94d114f00_3059, v0x94d114f00_3060, v0x94d114f00_3061, v0x94d114f00_3062;
v0x94d114f00_3063 .array/port v0x94d114f00, 3063;
v0x94d114f00_3064 .array/port v0x94d114f00, 3064;
v0x94d114f00_3065 .array/port v0x94d114f00, 3065;
v0x94d114f00_3066 .array/port v0x94d114f00, 3066;
E_0x94d065880/766 .event anyedge, v0x94d114f00_3063, v0x94d114f00_3064, v0x94d114f00_3065, v0x94d114f00_3066;
v0x94d114f00_3067 .array/port v0x94d114f00, 3067;
v0x94d114f00_3068 .array/port v0x94d114f00, 3068;
v0x94d114f00_3069 .array/port v0x94d114f00, 3069;
v0x94d114f00_3070 .array/port v0x94d114f00, 3070;
E_0x94d065880/767 .event anyedge, v0x94d114f00_3067, v0x94d114f00_3068, v0x94d114f00_3069, v0x94d114f00_3070;
v0x94d114f00_3071 .array/port v0x94d114f00, 3071;
v0x94d114f00_3072 .array/port v0x94d114f00, 3072;
v0x94d114f00_3073 .array/port v0x94d114f00, 3073;
v0x94d114f00_3074 .array/port v0x94d114f00, 3074;
E_0x94d065880/768 .event anyedge, v0x94d114f00_3071, v0x94d114f00_3072, v0x94d114f00_3073, v0x94d114f00_3074;
v0x94d114f00_3075 .array/port v0x94d114f00, 3075;
v0x94d114f00_3076 .array/port v0x94d114f00, 3076;
v0x94d114f00_3077 .array/port v0x94d114f00, 3077;
v0x94d114f00_3078 .array/port v0x94d114f00, 3078;
E_0x94d065880/769 .event anyedge, v0x94d114f00_3075, v0x94d114f00_3076, v0x94d114f00_3077, v0x94d114f00_3078;
v0x94d114f00_3079 .array/port v0x94d114f00, 3079;
v0x94d114f00_3080 .array/port v0x94d114f00, 3080;
v0x94d114f00_3081 .array/port v0x94d114f00, 3081;
v0x94d114f00_3082 .array/port v0x94d114f00, 3082;
E_0x94d065880/770 .event anyedge, v0x94d114f00_3079, v0x94d114f00_3080, v0x94d114f00_3081, v0x94d114f00_3082;
v0x94d114f00_3083 .array/port v0x94d114f00, 3083;
v0x94d114f00_3084 .array/port v0x94d114f00, 3084;
v0x94d114f00_3085 .array/port v0x94d114f00, 3085;
v0x94d114f00_3086 .array/port v0x94d114f00, 3086;
E_0x94d065880/771 .event anyedge, v0x94d114f00_3083, v0x94d114f00_3084, v0x94d114f00_3085, v0x94d114f00_3086;
v0x94d114f00_3087 .array/port v0x94d114f00, 3087;
v0x94d114f00_3088 .array/port v0x94d114f00, 3088;
v0x94d114f00_3089 .array/port v0x94d114f00, 3089;
v0x94d114f00_3090 .array/port v0x94d114f00, 3090;
E_0x94d065880/772 .event anyedge, v0x94d114f00_3087, v0x94d114f00_3088, v0x94d114f00_3089, v0x94d114f00_3090;
v0x94d114f00_3091 .array/port v0x94d114f00, 3091;
v0x94d114f00_3092 .array/port v0x94d114f00, 3092;
v0x94d114f00_3093 .array/port v0x94d114f00, 3093;
v0x94d114f00_3094 .array/port v0x94d114f00, 3094;
E_0x94d065880/773 .event anyedge, v0x94d114f00_3091, v0x94d114f00_3092, v0x94d114f00_3093, v0x94d114f00_3094;
v0x94d114f00_3095 .array/port v0x94d114f00, 3095;
v0x94d114f00_3096 .array/port v0x94d114f00, 3096;
v0x94d114f00_3097 .array/port v0x94d114f00, 3097;
v0x94d114f00_3098 .array/port v0x94d114f00, 3098;
E_0x94d065880/774 .event anyedge, v0x94d114f00_3095, v0x94d114f00_3096, v0x94d114f00_3097, v0x94d114f00_3098;
v0x94d114f00_3099 .array/port v0x94d114f00, 3099;
v0x94d114f00_3100 .array/port v0x94d114f00, 3100;
v0x94d114f00_3101 .array/port v0x94d114f00, 3101;
v0x94d114f00_3102 .array/port v0x94d114f00, 3102;
E_0x94d065880/775 .event anyedge, v0x94d114f00_3099, v0x94d114f00_3100, v0x94d114f00_3101, v0x94d114f00_3102;
v0x94d114f00_3103 .array/port v0x94d114f00, 3103;
v0x94d114f00_3104 .array/port v0x94d114f00, 3104;
v0x94d114f00_3105 .array/port v0x94d114f00, 3105;
v0x94d114f00_3106 .array/port v0x94d114f00, 3106;
E_0x94d065880/776 .event anyedge, v0x94d114f00_3103, v0x94d114f00_3104, v0x94d114f00_3105, v0x94d114f00_3106;
v0x94d114f00_3107 .array/port v0x94d114f00, 3107;
v0x94d114f00_3108 .array/port v0x94d114f00, 3108;
v0x94d114f00_3109 .array/port v0x94d114f00, 3109;
v0x94d114f00_3110 .array/port v0x94d114f00, 3110;
E_0x94d065880/777 .event anyedge, v0x94d114f00_3107, v0x94d114f00_3108, v0x94d114f00_3109, v0x94d114f00_3110;
v0x94d114f00_3111 .array/port v0x94d114f00, 3111;
v0x94d114f00_3112 .array/port v0x94d114f00, 3112;
v0x94d114f00_3113 .array/port v0x94d114f00, 3113;
v0x94d114f00_3114 .array/port v0x94d114f00, 3114;
E_0x94d065880/778 .event anyedge, v0x94d114f00_3111, v0x94d114f00_3112, v0x94d114f00_3113, v0x94d114f00_3114;
v0x94d114f00_3115 .array/port v0x94d114f00, 3115;
v0x94d114f00_3116 .array/port v0x94d114f00, 3116;
v0x94d114f00_3117 .array/port v0x94d114f00, 3117;
v0x94d114f00_3118 .array/port v0x94d114f00, 3118;
E_0x94d065880/779 .event anyedge, v0x94d114f00_3115, v0x94d114f00_3116, v0x94d114f00_3117, v0x94d114f00_3118;
v0x94d114f00_3119 .array/port v0x94d114f00, 3119;
v0x94d114f00_3120 .array/port v0x94d114f00, 3120;
v0x94d114f00_3121 .array/port v0x94d114f00, 3121;
v0x94d114f00_3122 .array/port v0x94d114f00, 3122;
E_0x94d065880/780 .event anyedge, v0x94d114f00_3119, v0x94d114f00_3120, v0x94d114f00_3121, v0x94d114f00_3122;
v0x94d114f00_3123 .array/port v0x94d114f00, 3123;
v0x94d114f00_3124 .array/port v0x94d114f00, 3124;
v0x94d114f00_3125 .array/port v0x94d114f00, 3125;
v0x94d114f00_3126 .array/port v0x94d114f00, 3126;
E_0x94d065880/781 .event anyedge, v0x94d114f00_3123, v0x94d114f00_3124, v0x94d114f00_3125, v0x94d114f00_3126;
v0x94d114f00_3127 .array/port v0x94d114f00, 3127;
v0x94d114f00_3128 .array/port v0x94d114f00, 3128;
v0x94d114f00_3129 .array/port v0x94d114f00, 3129;
v0x94d114f00_3130 .array/port v0x94d114f00, 3130;
E_0x94d065880/782 .event anyedge, v0x94d114f00_3127, v0x94d114f00_3128, v0x94d114f00_3129, v0x94d114f00_3130;
v0x94d114f00_3131 .array/port v0x94d114f00, 3131;
v0x94d114f00_3132 .array/port v0x94d114f00, 3132;
v0x94d114f00_3133 .array/port v0x94d114f00, 3133;
v0x94d114f00_3134 .array/port v0x94d114f00, 3134;
E_0x94d065880/783 .event anyedge, v0x94d114f00_3131, v0x94d114f00_3132, v0x94d114f00_3133, v0x94d114f00_3134;
v0x94d114f00_3135 .array/port v0x94d114f00, 3135;
v0x94d114f00_3136 .array/port v0x94d114f00, 3136;
v0x94d114f00_3137 .array/port v0x94d114f00, 3137;
v0x94d114f00_3138 .array/port v0x94d114f00, 3138;
E_0x94d065880/784 .event anyedge, v0x94d114f00_3135, v0x94d114f00_3136, v0x94d114f00_3137, v0x94d114f00_3138;
v0x94d114f00_3139 .array/port v0x94d114f00, 3139;
v0x94d114f00_3140 .array/port v0x94d114f00, 3140;
v0x94d114f00_3141 .array/port v0x94d114f00, 3141;
v0x94d114f00_3142 .array/port v0x94d114f00, 3142;
E_0x94d065880/785 .event anyedge, v0x94d114f00_3139, v0x94d114f00_3140, v0x94d114f00_3141, v0x94d114f00_3142;
v0x94d114f00_3143 .array/port v0x94d114f00, 3143;
v0x94d114f00_3144 .array/port v0x94d114f00, 3144;
v0x94d114f00_3145 .array/port v0x94d114f00, 3145;
v0x94d114f00_3146 .array/port v0x94d114f00, 3146;
E_0x94d065880/786 .event anyedge, v0x94d114f00_3143, v0x94d114f00_3144, v0x94d114f00_3145, v0x94d114f00_3146;
v0x94d114f00_3147 .array/port v0x94d114f00, 3147;
v0x94d114f00_3148 .array/port v0x94d114f00, 3148;
v0x94d114f00_3149 .array/port v0x94d114f00, 3149;
v0x94d114f00_3150 .array/port v0x94d114f00, 3150;
E_0x94d065880/787 .event anyedge, v0x94d114f00_3147, v0x94d114f00_3148, v0x94d114f00_3149, v0x94d114f00_3150;
v0x94d114f00_3151 .array/port v0x94d114f00, 3151;
v0x94d114f00_3152 .array/port v0x94d114f00, 3152;
v0x94d114f00_3153 .array/port v0x94d114f00, 3153;
v0x94d114f00_3154 .array/port v0x94d114f00, 3154;
E_0x94d065880/788 .event anyedge, v0x94d114f00_3151, v0x94d114f00_3152, v0x94d114f00_3153, v0x94d114f00_3154;
v0x94d114f00_3155 .array/port v0x94d114f00, 3155;
v0x94d114f00_3156 .array/port v0x94d114f00, 3156;
v0x94d114f00_3157 .array/port v0x94d114f00, 3157;
v0x94d114f00_3158 .array/port v0x94d114f00, 3158;
E_0x94d065880/789 .event anyedge, v0x94d114f00_3155, v0x94d114f00_3156, v0x94d114f00_3157, v0x94d114f00_3158;
v0x94d114f00_3159 .array/port v0x94d114f00, 3159;
v0x94d114f00_3160 .array/port v0x94d114f00, 3160;
v0x94d114f00_3161 .array/port v0x94d114f00, 3161;
v0x94d114f00_3162 .array/port v0x94d114f00, 3162;
E_0x94d065880/790 .event anyedge, v0x94d114f00_3159, v0x94d114f00_3160, v0x94d114f00_3161, v0x94d114f00_3162;
v0x94d114f00_3163 .array/port v0x94d114f00, 3163;
v0x94d114f00_3164 .array/port v0x94d114f00, 3164;
v0x94d114f00_3165 .array/port v0x94d114f00, 3165;
v0x94d114f00_3166 .array/port v0x94d114f00, 3166;
E_0x94d065880/791 .event anyedge, v0x94d114f00_3163, v0x94d114f00_3164, v0x94d114f00_3165, v0x94d114f00_3166;
v0x94d114f00_3167 .array/port v0x94d114f00, 3167;
v0x94d114f00_3168 .array/port v0x94d114f00, 3168;
v0x94d114f00_3169 .array/port v0x94d114f00, 3169;
v0x94d114f00_3170 .array/port v0x94d114f00, 3170;
E_0x94d065880/792 .event anyedge, v0x94d114f00_3167, v0x94d114f00_3168, v0x94d114f00_3169, v0x94d114f00_3170;
v0x94d114f00_3171 .array/port v0x94d114f00, 3171;
v0x94d114f00_3172 .array/port v0x94d114f00, 3172;
v0x94d114f00_3173 .array/port v0x94d114f00, 3173;
v0x94d114f00_3174 .array/port v0x94d114f00, 3174;
E_0x94d065880/793 .event anyedge, v0x94d114f00_3171, v0x94d114f00_3172, v0x94d114f00_3173, v0x94d114f00_3174;
v0x94d114f00_3175 .array/port v0x94d114f00, 3175;
v0x94d114f00_3176 .array/port v0x94d114f00, 3176;
v0x94d114f00_3177 .array/port v0x94d114f00, 3177;
v0x94d114f00_3178 .array/port v0x94d114f00, 3178;
E_0x94d065880/794 .event anyedge, v0x94d114f00_3175, v0x94d114f00_3176, v0x94d114f00_3177, v0x94d114f00_3178;
v0x94d114f00_3179 .array/port v0x94d114f00, 3179;
v0x94d114f00_3180 .array/port v0x94d114f00, 3180;
v0x94d114f00_3181 .array/port v0x94d114f00, 3181;
v0x94d114f00_3182 .array/port v0x94d114f00, 3182;
E_0x94d065880/795 .event anyedge, v0x94d114f00_3179, v0x94d114f00_3180, v0x94d114f00_3181, v0x94d114f00_3182;
v0x94d114f00_3183 .array/port v0x94d114f00, 3183;
v0x94d114f00_3184 .array/port v0x94d114f00, 3184;
v0x94d114f00_3185 .array/port v0x94d114f00, 3185;
v0x94d114f00_3186 .array/port v0x94d114f00, 3186;
E_0x94d065880/796 .event anyedge, v0x94d114f00_3183, v0x94d114f00_3184, v0x94d114f00_3185, v0x94d114f00_3186;
v0x94d114f00_3187 .array/port v0x94d114f00, 3187;
v0x94d114f00_3188 .array/port v0x94d114f00, 3188;
v0x94d114f00_3189 .array/port v0x94d114f00, 3189;
v0x94d114f00_3190 .array/port v0x94d114f00, 3190;
E_0x94d065880/797 .event anyedge, v0x94d114f00_3187, v0x94d114f00_3188, v0x94d114f00_3189, v0x94d114f00_3190;
v0x94d114f00_3191 .array/port v0x94d114f00, 3191;
v0x94d114f00_3192 .array/port v0x94d114f00, 3192;
v0x94d114f00_3193 .array/port v0x94d114f00, 3193;
v0x94d114f00_3194 .array/port v0x94d114f00, 3194;
E_0x94d065880/798 .event anyedge, v0x94d114f00_3191, v0x94d114f00_3192, v0x94d114f00_3193, v0x94d114f00_3194;
v0x94d114f00_3195 .array/port v0x94d114f00, 3195;
v0x94d114f00_3196 .array/port v0x94d114f00, 3196;
v0x94d114f00_3197 .array/port v0x94d114f00, 3197;
v0x94d114f00_3198 .array/port v0x94d114f00, 3198;
E_0x94d065880/799 .event anyedge, v0x94d114f00_3195, v0x94d114f00_3196, v0x94d114f00_3197, v0x94d114f00_3198;
v0x94d114f00_3199 .array/port v0x94d114f00, 3199;
v0x94d114f00_3200 .array/port v0x94d114f00, 3200;
v0x94d114f00_3201 .array/port v0x94d114f00, 3201;
v0x94d114f00_3202 .array/port v0x94d114f00, 3202;
E_0x94d065880/800 .event anyedge, v0x94d114f00_3199, v0x94d114f00_3200, v0x94d114f00_3201, v0x94d114f00_3202;
v0x94d114f00_3203 .array/port v0x94d114f00, 3203;
v0x94d114f00_3204 .array/port v0x94d114f00, 3204;
v0x94d114f00_3205 .array/port v0x94d114f00, 3205;
v0x94d114f00_3206 .array/port v0x94d114f00, 3206;
E_0x94d065880/801 .event anyedge, v0x94d114f00_3203, v0x94d114f00_3204, v0x94d114f00_3205, v0x94d114f00_3206;
v0x94d114f00_3207 .array/port v0x94d114f00, 3207;
v0x94d114f00_3208 .array/port v0x94d114f00, 3208;
v0x94d114f00_3209 .array/port v0x94d114f00, 3209;
v0x94d114f00_3210 .array/port v0x94d114f00, 3210;
E_0x94d065880/802 .event anyedge, v0x94d114f00_3207, v0x94d114f00_3208, v0x94d114f00_3209, v0x94d114f00_3210;
v0x94d114f00_3211 .array/port v0x94d114f00, 3211;
v0x94d114f00_3212 .array/port v0x94d114f00, 3212;
v0x94d114f00_3213 .array/port v0x94d114f00, 3213;
v0x94d114f00_3214 .array/port v0x94d114f00, 3214;
E_0x94d065880/803 .event anyedge, v0x94d114f00_3211, v0x94d114f00_3212, v0x94d114f00_3213, v0x94d114f00_3214;
v0x94d114f00_3215 .array/port v0x94d114f00, 3215;
v0x94d114f00_3216 .array/port v0x94d114f00, 3216;
v0x94d114f00_3217 .array/port v0x94d114f00, 3217;
v0x94d114f00_3218 .array/port v0x94d114f00, 3218;
E_0x94d065880/804 .event anyedge, v0x94d114f00_3215, v0x94d114f00_3216, v0x94d114f00_3217, v0x94d114f00_3218;
v0x94d114f00_3219 .array/port v0x94d114f00, 3219;
v0x94d114f00_3220 .array/port v0x94d114f00, 3220;
v0x94d114f00_3221 .array/port v0x94d114f00, 3221;
v0x94d114f00_3222 .array/port v0x94d114f00, 3222;
E_0x94d065880/805 .event anyedge, v0x94d114f00_3219, v0x94d114f00_3220, v0x94d114f00_3221, v0x94d114f00_3222;
v0x94d114f00_3223 .array/port v0x94d114f00, 3223;
v0x94d114f00_3224 .array/port v0x94d114f00, 3224;
v0x94d114f00_3225 .array/port v0x94d114f00, 3225;
v0x94d114f00_3226 .array/port v0x94d114f00, 3226;
E_0x94d065880/806 .event anyedge, v0x94d114f00_3223, v0x94d114f00_3224, v0x94d114f00_3225, v0x94d114f00_3226;
v0x94d114f00_3227 .array/port v0x94d114f00, 3227;
v0x94d114f00_3228 .array/port v0x94d114f00, 3228;
v0x94d114f00_3229 .array/port v0x94d114f00, 3229;
v0x94d114f00_3230 .array/port v0x94d114f00, 3230;
E_0x94d065880/807 .event anyedge, v0x94d114f00_3227, v0x94d114f00_3228, v0x94d114f00_3229, v0x94d114f00_3230;
v0x94d114f00_3231 .array/port v0x94d114f00, 3231;
v0x94d114f00_3232 .array/port v0x94d114f00, 3232;
v0x94d114f00_3233 .array/port v0x94d114f00, 3233;
v0x94d114f00_3234 .array/port v0x94d114f00, 3234;
E_0x94d065880/808 .event anyedge, v0x94d114f00_3231, v0x94d114f00_3232, v0x94d114f00_3233, v0x94d114f00_3234;
v0x94d114f00_3235 .array/port v0x94d114f00, 3235;
v0x94d114f00_3236 .array/port v0x94d114f00, 3236;
v0x94d114f00_3237 .array/port v0x94d114f00, 3237;
v0x94d114f00_3238 .array/port v0x94d114f00, 3238;
E_0x94d065880/809 .event anyedge, v0x94d114f00_3235, v0x94d114f00_3236, v0x94d114f00_3237, v0x94d114f00_3238;
v0x94d114f00_3239 .array/port v0x94d114f00, 3239;
v0x94d114f00_3240 .array/port v0x94d114f00, 3240;
v0x94d114f00_3241 .array/port v0x94d114f00, 3241;
v0x94d114f00_3242 .array/port v0x94d114f00, 3242;
E_0x94d065880/810 .event anyedge, v0x94d114f00_3239, v0x94d114f00_3240, v0x94d114f00_3241, v0x94d114f00_3242;
v0x94d114f00_3243 .array/port v0x94d114f00, 3243;
v0x94d114f00_3244 .array/port v0x94d114f00, 3244;
v0x94d114f00_3245 .array/port v0x94d114f00, 3245;
v0x94d114f00_3246 .array/port v0x94d114f00, 3246;
E_0x94d065880/811 .event anyedge, v0x94d114f00_3243, v0x94d114f00_3244, v0x94d114f00_3245, v0x94d114f00_3246;
v0x94d114f00_3247 .array/port v0x94d114f00, 3247;
v0x94d114f00_3248 .array/port v0x94d114f00, 3248;
v0x94d114f00_3249 .array/port v0x94d114f00, 3249;
v0x94d114f00_3250 .array/port v0x94d114f00, 3250;
E_0x94d065880/812 .event anyedge, v0x94d114f00_3247, v0x94d114f00_3248, v0x94d114f00_3249, v0x94d114f00_3250;
v0x94d114f00_3251 .array/port v0x94d114f00, 3251;
v0x94d114f00_3252 .array/port v0x94d114f00, 3252;
v0x94d114f00_3253 .array/port v0x94d114f00, 3253;
v0x94d114f00_3254 .array/port v0x94d114f00, 3254;
E_0x94d065880/813 .event anyedge, v0x94d114f00_3251, v0x94d114f00_3252, v0x94d114f00_3253, v0x94d114f00_3254;
v0x94d114f00_3255 .array/port v0x94d114f00, 3255;
v0x94d114f00_3256 .array/port v0x94d114f00, 3256;
v0x94d114f00_3257 .array/port v0x94d114f00, 3257;
v0x94d114f00_3258 .array/port v0x94d114f00, 3258;
E_0x94d065880/814 .event anyedge, v0x94d114f00_3255, v0x94d114f00_3256, v0x94d114f00_3257, v0x94d114f00_3258;
v0x94d114f00_3259 .array/port v0x94d114f00, 3259;
v0x94d114f00_3260 .array/port v0x94d114f00, 3260;
v0x94d114f00_3261 .array/port v0x94d114f00, 3261;
v0x94d114f00_3262 .array/port v0x94d114f00, 3262;
E_0x94d065880/815 .event anyedge, v0x94d114f00_3259, v0x94d114f00_3260, v0x94d114f00_3261, v0x94d114f00_3262;
v0x94d114f00_3263 .array/port v0x94d114f00, 3263;
v0x94d114f00_3264 .array/port v0x94d114f00, 3264;
v0x94d114f00_3265 .array/port v0x94d114f00, 3265;
v0x94d114f00_3266 .array/port v0x94d114f00, 3266;
E_0x94d065880/816 .event anyedge, v0x94d114f00_3263, v0x94d114f00_3264, v0x94d114f00_3265, v0x94d114f00_3266;
v0x94d114f00_3267 .array/port v0x94d114f00, 3267;
v0x94d114f00_3268 .array/port v0x94d114f00, 3268;
v0x94d114f00_3269 .array/port v0x94d114f00, 3269;
v0x94d114f00_3270 .array/port v0x94d114f00, 3270;
E_0x94d065880/817 .event anyedge, v0x94d114f00_3267, v0x94d114f00_3268, v0x94d114f00_3269, v0x94d114f00_3270;
v0x94d114f00_3271 .array/port v0x94d114f00, 3271;
v0x94d114f00_3272 .array/port v0x94d114f00, 3272;
v0x94d114f00_3273 .array/port v0x94d114f00, 3273;
v0x94d114f00_3274 .array/port v0x94d114f00, 3274;
E_0x94d065880/818 .event anyedge, v0x94d114f00_3271, v0x94d114f00_3272, v0x94d114f00_3273, v0x94d114f00_3274;
v0x94d114f00_3275 .array/port v0x94d114f00, 3275;
v0x94d114f00_3276 .array/port v0x94d114f00, 3276;
v0x94d114f00_3277 .array/port v0x94d114f00, 3277;
v0x94d114f00_3278 .array/port v0x94d114f00, 3278;
E_0x94d065880/819 .event anyedge, v0x94d114f00_3275, v0x94d114f00_3276, v0x94d114f00_3277, v0x94d114f00_3278;
v0x94d114f00_3279 .array/port v0x94d114f00, 3279;
v0x94d114f00_3280 .array/port v0x94d114f00, 3280;
v0x94d114f00_3281 .array/port v0x94d114f00, 3281;
v0x94d114f00_3282 .array/port v0x94d114f00, 3282;
E_0x94d065880/820 .event anyedge, v0x94d114f00_3279, v0x94d114f00_3280, v0x94d114f00_3281, v0x94d114f00_3282;
v0x94d114f00_3283 .array/port v0x94d114f00, 3283;
v0x94d114f00_3284 .array/port v0x94d114f00, 3284;
v0x94d114f00_3285 .array/port v0x94d114f00, 3285;
v0x94d114f00_3286 .array/port v0x94d114f00, 3286;
E_0x94d065880/821 .event anyedge, v0x94d114f00_3283, v0x94d114f00_3284, v0x94d114f00_3285, v0x94d114f00_3286;
v0x94d114f00_3287 .array/port v0x94d114f00, 3287;
v0x94d114f00_3288 .array/port v0x94d114f00, 3288;
v0x94d114f00_3289 .array/port v0x94d114f00, 3289;
v0x94d114f00_3290 .array/port v0x94d114f00, 3290;
E_0x94d065880/822 .event anyedge, v0x94d114f00_3287, v0x94d114f00_3288, v0x94d114f00_3289, v0x94d114f00_3290;
v0x94d114f00_3291 .array/port v0x94d114f00, 3291;
v0x94d114f00_3292 .array/port v0x94d114f00, 3292;
v0x94d114f00_3293 .array/port v0x94d114f00, 3293;
v0x94d114f00_3294 .array/port v0x94d114f00, 3294;
E_0x94d065880/823 .event anyedge, v0x94d114f00_3291, v0x94d114f00_3292, v0x94d114f00_3293, v0x94d114f00_3294;
v0x94d114f00_3295 .array/port v0x94d114f00, 3295;
v0x94d114f00_3296 .array/port v0x94d114f00, 3296;
v0x94d114f00_3297 .array/port v0x94d114f00, 3297;
v0x94d114f00_3298 .array/port v0x94d114f00, 3298;
E_0x94d065880/824 .event anyedge, v0x94d114f00_3295, v0x94d114f00_3296, v0x94d114f00_3297, v0x94d114f00_3298;
v0x94d114f00_3299 .array/port v0x94d114f00, 3299;
v0x94d114f00_3300 .array/port v0x94d114f00, 3300;
v0x94d114f00_3301 .array/port v0x94d114f00, 3301;
v0x94d114f00_3302 .array/port v0x94d114f00, 3302;
E_0x94d065880/825 .event anyedge, v0x94d114f00_3299, v0x94d114f00_3300, v0x94d114f00_3301, v0x94d114f00_3302;
v0x94d114f00_3303 .array/port v0x94d114f00, 3303;
v0x94d114f00_3304 .array/port v0x94d114f00, 3304;
v0x94d114f00_3305 .array/port v0x94d114f00, 3305;
v0x94d114f00_3306 .array/port v0x94d114f00, 3306;
E_0x94d065880/826 .event anyedge, v0x94d114f00_3303, v0x94d114f00_3304, v0x94d114f00_3305, v0x94d114f00_3306;
v0x94d114f00_3307 .array/port v0x94d114f00, 3307;
v0x94d114f00_3308 .array/port v0x94d114f00, 3308;
v0x94d114f00_3309 .array/port v0x94d114f00, 3309;
v0x94d114f00_3310 .array/port v0x94d114f00, 3310;
E_0x94d065880/827 .event anyedge, v0x94d114f00_3307, v0x94d114f00_3308, v0x94d114f00_3309, v0x94d114f00_3310;
v0x94d114f00_3311 .array/port v0x94d114f00, 3311;
v0x94d114f00_3312 .array/port v0x94d114f00, 3312;
v0x94d114f00_3313 .array/port v0x94d114f00, 3313;
v0x94d114f00_3314 .array/port v0x94d114f00, 3314;
E_0x94d065880/828 .event anyedge, v0x94d114f00_3311, v0x94d114f00_3312, v0x94d114f00_3313, v0x94d114f00_3314;
v0x94d114f00_3315 .array/port v0x94d114f00, 3315;
v0x94d114f00_3316 .array/port v0x94d114f00, 3316;
v0x94d114f00_3317 .array/port v0x94d114f00, 3317;
v0x94d114f00_3318 .array/port v0x94d114f00, 3318;
E_0x94d065880/829 .event anyedge, v0x94d114f00_3315, v0x94d114f00_3316, v0x94d114f00_3317, v0x94d114f00_3318;
v0x94d114f00_3319 .array/port v0x94d114f00, 3319;
v0x94d114f00_3320 .array/port v0x94d114f00, 3320;
v0x94d114f00_3321 .array/port v0x94d114f00, 3321;
v0x94d114f00_3322 .array/port v0x94d114f00, 3322;
E_0x94d065880/830 .event anyedge, v0x94d114f00_3319, v0x94d114f00_3320, v0x94d114f00_3321, v0x94d114f00_3322;
v0x94d114f00_3323 .array/port v0x94d114f00, 3323;
v0x94d114f00_3324 .array/port v0x94d114f00, 3324;
v0x94d114f00_3325 .array/port v0x94d114f00, 3325;
v0x94d114f00_3326 .array/port v0x94d114f00, 3326;
E_0x94d065880/831 .event anyedge, v0x94d114f00_3323, v0x94d114f00_3324, v0x94d114f00_3325, v0x94d114f00_3326;
v0x94d114f00_3327 .array/port v0x94d114f00, 3327;
v0x94d114f00_3328 .array/port v0x94d114f00, 3328;
v0x94d114f00_3329 .array/port v0x94d114f00, 3329;
v0x94d114f00_3330 .array/port v0x94d114f00, 3330;
E_0x94d065880/832 .event anyedge, v0x94d114f00_3327, v0x94d114f00_3328, v0x94d114f00_3329, v0x94d114f00_3330;
v0x94d114f00_3331 .array/port v0x94d114f00, 3331;
v0x94d114f00_3332 .array/port v0x94d114f00, 3332;
v0x94d114f00_3333 .array/port v0x94d114f00, 3333;
v0x94d114f00_3334 .array/port v0x94d114f00, 3334;
E_0x94d065880/833 .event anyedge, v0x94d114f00_3331, v0x94d114f00_3332, v0x94d114f00_3333, v0x94d114f00_3334;
v0x94d114f00_3335 .array/port v0x94d114f00, 3335;
v0x94d114f00_3336 .array/port v0x94d114f00, 3336;
v0x94d114f00_3337 .array/port v0x94d114f00, 3337;
v0x94d114f00_3338 .array/port v0x94d114f00, 3338;
E_0x94d065880/834 .event anyedge, v0x94d114f00_3335, v0x94d114f00_3336, v0x94d114f00_3337, v0x94d114f00_3338;
v0x94d114f00_3339 .array/port v0x94d114f00, 3339;
v0x94d114f00_3340 .array/port v0x94d114f00, 3340;
v0x94d114f00_3341 .array/port v0x94d114f00, 3341;
v0x94d114f00_3342 .array/port v0x94d114f00, 3342;
E_0x94d065880/835 .event anyedge, v0x94d114f00_3339, v0x94d114f00_3340, v0x94d114f00_3341, v0x94d114f00_3342;
v0x94d114f00_3343 .array/port v0x94d114f00, 3343;
v0x94d114f00_3344 .array/port v0x94d114f00, 3344;
v0x94d114f00_3345 .array/port v0x94d114f00, 3345;
v0x94d114f00_3346 .array/port v0x94d114f00, 3346;
E_0x94d065880/836 .event anyedge, v0x94d114f00_3343, v0x94d114f00_3344, v0x94d114f00_3345, v0x94d114f00_3346;
v0x94d114f00_3347 .array/port v0x94d114f00, 3347;
v0x94d114f00_3348 .array/port v0x94d114f00, 3348;
v0x94d114f00_3349 .array/port v0x94d114f00, 3349;
v0x94d114f00_3350 .array/port v0x94d114f00, 3350;
E_0x94d065880/837 .event anyedge, v0x94d114f00_3347, v0x94d114f00_3348, v0x94d114f00_3349, v0x94d114f00_3350;
v0x94d114f00_3351 .array/port v0x94d114f00, 3351;
v0x94d114f00_3352 .array/port v0x94d114f00, 3352;
v0x94d114f00_3353 .array/port v0x94d114f00, 3353;
v0x94d114f00_3354 .array/port v0x94d114f00, 3354;
E_0x94d065880/838 .event anyedge, v0x94d114f00_3351, v0x94d114f00_3352, v0x94d114f00_3353, v0x94d114f00_3354;
v0x94d114f00_3355 .array/port v0x94d114f00, 3355;
v0x94d114f00_3356 .array/port v0x94d114f00, 3356;
v0x94d114f00_3357 .array/port v0x94d114f00, 3357;
v0x94d114f00_3358 .array/port v0x94d114f00, 3358;
E_0x94d065880/839 .event anyedge, v0x94d114f00_3355, v0x94d114f00_3356, v0x94d114f00_3357, v0x94d114f00_3358;
v0x94d114f00_3359 .array/port v0x94d114f00, 3359;
v0x94d114f00_3360 .array/port v0x94d114f00, 3360;
v0x94d114f00_3361 .array/port v0x94d114f00, 3361;
v0x94d114f00_3362 .array/port v0x94d114f00, 3362;
E_0x94d065880/840 .event anyedge, v0x94d114f00_3359, v0x94d114f00_3360, v0x94d114f00_3361, v0x94d114f00_3362;
v0x94d114f00_3363 .array/port v0x94d114f00, 3363;
v0x94d114f00_3364 .array/port v0x94d114f00, 3364;
v0x94d114f00_3365 .array/port v0x94d114f00, 3365;
v0x94d114f00_3366 .array/port v0x94d114f00, 3366;
E_0x94d065880/841 .event anyedge, v0x94d114f00_3363, v0x94d114f00_3364, v0x94d114f00_3365, v0x94d114f00_3366;
v0x94d114f00_3367 .array/port v0x94d114f00, 3367;
v0x94d114f00_3368 .array/port v0x94d114f00, 3368;
v0x94d114f00_3369 .array/port v0x94d114f00, 3369;
v0x94d114f00_3370 .array/port v0x94d114f00, 3370;
E_0x94d065880/842 .event anyedge, v0x94d114f00_3367, v0x94d114f00_3368, v0x94d114f00_3369, v0x94d114f00_3370;
v0x94d114f00_3371 .array/port v0x94d114f00, 3371;
v0x94d114f00_3372 .array/port v0x94d114f00, 3372;
v0x94d114f00_3373 .array/port v0x94d114f00, 3373;
v0x94d114f00_3374 .array/port v0x94d114f00, 3374;
E_0x94d065880/843 .event anyedge, v0x94d114f00_3371, v0x94d114f00_3372, v0x94d114f00_3373, v0x94d114f00_3374;
v0x94d114f00_3375 .array/port v0x94d114f00, 3375;
v0x94d114f00_3376 .array/port v0x94d114f00, 3376;
v0x94d114f00_3377 .array/port v0x94d114f00, 3377;
v0x94d114f00_3378 .array/port v0x94d114f00, 3378;
E_0x94d065880/844 .event anyedge, v0x94d114f00_3375, v0x94d114f00_3376, v0x94d114f00_3377, v0x94d114f00_3378;
v0x94d114f00_3379 .array/port v0x94d114f00, 3379;
v0x94d114f00_3380 .array/port v0x94d114f00, 3380;
v0x94d114f00_3381 .array/port v0x94d114f00, 3381;
v0x94d114f00_3382 .array/port v0x94d114f00, 3382;
E_0x94d065880/845 .event anyedge, v0x94d114f00_3379, v0x94d114f00_3380, v0x94d114f00_3381, v0x94d114f00_3382;
v0x94d114f00_3383 .array/port v0x94d114f00, 3383;
v0x94d114f00_3384 .array/port v0x94d114f00, 3384;
v0x94d114f00_3385 .array/port v0x94d114f00, 3385;
v0x94d114f00_3386 .array/port v0x94d114f00, 3386;
E_0x94d065880/846 .event anyedge, v0x94d114f00_3383, v0x94d114f00_3384, v0x94d114f00_3385, v0x94d114f00_3386;
v0x94d114f00_3387 .array/port v0x94d114f00, 3387;
v0x94d114f00_3388 .array/port v0x94d114f00, 3388;
v0x94d114f00_3389 .array/port v0x94d114f00, 3389;
v0x94d114f00_3390 .array/port v0x94d114f00, 3390;
E_0x94d065880/847 .event anyedge, v0x94d114f00_3387, v0x94d114f00_3388, v0x94d114f00_3389, v0x94d114f00_3390;
v0x94d114f00_3391 .array/port v0x94d114f00, 3391;
v0x94d114f00_3392 .array/port v0x94d114f00, 3392;
v0x94d114f00_3393 .array/port v0x94d114f00, 3393;
v0x94d114f00_3394 .array/port v0x94d114f00, 3394;
E_0x94d065880/848 .event anyedge, v0x94d114f00_3391, v0x94d114f00_3392, v0x94d114f00_3393, v0x94d114f00_3394;
v0x94d114f00_3395 .array/port v0x94d114f00, 3395;
v0x94d114f00_3396 .array/port v0x94d114f00, 3396;
v0x94d114f00_3397 .array/port v0x94d114f00, 3397;
v0x94d114f00_3398 .array/port v0x94d114f00, 3398;
E_0x94d065880/849 .event anyedge, v0x94d114f00_3395, v0x94d114f00_3396, v0x94d114f00_3397, v0x94d114f00_3398;
v0x94d114f00_3399 .array/port v0x94d114f00, 3399;
v0x94d114f00_3400 .array/port v0x94d114f00, 3400;
v0x94d114f00_3401 .array/port v0x94d114f00, 3401;
v0x94d114f00_3402 .array/port v0x94d114f00, 3402;
E_0x94d065880/850 .event anyedge, v0x94d114f00_3399, v0x94d114f00_3400, v0x94d114f00_3401, v0x94d114f00_3402;
v0x94d114f00_3403 .array/port v0x94d114f00, 3403;
v0x94d114f00_3404 .array/port v0x94d114f00, 3404;
v0x94d114f00_3405 .array/port v0x94d114f00, 3405;
v0x94d114f00_3406 .array/port v0x94d114f00, 3406;
E_0x94d065880/851 .event anyedge, v0x94d114f00_3403, v0x94d114f00_3404, v0x94d114f00_3405, v0x94d114f00_3406;
v0x94d114f00_3407 .array/port v0x94d114f00, 3407;
v0x94d114f00_3408 .array/port v0x94d114f00, 3408;
v0x94d114f00_3409 .array/port v0x94d114f00, 3409;
v0x94d114f00_3410 .array/port v0x94d114f00, 3410;
E_0x94d065880/852 .event anyedge, v0x94d114f00_3407, v0x94d114f00_3408, v0x94d114f00_3409, v0x94d114f00_3410;
v0x94d114f00_3411 .array/port v0x94d114f00, 3411;
v0x94d114f00_3412 .array/port v0x94d114f00, 3412;
v0x94d114f00_3413 .array/port v0x94d114f00, 3413;
v0x94d114f00_3414 .array/port v0x94d114f00, 3414;
E_0x94d065880/853 .event anyedge, v0x94d114f00_3411, v0x94d114f00_3412, v0x94d114f00_3413, v0x94d114f00_3414;
v0x94d114f00_3415 .array/port v0x94d114f00, 3415;
v0x94d114f00_3416 .array/port v0x94d114f00, 3416;
v0x94d114f00_3417 .array/port v0x94d114f00, 3417;
v0x94d114f00_3418 .array/port v0x94d114f00, 3418;
E_0x94d065880/854 .event anyedge, v0x94d114f00_3415, v0x94d114f00_3416, v0x94d114f00_3417, v0x94d114f00_3418;
v0x94d114f00_3419 .array/port v0x94d114f00, 3419;
v0x94d114f00_3420 .array/port v0x94d114f00, 3420;
v0x94d114f00_3421 .array/port v0x94d114f00, 3421;
v0x94d114f00_3422 .array/port v0x94d114f00, 3422;
E_0x94d065880/855 .event anyedge, v0x94d114f00_3419, v0x94d114f00_3420, v0x94d114f00_3421, v0x94d114f00_3422;
v0x94d114f00_3423 .array/port v0x94d114f00, 3423;
v0x94d114f00_3424 .array/port v0x94d114f00, 3424;
v0x94d114f00_3425 .array/port v0x94d114f00, 3425;
v0x94d114f00_3426 .array/port v0x94d114f00, 3426;
E_0x94d065880/856 .event anyedge, v0x94d114f00_3423, v0x94d114f00_3424, v0x94d114f00_3425, v0x94d114f00_3426;
v0x94d114f00_3427 .array/port v0x94d114f00, 3427;
v0x94d114f00_3428 .array/port v0x94d114f00, 3428;
v0x94d114f00_3429 .array/port v0x94d114f00, 3429;
v0x94d114f00_3430 .array/port v0x94d114f00, 3430;
E_0x94d065880/857 .event anyedge, v0x94d114f00_3427, v0x94d114f00_3428, v0x94d114f00_3429, v0x94d114f00_3430;
v0x94d114f00_3431 .array/port v0x94d114f00, 3431;
v0x94d114f00_3432 .array/port v0x94d114f00, 3432;
v0x94d114f00_3433 .array/port v0x94d114f00, 3433;
v0x94d114f00_3434 .array/port v0x94d114f00, 3434;
E_0x94d065880/858 .event anyedge, v0x94d114f00_3431, v0x94d114f00_3432, v0x94d114f00_3433, v0x94d114f00_3434;
v0x94d114f00_3435 .array/port v0x94d114f00, 3435;
v0x94d114f00_3436 .array/port v0x94d114f00, 3436;
v0x94d114f00_3437 .array/port v0x94d114f00, 3437;
v0x94d114f00_3438 .array/port v0x94d114f00, 3438;
E_0x94d065880/859 .event anyedge, v0x94d114f00_3435, v0x94d114f00_3436, v0x94d114f00_3437, v0x94d114f00_3438;
v0x94d114f00_3439 .array/port v0x94d114f00, 3439;
v0x94d114f00_3440 .array/port v0x94d114f00, 3440;
v0x94d114f00_3441 .array/port v0x94d114f00, 3441;
v0x94d114f00_3442 .array/port v0x94d114f00, 3442;
E_0x94d065880/860 .event anyedge, v0x94d114f00_3439, v0x94d114f00_3440, v0x94d114f00_3441, v0x94d114f00_3442;
v0x94d114f00_3443 .array/port v0x94d114f00, 3443;
v0x94d114f00_3444 .array/port v0x94d114f00, 3444;
v0x94d114f00_3445 .array/port v0x94d114f00, 3445;
v0x94d114f00_3446 .array/port v0x94d114f00, 3446;
E_0x94d065880/861 .event anyedge, v0x94d114f00_3443, v0x94d114f00_3444, v0x94d114f00_3445, v0x94d114f00_3446;
v0x94d114f00_3447 .array/port v0x94d114f00, 3447;
v0x94d114f00_3448 .array/port v0x94d114f00, 3448;
v0x94d114f00_3449 .array/port v0x94d114f00, 3449;
v0x94d114f00_3450 .array/port v0x94d114f00, 3450;
E_0x94d065880/862 .event anyedge, v0x94d114f00_3447, v0x94d114f00_3448, v0x94d114f00_3449, v0x94d114f00_3450;
v0x94d114f00_3451 .array/port v0x94d114f00, 3451;
v0x94d114f00_3452 .array/port v0x94d114f00, 3452;
v0x94d114f00_3453 .array/port v0x94d114f00, 3453;
v0x94d114f00_3454 .array/port v0x94d114f00, 3454;
E_0x94d065880/863 .event anyedge, v0x94d114f00_3451, v0x94d114f00_3452, v0x94d114f00_3453, v0x94d114f00_3454;
v0x94d114f00_3455 .array/port v0x94d114f00, 3455;
v0x94d114f00_3456 .array/port v0x94d114f00, 3456;
v0x94d114f00_3457 .array/port v0x94d114f00, 3457;
v0x94d114f00_3458 .array/port v0x94d114f00, 3458;
E_0x94d065880/864 .event anyedge, v0x94d114f00_3455, v0x94d114f00_3456, v0x94d114f00_3457, v0x94d114f00_3458;
v0x94d114f00_3459 .array/port v0x94d114f00, 3459;
v0x94d114f00_3460 .array/port v0x94d114f00, 3460;
v0x94d114f00_3461 .array/port v0x94d114f00, 3461;
v0x94d114f00_3462 .array/port v0x94d114f00, 3462;
E_0x94d065880/865 .event anyedge, v0x94d114f00_3459, v0x94d114f00_3460, v0x94d114f00_3461, v0x94d114f00_3462;
v0x94d114f00_3463 .array/port v0x94d114f00, 3463;
v0x94d114f00_3464 .array/port v0x94d114f00, 3464;
v0x94d114f00_3465 .array/port v0x94d114f00, 3465;
v0x94d114f00_3466 .array/port v0x94d114f00, 3466;
E_0x94d065880/866 .event anyedge, v0x94d114f00_3463, v0x94d114f00_3464, v0x94d114f00_3465, v0x94d114f00_3466;
v0x94d114f00_3467 .array/port v0x94d114f00, 3467;
v0x94d114f00_3468 .array/port v0x94d114f00, 3468;
v0x94d114f00_3469 .array/port v0x94d114f00, 3469;
v0x94d114f00_3470 .array/port v0x94d114f00, 3470;
E_0x94d065880/867 .event anyedge, v0x94d114f00_3467, v0x94d114f00_3468, v0x94d114f00_3469, v0x94d114f00_3470;
v0x94d114f00_3471 .array/port v0x94d114f00, 3471;
v0x94d114f00_3472 .array/port v0x94d114f00, 3472;
v0x94d114f00_3473 .array/port v0x94d114f00, 3473;
v0x94d114f00_3474 .array/port v0x94d114f00, 3474;
E_0x94d065880/868 .event anyedge, v0x94d114f00_3471, v0x94d114f00_3472, v0x94d114f00_3473, v0x94d114f00_3474;
v0x94d114f00_3475 .array/port v0x94d114f00, 3475;
v0x94d114f00_3476 .array/port v0x94d114f00, 3476;
v0x94d114f00_3477 .array/port v0x94d114f00, 3477;
v0x94d114f00_3478 .array/port v0x94d114f00, 3478;
E_0x94d065880/869 .event anyedge, v0x94d114f00_3475, v0x94d114f00_3476, v0x94d114f00_3477, v0x94d114f00_3478;
v0x94d114f00_3479 .array/port v0x94d114f00, 3479;
v0x94d114f00_3480 .array/port v0x94d114f00, 3480;
v0x94d114f00_3481 .array/port v0x94d114f00, 3481;
v0x94d114f00_3482 .array/port v0x94d114f00, 3482;
E_0x94d065880/870 .event anyedge, v0x94d114f00_3479, v0x94d114f00_3480, v0x94d114f00_3481, v0x94d114f00_3482;
v0x94d114f00_3483 .array/port v0x94d114f00, 3483;
v0x94d114f00_3484 .array/port v0x94d114f00, 3484;
v0x94d114f00_3485 .array/port v0x94d114f00, 3485;
v0x94d114f00_3486 .array/port v0x94d114f00, 3486;
E_0x94d065880/871 .event anyedge, v0x94d114f00_3483, v0x94d114f00_3484, v0x94d114f00_3485, v0x94d114f00_3486;
v0x94d114f00_3487 .array/port v0x94d114f00, 3487;
v0x94d114f00_3488 .array/port v0x94d114f00, 3488;
v0x94d114f00_3489 .array/port v0x94d114f00, 3489;
v0x94d114f00_3490 .array/port v0x94d114f00, 3490;
E_0x94d065880/872 .event anyedge, v0x94d114f00_3487, v0x94d114f00_3488, v0x94d114f00_3489, v0x94d114f00_3490;
v0x94d114f00_3491 .array/port v0x94d114f00, 3491;
v0x94d114f00_3492 .array/port v0x94d114f00, 3492;
v0x94d114f00_3493 .array/port v0x94d114f00, 3493;
v0x94d114f00_3494 .array/port v0x94d114f00, 3494;
E_0x94d065880/873 .event anyedge, v0x94d114f00_3491, v0x94d114f00_3492, v0x94d114f00_3493, v0x94d114f00_3494;
v0x94d114f00_3495 .array/port v0x94d114f00, 3495;
v0x94d114f00_3496 .array/port v0x94d114f00, 3496;
v0x94d114f00_3497 .array/port v0x94d114f00, 3497;
v0x94d114f00_3498 .array/port v0x94d114f00, 3498;
E_0x94d065880/874 .event anyedge, v0x94d114f00_3495, v0x94d114f00_3496, v0x94d114f00_3497, v0x94d114f00_3498;
v0x94d114f00_3499 .array/port v0x94d114f00, 3499;
v0x94d114f00_3500 .array/port v0x94d114f00, 3500;
v0x94d114f00_3501 .array/port v0x94d114f00, 3501;
v0x94d114f00_3502 .array/port v0x94d114f00, 3502;
E_0x94d065880/875 .event anyedge, v0x94d114f00_3499, v0x94d114f00_3500, v0x94d114f00_3501, v0x94d114f00_3502;
v0x94d114f00_3503 .array/port v0x94d114f00, 3503;
v0x94d114f00_3504 .array/port v0x94d114f00, 3504;
v0x94d114f00_3505 .array/port v0x94d114f00, 3505;
v0x94d114f00_3506 .array/port v0x94d114f00, 3506;
E_0x94d065880/876 .event anyedge, v0x94d114f00_3503, v0x94d114f00_3504, v0x94d114f00_3505, v0x94d114f00_3506;
v0x94d114f00_3507 .array/port v0x94d114f00, 3507;
v0x94d114f00_3508 .array/port v0x94d114f00, 3508;
v0x94d114f00_3509 .array/port v0x94d114f00, 3509;
v0x94d114f00_3510 .array/port v0x94d114f00, 3510;
E_0x94d065880/877 .event anyedge, v0x94d114f00_3507, v0x94d114f00_3508, v0x94d114f00_3509, v0x94d114f00_3510;
v0x94d114f00_3511 .array/port v0x94d114f00, 3511;
v0x94d114f00_3512 .array/port v0x94d114f00, 3512;
v0x94d114f00_3513 .array/port v0x94d114f00, 3513;
v0x94d114f00_3514 .array/port v0x94d114f00, 3514;
E_0x94d065880/878 .event anyedge, v0x94d114f00_3511, v0x94d114f00_3512, v0x94d114f00_3513, v0x94d114f00_3514;
v0x94d114f00_3515 .array/port v0x94d114f00, 3515;
v0x94d114f00_3516 .array/port v0x94d114f00, 3516;
v0x94d114f00_3517 .array/port v0x94d114f00, 3517;
v0x94d114f00_3518 .array/port v0x94d114f00, 3518;
E_0x94d065880/879 .event anyedge, v0x94d114f00_3515, v0x94d114f00_3516, v0x94d114f00_3517, v0x94d114f00_3518;
v0x94d114f00_3519 .array/port v0x94d114f00, 3519;
v0x94d114f00_3520 .array/port v0x94d114f00, 3520;
v0x94d114f00_3521 .array/port v0x94d114f00, 3521;
v0x94d114f00_3522 .array/port v0x94d114f00, 3522;
E_0x94d065880/880 .event anyedge, v0x94d114f00_3519, v0x94d114f00_3520, v0x94d114f00_3521, v0x94d114f00_3522;
v0x94d114f00_3523 .array/port v0x94d114f00, 3523;
v0x94d114f00_3524 .array/port v0x94d114f00, 3524;
v0x94d114f00_3525 .array/port v0x94d114f00, 3525;
v0x94d114f00_3526 .array/port v0x94d114f00, 3526;
E_0x94d065880/881 .event anyedge, v0x94d114f00_3523, v0x94d114f00_3524, v0x94d114f00_3525, v0x94d114f00_3526;
v0x94d114f00_3527 .array/port v0x94d114f00, 3527;
v0x94d114f00_3528 .array/port v0x94d114f00, 3528;
v0x94d114f00_3529 .array/port v0x94d114f00, 3529;
v0x94d114f00_3530 .array/port v0x94d114f00, 3530;
E_0x94d065880/882 .event anyedge, v0x94d114f00_3527, v0x94d114f00_3528, v0x94d114f00_3529, v0x94d114f00_3530;
v0x94d114f00_3531 .array/port v0x94d114f00, 3531;
v0x94d114f00_3532 .array/port v0x94d114f00, 3532;
v0x94d114f00_3533 .array/port v0x94d114f00, 3533;
v0x94d114f00_3534 .array/port v0x94d114f00, 3534;
E_0x94d065880/883 .event anyedge, v0x94d114f00_3531, v0x94d114f00_3532, v0x94d114f00_3533, v0x94d114f00_3534;
v0x94d114f00_3535 .array/port v0x94d114f00, 3535;
v0x94d114f00_3536 .array/port v0x94d114f00, 3536;
v0x94d114f00_3537 .array/port v0x94d114f00, 3537;
v0x94d114f00_3538 .array/port v0x94d114f00, 3538;
E_0x94d065880/884 .event anyedge, v0x94d114f00_3535, v0x94d114f00_3536, v0x94d114f00_3537, v0x94d114f00_3538;
v0x94d114f00_3539 .array/port v0x94d114f00, 3539;
v0x94d114f00_3540 .array/port v0x94d114f00, 3540;
v0x94d114f00_3541 .array/port v0x94d114f00, 3541;
v0x94d114f00_3542 .array/port v0x94d114f00, 3542;
E_0x94d065880/885 .event anyedge, v0x94d114f00_3539, v0x94d114f00_3540, v0x94d114f00_3541, v0x94d114f00_3542;
v0x94d114f00_3543 .array/port v0x94d114f00, 3543;
v0x94d114f00_3544 .array/port v0x94d114f00, 3544;
v0x94d114f00_3545 .array/port v0x94d114f00, 3545;
v0x94d114f00_3546 .array/port v0x94d114f00, 3546;
E_0x94d065880/886 .event anyedge, v0x94d114f00_3543, v0x94d114f00_3544, v0x94d114f00_3545, v0x94d114f00_3546;
v0x94d114f00_3547 .array/port v0x94d114f00, 3547;
v0x94d114f00_3548 .array/port v0x94d114f00, 3548;
v0x94d114f00_3549 .array/port v0x94d114f00, 3549;
v0x94d114f00_3550 .array/port v0x94d114f00, 3550;
E_0x94d065880/887 .event anyedge, v0x94d114f00_3547, v0x94d114f00_3548, v0x94d114f00_3549, v0x94d114f00_3550;
v0x94d114f00_3551 .array/port v0x94d114f00, 3551;
v0x94d114f00_3552 .array/port v0x94d114f00, 3552;
v0x94d114f00_3553 .array/port v0x94d114f00, 3553;
v0x94d114f00_3554 .array/port v0x94d114f00, 3554;
E_0x94d065880/888 .event anyedge, v0x94d114f00_3551, v0x94d114f00_3552, v0x94d114f00_3553, v0x94d114f00_3554;
v0x94d114f00_3555 .array/port v0x94d114f00, 3555;
v0x94d114f00_3556 .array/port v0x94d114f00, 3556;
v0x94d114f00_3557 .array/port v0x94d114f00, 3557;
v0x94d114f00_3558 .array/port v0x94d114f00, 3558;
E_0x94d065880/889 .event anyedge, v0x94d114f00_3555, v0x94d114f00_3556, v0x94d114f00_3557, v0x94d114f00_3558;
v0x94d114f00_3559 .array/port v0x94d114f00, 3559;
v0x94d114f00_3560 .array/port v0x94d114f00, 3560;
v0x94d114f00_3561 .array/port v0x94d114f00, 3561;
v0x94d114f00_3562 .array/port v0x94d114f00, 3562;
E_0x94d065880/890 .event anyedge, v0x94d114f00_3559, v0x94d114f00_3560, v0x94d114f00_3561, v0x94d114f00_3562;
v0x94d114f00_3563 .array/port v0x94d114f00, 3563;
v0x94d114f00_3564 .array/port v0x94d114f00, 3564;
v0x94d114f00_3565 .array/port v0x94d114f00, 3565;
v0x94d114f00_3566 .array/port v0x94d114f00, 3566;
E_0x94d065880/891 .event anyedge, v0x94d114f00_3563, v0x94d114f00_3564, v0x94d114f00_3565, v0x94d114f00_3566;
v0x94d114f00_3567 .array/port v0x94d114f00, 3567;
v0x94d114f00_3568 .array/port v0x94d114f00, 3568;
v0x94d114f00_3569 .array/port v0x94d114f00, 3569;
v0x94d114f00_3570 .array/port v0x94d114f00, 3570;
E_0x94d065880/892 .event anyedge, v0x94d114f00_3567, v0x94d114f00_3568, v0x94d114f00_3569, v0x94d114f00_3570;
v0x94d114f00_3571 .array/port v0x94d114f00, 3571;
v0x94d114f00_3572 .array/port v0x94d114f00, 3572;
v0x94d114f00_3573 .array/port v0x94d114f00, 3573;
v0x94d114f00_3574 .array/port v0x94d114f00, 3574;
E_0x94d065880/893 .event anyedge, v0x94d114f00_3571, v0x94d114f00_3572, v0x94d114f00_3573, v0x94d114f00_3574;
v0x94d114f00_3575 .array/port v0x94d114f00, 3575;
v0x94d114f00_3576 .array/port v0x94d114f00, 3576;
v0x94d114f00_3577 .array/port v0x94d114f00, 3577;
v0x94d114f00_3578 .array/port v0x94d114f00, 3578;
E_0x94d065880/894 .event anyedge, v0x94d114f00_3575, v0x94d114f00_3576, v0x94d114f00_3577, v0x94d114f00_3578;
v0x94d114f00_3579 .array/port v0x94d114f00, 3579;
v0x94d114f00_3580 .array/port v0x94d114f00, 3580;
v0x94d114f00_3581 .array/port v0x94d114f00, 3581;
v0x94d114f00_3582 .array/port v0x94d114f00, 3582;
E_0x94d065880/895 .event anyedge, v0x94d114f00_3579, v0x94d114f00_3580, v0x94d114f00_3581, v0x94d114f00_3582;
v0x94d114f00_3583 .array/port v0x94d114f00, 3583;
v0x94d114f00_3584 .array/port v0x94d114f00, 3584;
v0x94d114f00_3585 .array/port v0x94d114f00, 3585;
v0x94d114f00_3586 .array/port v0x94d114f00, 3586;
E_0x94d065880/896 .event anyedge, v0x94d114f00_3583, v0x94d114f00_3584, v0x94d114f00_3585, v0x94d114f00_3586;
v0x94d114f00_3587 .array/port v0x94d114f00, 3587;
v0x94d114f00_3588 .array/port v0x94d114f00, 3588;
v0x94d114f00_3589 .array/port v0x94d114f00, 3589;
v0x94d114f00_3590 .array/port v0x94d114f00, 3590;
E_0x94d065880/897 .event anyedge, v0x94d114f00_3587, v0x94d114f00_3588, v0x94d114f00_3589, v0x94d114f00_3590;
v0x94d114f00_3591 .array/port v0x94d114f00, 3591;
v0x94d114f00_3592 .array/port v0x94d114f00, 3592;
v0x94d114f00_3593 .array/port v0x94d114f00, 3593;
v0x94d114f00_3594 .array/port v0x94d114f00, 3594;
E_0x94d065880/898 .event anyedge, v0x94d114f00_3591, v0x94d114f00_3592, v0x94d114f00_3593, v0x94d114f00_3594;
v0x94d114f00_3595 .array/port v0x94d114f00, 3595;
v0x94d114f00_3596 .array/port v0x94d114f00, 3596;
v0x94d114f00_3597 .array/port v0x94d114f00, 3597;
v0x94d114f00_3598 .array/port v0x94d114f00, 3598;
E_0x94d065880/899 .event anyedge, v0x94d114f00_3595, v0x94d114f00_3596, v0x94d114f00_3597, v0x94d114f00_3598;
v0x94d114f00_3599 .array/port v0x94d114f00, 3599;
v0x94d114f00_3600 .array/port v0x94d114f00, 3600;
v0x94d114f00_3601 .array/port v0x94d114f00, 3601;
v0x94d114f00_3602 .array/port v0x94d114f00, 3602;
E_0x94d065880/900 .event anyedge, v0x94d114f00_3599, v0x94d114f00_3600, v0x94d114f00_3601, v0x94d114f00_3602;
v0x94d114f00_3603 .array/port v0x94d114f00, 3603;
v0x94d114f00_3604 .array/port v0x94d114f00, 3604;
v0x94d114f00_3605 .array/port v0x94d114f00, 3605;
v0x94d114f00_3606 .array/port v0x94d114f00, 3606;
E_0x94d065880/901 .event anyedge, v0x94d114f00_3603, v0x94d114f00_3604, v0x94d114f00_3605, v0x94d114f00_3606;
v0x94d114f00_3607 .array/port v0x94d114f00, 3607;
v0x94d114f00_3608 .array/port v0x94d114f00, 3608;
v0x94d114f00_3609 .array/port v0x94d114f00, 3609;
v0x94d114f00_3610 .array/port v0x94d114f00, 3610;
E_0x94d065880/902 .event anyedge, v0x94d114f00_3607, v0x94d114f00_3608, v0x94d114f00_3609, v0x94d114f00_3610;
v0x94d114f00_3611 .array/port v0x94d114f00, 3611;
v0x94d114f00_3612 .array/port v0x94d114f00, 3612;
v0x94d114f00_3613 .array/port v0x94d114f00, 3613;
v0x94d114f00_3614 .array/port v0x94d114f00, 3614;
E_0x94d065880/903 .event anyedge, v0x94d114f00_3611, v0x94d114f00_3612, v0x94d114f00_3613, v0x94d114f00_3614;
v0x94d114f00_3615 .array/port v0x94d114f00, 3615;
v0x94d114f00_3616 .array/port v0x94d114f00, 3616;
v0x94d114f00_3617 .array/port v0x94d114f00, 3617;
v0x94d114f00_3618 .array/port v0x94d114f00, 3618;
E_0x94d065880/904 .event anyedge, v0x94d114f00_3615, v0x94d114f00_3616, v0x94d114f00_3617, v0x94d114f00_3618;
v0x94d114f00_3619 .array/port v0x94d114f00, 3619;
v0x94d114f00_3620 .array/port v0x94d114f00, 3620;
v0x94d114f00_3621 .array/port v0x94d114f00, 3621;
v0x94d114f00_3622 .array/port v0x94d114f00, 3622;
E_0x94d065880/905 .event anyedge, v0x94d114f00_3619, v0x94d114f00_3620, v0x94d114f00_3621, v0x94d114f00_3622;
v0x94d114f00_3623 .array/port v0x94d114f00, 3623;
v0x94d114f00_3624 .array/port v0x94d114f00, 3624;
v0x94d114f00_3625 .array/port v0x94d114f00, 3625;
v0x94d114f00_3626 .array/port v0x94d114f00, 3626;
E_0x94d065880/906 .event anyedge, v0x94d114f00_3623, v0x94d114f00_3624, v0x94d114f00_3625, v0x94d114f00_3626;
v0x94d114f00_3627 .array/port v0x94d114f00, 3627;
v0x94d114f00_3628 .array/port v0x94d114f00, 3628;
v0x94d114f00_3629 .array/port v0x94d114f00, 3629;
v0x94d114f00_3630 .array/port v0x94d114f00, 3630;
E_0x94d065880/907 .event anyedge, v0x94d114f00_3627, v0x94d114f00_3628, v0x94d114f00_3629, v0x94d114f00_3630;
v0x94d114f00_3631 .array/port v0x94d114f00, 3631;
v0x94d114f00_3632 .array/port v0x94d114f00, 3632;
v0x94d114f00_3633 .array/port v0x94d114f00, 3633;
v0x94d114f00_3634 .array/port v0x94d114f00, 3634;
E_0x94d065880/908 .event anyedge, v0x94d114f00_3631, v0x94d114f00_3632, v0x94d114f00_3633, v0x94d114f00_3634;
v0x94d114f00_3635 .array/port v0x94d114f00, 3635;
v0x94d114f00_3636 .array/port v0x94d114f00, 3636;
v0x94d114f00_3637 .array/port v0x94d114f00, 3637;
v0x94d114f00_3638 .array/port v0x94d114f00, 3638;
E_0x94d065880/909 .event anyedge, v0x94d114f00_3635, v0x94d114f00_3636, v0x94d114f00_3637, v0x94d114f00_3638;
v0x94d114f00_3639 .array/port v0x94d114f00, 3639;
v0x94d114f00_3640 .array/port v0x94d114f00, 3640;
v0x94d114f00_3641 .array/port v0x94d114f00, 3641;
v0x94d114f00_3642 .array/port v0x94d114f00, 3642;
E_0x94d065880/910 .event anyedge, v0x94d114f00_3639, v0x94d114f00_3640, v0x94d114f00_3641, v0x94d114f00_3642;
v0x94d114f00_3643 .array/port v0x94d114f00, 3643;
v0x94d114f00_3644 .array/port v0x94d114f00, 3644;
v0x94d114f00_3645 .array/port v0x94d114f00, 3645;
v0x94d114f00_3646 .array/port v0x94d114f00, 3646;
E_0x94d065880/911 .event anyedge, v0x94d114f00_3643, v0x94d114f00_3644, v0x94d114f00_3645, v0x94d114f00_3646;
v0x94d114f00_3647 .array/port v0x94d114f00, 3647;
v0x94d114f00_3648 .array/port v0x94d114f00, 3648;
v0x94d114f00_3649 .array/port v0x94d114f00, 3649;
v0x94d114f00_3650 .array/port v0x94d114f00, 3650;
E_0x94d065880/912 .event anyedge, v0x94d114f00_3647, v0x94d114f00_3648, v0x94d114f00_3649, v0x94d114f00_3650;
v0x94d114f00_3651 .array/port v0x94d114f00, 3651;
v0x94d114f00_3652 .array/port v0x94d114f00, 3652;
v0x94d114f00_3653 .array/port v0x94d114f00, 3653;
v0x94d114f00_3654 .array/port v0x94d114f00, 3654;
E_0x94d065880/913 .event anyedge, v0x94d114f00_3651, v0x94d114f00_3652, v0x94d114f00_3653, v0x94d114f00_3654;
v0x94d114f00_3655 .array/port v0x94d114f00, 3655;
v0x94d114f00_3656 .array/port v0x94d114f00, 3656;
v0x94d114f00_3657 .array/port v0x94d114f00, 3657;
v0x94d114f00_3658 .array/port v0x94d114f00, 3658;
E_0x94d065880/914 .event anyedge, v0x94d114f00_3655, v0x94d114f00_3656, v0x94d114f00_3657, v0x94d114f00_3658;
v0x94d114f00_3659 .array/port v0x94d114f00, 3659;
v0x94d114f00_3660 .array/port v0x94d114f00, 3660;
v0x94d114f00_3661 .array/port v0x94d114f00, 3661;
v0x94d114f00_3662 .array/port v0x94d114f00, 3662;
E_0x94d065880/915 .event anyedge, v0x94d114f00_3659, v0x94d114f00_3660, v0x94d114f00_3661, v0x94d114f00_3662;
v0x94d114f00_3663 .array/port v0x94d114f00, 3663;
v0x94d114f00_3664 .array/port v0x94d114f00, 3664;
v0x94d114f00_3665 .array/port v0x94d114f00, 3665;
v0x94d114f00_3666 .array/port v0x94d114f00, 3666;
E_0x94d065880/916 .event anyedge, v0x94d114f00_3663, v0x94d114f00_3664, v0x94d114f00_3665, v0x94d114f00_3666;
v0x94d114f00_3667 .array/port v0x94d114f00, 3667;
v0x94d114f00_3668 .array/port v0x94d114f00, 3668;
v0x94d114f00_3669 .array/port v0x94d114f00, 3669;
v0x94d114f00_3670 .array/port v0x94d114f00, 3670;
E_0x94d065880/917 .event anyedge, v0x94d114f00_3667, v0x94d114f00_3668, v0x94d114f00_3669, v0x94d114f00_3670;
v0x94d114f00_3671 .array/port v0x94d114f00, 3671;
v0x94d114f00_3672 .array/port v0x94d114f00, 3672;
v0x94d114f00_3673 .array/port v0x94d114f00, 3673;
v0x94d114f00_3674 .array/port v0x94d114f00, 3674;
E_0x94d065880/918 .event anyedge, v0x94d114f00_3671, v0x94d114f00_3672, v0x94d114f00_3673, v0x94d114f00_3674;
v0x94d114f00_3675 .array/port v0x94d114f00, 3675;
v0x94d114f00_3676 .array/port v0x94d114f00, 3676;
v0x94d114f00_3677 .array/port v0x94d114f00, 3677;
v0x94d114f00_3678 .array/port v0x94d114f00, 3678;
E_0x94d065880/919 .event anyedge, v0x94d114f00_3675, v0x94d114f00_3676, v0x94d114f00_3677, v0x94d114f00_3678;
v0x94d114f00_3679 .array/port v0x94d114f00, 3679;
v0x94d114f00_3680 .array/port v0x94d114f00, 3680;
v0x94d114f00_3681 .array/port v0x94d114f00, 3681;
v0x94d114f00_3682 .array/port v0x94d114f00, 3682;
E_0x94d065880/920 .event anyedge, v0x94d114f00_3679, v0x94d114f00_3680, v0x94d114f00_3681, v0x94d114f00_3682;
v0x94d114f00_3683 .array/port v0x94d114f00, 3683;
v0x94d114f00_3684 .array/port v0x94d114f00, 3684;
v0x94d114f00_3685 .array/port v0x94d114f00, 3685;
v0x94d114f00_3686 .array/port v0x94d114f00, 3686;
E_0x94d065880/921 .event anyedge, v0x94d114f00_3683, v0x94d114f00_3684, v0x94d114f00_3685, v0x94d114f00_3686;
v0x94d114f00_3687 .array/port v0x94d114f00, 3687;
v0x94d114f00_3688 .array/port v0x94d114f00, 3688;
v0x94d114f00_3689 .array/port v0x94d114f00, 3689;
v0x94d114f00_3690 .array/port v0x94d114f00, 3690;
E_0x94d065880/922 .event anyedge, v0x94d114f00_3687, v0x94d114f00_3688, v0x94d114f00_3689, v0x94d114f00_3690;
v0x94d114f00_3691 .array/port v0x94d114f00, 3691;
v0x94d114f00_3692 .array/port v0x94d114f00, 3692;
v0x94d114f00_3693 .array/port v0x94d114f00, 3693;
v0x94d114f00_3694 .array/port v0x94d114f00, 3694;
E_0x94d065880/923 .event anyedge, v0x94d114f00_3691, v0x94d114f00_3692, v0x94d114f00_3693, v0x94d114f00_3694;
v0x94d114f00_3695 .array/port v0x94d114f00, 3695;
v0x94d114f00_3696 .array/port v0x94d114f00, 3696;
v0x94d114f00_3697 .array/port v0x94d114f00, 3697;
v0x94d114f00_3698 .array/port v0x94d114f00, 3698;
E_0x94d065880/924 .event anyedge, v0x94d114f00_3695, v0x94d114f00_3696, v0x94d114f00_3697, v0x94d114f00_3698;
v0x94d114f00_3699 .array/port v0x94d114f00, 3699;
v0x94d114f00_3700 .array/port v0x94d114f00, 3700;
v0x94d114f00_3701 .array/port v0x94d114f00, 3701;
v0x94d114f00_3702 .array/port v0x94d114f00, 3702;
E_0x94d065880/925 .event anyedge, v0x94d114f00_3699, v0x94d114f00_3700, v0x94d114f00_3701, v0x94d114f00_3702;
v0x94d114f00_3703 .array/port v0x94d114f00, 3703;
v0x94d114f00_3704 .array/port v0x94d114f00, 3704;
v0x94d114f00_3705 .array/port v0x94d114f00, 3705;
v0x94d114f00_3706 .array/port v0x94d114f00, 3706;
E_0x94d065880/926 .event anyedge, v0x94d114f00_3703, v0x94d114f00_3704, v0x94d114f00_3705, v0x94d114f00_3706;
v0x94d114f00_3707 .array/port v0x94d114f00, 3707;
v0x94d114f00_3708 .array/port v0x94d114f00, 3708;
v0x94d114f00_3709 .array/port v0x94d114f00, 3709;
v0x94d114f00_3710 .array/port v0x94d114f00, 3710;
E_0x94d065880/927 .event anyedge, v0x94d114f00_3707, v0x94d114f00_3708, v0x94d114f00_3709, v0x94d114f00_3710;
v0x94d114f00_3711 .array/port v0x94d114f00, 3711;
v0x94d114f00_3712 .array/port v0x94d114f00, 3712;
v0x94d114f00_3713 .array/port v0x94d114f00, 3713;
v0x94d114f00_3714 .array/port v0x94d114f00, 3714;
E_0x94d065880/928 .event anyedge, v0x94d114f00_3711, v0x94d114f00_3712, v0x94d114f00_3713, v0x94d114f00_3714;
v0x94d114f00_3715 .array/port v0x94d114f00, 3715;
v0x94d114f00_3716 .array/port v0x94d114f00, 3716;
v0x94d114f00_3717 .array/port v0x94d114f00, 3717;
v0x94d114f00_3718 .array/port v0x94d114f00, 3718;
E_0x94d065880/929 .event anyedge, v0x94d114f00_3715, v0x94d114f00_3716, v0x94d114f00_3717, v0x94d114f00_3718;
v0x94d114f00_3719 .array/port v0x94d114f00, 3719;
v0x94d114f00_3720 .array/port v0x94d114f00, 3720;
v0x94d114f00_3721 .array/port v0x94d114f00, 3721;
v0x94d114f00_3722 .array/port v0x94d114f00, 3722;
E_0x94d065880/930 .event anyedge, v0x94d114f00_3719, v0x94d114f00_3720, v0x94d114f00_3721, v0x94d114f00_3722;
v0x94d114f00_3723 .array/port v0x94d114f00, 3723;
v0x94d114f00_3724 .array/port v0x94d114f00, 3724;
v0x94d114f00_3725 .array/port v0x94d114f00, 3725;
v0x94d114f00_3726 .array/port v0x94d114f00, 3726;
E_0x94d065880/931 .event anyedge, v0x94d114f00_3723, v0x94d114f00_3724, v0x94d114f00_3725, v0x94d114f00_3726;
v0x94d114f00_3727 .array/port v0x94d114f00, 3727;
v0x94d114f00_3728 .array/port v0x94d114f00, 3728;
v0x94d114f00_3729 .array/port v0x94d114f00, 3729;
v0x94d114f00_3730 .array/port v0x94d114f00, 3730;
E_0x94d065880/932 .event anyedge, v0x94d114f00_3727, v0x94d114f00_3728, v0x94d114f00_3729, v0x94d114f00_3730;
v0x94d114f00_3731 .array/port v0x94d114f00, 3731;
v0x94d114f00_3732 .array/port v0x94d114f00, 3732;
v0x94d114f00_3733 .array/port v0x94d114f00, 3733;
v0x94d114f00_3734 .array/port v0x94d114f00, 3734;
E_0x94d065880/933 .event anyedge, v0x94d114f00_3731, v0x94d114f00_3732, v0x94d114f00_3733, v0x94d114f00_3734;
v0x94d114f00_3735 .array/port v0x94d114f00, 3735;
v0x94d114f00_3736 .array/port v0x94d114f00, 3736;
v0x94d114f00_3737 .array/port v0x94d114f00, 3737;
v0x94d114f00_3738 .array/port v0x94d114f00, 3738;
E_0x94d065880/934 .event anyedge, v0x94d114f00_3735, v0x94d114f00_3736, v0x94d114f00_3737, v0x94d114f00_3738;
v0x94d114f00_3739 .array/port v0x94d114f00, 3739;
v0x94d114f00_3740 .array/port v0x94d114f00, 3740;
v0x94d114f00_3741 .array/port v0x94d114f00, 3741;
v0x94d114f00_3742 .array/port v0x94d114f00, 3742;
E_0x94d065880/935 .event anyedge, v0x94d114f00_3739, v0x94d114f00_3740, v0x94d114f00_3741, v0x94d114f00_3742;
v0x94d114f00_3743 .array/port v0x94d114f00, 3743;
v0x94d114f00_3744 .array/port v0x94d114f00, 3744;
v0x94d114f00_3745 .array/port v0x94d114f00, 3745;
v0x94d114f00_3746 .array/port v0x94d114f00, 3746;
E_0x94d065880/936 .event anyedge, v0x94d114f00_3743, v0x94d114f00_3744, v0x94d114f00_3745, v0x94d114f00_3746;
v0x94d114f00_3747 .array/port v0x94d114f00, 3747;
v0x94d114f00_3748 .array/port v0x94d114f00, 3748;
v0x94d114f00_3749 .array/port v0x94d114f00, 3749;
v0x94d114f00_3750 .array/port v0x94d114f00, 3750;
E_0x94d065880/937 .event anyedge, v0x94d114f00_3747, v0x94d114f00_3748, v0x94d114f00_3749, v0x94d114f00_3750;
v0x94d114f00_3751 .array/port v0x94d114f00, 3751;
v0x94d114f00_3752 .array/port v0x94d114f00, 3752;
v0x94d114f00_3753 .array/port v0x94d114f00, 3753;
v0x94d114f00_3754 .array/port v0x94d114f00, 3754;
E_0x94d065880/938 .event anyedge, v0x94d114f00_3751, v0x94d114f00_3752, v0x94d114f00_3753, v0x94d114f00_3754;
v0x94d114f00_3755 .array/port v0x94d114f00, 3755;
v0x94d114f00_3756 .array/port v0x94d114f00, 3756;
v0x94d114f00_3757 .array/port v0x94d114f00, 3757;
v0x94d114f00_3758 .array/port v0x94d114f00, 3758;
E_0x94d065880/939 .event anyedge, v0x94d114f00_3755, v0x94d114f00_3756, v0x94d114f00_3757, v0x94d114f00_3758;
v0x94d114f00_3759 .array/port v0x94d114f00, 3759;
v0x94d114f00_3760 .array/port v0x94d114f00, 3760;
v0x94d114f00_3761 .array/port v0x94d114f00, 3761;
v0x94d114f00_3762 .array/port v0x94d114f00, 3762;
E_0x94d065880/940 .event anyedge, v0x94d114f00_3759, v0x94d114f00_3760, v0x94d114f00_3761, v0x94d114f00_3762;
v0x94d114f00_3763 .array/port v0x94d114f00, 3763;
v0x94d114f00_3764 .array/port v0x94d114f00, 3764;
v0x94d114f00_3765 .array/port v0x94d114f00, 3765;
v0x94d114f00_3766 .array/port v0x94d114f00, 3766;
E_0x94d065880/941 .event anyedge, v0x94d114f00_3763, v0x94d114f00_3764, v0x94d114f00_3765, v0x94d114f00_3766;
v0x94d114f00_3767 .array/port v0x94d114f00, 3767;
v0x94d114f00_3768 .array/port v0x94d114f00, 3768;
v0x94d114f00_3769 .array/port v0x94d114f00, 3769;
v0x94d114f00_3770 .array/port v0x94d114f00, 3770;
E_0x94d065880/942 .event anyedge, v0x94d114f00_3767, v0x94d114f00_3768, v0x94d114f00_3769, v0x94d114f00_3770;
v0x94d114f00_3771 .array/port v0x94d114f00, 3771;
v0x94d114f00_3772 .array/port v0x94d114f00, 3772;
v0x94d114f00_3773 .array/port v0x94d114f00, 3773;
v0x94d114f00_3774 .array/port v0x94d114f00, 3774;
E_0x94d065880/943 .event anyedge, v0x94d114f00_3771, v0x94d114f00_3772, v0x94d114f00_3773, v0x94d114f00_3774;
v0x94d114f00_3775 .array/port v0x94d114f00, 3775;
v0x94d114f00_3776 .array/port v0x94d114f00, 3776;
v0x94d114f00_3777 .array/port v0x94d114f00, 3777;
v0x94d114f00_3778 .array/port v0x94d114f00, 3778;
E_0x94d065880/944 .event anyedge, v0x94d114f00_3775, v0x94d114f00_3776, v0x94d114f00_3777, v0x94d114f00_3778;
v0x94d114f00_3779 .array/port v0x94d114f00, 3779;
v0x94d114f00_3780 .array/port v0x94d114f00, 3780;
v0x94d114f00_3781 .array/port v0x94d114f00, 3781;
v0x94d114f00_3782 .array/port v0x94d114f00, 3782;
E_0x94d065880/945 .event anyedge, v0x94d114f00_3779, v0x94d114f00_3780, v0x94d114f00_3781, v0x94d114f00_3782;
v0x94d114f00_3783 .array/port v0x94d114f00, 3783;
v0x94d114f00_3784 .array/port v0x94d114f00, 3784;
v0x94d114f00_3785 .array/port v0x94d114f00, 3785;
v0x94d114f00_3786 .array/port v0x94d114f00, 3786;
E_0x94d065880/946 .event anyedge, v0x94d114f00_3783, v0x94d114f00_3784, v0x94d114f00_3785, v0x94d114f00_3786;
v0x94d114f00_3787 .array/port v0x94d114f00, 3787;
v0x94d114f00_3788 .array/port v0x94d114f00, 3788;
v0x94d114f00_3789 .array/port v0x94d114f00, 3789;
v0x94d114f00_3790 .array/port v0x94d114f00, 3790;
E_0x94d065880/947 .event anyedge, v0x94d114f00_3787, v0x94d114f00_3788, v0x94d114f00_3789, v0x94d114f00_3790;
v0x94d114f00_3791 .array/port v0x94d114f00, 3791;
v0x94d114f00_3792 .array/port v0x94d114f00, 3792;
v0x94d114f00_3793 .array/port v0x94d114f00, 3793;
v0x94d114f00_3794 .array/port v0x94d114f00, 3794;
E_0x94d065880/948 .event anyedge, v0x94d114f00_3791, v0x94d114f00_3792, v0x94d114f00_3793, v0x94d114f00_3794;
v0x94d114f00_3795 .array/port v0x94d114f00, 3795;
v0x94d114f00_3796 .array/port v0x94d114f00, 3796;
v0x94d114f00_3797 .array/port v0x94d114f00, 3797;
v0x94d114f00_3798 .array/port v0x94d114f00, 3798;
E_0x94d065880/949 .event anyedge, v0x94d114f00_3795, v0x94d114f00_3796, v0x94d114f00_3797, v0x94d114f00_3798;
v0x94d114f00_3799 .array/port v0x94d114f00, 3799;
v0x94d114f00_3800 .array/port v0x94d114f00, 3800;
v0x94d114f00_3801 .array/port v0x94d114f00, 3801;
v0x94d114f00_3802 .array/port v0x94d114f00, 3802;
E_0x94d065880/950 .event anyedge, v0x94d114f00_3799, v0x94d114f00_3800, v0x94d114f00_3801, v0x94d114f00_3802;
v0x94d114f00_3803 .array/port v0x94d114f00, 3803;
v0x94d114f00_3804 .array/port v0x94d114f00, 3804;
v0x94d114f00_3805 .array/port v0x94d114f00, 3805;
v0x94d114f00_3806 .array/port v0x94d114f00, 3806;
E_0x94d065880/951 .event anyedge, v0x94d114f00_3803, v0x94d114f00_3804, v0x94d114f00_3805, v0x94d114f00_3806;
v0x94d114f00_3807 .array/port v0x94d114f00, 3807;
v0x94d114f00_3808 .array/port v0x94d114f00, 3808;
v0x94d114f00_3809 .array/port v0x94d114f00, 3809;
v0x94d114f00_3810 .array/port v0x94d114f00, 3810;
E_0x94d065880/952 .event anyedge, v0x94d114f00_3807, v0x94d114f00_3808, v0x94d114f00_3809, v0x94d114f00_3810;
v0x94d114f00_3811 .array/port v0x94d114f00, 3811;
v0x94d114f00_3812 .array/port v0x94d114f00, 3812;
v0x94d114f00_3813 .array/port v0x94d114f00, 3813;
v0x94d114f00_3814 .array/port v0x94d114f00, 3814;
E_0x94d065880/953 .event anyedge, v0x94d114f00_3811, v0x94d114f00_3812, v0x94d114f00_3813, v0x94d114f00_3814;
v0x94d114f00_3815 .array/port v0x94d114f00, 3815;
v0x94d114f00_3816 .array/port v0x94d114f00, 3816;
v0x94d114f00_3817 .array/port v0x94d114f00, 3817;
v0x94d114f00_3818 .array/port v0x94d114f00, 3818;
E_0x94d065880/954 .event anyedge, v0x94d114f00_3815, v0x94d114f00_3816, v0x94d114f00_3817, v0x94d114f00_3818;
v0x94d114f00_3819 .array/port v0x94d114f00, 3819;
v0x94d114f00_3820 .array/port v0x94d114f00, 3820;
v0x94d114f00_3821 .array/port v0x94d114f00, 3821;
v0x94d114f00_3822 .array/port v0x94d114f00, 3822;
E_0x94d065880/955 .event anyedge, v0x94d114f00_3819, v0x94d114f00_3820, v0x94d114f00_3821, v0x94d114f00_3822;
v0x94d114f00_3823 .array/port v0x94d114f00, 3823;
v0x94d114f00_3824 .array/port v0x94d114f00, 3824;
v0x94d114f00_3825 .array/port v0x94d114f00, 3825;
v0x94d114f00_3826 .array/port v0x94d114f00, 3826;
E_0x94d065880/956 .event anyedge, v0x94d114f00_3823, v0x94d114f00_3824, v0x94d114f00_3825, v0x94d114f00_3826;
v0x94d114f00_3827 .array/port v0x94d114f00, 3827;
v0x94d114f00_3828 .array/port v0x94d114f00, 3828;
v0x94d114f00_3829 .array/port v0x94d114f00, 3829;
v0x94d114f00_3830 .array/port v0x94d114f00, 3830;
E_0x94d065880/957 .event anyedge, v0x94d114f00_3827, v0x94d114f00_3828, v0x94d114f00_3829, v0x94d114f00_3830;
v0x94d114f00_3831 .array/port v0x94d114f00, 3831;
v0x94d114f00_3832 .array/port v0x94d114f00, 3832;
v0x94d114f00_3833 .array/port v0x94d114f00, 3833;
v0x94d114f00_3834 .array/port v0x94d114f00, 3834;
E_0x94d065880/958 .event anyedge, v0x94d114f00_3831, v0x94d114f00_3832, v0x94d114f00_3833, v0x94d114f00_3834;
v0x94d114f00_3835 .array/port v0x94d114f00, 3835;
v0x94d114f00_3836 .array/port v0x94d114f00, 3836;
v0x94d114f00_3837 .array/port v0x94d114f00, 3837;
v0x94d114f00_3838 .array/port v0x94d114f00, 3838;
E_0x94d065880/959 .event anyedge, v0x94d114f00_3835, v0x94d114f00_3836, v0x94d114f00_3837, v0x94d114f00_3838;
v0x94d114f00_3839 .array/port v0x94d114f00, 3839;
v0x94d114f00_3840 .array/port v0x94d114f00, 3840;
v0x94d114f00_3841 .array/port v0x94d114f00, 3841;
v0x94d114f00_3842 .array/port v0x94d114f00, 3842;
E_0x94d065880/960 .event anyedge, v0x94d114f00_3839, v0x94d114f00_3840, v0x94d114f00_3841, v0x94d114f00_3842;
v0x94d114f00_3843 .array/port v0x94d114f00, 3843;
v0x94d114f00_3844 .array/port v0x94d114f00, 3844;
v0x94d114f00_3845 .array/port v0x94d114f00, 3845;
v0x94d114f00_3846 .array/port v0x94d114f00, 3846;
E_0x94d065880/961 .event anyedge, v0x94d114f00_3843, v0x94d114f00_3844, v0x94d114f00_3845, v0x94d114f00_3846;
v0x94d114f00_3847 .array/port v0x94d114f00, 3847;
v0x94d114f00_3848 .array/port v0x94d114f00, 3848;
v0x94d114f00_3849 .array/port v0x94d114f00, 3849;
v0x94d114f00_3850 .array/port v0x94d114f00, 3850;
E_0x94d065880/962 .event anyedge, v0x94d114f00_3847, v0x94d114f00_3848, v0x94d114f00_3849, v0x94d114f00_3850;
v0x94d114f00_3851 .array/port v0x94d114f00, 3851;
v0x94d114f00_3852 .array/port v0x94d114f00, 3852;
v0x94d114f00_3853 .array/port v0x94d114f00, 3853;
v0x94d114f00_3854 .array/port v0x94d114f00, 3854;
E_0x94d065880/963 .event anyedge, v0x94d114f00_3851, v0x94d114f00_3852, v0x94d114f00_3853, v0x94d114f00_3854;
v0x94d114f00_3855 .array/port v0x94d114f00, 3855;
v0x94d114f00_3856 .array/port v0x94d114f00, 3856;
v0x94d114f00_3857 .array/port v0x94d114f00, 3857;
v0x94d114f00_3858 .array/port v0x94d114f00, 3858;
E_0x94d065880/964 .event anyedge, v0x94d114f00_3855, v0x94d114f00_3856, v0x94d114f00_3857, v0x94d114f00_3858;
v0x94d114f00_3859 .array/port v0x94d114f00, 3859;
v0x94d114f00_3860 .array/port v0x94d114f00, 3860;
v0x94d114f00_3861 .array/port v0x94d114f00, 3861;
v0x94d114f00_3862 .array/port v0x94d114f00, 3862;
E_0x94d065880/965 .event anyedge, v0x94d114f00_3859, v0x94d114f00_3860, v0x94d114f00_3861, v0x94d114f00_3862;
v0x94d114f00_3863 .array/port v0x94d114f00, 3863;
v0x94d114f00_3864 .array/port v0x94d114f00, 3864;
v0x94d114f00_3865 .array/port v0x94d114f00, 3865;
v0x94d114f00_3866 .array/port v0x94d114f00, 3866;
E_0x94d065880/966 .event anyedge, v0x94d114f00_3863, v0x94d114f00_3864, v0x94d114f00_3865, v0x94d114f00_3866;
v0x94d114f00_3867 .array/port v0x94d114f00, 3867;
v0x94d114f00_3868 .array/port v0x94d114f00, 3868;
v0x94d114f00_3869 .array/port v0x94d114f00, 3869;
v0x94d114f00_3870 .array/port v0x94d114f00, 3870;
E_0x94d065880/967 .event anyedge, v0x94d114f00_3867, v0x94d114f00_3868, v0x94d114f00_3869, v0x94d114f00_3870;
v0x94d114f00_3871 .array/port v0x94d114f00, 3871;
v0x94d114f00_3872 .array/port v0x94d114f00, 3872;
v0x94d114f00_3873 .array/port v0x94d114f00, 3873;
v0x94d114f00_3874 .array/port v0x94d114f00, 3874;
E_0x94d065880/968 .event anyedge, v0x94d114f00_3871, v0x94d114f00_3872, v0x94d114f00_3873, v0x94d114f00_3874;
v0x94d114f00_3875 .array/port v0x94d114f00, 3875;
v0x94d114f00_3876 .array/port v0x94d114f00, 3876;
v0x94d114f00_3877 .array/port v0x94d114f00, 3877;
v0x94d114f00_3878 .array/port v0x94d114f00, 3878;
E_0x94d065880/969 .event anyedge, v0x94d114f00_3875, v0x94d114f00_3876, v0x94d114f00_3877, v0x94d114f00_3878;
v0x94d114f00_3879 .array/port v0x94d114f00, 3879;
v0x94d114f00_3880 .array/port v0x94d114f00, 3880;
v0x94d114f00_3881 .array/port v0x94d114f00, 3881;
v0x94d114f00_3882 .array/port v0x94d114f00, 3882;
E_0x94d065880/970 .event anyedge, v0x94d114f00_3879, v0x94d114f00_3880, v0x94d114f00_3881, v0x94d114f00_3882;
v0x94d114f00_3883 .array/port v0x94d114f00, 3883;
v0x94d114f00_3884 .array/port v0x94d114f00, 3884;
v0x94d114f00_3885 .array/port v0x94d114f00, 3885;
v0x94d114f00_3886 .array/port v0x94d114f00, 3886;
E_0x94d065880/971 .event anyedge, v0x94d114f00_3883, v0x94d114f00_3884, v0x94d114f00_3885, v0x94d114f00_3886;
v0x94d114f00_3887 .array/port v0x94d114f00, 3887;
v0x94d114f00_3888 .array/port v0x94d114f00, 3888;
v0x94d114f00_3889 .array/port v0x94d114f00, 3889;
v0x94d114f00_3890 .array/port v0x94d114f00, 3890;
E_0x94d065880/972 .event anyedge, v0x94d114f00_3887, v0x94d114f00_3888, v0x94d114f00_3889, v0x94d114f00_3890;
v0x94d114f00_3891 .array/port v0x94d114f00, 3891;
v0x94d114f00_3892 .array/port v0x94d114f00, 3892;
v0x94d114f00_3893 .array/port v0x94d114f00, 3893;
v0x94d114f00_3894 .array/port v0x94d114f00, 3894;
E_0x94d065880/973 .event anyedge, v0x94d114f00_3891, v0x94d114f00_3892, v0x94d114f00_3893, v0x94d114f00_3894;
v0x94d114f00_3895 .array/port v0x94d114f00, 3895;
v0x94d114f00_3896 .array/port v0x94d114f00, 3896;
v0x94d114f00_3897 .array/port v0x94d114f00, 3897;
v0x94d114f00_3898 .array/port v0x94d114f00, 3898;
E_0x94d065880/974 .event anyedge, v0x94d114f00_3895, v0x94d114f00_3896, v0x94d114f00_3897, v0x94d114f00_3898;
v0x94d114f00_3899 .array/port v0x94d114f00, 3899;
v0x94d114f00_3900 .array/port v0x94d114f00, 3900;
v0x94d114f00_3901 .array/port v0x94d114f00, 3901;
v0x94d114f00_3902 .array/port v0x94d114f00, 3902;
E_0x94d065880/975 .event anyedge, v0x94d114f00_3899, v0x94d114f00_3900, v0x94d114f00_3901, v0x94d114f00_3902;
v0x94d114f00_3903 .array/port v0x94d114f00, 3903;
v0x94d114f00_3904 .array/port v0x94d114f00, 3904;
v0x94d114f00_3905 .array/port v0x94d114f00, 3905;
v0x94d114f00_3906 .array/port v0x94d114f00, 3906;
E_0x94d065880/976 .event anyedge, v0x94d114f00_3903, v0x94d114f00_3904, v0x94d114f00_3905, v0x94d114f00_3906;
v0x94d114f00_3907 .array/port v0x94d114f00, 3907;
v0x94d114f00_3908 .array/port v0x94d114f00, 3908;
v0x94d114f00_3909 .array/port v0x94d114f00, 3909;
v0x94d114f00_3910 .array/port v0x94d114f00, 3910;
E_0x94d065880/977 .event anyedge, v0x94d114f00_3907, v0x94d114f00_3908, v0x94d114f00_3909, v0x94d114f00_3910;
v0x94d114f00_3911 .array/port v0x94d114f00, 3911;
v0x94d114f00_3912 .array/port v0x94d114f00, 3912;
v0x94d114f00_3913 .array/port v0x94d114f00, 3913;
v0x94d114f00_3914 .array/port v0x94d114f00, 3914;
E_0x94d065880/978 .event anyedge, v0x94d114f00_3911, v0x94d114f00_3912, v0x94d114f00_3913, v0x94d114f00_3914;
v0x94d114f00_3915 .array/port v0x94d114f00, 3915;
v0x94d114f00_3916 .array/port v0x94d114f00, 3916;
v0x94d114f00_3917 .array/port v0x94d114f00, 3917;
v0x94d114f00_3918 .array/port v0x94d114f00, 3918;
E_0x94d065880/979 .event anyedge, v0x94d114f00_3915, v0x94d114f00_3916, v0x94d114f00_3917, v0x94d114f00_3918;
v0x94d114f00_3919 .array/port v0x94d114f00, 3919;
v0x94d114f00_3920 .array/port v0x94d114f00, 3920;
v0x94d114f00_3921 .array/port v0x94d114f00, 3921;
v0x94d114f00_3922 .array/port v0x94d114f00, 3922;
E_0x94d065880/980 .event anyedge, v0x94d114f00_3919, v0x94d114f00_3920, v0x94d114f00_3921, v0x94d114f00_3922;
v0x94d114f00_3923 .array/port v0x94d114f00, 3923;
v0x94d114f00_3924 .array/port v0x94d114f00, 3924;
v0x94d114f00_3925 .array/port v0x94d114f00, 3925;
v0x94d114f00_3926 .array/port v0x94d114f00, 3926;
E_0x94d065880/981 .event anyedge, v0x94d114f00_3923, v0x94d114f00_3924, v0x94d114f00_3925, v0x94d114f00_3926;
v0x94d114f00_3927 .array/port v0x94d114f00, 3927;
v0x94d114f00_3928 .array/port v0x94d114f00, 3928;
v0x94d114f00_3929 .array/port v0x94d114f00, 3929;
v0x94d114f00_3930 .array/port v0x94d114f00, 3930;
E_0x94d065880/982 .event anyedge, v0x94d114f00_3927, v0x94d114f00_3928, v0x94d114f00_3929, v0x94d114f00_3930;
v0x94d114f00_3931 .array/port v0x94d114f00, 3931;
v0x94d114f00_3932 .array/port v0x94d114f00, 3932;
v0x94d114f00_3933 .array/port v0x94d114f00, 3933;
v0x94d114f00_3934 .array/port v0x94d114f00, 3934;
E_0x94d065880/983 .event anyedge, v0x94d114f00_3931, v0x94d114f00_3932, v0x94d114f00_3933, v0x94d114f00_3934;
v0x94d114f00_3935 .array/port v0x94d114f00, 3935;
v0x94d114f00_3936 .array/port v0x94d114f00, 3936;
v0x94d114f00_3937 .array/port v0x94d114f00, 3937;
v0x94d114f00_3938 .array/port v0x94d114f00, 3938;
E_0x94d065880/984 .event anyedge, v0x94d114f00_3935, v0x94d114f00_3936, v0x94d114f00_3937, v0x94d114f00_3938;
v0x94d114f00_3939 .array/port v0x94d114f00, 3939;
v0x94d114f00_3940 .array/port v0x94d114f00, 3940;
v0x94d114f00_3941 .array/port v0x94d114f00, 3941;
v0x94d114f00_3942 .array/port v0x94d114f00, 3942;
E_0x94d065880/985 .event anyedge, v0x94d114f00_3939, v0x94d114f00_3940, v0x94d114f00_3941, v0x94d114f00_3942;
v0x94d114f00_3943 .array/port v0x94d114f00, 3943;
v0x94d114f00_3944 .array/port v0x94d114f00, 3944;
v0x94d114f00_3945 .array/port v0x94d114f00, 3945;
v0x94d114f00_3946 .array/port v0x94d114f00, 3946;
E_0x94d065880/986 .event anyedge, v0x94d114f00_3943, v0x94d114f00_3944, v0x94d114f00_3945, v0x94d114f00_3946;
v0x94d114f00_3947 .array/port v0x94d114f00, 3947;
v0x94d114f00_3948 .array/port v0x94d114f00, 3948;
v0x94d114f00_3949 .array/port v0x94d114f00, 3949;
v0x94d114f00_3950 .array/port v0x94d114f00, 3950;
E_0x94d065880/987 .event anyedge, v0x94d114f00_3947, v0x94d114f00_3948, v0x94d114f00_3949, v0x94d114f00_3950;
v0x94d114f00_3951 .array/port v0x94d114f00, 3951;
v0x94d114f00_3952 .array/port v0x94d114f00, 3952;
v0x94d114f00_3953 .array/port v0x94d114f00, 3953;
v0x94d114f00_3954 .array/port v0x94d114f00, 3954;
E_0x94d065880/988 .event anyedge, v0x94d114f00_3951, v0x94d114f00_3952, v0x94d114f00_3953, v0x94d114f00_3954;
v0x94d114f00_3955 .array/port v0x94d114f00, 3955;
v0x94d114f00_3956 .array/port v0x94d114f00, 3956;
v0x94d114f00_3957 .array/port v0x94d114f00, 3957;
v0x94d114f00_3958 .array/port v0x94d114f00, 3958;
E_0x94d065880/989 .event anyedge, v0x94d114f00_3955, v0x94d114f00_3956, v0x94d114f00_3957, v0x94d114f00_3958;
v0x94d114f00_3959 .array/port v0x94d114f00, 3959;
v0x94d114f00_3960 .array/port v0x94d114f00, 3960;
v0x94d114f00_3961 .array/port v0x94d114f00, 3961;
v0x94d114f00_3962 .array/port v0x94d114f00, 3962;
E_0x94d065880/990 .event anyedge, v0x94d114f00_3959, v0x94d114f00_3960, v0x94d114f00_3961, v0x94d114f00_3962;
v0x94d114f00_3963 .array/port v0x94d114f00, 3963;
v0x94d114f00_3964 .array/port v0x94d114f00, 3964;
v0x94d114f00_3965 .array/port v0x94d114f00, 3965;
v0x94d114f00_3966 .array/port v0x94d114f00, 3966;
E_0x94d065880/991 .event anyedge, v0x94d114f00_3963, v0x94d114f00_3964, v0x94d114f00_3965, v0x94d114f00_3966;
v0x94d114f00_3967 .array/port v0x94d114f00, 3967;
v0x94d114f00_3968 .array/port v0x94d114f00, 3968;
v0x94d114f00_3969 .array/port v0x94d114f00, 3969;
v0x94d114f00_3970 .array/port v0x94d114f00, 3970;
E_0x94d065880/992 .event anyedge, v0x94d114f00_3967, v0x94d114f00_3968, v0x94d114f00_3969, v0x94d114f00_3970;
v0x94d114f00_3971 .array/port v0x94d114f00, 3971;
v0x94d114f00_3972 .array/port v0x94d114f00, 3972;
v0x94d114f00_3973 .array/port v0x94d114f00, 3973;
v0x94d114f00_3974 .array/port v0x94d114f00, 3974;
E_0x94d065880/993 .event anyedge, v0x94d114f00_3971, v0x94d114f00_3972, v0x94d114f00_3973, v0x94d114f00_3974;
v0x94d114f00_3975 .array/port v0x94d114f00, 3975;
v0x94d114f00_3976 .array/port v0x94d114f00, 3976;
v0x94d114f00_3977 .array/port v0x94d114f00, 3977;
v0x94d114f00_3978 .array/port v0x94d114f00, 3978;
E_0x94d065880/994 .event anyedge, v0x94d114f00_3975, v0x94d114f00_3976, v0x94d114f00_3977, v0x94d114f00_3978;
v0x94d114f00_3979 .array/port v0x94d114f00, 3979;
v0x94d114f00_3980 .array/port v0x94d114f00, 3980;
v0x94d114f00_3981 .array/port v0x94d114f00, 3981;
v0x94d114f00_3982 .array/port v0x94d114f00, 3982;
E_0x94d065880/995 .event anyedge, v0x94d114f00_3979, v0x94d114f00_3980, v0x94d114f00_3981, v0x94d114f00_3982;
v0x94d114f00_3983 .array/port v0x94d114f00, 3983;
v0x94d114f00_3984 .array/port v0x94d114f00, 3984;
v0x94d114f00_3985 .array/port v0x94d114f00, 3985;
v0x94d114f00_3986 .array/port v0x94d114f00, 3986;
E_0x94d065880/996 .event anyedge, v0x94d114f00_3983, v0x94d114f00_3984, v0x94d114f00_3985, v0x94d114f00_3986;
v0x94d114f00_3987 .array/port v0x94d114f00, 3987;
v0x94d114f00_3988 .array/port v0x94d114f00, 3988;
v0x94d114f00_3989 .array/port v0x94d114f00, 3989;
v0x94d114f00_3990 .array/port v0x94d114f00, 3990;
E_0x94d065880/997 .event anyedge, v0x94d114f00_3987, v0x94d114f00_3988, v0x94d114f00_3989, v0x94d114f00_3990;
v0x94d114f00_3991 .array/port v0x94d114f00, 3991;
v0x94d114f00_3992 .array/port v0x94d114f00, 3992;
v0x94d114f00_3993 .array/port v0x94d114f00, 3993;
v0x94d114f00_3994 .array/port v0x94d114f00, 3994;
E_0x94d065880/998 .event anyedge, v0x94d114f00_3991, v0x94d114f00_3992, v0x94d114f00_3993, v0x94d114f00_3994;
v0x94d114f00_3995 .array/port v0x94d114f00, 3995;
v0x94d114f00_3996 .array/port v0x94d114f00, 3996;
v0x94d114f00_3997 .array/port v0x94d114f00, 3997;
v0x94d114f00_3998 .array/port v0x94d114f00, 3998;
E_0x94d065880/999 .event anyedge, v0x94d114f00_3995, v0x94d114f00_3996, v0x94d114f00_3997, v0x94d114f00_3998;
v0x94d114f00_3999 .array/port v0x94d114f00, 3999;
v0x94d114f00_4000 .array/port v0x94d114f00, 4000;
v0x94d114f00_4001 .array/port v0x94d114f00, 4001;
v0x94d114f00_4002 .array/port v0x94d114f00, 4002;
E_0x94d065880/1000 .event anyedge, v0x94d114f00_3999, v0x94d114f00_4000, v0x94d114f00_4001, v0x94d114f00_4002;
v0x94d114f00_4003 .array/port v0x94d114f00, 4003;
v0x94d114f00_4004 .array/port v0x94d114f00, 4004;
v0x94d114f00_4005 .array/port v0x94d114f00, 4005;
v0x94d114f00_4006 .array/port v0x94d114f00, 4006;
E_0x94d065880/1001 .event anyedge, v0x94d114f00_4003, v0x94d114f00_4004, v0x94d114f00_4005, v0x94d114f00_4006;
v0x94d114f00_4007 .array/port v0x94d114f00, 4007;
v0x94d114f00_4008 .array/port v0x94d114f00, 4008;
v0x94d114f00_4009 .array/port v0x94d114f00, 4009;
v0x94d114f00_4010 .array/port v0x94d114f00, 4010;
E_0x94d065880/1002 .event anyedge, v0x94d114f00_4007, v0x94d114f00_4008, v0x94d114f00_4009, v0x94d114f00_4010;
v0x94d114f00_4011 .array/port v0x94d114f00, 4011;
v0x94d114f00_4012 .array/port v0x94d114f00, 4012;
v0x94d114f00_4013 .array/port v0x94d114f00, 4013;
v0x94d114f00_4014 .array/port v0x94d114f00, 4014;
E_0x94d065880/1003 .event anyedge, v0x94d114f00_4011, v0x94d114f00_4012, v0x94d114f00_4013, v0x94d114f00_4014;
v0x94d114f00_4015 .array/port v0x94d114f00, 4015;
v0x94d114f00_4016 .array/port v0x94d114f00, 4016;
v0x94d114f00_4017 .array/port v0x94d114f00, 4017;
v0x94d114f00_4018 .array/port v0x94d114f00, 4018;
E_0x94d065880/1004 .event anyedge, v0x94d114f00_4015, v0x94d114f00_4016, v0x94d114f00_4017, v0x94d114f00_4018;
v0x94d114f00_4019 .array/port v0x94d114f00, 4019;
v0x94d114f00_4020 .array/port v0x94d114f00, 4020;
v0x94d114f00_4021 .array/port v0x94d114f00, 4021;
v0x94d114f00_4022 .array/port v0x94d114f00, 4022;
E_0x94d065880/1005 .event anyedge, v0x94d114f00_4019, v0x94d114f00_4020, v0x94d114f00_4021, v0x94d114f00_4022;
v0x94d114f00_4023 .array/port v0x94d114f00, 4023;
v0x94d114f00_4024 .array/port v0x94d114f00, 4024;
v0x94d114f00_4025 .array/port v0x94d114f00, 4025;
v0x94d114f00_4026 .array/port v0x94d114f00, 4026;
E_0x94d065880/1006 .event anyedge, v0x94d114f00_4023, v0x94d114f00_4024, v0x94d114f00_4025, v0x94d114f00_4026;
v0x94d114f00_4027 .array/port v0x94d114f00, 4027;
v0x94d114f00_4028 .array/port v0x94d114f00, 4028;
v0x94d114f00_4029 .array/port v0x94d114f00, 4029;
v0x94d114f00_4030 .array/port v0x94d114f00, 4030;
E_0x94d065880/1007 .event anyedge, v0x94d114f00_4027, v0x94d114f00_4028, v0x94d114f00_4029, v0x94d114f00_4030;
v0x94d114f00_4031 .array/port v0x94d114f00, 4031;
v0x94d114f00_4032 .array/port v0x94d114f00, 4032;
v0x94d114f00_4033 .array/port v0x94d114f00, 4033;
v0x94d114f00_4034 .array/port v0x94d114f00, 4034;
E_0x94d065880/1008 .event anyedge, v0x94d114f00_4031, v0x94d114f00_4032, v0x94d114f00_4033, v0x94d114f00_4034;
v0x94d114f00_4035 .array/port v0x94d114f00, 4035;
v0x94d114f00_4036 .array/port v0x94d114f00, 4036;
v0x94d114f00_4037 .array/port v0x94d114f00, 4037;
v0x94d114f00_4038 .array/port v0x94d114f00, 4038;
E_0x94d065880/1009 .event anyedge, v0x94d114f00_4035, v0x94d114f00_4036, v0x94d114f00_4037, v0x94d114f00_4038;
v0x94d114f00_4039 .array/port v0x94d114f00, 4039;
v0x94d114f00_4040 .array/port v0x94d114f00, 4040;
v0x94d114f00_4041 .array/port v0x94d114f00, 4041;
v0x94d114f00_4042 .array/port v0x94d114f00, 4042;
E_0x94d065880/1010 .event anyedge, v0x94d114f00_4039, v0x94d114f00_4040, v0x94d114f00_4041, v0x94d114f00_4042;
v0x94d114f00_4043 .array/port v0x94d114f00, 4043;
v0x94d114f00_4044 .array/port v0x94d114f00, 4044;
v0x94d114f00_4045 .array/port v0x94d114f00, 4045;
v0x94d114f00_4046 .array/port v0x94d114f00, 4046;
E_0x94d065880/1011 .event anyedge, v0x94d114f00_4043, v0x94d114f00_4044, v0x94d114f00_4045, v0x94d114f00_4046;
v0x94d114f00_4047 .array/port v0x94d114f00, 4047;
v0x94d114f00_4048 .array/port v0x94d114f00, 4048;
v0x94d114f00_4049 .array/port v0x94d114f00, 4049;
v0x94d114f00_4050 .array/port v0x94d114f00, 4050;
E_0x94d065880/1012 .event anyedge, v0x94d114f00_4047, v0x94d114f00_4048, v0x94d114f00_4049, v0x94d114f00_4050;
v0x94d114f00_4051 .array/port v0x94d114f00, 4051;
v0x94d114f00_4052 .array/port v0x94d114f00, 4052;
v0x94d114f00_4053 .array/port v0x94d114f00, 4053;
v0x94d114f00_4054 .array/port v0x94d114f00, 4054;
E_0x94d065880/1013 .event anyedge, v0x94d114f00_4051, v0x94d114f00_4052, v0x94d114f00_4053, v0x94d114f00_4054;
v0x94d114f00_4055 .array/port v0x94d114f00, 4055;
v0x94d114f00_4056 .array/port v0x94d114f00, 4056;
v0x94d114f00_4057 .array/port v0x94d114f00, 4057;
v0x94d114f00_4058 .array/port v0x94d114f00, 4058;
E_0x94d065880/1014 .event anyedge, v0x94d114f00_4055, v0x94d114f00_4056, v0x94d114f00_4057, v0x94d114f00_4058;
v0x94d114f00_4059 .array/port v0x94d114f00, 4059;
v0x94d114f00_4060 .array/port v0x94d114f00, 4060;
v0x94d114f00_4061 .array/port v0x94d114f00, 4061;
v0x94d114f00_4062 .array/port v0x94d114f00, 4062;
E_0x94d065880/1015 .event anyedge, v0x94d114f00_4059, v0x94d114f00_4060, v0x94d114f00_4061, v0x94d114f00_4062;
v0x94d114f00_4063 .array/port v0x94d114f00, 4063;
v0x94d114f00_4064 .array/port v0x94d114f00, 4064;
v0x94d114f00_4065 .array/port v0x94d114f00, 4065;
v0x94d114f00_4066 .array/port v0x94d114f00, 4066;
E_0x94d065880/1016 .event anyedge, v0x94d114f00_4063, v0x94d114f00_4064, v0x94d114f00_4065, v0x94d114f00_4066;
v0x94d114f00_4067 .array/port v0x94d114f00, 4067;
v0x94d114f00_4068 .array/port v0x94d114f00, 4068;
v0x94d114f00_4069 .array/port v0x94d114f00, 4069;
v0x94d114f00_4070 .array/port v0x94d114f00, 4070;
E_0x94d065880/1017 .event anyedge, v0x94d114f00_4067, v0x94d114f00_4068, v0x94d114f00_4069, v0x94d114f00_4070;
v0x94d114f00_4071 .array/port v0x94d114f00, 4071;
v0x94d114f00_4072 .array/port v0x94d114f00, 4072;
v0x94d114f00_4073 .array/port v0x94d114f00, 4073;
v0x94d114f00_4074 .array/port v0x94d114f00, 4074;
E_0x94d065880/1018 .event anyedge, v0x94d114f00_4071, v0x94d114f00_4072, v0x94d114f00_4073, v0x94d114f00_4074;
v0x94d114f00_4075 .array/port v0x94d114f00, 4075;
v0x94d114f00_4076 .array/port v0x94d114f00, 4076;
v0x94d114f00_4077 .array/port v0x94d114f00, 4077;
v0x94d114f00_4078 .array/port v0x94d114f00, 4078;
E_0x94d065880/1019 .event anyedge, v0x94d114f00_4075, v0x94d114f00_4076, v0x94d114f00_4077, v0x94d114f00_4078;
v0x94d114f00_4079 .array/port v0x94d114f00, 4079;
v0x94d114f00_4080 .array/port v0x94d114f00, 4080;
v0x94d114f00_4081 .array/port v0x94d114f00, 4081;
v0x94d114f00_4082 .array/port v0x94d114f00, 4082;
E_0x94d065880/1020 .event anyedge, v0x94d114f00_4079, v0x94d114f00_4080, v0x94d114f00_4081, v0x94d114f00_4082;
v0x94d114f00_4083 .array/port v0x94d114f00, 4083;
v0x94d114f00_4084 .array/port v0x94d114f00, 4084;
v0x94d114f00_4085 .array/port v0x94d114f00, 4085;
v0x94d114f00_4086 .array/port v0x94d114f00, 4086;
E_0x94d065880/1021 .event anyedge, v0x94d114f00_4083, v0x94d114f00_4084, v0x94d114f00_4085, v0x94d114f00_4086;
v0x94d114f00_4087 .array/port v0x94d114f00, 4087;
v0x94d114f00_4088 .array/port v0x94d114f00, 4088;
v0x94d114f00_4089 .array/port v0x94d114f00, 4089;
v0x94d114f00_4090 .array/port v0x94d114f00, 4090;
E_0x94d065880/1022 .event anyedge, v0x94d114f00_4087, v0x94d114f00_4088, v0x94d114f00_4089, v0x94d114f00_4090;
v0x94d114f00_4091 .array/port v0x94d114f00, 4091;
v0x94d114f00_4092 .array/port v0x94d114f00, 4092;
v0x94d114f00_4093 .array/port v0x94d114f00, 4093;
v0x94d114f00_4094 .array/port v0x94d114f00, 4094;
E_0x94d065880/1023 .event anyedge, v0x94d114f00_4091, v0x94d114f00_4092, v0x94d114f00_4093, v0x94d114f00_4094;
v0x94d114f00_4095 .array/port v0x94d114f00, 4095;
v0x94d114f00_4096 .array/port v0x94d114f00, 4096;
v0x94d114f00_4097 .array/port v0x94d114f00, 4097;
v0x94d114f00_4098 .array/port v0x94d114f00, 4098;
E_0x94d065880/1024 .event anyedge, v0x94d114f00_4095, v0x94d114f00_4096, v0x94d114f00_4097, v0x94d114f00_4098;
v0x94d114f00_4099 .array/port v0x94d114f00, 4099;
v0x94d114f00_4100 .array/port v0x94d114f00, 4100;
v0x94d114f00_4101 .array/port v0x94d114f00, 4101;
v0x94d114f00_4102 .array/port v0x94d114f00, 4102;
E_0x94d065880/1025 .event anyedge, v0x94d114f00_4099, v0x94d114f00_4100, v0x94d114f00_4101, v0x94d114f00_4102;
v0x94d114f00_4103 .array/port v0x94d114f00, 4103;
v0x94d114f00_4104 .array/port v0x94d114f00, 4104;
v0x94d114f00_4105 .array/port v0x94d114f00, 4105;
v0x94d114f00_4106 .array/port v0x94d114f00, 4106;
E_0x94d065880/1026 .event anyedge, v0x94d114f00_4103, v0x94d114f00_4104, v0x94d114f00_4105, v0x94d114f00_4106;
v0x94d114f00_4107 .array/port v0x94d114f00, 4107;
v0x94d114f00_4108 .array/port v0x94d114f00, 4108;
v0x94d114f00_4109 .array/port v0x94d114f00, 4109;
v0x94d114f00_4110 .array/port v0x94d114f00, 4110;
E_0x94d065880/1027 .event anyedge, v0x94d114f00_4107, v0x94d114f00_4108, v0x94d114f00_4109, v0x94d114f00_4110;
v0x94d114f00_4111 .array/port v0x94d114f00, 4111;
v0x94d114f00_4112 .array/port v0x94d114f00, 4112;
v0x94d114f00_4113 .array/port v0x94d114f00, 4113;
v0x94d114f00_4114 .array/port v0x94d114f00, 4114;
E_0x94d065880/1028 .event anyedge, v0x94d114f00_4111, v0x94d114f00_4112, v0x94d114f00_4113, v0x94d114f00_4114;
v0x94d114f00_4115 .array/port v0x94d114f00, 4115;
v0x94d114f00_4116 .array/port v0x94d114f00, 4116;
v0x94d114f00_4117 .array/port v0x94d114f00, 4117;
v0x94d114f00_4118 .array/port v0x94d114f00, 4118;
E_0x94d065880/1029 .event anyedge, v0x94d114f00_4115, v0x94d114f00_4116, v0x94d114f00_4117, v0x94d114f00_4118;
v0x94d114f00_4119 .array/port v0x94d114f00, 4119;
v0x94d114f00_4120 .array/port v0x94d114f00, 4120;
v0x94d114f00_4121 .array/port v0x94d114f00, 4121;
v0x94d114f00_4122 .array/port v0x94d114f00, 4122;
E_0x94d065880/1030 .event anyedge, v0x94d114f00_4119, v0x94d114f00_4120, v0x94d114f00_4121, v0x94d114f00_4122;
v0x94d114f00_4123 .array/port v0x94d114f00, 4123;
v0x94d114f00_4124 .array/port v0x94d114f00, 4124;
v0x94d114f00_4125 .array/port v0x94d114f00, 4125;
v0x94d114f00_4126 .array/port v0x94d114f00, 4126;
E_0x94d065880/1031 .event anyedge, v0x94d114f00_4123, v0x94d114f00_4124, v0x94d114f00_4125, v0x94d114f00_4126;
v0x94d114f00_4127 .array/port v0x94d114f00, 4127;
v0x94d114f00_4128 .array/port v0x94d114f00, 4128;
v0x94d114f00_4129 .array/port v0x94d114f00, 4129;
v0x94d114f00_4130 .array/port v0x94d114f00, 4130;
E_0x94d065880/1032 .event anyedge, v0x94d114f00_4127, v0x94d114f00_4128, v0x94d114f00_4129, v0x94d114f00_4130;
v0x94d114f00_4131 .array/port v0x94d114f00, 4131;
v0x94d114f00_4132 .array/port v0x94d114f00, 4132;
v0x94d114f00_4133 .array/port v0x94d114f00, 4133;
v0x94d114f00_4134 .array/port v0x94d114f00, 4134;
E_0x94d065880/1033 .event anyedge, v0x94d114f00_4131, v0x94d114f00_4132, v0x94d114f00_4133, v0x94d114f00_4134;
v0x94d114f00_4135 .array/port v0x94d114f00, 4135;
v0x94d114f00_4136 .array/port v0x94d114f00, 4136;
v0x94d114f00_4137 .array/port v0x94d114f00, 4137;
v0x94d114f00_4138 .array/port v0x94d114f00, 4138;
E_0x94d065880/1034 .event anyedge, v0x94d114f00_4135, v0x94d114f00_4136, v0x94d114f00_4137, v0x94d114f00_4138;
v0x94d114f00_4139 .array/port v0x94d114f00, 4139;
v0x94d114f00_4140 .array/port v0x94d114f00, 4140;
v0x94d114f00_4141 .array/port v0x94d114f00, 4141;
v0x94d114f00_4142 .array/port v0x94d114f00, 4142;
E_0x94d065880/1035 .event anyedge, v0x94d114f00_4139, v0x94d114f00_4140, v0x94d114f00_4141, v0x94d114f00_4142;
v0x94d114f00_4143 .array/port v0x94d114f00, 4143;
v0x94d114f00_4144 .array/port v0x94d114f00, 4144;
v0x94d114f00_4145 .array/port v0x94d114f00, 4145;
v0x94d114f00_4146 .array/port v0x94d114f00, 4146;
E_0x94d065880/1036 .event anyedge, v0x94d114f00_4143, v0x94d114f00_4144, v0x94d114f00_4145, v0x94d114f00_4146;
v0x94d114f00_4147 .array/port v0x94d114f00, 4147;
v0x94d114f00_4148 .array/port v0x94d114f00, 4148;
v0x94d114f00_4149 .array/port v0x94d114f00, 4149;
v0x94d114f00_4150 .array/port v0x94d114f00, 4150;
E_0x94d065880/1037 .event anyedge, v0x94d114f00_4147, v0x94d114f00_4148, v0x94d114f00_4149, v0x94d114f00_4150;
v0x94d114f00_4151 .array/port v0x94d114f00, 4151;
v0x94d114f00_4152 .array/port v0x94d114f00, 4152;
v0x94d114f00_4153 .array/port v0x94d114f00, 4153;
v0x94d114f00_4154 .array/port v0x94d114f00, 4154;
E_0x94d065880/1038 .event anyedge, v0x94d114f00_4151, v0x94d114f00_4152, v0x94d114f00_4153, v0x94d114f00_4154;
v0x94d114f00_4155 .array/port v0x94d114f00, 4155;
v0x94d114f00_4156 .array/port v0x94d114f00, 4156;
v0x94d114f00_4157 .array/port v0x94d114f00, 4157;
v0x94d114f00_4158 .array/port v0x94d114f00, 4158;
E_0x94d065880/1039 .event anyedge, v0x94d114f00_4155, v0x94d114f00_4156, v0x94d114f00_4157, v0x94d114f00_4158;
v0x94d114f00_4159 .array/port v0x94d114f00, 4159;
v0x94d114f00_4160 .array/port v0x94d114f00, 4160;
v0x94d114f00_4161 .array/port v0x94d114f00, 4161;
v0x94d114f00_4162 .array/port v0x94d114f00, 4162;
E_0x94d065880/1040 .event anyedge, v0x94d114f00_4159, v0x94d114f00_4160, v0x94d114f00_4161, v0x94d114f00_4162;
v0x94d114f00_4163 .array/port v0x94d114f00, 4163;
v0x94d114f00_4164 .array/port v0x94d114f00, 4164;
v0x94d114f00_4165 .array/port v0x94d114f00, 4165;
v0x94d114f00_4166 .array/port v0x94d114f00, 4166;
E_0x94d065880/1041 .event anyedge, v0x94d114f00_4163, v0x94d114f00_4164, v0x94d114f00_4165, v0x94d114f00_4166;
v0x94d114f00_4167 .array/port v0x94d114f00, 4167;
v0x94d114f00_4168 .array/port v0x94d114f00, 4168;
v0x94d114f00_4169 .array/port v0x94d114f00, 4169;
v0x94d114f00_4170 .array/port v0x94d114f00, 4170;
E_0x94d065880/1042 .event anyedge, v0x94d114f00_4167, v0x94d114f00_4168, v0x94d114f00_4169, v0x94d114f00_4170;
v0x94d114f00_4171 .array/port v0x94d114f00, 4171;
v0x94d114f00_4172 .array/port v0x94d114f00, 4172;
v0x94d114f00_4173 .array/port v0x94d114f00, 4173;
v0x94d114f00_4174 .array/port v0x94d114f00, 4174;
E_0x94d065880/1043 .event anyedge, v0x94d114f00_4171, v0x94d114f00_4172, v0x94d114f00_4173, v0x94d114f00_4174;
v0x94d114f00_4175 .array/port v0x94d114f00, 4175;
v0x94d114f00_4176 .array/port v0x94d114f00, 4176;
v0x94d114f00_4177 .array/port v0x94d114f00, 4177;
v0x94d114f00_4178 .array/port v0x94d114f00, 4178;
E_0x94d065880/1044 .event anyedge, v0x94d114f00_4175, v0x94d114f00_4176, v0x94d114f00_4177, v0x94d114f00_4178;
v0x94d114f00_4179 .array/port v0x94d114f00, 4179;
v0x94d114f00_4180 .array/port v0x94d114f00, 4180;
v0x94d114f00_4181 .array/port v0x94d114f00, 4181;
v0x94d114f00_4182 .array/port v0x94d114f00, 4182;
E_0x94d065880/1045 .event anyedge, v0x94d114f00_4179, v0x94d114f00_4180, v0x94d114f00_4181, v0x94d114f00_4182;
v0x94d114f00_4183 .array/port v0x94d114f00, 4183;
v0x94d114f00_4184 .array/port v0x94d114f00, 4184;
v0x94d114f00_4185 .array/port v0x94d114f00, 4185;
v0x94d114f00_4186 .array/port v0x94d114f00, 4186;
E_0x94d065880/1046 .event anyedge, v0x94d114f00_4183, v0x94d114f00_4184, v0x94d114f00_4185, v0x94d114f00_4186;
v0x94d114f00_4187 .array/port v0x94d114f00, 4187;
v0x94d114f00_4188 .array/port v0x94d114f00, 4188;
v0x94d114f00_4189 .array/port v0x94d114f00, 4189;
v0x94d114f00_4190 .array/port v0x94d114f00, 4190;
E_0x94d065880/1047 .event anyedge, v0x94d114f00_4187, v0x94d114f00_4188, v0x94d114f00_4189, v0x94d114f00_4190;
v0x94d114f00_4191 .array/port v0x94d114f00, 4191;
v0x94d114f00_4192 .array/port v0x94d114f00, 4192;
v0x94d114f00_4193 .array/port v0x94d114f00, 4193;
v0x94d114f00_4194 .array/port v0x94d114f00, 4194;
E_0x94d065880/1048 .event anyedge, v0x94d114f00_4191, v0x94d114f00_4192, v0x94d114f00_4193, v0x94d114f00_4194;
v0x94d114f00_4195 .array/port v0x94d114f00, 4195;
v0x94d114f00_4196 .array/port v0x94d114f00, 4196;
v0x94d114f00_4197 .array/port v0x94d114f00, 4197;
v0x94d114f00_4198 .array/port v0x94d114f00, 4198;
E_0x94d065880/1049 .event anyedge, v0x94d114f00_4195, v0x94d114f00_4196, v0x94d114f00_4197, v0x94d114f00_4198;
v0x94d114f00_4199 .array/port v0x94d114f00, 4199;
v0x94d114f00_4200 .array/port v0x94d114f00, 4200;
v0x94d114f00_4201 .array/port v0x94d114f00, 4201;
v0x94d114f00_4202 .array/port v0x94d114f00, 4202;
E_0x94d065880/1050 .event anyedge, v0x94d114f00_4199, v0x94d114f00_4200, v0x94d114f00_4201, v0x94d114f00_4202;
v0x94d114f00_4203 .array/port v0x94d114f00, 4203;
v0x94d114f00_4204 .array/port v0x94d114f00, 4204;
v0x94d114f00_4205 .array/port v0x94d114f00, 4205;
v0x94d114f00_4206 .array/port v0x94d114f00, 4206;
E_0x94d065880/1051 .event anyedge, v0x94d114f00_4203, v0x94d114f00_4204, v0x94d114f00_4205, v0x94d114f00_4206;
v0x94d114f00_4207 .array/port v0x94d114f00, 4207;
v0x94d114f00_4208 .array/port v0x94d114f00, 4208;
v0x94d114f00_4209 .array/port v0x94d114f00, 4209;
v0x94d114f00_4210 .array/port v0x94d114f00, 4210;
E_0x94d065880/1052 .event anyedge, v0x94d114f00_4207, v0x94d114f00_4208, v0x94d114f00_4209, v0x94d114f00_4210;
v0x94d114f00_4211 .array/port v0x94d114f00, 4211;
v0x94d114f00_4212 .array/port v0x94d114f00, 4212;
v0x94d114f00_4213 .array/port v0x94d114f00, 4213;
v0x94d114f00_4214 .array/port v0x94d114f00, 4214;
E_0x94d065880/1053 .event anyedge, v0x94d114f00_4211, v0x94d114f00_4212, v0x94d114f00_4213, v0x94d114f00_4214;
v0x94d114f00_4215 .array/port v0x94d114f00, 4215;
v0x94d114f00_4216 .array/port v0x94d114f00, 4216;
v0x94d114f00_4217 .array/port v0x94d114f00, 4217;
v0x94d114f00_4218 .array/port v0x94d114f00, 4218;
E_0x94d065880/1054 .event anyedge, v0x94d114f00_4215, v0x94d114f00_4216, v0x94d114f00_4217, v0x94d114f00_4218;
v0x94d114f00_4219 .array/port v0x94d114f00, 4219;
v0x94d114f00_4220 .array/port v0x94d114f00, 4220;
v0x94d114f00_4221 .array/port v0x94d114f00, 4221;
v0x94d114f00_4222 .array/port v0x94d114f00, 4222;
E_0x94d065880/1055 .event anyedge, v0x94d114f00_4219, v0x94d114f00_4220, v0x94d114f00_4221, v0x94d114f00_4222;
v0x94d114f00_4223 .array/port v0x94d114f00, 4223;
v0x94d114f00_4224 .array/port v0x94d114f00, 4224;
v0x94d114f00_4225 .array/port v0x94d114f00, 4225;
v0x94d114f00_4226 .array/port v0x94d114f00, 4226;
E_0x94d065880/1056 .event anyedge, v0x94d114f00_4223, v0x94d114f00_4224, v0x94d114f00_4225, v0x94d114f00_4226;
v0x94d114f00_4227 .array/port v0x94d114f00, 4227;
v0x94d114f00_4228 .array/port v0x94d114f00, 4228;
v0x94d114f00_4229 .array/port v0x94d114f00, 4229;
v0x94d114f00_4230 .array/port v0x94d114f00, 4230;
E_0x94d065880/1057 .event anyedge, v0x94d114f00_4227, v0x94d114f00_4228, v0x94d114f00_4229, v0x94d114f00_4230;
v0x94d114f00_4231 .array/port v0x94d114f00, 4231;
v0x94d114f00_4232 .array/port v0x94d114f00, 4232;
v0x94d114f00_4233 .array/port v0x94d114f00, 4233;
v0x94d114f00_4234 .array/port v0x94d114f00, 4234;
E_0x94d065880/1058 .event anyedge, v0x94d114f00_4231, v0x94d114f00_4232, v0x94d114f00_4233, v0x94d114f00_4234;
v0x94d114f00_4235 .array/port v0x94d114f00, 4235;
v0x94d114f00_4236 .array/port v0x94d114f00, 4236;
v0x94d114f00_4237 .array/port v0x94d114f00, 4237;
v0x94d114f00_4238 .array/port v0x94d114f00, 4238;
E_0x94d065880/1059 .event anyedge, v0x94d114f00_4235, v0x94d114f00_4236, v0x94d114f00_4237, v0x94d114f00_4238;
v0x94d114f00_4239 .array/port v0x94d114f00, 4239;
v0x94d114f00_4240 .array/port v0x94d114f00, 4240;
v0x94d114f00_4241 .array/port v0x94d114f00, 4241;
v0x94d114f00_4242 .array/port v0x94d114f00, 4242;
E_0x94d065880/1060 .event anyedge, v0x94d114f00_4239, v0x94d114f00_4240, v0x94d114f00_4241, v0x94d114f00_4242;
v0x94d114f00_4243 .array/port v0x94d114f00, 4243;
v0x94d114f00_4244 .array/port v0x94d114f00, 4244;
v0x94d114f00_4245 .array/port v0x94d114f00, 4245;
v0x94d114f00_4246 .array/port v0x94d114f00, 4246;
E_0x94d065880/1061 .event anyedge, v0x94d114f00_4243, v0x94d114f00_4244, v0x94d114f00_4245, v0x94d114f00_4246;
v0x94d114f00_4247 .array/port v0x94d114f00, 4247;
v0x94d114f00_4248 .array/port v0x94d114f00, 4248;
v0x94d114f00_4249 .array/port v0x94d114f00, 4249;
v0x94d114f00_4250 .array/port v0x94d114f00, 4250;
E_0x94d065880/1062 .event anyedge, v0x94d114f00_4247, v0x94d114f00_4248, v0x94d114f00_4249, v0x94d114f00_4250;
v0x94d114f00_4251 .array/port v0x94d114f00, 4251;
v0x94d114f00_4252 .array/port v0x94d114f00, 4252;
v0x94d114f00_4253 .array/port v0x94d114f00, 4253;
v0x94d114f00_4254 .array/port v0x94d114f00, 4254;
E_0x94d065880/1063 .event anyedge, v0x94d114f00_4251, v0x94d114f00_4252, v0x94d114f00_4253, v0x94d114f00_4254;
v0x94d114f00_4255 .array/port v0x94d114f00, 4255;
v0x94d114f00_4256 .array/port v0x94d114f00, 4256;
v0x94d114f00_4257 .array/port v0x94d114f00, 4257;
v0x94d114f00_4258 .array/port v0x94d114f00, 4258;
E_0x94d065880/1064 .event anyedge, v0x94d114f00_4255, v0x94d114f00_4256, v0x94d114f00_4257, v0x94d114f00_4258;
v0x94d114f00_4259 .array/port v0x94d114f00, 4259;
v0x94d114f00_4260 .array/port v0x94d114f00, 4260;
v0x94d114f00_4261 .array/port v0x94d114f00, 4261;
v0x94d114f00_4262 .array/port v0x94d114f00, 4262;
E_0x94d065880/1065 .event anyedge, v0x94d114f00_4259, v0x94d114f00_4260, v0x94d114f00_4261, v0x94d114f00_4262;
v0x94d114f00_4263 .array/port v0x94d114f00, 4263;
v0x94d114f00_4264 .array/port v0x94d114f00, 4264;
v0x94d114f00_4265 .array/port v0x94d114f00, 4265;
v0x94d114f00_4266 .array/port v0x94d114f00, 4266;
E_0x94d065880/1066 .event anyedge, v0x94d114f00_4263, v0x94d114f00_4264, v0x94d114f00_4265, v0x94d114f00_4266;
v0x94d114f00_4267 .array/port v0x94d114f00, 4267;
v0x94d114f00_4268 .array/port v0x94d114f00, 4268;
v0x94d114f00_4269 .array/port v0x94d114f00, 4269;
v0x94d114f00_4270 .array/port v0x94d114f00, 4270;
E_0x94d065880/1067 .event anyedge, v0x94d114f00_4267, v0x94d114f00_4268, v0x94d114f00_4269, v0x94d114f00_4270;
v0x94d114f00_4271 .array/port v0x94d114f00, 4271;
v0x94d114f00_4272 .array/port v0x94d114f00, 4272;
v0x94d114f00_4273 .array/port v0x94d114f00, 4273;
v0x94d114f00_4274 .array/port v0x94d114f00, 4274;
E_0x94d065880/1068 .event anyedge, v0x94d114f00_4271, v0x94d114f00_4272, v0x94d114f00_4273, v0x94d114f00_4274;
v0x94d114f00_4275 .array/port v0x94d114f00, 4275;
v0x94d114f00_4276 .array/port v0x94d114f00, 4276;
v0x94d114f00_4277 .array/port v0x94d114f00, 4277;
v0x94d114f00_4278 .array/port v0x94d114f00, 4278;
E_0x94d065880/1069 .event anyedge, v0x94d114f00_4275, v0x94d114f00_4276, v0x94d114f00_4277, v0x94d114f00_4278;
v0x94d114f00_4279 .array/port v0x94d114f00, 4279;
v0x94d114f00_4280 .array/port v0x94d114f00, 4280;
v0x94d114f00_4281 .array/port v0x94d114f00, 4281;
v0x94d114f00_4282 .array/port v0x94d114f00, 4282;
E_0x94d065880/1070 .event anyedge, v0x94d114f00_4279, v0x94d114f00_4280, v0x94d114f00_4281, v0x94d114f00_4282;
v0x94d114f00_4283 .array/port v0x94d114f00, 4283;
v0x94d114f00_4284 .array/port v0x94d114f00, 4284;
v0x94d114f00_4285 .array/port v0x94d114f00, 4285;
v0x94d114f00_4286 .array/port v0x94d114f00, 4286;
E_0x94d065880/1071 .event anyedge, v0x94d114f00_4283, v0x94d114f00_4284, v0x94d114f00_4285, v0x94d114f00_4286;
v0x94d114f00_4287 .array/port v0x94d114f00, 4287;
v0x94d114f00_4288 .array/port v0x94d114f00, 4288;
v0x94d114f00_4289 .array/port v0x94d114f00, 4289;
v0x94d114f00_4290 .array/port v0x94d114f00, 4290;
E_0x94d065880/1072 .event anyedge, v0x94d114f00_4287, v0x94d114f00_4288, v0x94d114f00_4289, v0x94d114f00_4290;
v0x94d114f00_4291 .array/port v0x94d114f00, 4291;
v0x94d114f00_4292 .array/port v0x94d114f00, 4292;
v0x94d114f00_4293 .array/port v0x94d114f00, 4293;
v0x94d114f00_4294 .array/port v0x94d114f00, 4294;
E_0x94d065880/1073 .event anyedge, v0x94d114f00_4291, v0x94d114f00_4292, v0x94d114f00_4293, v0x94d114f00_4294;
v0x94d114f00_4295 .array/port v0x94d114f00, 4295;
v0x94d114f00_4296 .array/port v0x94d114f00, 4296;
v0x94d114f00_4297 .array/port v0x94d114f00, 4297;
v0x94d114f00_4298 .array/port v0x94d114f00, 4298;
E_0x94d065880/1074 .event anyedge, v0x94d114f00_4295, v0x94d114f00_4296, v0x94d114f00_4297, v0x94d114f00_4298;
v0x94d114f00_4299 .array/port v0x94d114f00, 4299;
v0x94d114f00_4300 .array/port v0x94d114f00, 4300;
v0x94d114f00_4301 .array/port v0x94d114f00, 4301;
v0x94d114f00_4302 .array/port v0x94d114f00, 4302;
E_0x94d065880/1075 .event anyedge, v0x94d114f00_4299, v0x94d114f00_4300, v0x94d114f00_4301, v0x94d114f00_4302;
v0x94d114f00_4303 .array/port v0x94d114f00, 4303;
v0x94d114f00_4304 .array/port v0x94d114f00, 4304;
v0x94d114f00_4305 .array/port v0x94d114f00, 4305;
v0x94d114f00_4306 .array/port v0x94d114f00, 4306;
E_0x94d065880/1076 .event anyedge, v0x94d114f00_4303, v0x94d114f00_4304, v0x94d114f00_4305, v0x94d114f00_4306;
v0x94d114f00_4307 .array/port v0x94d114f00, 4307;
v0x94d114f00_4308 .array/port v0x94d114f00, 4308;
v0x94d114f00_4309 .array/port v0x94d114f00, 4309;
v0x94d114f00_4310 .array/port v0x94d114f00, 4310;
E_0x94d065880/1077 .event anyedge, v0x94d114f00_4307, v0x94d114f00_4308, v0x94d114f00_4309, v0x94d114f00_4310;
v0x94d114f00_4311 .array/port v0x94d114f00, 4311;
v0x94d114f00_4312 .array/port v0x94d114f00, 4312;
v0x94d114f00_4313 .array/port v0x94d114f00, 4313;
v0x94d114f00_4314 .array/port v0x94d114f00, 4314;
E_0x94d065880/1078 .event anyedge, v0x94d114f00_4311, v0x94d114f00_4312, v0x94d114f00_4313, v0x94d114f00_4314;
v0x94d114f00_4315 .array/port v0x94d114f00, 4315;
v0x94d114f00_4316 .array/port v0x94d114f00, 4316;
v0x94d114f00_4317 .array/port v0x94d114f00, 4317;
v0x94d114f00_4318 .array/port v0x94d114f00, 4318;
E_0x94d065880/1079 .event anyedge, v0x94d114f00_4315, v0x94d114f00_4316, v0x94d114f00_4317, v0x94d114f00_4318;
v0x94d114f00_4319 .array/port v0x94d114f00, 4319;
v0x94d114f00_4320 .array/port v0x94d114f00, 4320;
v0x94d114f00_4321 .array/port v0x94d114f00, 4321;
v0x94d114f00_4322 .array/port v0x94d114f00, 4322;
E_0x94d065880/1080 .event anyedge, v0x94d114f00_4319, v0x94d114f00_4320, v0x94d114f00_4321, v0x94d114f00_4322;
v0x94d114f00_4323 .array/port v0x94d114f00, 4323;
v0x94d114f00_4324 .array/port v0x94d114f00, 4324;
v0x94d114f00_4325 .array/port v0x94d114f00, 4325;
v0x94d114f00_4326 .array/port v0x94d114f00, 4326;
E_0x94d065880/1081 .event anyedge, v0x94d114f00_4323, v0x94d114f00_4324, v0x94d114f00_4325, v0x94d114f00_4326;
v0x94d114f00_4327 .array/port v0x94d114f00, 4327;
v0x94d114f00_4328 .array/port v0x94d114f00, 4328;
v0x94d114f00_4329 .array/port v0x94d114f00, 4329;
v0x94d114f00_4330 .array/port v0x94d114f00, 4330;
E_0x94d065880/1082 .event anyedge, v0x94d114f00_4327, v0x94d114f00_4328, v0x94d114f00_4329, v0x94d114f00_4330;
v0x94d114f00_4331 .array/port v0x94d114f00, 4331;
v0x94d114f00_4332 .array/port v0x94d114f00, 4332;
v0x94d114f00_4333 .array/port v0x94d114f00, 4333;
v0x94d114f00_4334 .array/port v0x94d114f00, 4334;
E_0x94d065880/1083 .event anyedge, v0x94d114f00_4331, v0x94d114f00_4332, v0x94d114f00_4333, v0x94d114f00_4334;
v0x94d114f00_4335 .array/port v0x94d114f00, 4335;
v0x94d114f00_4336 .array/port v0x94d114f00, 4336;
v0x94d114f00_4337 .array/port v0x94d114f00, 4337;
v0x94d114f00_4338 .array/port v0x94d114f00, 4338;
E_0x94d065880/1084 .event anyedge, v0x94d114f00_4335, v0x94d114f00_4336, v0x94d114f00_4337, v0x94d114f00_4338;
v0x94d114f00_4339 .array/port v0x94d114f00, 4339;
v0x94d114f00_4340 .array/port v0x94d114f00, 4340;
v0x94d114f00_4341 .array/port v0x94d114f00, 4341;
v0x94d114f00_4342 .array/port v0x94d114f00, 4342;
E_0x94d065880/1085 .event anyedge, v0x94d114f00_4339, v0x94d114f00_4340, v0x94d114f00_4341, v0x94d114f00_4342;
v0x94d114f00_4343 .array/port v0x94d114f00, 4343;
v0x94d114f00_4344 .array/port v0x94d114f00, 4344;
v0x94d114f00_4345 .array/port v0x94d114f00, 4345;
v0x94d114f00_4346 .array/port v0x94d114f00, 4346;
E_0x94d065880/1086 .event anyedge, v0x94d114f00_4343, v0x94d114f00_4344, v0x94d114f00_4345, v0x94d114f00_4346;
v0x94d114f00_4347 .array/port v0x94d114f00, 4347;
v0x94d114f00_4348 .array/port v0x94d114f00, 4348;
v0x94d114f00_4349 .array/port v0x94d114f00, 4349;
v0x94d114f00_4350 .array/port v0x94d114f00, 4350;
E_0x94d065880/1087 .event anyedge, v0x94d114f00_4347, v0x94d114f00_4348, v0x94d114f00_4349, v0x94d114f00_4350;
v0x94d114f00_4351 .array/port v0x94d114f00, 4351;
v0x94d114f00_4352 .array/port v0x94d114f00, 4352;
v0x94d114f00_4353 .array/port v0x94d114f00, 4353;
v0x94d114f00_4354 .array/port v0x94d114f00, 4354;
E_0x94d065880/1088 .event anyedge, v0x94d114f00_4351, v0x94d114f00_4352, v0x94d114f00_4353, v0x94d114f00_4354;
v0x94d114f00_4355 .array/port v0x94d114f00, 4355;
v0x94d114f00_4356 .array/port v0x94d114f00, 4356;
v0x94d114f00_4357 .array/port v0x94d114f00, 4357;
v0x94d114f00_4358 .array/port v0x94d114f00, 4358;
E_0x94d065880/1089 .event anyedge, v0x94d114f00_4355, v0x94d114f00_4356, v0x94d114f00_4357, v0x94d114f00_4358;
v0x94d114f00_4359 .array/port v0x94d114f00, 4359;
v0x94d114f00_4360 .array/port v0x94d114f00, 4360;
v0x94d114f00_4361 .array/port v0x94d114f00, 4361;
v0x94d114f00_4362 .array/port v0x94d114f00, 4362;
E_0x94d065880/1090 .event anyedge, v0x94d114f00_4359, v0x94d114f00_4360, v0x94d114f00_4361, v0x94d114f00_4362;
v0x94d114f00_4363 .array/port v0x94d114f00, 4363;
v0x94d114f00_4364 .array/port v0x94d114f00, 4364;
v0x94d114f00_4365 .array/port v0x94d114f00, 4365;
v0x94d114f00_4366 .array/port v0x94d114f00, 4366;
E_0x94d065880/1091 .event anyedge, v0x94d114f00_4363, v0x94d114f00_4364, v0x94d114f00_4365, v0x94d114f00_4366;
v0x94d114f00_4367 .array/port v0x94d114f00, 4367;
v0x94d114f00_4368 .array/port v0x94d114f00, 4368;
v0x94d114f00_4369 .array/port v0x94d114f00, 4369;
v0x94d114f00_4370 .array/port v0x94d114f00, 4370;
E_0x94d065880/1092 .event anyedge, v0x94d114f00_4367, v0x94d114f00_4368, v0x94d114f00_4369, v0x94d114f00_4370;
v0x94d114f00_4371 .array/port v0x94d114f00, 4371;
v0x94d114f00_4372 .array/port v0x94d114f00, 4372;
v0x94d114f00_4373 .array/port v0x94d114f00, 4373;
v0x94d114f00_4374 .array/port v0x94d114f00, 4374;
E_0x94d065880/1093 .event anyedge, v0x94d114f00_4371, v0x94d114f00_4372, v0x94d114f00_4373, v0x94d114f00_4374;
v0x94d114f00_4375 .array/port v0x94d114f00, 4375;
v0x94d114f00_4376 .array/port v0x94d114f00, 4376;
v0x94d114f00_4377 .array/port v0x94d114f00, 4377;
v0x94d114f00_4378 .array/port v0x94d114f00, 4378;
E_0x94d065880/1094 .event anyedge, v0x94d114f00_4375, v0x94d114f00_4376, v0x94d114f00_4377, v0x94d114f00_4378;
v0x94d114f00_4379 .array/port v0x94d114f00, 4379;
v0x94d114f00_4380 .array/port v0x94d114f00, 4380;
v0x94d114f00_4381 .array/port v0x94d114f00, 4381;
v0x94d114f00_4382 .array/port v0x94d114f00, 4382;
E_0x94d065880/1095 .event anyedge, v0x94d114f00_4379, v0x94d114f00_4380, v0x94d114f00_4381, v0x94d114f00_4382;
v0x94d114f00_4383 .array/port v0x94d114f00, 4383;
v0x94d114f00_4384 .array/port v0x94d114f00, 4384;
v0x94d114f00_4385 .array/port v0x94d114f00, 4385;
v0x94d114f00_4386 .array/port v0x94d114f00, 4386;
E_0x94d065880/1096 .event anyedge, v0x94d114f00_4383, v0x94d114f00_4384, v0x94d114f00_4385, v0x94d114f00_4386;
v0x94d114f00_4387 .array/port v0x94d114f00, 4387;
v0x94d114f00_4388 .array/port v0x94d114f00, 4388;
v0x94d114f00_4389 .array/port v0x94d114f00, 4389;
v0x94d114f00_4390 .array/port v0x94d114f00, 4390;
E_0x94d065880/1097 .event anyedge, v0x94d114f00_4387, v0x94d114f00_4388, v0x94d114f00_4389, v0x94d114f00_4390;
v0x94d114f00_4391 .array/port v0x94d114f00, 4391;
v0x94d114f00_4392 .array/port v0x94d114f00, 4392;
v0x94d114f00_4393 .array/port v0x94d114f00, 4393;
v0x94d114f00_4394 .array/port v0x94d114f00, 4394;
E_0x94d065880/1098 .event anyedge, v0x94d114f00_4391, v0x94d114f00_4392, v0x94d114f00_4393, v0x94d114f00_4394;
v0x94d114f00_4395 .array/port v0x94d114f00, 4395;
v0x94d114f00_4396 .array/port v0x94d114f00, 4396;
v0x94d114f00_4397 .array/port v0x94d114f00, 4397;
v0x94d114f00_4398 .array/port v0x94d114f00, 4398;
E_0x94d065880/1099 .event anyedge, v0x94d114f00_4395, v0x94d114f00_4396, v0x94d114f00_4397, v0x94d114f00_4398;
v0x94d114f00_4399 .array/port v0x94d114f00, 4399;
v0x94d114f00_4400 .array/port v0x94d114f00, 4400;
v0x94d114f00_4401 .array/port v0x94d114f00, 4401;
v0x94d114f00_4402 .array/port v0x94d114f00, 4402;
E_0x94d065880/1100 .event anyedge, v0x94d114f00_4399, v0x94d114f00_4400, v0x94d114f00_4401, v0x94d114f00_4402;
v0x94d114f00_4403 .array/port v0x94d114f00, 4403;
v0x94d114f00_4404 .array/port v0x94d114f00, 4404;
v0x94d114f00_4405 .array/port v0x94d114f00, 4405;
v0x94d114f00_4406 .array/port v0x94d114f00, 4406;
E_0x94d065880/1101 .event anyedge, v0x94d114f00_4403, v0x94d114f00_4404, v0x94d114f00_4405, v0x94d114f00_4406;
v0x94d114f00_4407 .array/port v0x94d114f00, 4407;
v0x94d114f00_4408 .array/port v0x94d114f00, 4408;
v0x94d114f00_4409 .array/port v0x94d114f00, 4409;
v0x94d114f00_4410 .array/port v0x94d114f00, 4410;
E_0x94d065880/1102 .event anyedge, v0x94d114f00_4407, v0x94d114f00_4408, v0x94d114f00_4409, v0x94d114f00_4410;
v0x94d114f00_4411 .array/port v0x94d114f00, 4411;
v0x94d114f00_4412 .array/port v0x94d114f00, 4412;
v0x94d114f00_4413 .array/port v0x94d114f00, 4413;
v0x94d114f00_4414 .array/port v0x94d114f00, 4414;
E_0x94d065880/1103 .event anyedge, v0x94d114f00_4411, v0x94d114f00_4412, v0x94d114f00_4413, v0x94d114f00_4414;
v0x94d114f00_4415 .array/port v0x94d114f00, 4415;
v0x94d114f00_4416 .array/port v0x94d114f00, 4416;
v0x94d114f00_4417 .array/port v0x94d114f00, 4417;
v0x94d114f00_4418 .array/port v0x94d114f00, 4418;
E_0x94d065880/1104 .event anyedge, v0x94d114f00_4415, v0x94d114f00_4416, v0x94d114f00_4417, v0x94d114f00_4418;
v0x94d114f00_4419 .array/port v0x94d114f00, 4419;
v0x94d114f00_4420 .array/port v0x94d114f00, 4420;
v0x94d114f00_4421 .array/port v0x94d114f00, 4421;
v0x94d114f00_4422 .array/port v0x94d114f00, 4422;
E_0x94d065880/1105 .event anyedge, v0x94d114f00_4419, v0x94d114f00_4420, v0x94d114f00_4421, v0x94d114f00_4422;
v0x94d114f00_4423 .array/port v0x94d114f00, 4423;
v0x94d114f00_4424 .array/port v0x94d114f00, 4424;
v0x94d114f00_4425 .array/port v0x94d114f00, 4425;
v0x94d114f00_4426 .array/port v0x94d114f00, 4426;
E_0x94d065880/1106 .event anyedge, v0x94d114f00_4423, v0x94d114f00_4424, v0x94d114f00_4425, v0x94d114f00_4426;
v0x94d114f00_4427 .array/port v0x94d114f00, 4427;
v0x94d114f00_4428 .array/port v0x94d114f00, 4428;
v0x94d114f00_4429 .array/port v0x94d114f00, 4429;
v0x94d114f00_4430 .array/port v0x94d114f00, 4430;
E_0x94d065880/1107 .event anyedge, v0x94d114f00_4427, v0x94d114f00_4428, v0x94d114f00_4429, v0x94d114f00_4430;
v0x94d114f00_4431 .array/port v0x94d114f00, 4431;
v0x94d114f00_4432 .array/port v0x94d114f00, 4432;
v0x94d114f00_4433 .array/port v0x94d114f00, 4433;
v0x94d114f00_4434 .array/port v0x94d114f00, 4434;
E_0x94d065880/1108 .event anyedge, v0x94d114f00_4431, v0x94d114f00_4432, v0x94d114f00_4433, v0x94d114f00_4434;
v0x94d114f00_4435 .array/port v0x94d114f00, 4435;
v0x94d114f00_4436 .array/port v0x94d114f00, 4436;
v0x94d114f00_4437 .array/port v0x94d114f00, 4437;
v0x94d114f00_4438 .array/port v0x94d114f00, 4438;
E_0x94d065880/1109 .event anyedge, v0x94d114f00_4435, v0x94d114f00_4436, v0x94d114f00_4437, v0x94d114f00_4438;
v0x94d114f00_4439 .array/port v0x94d114f00, 4439;
v0x94d114f00_4440 .array/port v0x94d114f00, 4440;
v0x94d114f00_4441 .array/port v0x94d114f00, 4441;
v0x94d114f00_4442 .array/port v0x94d114f00, 4442;
E_0x94d065880/1110 .event anyedge, v0x94d114f00_4439, v0x94d114f00_4440, v0x94d114f00_4441, v0x94d114f00_4442;
v0x94d114f00_4443 .array/port v0x94d114f00, 4443;
v0x94d114f00_4444 .array/port v0x94d114f00, 4444;
v0x94d114f00_4445 .array/port v0x94d114f00, 4445;
v0x94d114f00_4446 .array/port v0x94d114f00, 4446;
E_0x94d065880/1111 .event anyedge, v0x94d114f00_4443, v0x94d114f00_4444, v0x94d114f00_4445, v0x94d114f00_4446;
v0x94d114f00_4447 .array/port v0x94d114f00, 4447;
v0x94d114f00_4448 .array/port v0x94d114f00, 4448;
v0x94d114f00_4449 .array/port v0x94d114f00, 4449;
v0x94d114f00_4450 .array/port v0x94d114f00, 4450;
E_0x94d065880/1112 .event anyedge, v0x94d114f00_4447, v0x94d114f00_4448, v0x94d114f00_4449, v0x94d114f00_4450;
v0x94d114f00_4451 .array/port v0x94d114f00, 4451;
v0x94d114f00_4452 .array/port v0x94d114f00, 4452;
v0x94d114f00_4453 .array/port v0x94d114f00, 4453;
v0x94d114f00_4454 .array/port v0x94d114f00, 4454;
E_0x94d065880/1113 .event anyedge, v0x94d114f00_4451, v0x94d114f00_4452, v0x94d114f00_4453, v0x94d114f00_4454;
v0x94d114f00_4455 .array/port v0x94d114f00, 4455;
v0x94d114f00_4456 .array/port v0x94d114f00, 4456;
v0x94d114f00_4457 .array/port v0x94d114f00, 4457;
v0x94d114f00_4458 .array/port v0x94d114f00, 4458;
E_0x94d065880/1114 .event anyedge, v0x94d114f00_4455, v0x94d114f00_4456, v0x94d114f00_4457, v0x94d114f00_4458;
v0x94d114f00_4459 .array/port v0x94d114f00, 4459;
v0x94d114f00_4460 .array/port v0x94d114f00, 4460;
v0x94d114f00_4461 .array/port v0x94d114f00, 4461;
v0x94d114f00_4462 .array/port v0x94d114f00, 4462;
E_0x94d065880/1115 .event anyedge, v0x94d114f00_4459, v0x94d114f00_4460, v0x94d114f00_4461, v0x94d114f00_4462;
v0x94d114f00_4463 .array/port v0x94d114f00, 4463;
v0x94d114f00_4464 .array/port v0x94d114f00, 4464;
v0x94d114f00_4465 .array/port v0x94d114f00, 4465;
v0x94d114f00_4466 .array/port v0x94d114f00, 4466;
E_0x94d065880/1116 .event anyedge, v0x94d114f00_4463, v0x94d114f00_4464, v0x94d114f00_4465, v0x94d114f00_4466;
v0x94d114f00_4467 .array/port v0x94d114f00, 4467;
v0x94d114f00_4468 .array/port v0x94d114f00, 4468;
v0x94d114f00_4469 .array/port v0x94d114f00, 4469;
v0x94d114f00_4470 .array/port v0x94d114f00, 4470;
E_0x94d065880/1117 .event anyedge, v0x94d114f00_4467, v0x94d114f00_4468, v0x94d114f00_4469, v0x94d114f00_4470;
v0x94d114f00_4471 .array/port v0x94d114f00, 4471;
v0x94d114f00_4472 .array/port v0x94d114f00, 4472;
v0x94d114f00_4473 .array/port v0x94d114f00, 4473;
v0x94d114f00_4474 .array/port v0x94d114f00, 4474;
E_0x94d065880/1118 .event anyedge, v0x94d114f00_4471, v0x94d114f00_4472, v0x94d114f00_4473, v0x94d114f00_4474;
v0x94d114f00_4475 .array/port v0x94d114f00, 4475;
v0x94d114f00_4476 .array/port v0x94d114f00, 4476;
v0x94d114f00_4477 .array/port v0x94d114f00, 4477;
v0x94d114f00_4478 .array/port v0x94d114f00, 4478;
E_0x94d065880/1119 .event anyedge, v0x94d114f00_4475, v0x94d114f00_4476, v0x94d114f00_4477, v0x94d114f00_4478;
v0x94d114f00_4479 .array/port v0x94d114f00, 4479;
v0x94d114f00_4480 .array/port v0x94d114f00, 4480;
v0x94d114f00_4481 .array/port v0x94d114f00, 4481;
v0x94d114f00_4482 .array/port v0x94d114f00, 4482;
E_0x94d065880/1120 .event anyedge, v0x94d114f00_4479, v0x94d114f00_4480, v0x94d114f00_4481, v0x94d114f00_4482;
v0x94d114f00_4483 .array/port v0x94d114f00, 4483;
v0x94d114f00_4484 .array/port v0x94d114f00, 4484;
v0x94d114f00_4485 .array/port v0x94d114f00, 4485;
v0x94d114f00_4486 .array/port v0x94d114f00, 4486;
E_0x94d065880/1121 .event anyedge, v0x94d114f00_4483, v0x94d114f00_4484, v0x94d114f00_4485, v0x94d114f00_4486;
v0x94d114f00_4487 .array/port v0x94d114f00, 4487;
v0x94d114f00_4488 .array/port v0x94d114f00, 4488;
v0x94d114f00_4489 .array/port v0x94d114f00, 4489;
v0x94d114f00_4490 .array/port v0x94d114f00, 4490;
E_0x94d065880/1122 .event anyedge, v0x94d114f00_4487, v0x94d114f00_4488, v0x94d114f00_4489, v0x94d114f00_4490;
v0x94d114f00_4491 .array/port v0x94d114f00, 4491;
v0x94d114f00_4492 .array/port v0x94d114f00, 4492;
v0x94d114f00_4493 .array/port v0x94d114f00, 4493;
v0x94d114f00_4494 .array/port v0x94d114f00, 4494;
E_0x94d065880/1123 .event anyedge, v0x94d114f00_4491, v0x94d114f00_4492, v0x94d114f00_4493, v0x94d114f00_4494;
v0x94d114f00_4495 .array/port v0x94d114f00, 4495;
v0x94d114f00_4496 .array/port v0x94d114f00, 4496;
v0x94d114f00_4497 .array/port v0x94d114f00, 4497;
v0x94d114f00_4498 .array/port v0x94d114f00, 4498;
E_0x94d065880/1124 .event anyedge, v0x94d114f00_4495, v0x94d114f00_4496, v0x94d114f00_4497, v0x94d114f00_4498;
v0x94d114f00_4499 .array/port v0x94d114f00, 4499;
v0x94d114f00_4500 .array/port v0x94d114f00, 4500;
v0x94d114f00_4501 .array/port v0x94d114f00, 4501;
v0x94d114f00_4502 .array/port v0x94d114f00, 4502;
E_0x94d065880/1125 .event anyedge, v0x94d114f00_4499, v0x94d114f00_4500, v0x94d114f00_4501, v0x94d114f00_4502;
v0x94d114f00_4503 .array/port v0x94d114f00, 4503;
v0x94d114f00_4504 .array/port v0x94d114f00, 4504;
v0x94d114f00_4505 .array/port v0x94d114f00, 4505;
v0x94d114f00_4506 .array/port v0x94d114f00, 4506;
E_0x94d065880/1126 .event anyedge, v0x94d114f00_4503, v0x94d114f00_4504, v0x94d114f00_4505, v0x94d114f00_4506;
v0x94d114f00_4507 .array/port v0x94d114f00, 4507;
v0x94d114f00_4508 .array/port v0x94d114f00, 4508;
v0x94d114f00_4509 .array/port v0x94d114f00, 4509;
v0x94d114f00_4510 .array/port v0x94d114f00, 4510;
E_0x94d065880/1127 .event anyedge, v0x94d114f00_4507, v0x94d114f00_4508, v0x94d114f00_4509, v0x94d114f00_4510;
v0x94d114f00_4511 .array/port v0x94d114f00, 4511;
v0x94d114f00_4512 .array/port v0x94d114f00, 4512;
v0x94d114f00_4513 .array/port v0x94d114f00, 4513;
v0x94d114f00_4514 .array/port v0x94d114f00, 4514;
E_0x94d065880/1128 .event anyedge, v0x94d114f00_4511, v0x94d114f00_4512, v0x94d114f00_4513, v0x94d114f00_4514;
v0x94d114f00_4515 .array/port v0x94d114f00, 4515;
v0x94d114f00_4516 .array/port v0x94d114f00, 4516;
v0x94d114f00_4517 .array/port v0x94d114f00, 4517;
v0x94d114f00_4518 .array/port v0x94d114f00, 4518;
E_0x94d065880/1129 .event anyedge, v0x94d114f00_4515, v0x94d114f00_4516, v0x94d114f00_4517, v0x94d114f00_4518;
v0x94d114f00_4519 .array/port v0x94d114f00, 4519;
v0x94d114f00_4520 .array/port v0x94d114f00, 4520;
v0x94d114f00_4521 .array/port v0x94d114f00, 4521;
v0x94d114f00_4522 .array/port v0x94d114f00, 4522;
E_0x94d065880/1130 .event anyedge, v0x94d114f00_4519, v0x94d114f00_4520, v0x94d114f00_4521, v0x94d114f00_4522;
v0x94d114f00_4523 .array/port v0x94d114f00, 4523;
v0x94d114f00_4524 .array/port v0x94d114f00, 4524;
v0x94d114f00_4525 .array/port v0x94d114f00, 4525;
v0x94d114f00_4526 .array/port v0x94d114f00, 4526;
E_0x94d065880/1131 .event anyedge, v0x94d114f00_4523, v0x94d114f00_4524, v0x94d114f00_4525, v0x94d114f00_4526;
v0x94d114f00_4527 .array/port v0x94d114f00, 4527;
v0x94d114f00_4528 .array/port v0x94d114f00, 4528;
v0x94d114f00_4529 .array/port v0x94d114f00, 4529;
v0x94d114f00_4530 .array/port v0x94d114f00, 4530;
E_0x94d065880/1132 .event anyedge, v0x94d114f00_4527, v0x94d114f00_4528, v0x94d114f00_4529, v0x94d114f00_4530;
v0x94d114f00_4531 .array/port v0x94d114f00, 4531;
v0x94d114f00_4532 .array/port v0x94d114f00, 4532;
v0x94d114f00_4533 .array/port v0x94d114f00, 4533;
v0x94d114f00_4534 .array/port v0x94d114f00, 4534;
E_0x94d065880/1133 .event anyedge, v0x94d114f00_4531, v0x94d114f00_4532, v0x94d114f00_4533, v0x94d114f00_4534;
v0x94d114f00_4535 .array/port v0x94d114f00, 4535;
v0x94d114f00_4536 .array/port v0x94d114f00, 4536;
v0x94d114f00_4537 .array/port v0x94d114f00, 4537;
v0x94d114f00_4538 .array/port v0x94d114f00, 4538;
E_0x94d065880/1134 .event anyedge, v0x94d114f00_4535, v0x94d114f00_4536, v0x94d114f00_4537, v0x94d114f00_4538;
v0x94d114f00_4539 .array/port v0x94d114f00, 4539;
v0x94d114f00_4540 .array/port v0x94d114f00, 4540;
v0x94d114f00_4541 .array/port v0x94d114f00, 4541;
v0x94d114f00_4542 .array/port v0x94d114f00, 4542;
E_0x94d065880/1135 .event anyedge, v0x94d114f00_4539, v0x94d114f00_4540, v0x94d114f00_4541, v0x94d114f00_4542;
v0x94d114f00_4543 .array/port v0x94d114f00, 4543;
v0x94d114f00_4544 .array/port v0x94d114f00, 4544;
v0x94d114f00_4545 .array/port v0x94d114f00, 4545;
v0x94d114f00_4546 .array/port v0x94d114f00, 4546;
E_0x94d065880/1136 .event anyedge, v0x94d114f00_4543, v0x94d114f00_4544, v0x94d114f00_4545, v0x94d114f00_4546;
v0x94d114f00_4547 .array/port v0x94d114f00, 4547;
v0x94d114f00_4548 .array/port v0x94d114f00, 4548;
v0x94d114f00_4549 .array/port v0x94d114f00, 4549;
v0x94d114f00_4550 .array/port v0x94d114f00, 4550;
E_0x94d065880/1137 .event anyedge, v0x94d114f00_4547, v0x94d114f00_4548, v0x94d114f00_4549, v0x94d114f00_4550;
v0x94d114f00_4551 .array/port v0x94d114f00, 4551;
v0x94d114f00_4552 .array/port v0x94d114f00, 4552;
v0x94d114f00_4553 .array/port v0x94d114f00, 4553;
v0x94d114f00_4554 .array/port v0x94d114f00, 4554;
E_0x94d065880/1138 .event anyedge, v0x94d114f00_4551, v0x94d114f00_4552, v0x94d114f00_4553, v0x94d114f00_4554;
v0x94d114f00_4555 .array/port v0x94d114f00, 4555;
v0x94d114f00_4556 .array/port v0x94d114f00, 4556;
v0x94d114f00_4557 .array/port v0x94d114f00, 4557;
v0x94d114f00_4558 .array/port v0x94d114f00, 4558;
E_0x94d065880/1139 .event anyedge, v0x94d114f00_4555, v0x94d114f00_4556, v0x94d114f00_4557, v0x94d114f00_4558;
v0x94d114f00_4559 .array/port v0x94d114f00, 4559;
v0x94d114f00_4560 .array/port v0x94d114f00, 4560;
v0x94d114f00_4561 .array/port v0x94d114f00, 4561;
v0x94d114f00_4562 .array/port v0x94d114f00, 4562;
E_0x94d065880/1140 .event anyedge, v0x94d114f00_4559, v0x94d114f00_4560, v0x94d114f00_4561, v0x94d114f00_4562;
v0x94d114f00_4563 .array/port v0x94d114f00, 4563;
v0x94d114f00_4564 .array/port v0x94d114f00, 4564;
v0x94d114f00_4565 .array/port v0x94d114f00, 4565;
v0x94d114f00_4566 .array/port v0x94d114f00, 4566;
E_0x94d065880/1141 .event anyedge, v0x94d114f00_4563, v0x94d114f00_4564, v0x94d114f00_4565, v0x94d114f00_4566;
v0x94d114f00_4567 .array/port v0x94d114f00, 4567;
v0x94d114f00_4568 .array/port v0x94d114f00, 4568;
v0x94d114f00_4569 .array/port v0x94d114f00, 4569;
v0x94d114f00_4570 .array/port v0x94d114f00, 4570;
E_0x94d065880/1142 .event anyedge, v0x94d114f00_4567, v0x94d114f00_4568, v0x94d114f00_4569, v0x94d114f00_4570;
v0x94d114f00_4571 .array/port v0x94d114f00, 4571;
v0x94d114f00_4572 .array/port v0x94d114f00, 4572;
v0x94d114f00_4573 .array/port v0x94d114f00, 4573;
v0x94d114f00_4574 .array/port v0x94d114f00, 4574;
E_0x94d065880/1143 .event anyedge, v0x94d114f00_4571, v0x94d114f00_4572, v0x94d114f00_4573, v0x94d114f00_4574;
v0x94d114f00_4575 .array/port v0x94d114f00, 4575;
v0x94d114f00_4576 .array/port v0x94d114f00, 4576;
v0x94d114f00_4577 .array/port v0x94d114f00, 4577;
v0x94d114f00_4578 .array/port v0x94d114f00, 4578;
E_0x94d065880/1144 .event anyedge, v0x94d114f00_4575, v0x94d114f00_4576, v0x94d114f00_4577, v0x94d114f00_4578;
v0x94d114f00_4579 .array/port v0x94d114f00, 4579;
v0x94d114f00_4580 .array/port v0x94d114f00, 4580;
v0x94d114f00_4581 .array/port v0x94d114f00, 4581;
v0x94d114f00_4582 .array/port v0x94d114f00, 4582;
E_0x94d065880/1145 .event anyedge, v0x94d114f00_4579, v0x94d114f00_4580, v0x94d114f00_4581, v0x94d114f00_4582;
v0x94d114f00_4583 .array/port v0x94d114f00, 4583;
v0x94d114f00_4584 .array/port v0x94d114f00, 4584;
v0x94d114f00_4585 .array/port v0x94d114f00, 4585;
v0x94d114f00_4586 .array/port v0x94d114f00, 4586;
E_0x94d065880/1146 .event anyedge, v0x94d114f00_4583, v0x94d114f00_4584, v0x94d114f00_4585, v0x94d114f00_4586;
v0x94d114f00_4587 .array/port v0x94d114f00, 4587;
v0x94d114f00_4588 .array/port v0x94d114f00, 4588;
v0x94d114f00_4589 .array/port v0x94d114f00, 4589;
v0x94d114f00_4590 .array/port v0x94d114f00, 4590;
E_0x94d065880/1147 .event anyedge, v0x94d114f00_4587, v0x94d114f00_4588, v0x94d114f00_4589, v0x94d114f00_4590;
v0x94d114f00_4591 .array/port v0x94d114f00, 4591;
v0x94d114f00_4592 .array/port v0x94d114f00, 4592;
v0x94d114f00_4593 .array/port v0x94d114f00, 4593;
v0x94d114f00_4594 .array/port v0x94d114f00, 4594;
E_0x94d065880/1148 .event anyedge, v0x94d114f00_4591, v0x94d114f00_4592, v0x94d114f00_4593, v0x94d114f00_4594;
v0x94d114f00_4595 .array/port v0x94d114f00, 4595;
v0x94d114f00_4596 .array/port v0x94d114f00, 4596;
v0x94d114f00_4597 .array/port v0x94d114f00, 4597;
v0x94d114f00_4598 .array/port v0x94d114f00, 4598;
E_0x94d065880/1149 .event anyedge, v0x94d114f00_4595, v0x94d114f00_4596, v0x94d114f00_4597, v0x94d114f00_4598;
v0x94d114f00_4599 .array/port v0x94d114f00, 4599;
v0x94d114f00_4600 .array/port v0x94d114f00, 4600;
v0x94d114f00_4601 .array/port v0x94d114f00, 4601;
v0x94d114f00_4602 .array/port v0x94d114f00, 4602;
E_0x94d065880/1150 .event anyedge, v0x94d114f00_4599, v0x94d114f00_4600, v0x94d114f00_4601, v0x94d114f00_4602;
v0x94d114f00_4603 .array/port v0x94d114f00, 4603;
v0x94d114f00_4604 .array/port v0x94d114f00, 4604;
v0x94d114f00_4605 .array/port v0x94d114f00, 4605;
v0x94d114f00_4606 .array/port v0x94d114f00, 4606;
E_0x94d065880/1151 .event anyedge, v0x94d114f00_4603, v0x94d114f00_4604, v0x94d114f00_4605, v0x94d114f00_4606;
v0x94d114f00_4607 .array/port v0x94d114f00, 4607;
v0x94d114f00_4608 .array/port v0x94d114f00, 4608;
v0x94d114f00_4609 .array/port v0x94d114f00, 4609;
v0x94d114f00_4610 .array/port v0x94d114f00, 4610;
E_0x94d065880/1152 .event anyedge, v0x94d114f00_4607, v0x94d114f00_4608, v0x94d114f00_4609, v0x94d114f00_4610;
v0x94d114f00_4611 .array/port v0x94d114f00, 4611;
v0x94d114f00_4612 .array/port v0x94d114f00, 4612;
v0x94d114f00_4613 .array/port v0x94d114f00, 4613;
v0x94d114f00_4614 .array/port v0x94d114f00, 4614;
E_0x94d065880/1153 .event anyedge, v0x94d114f00_4611, v0x94d114f00_4612, v0x94d114f00_4613, v0x94d114f00_4614;
v0x94d114f00_4615 .array/port v0x94d114f00, 4615;
v0x94d114f00_4616 .array/port v0x94d114f00, 4616;
v0x94d114f00_4617 .array/port v0x94d114f00, 4617;
v0x94d114f00_4618 .array/port v0x94d114f00, 4618;
E_0x94d065880/1154 .event anyedge, v0x94d114f00_4615, v0x94d114f00_4616, v0x94d114f00_4617, v0x94d114f00_4618;
v0x94d114f00_4619 .array/port v0x94d114f00, 4619;
v0x94d114f00_4620 .array/port v0x94d114f00, 4620;
v0x94d114f00_4621 .array/port v0x94d114f00, 4621;
v0x94d114f00_4622 .array/port v0x94d114f00, 4622;
E_0x94d065880/1155 .event anyedge, v0x94d114f00_4619, v0x94d114f00_4620, v0x94d114f00_4621, v0x94d114f00_4622;
v0x94d114f00_4623 .array/port v0x94d114f00, 4623;
v0x94d114f00_4624 .array/port v0x94d114f00, 4624;
v0x94d114f00_4625 .array/port v0x94d114f00, 4625;
v0x94d114f00_4626 .array/port v0x94d114f00, 4626;
E_0x94d065880/1156 .event anyedge, v0x94d114f00_4623, v0x94d114f00_4624, v0x94d114f00_4625, v0x94d114f00_4626;
v0x94d114f00_4627 .array/port v0x94d114f00, 4627;
v0x94d114f00_4628 .array/port v0x94d114f00, 4628;
v0x94d114f00_4629 .array/port v0x94d114f00, 4629;
v0x94d114f00_4630 .array/port v0x94d114f00, 4630;
E_0x94d065880/1157 .event anyedge, v0x94d114f00_4627, v0x94d114f00_4628, v0x94d114f00_4629, v0x94d114f00_4630;
v0x94d114f00_4631 .array/port v0x94d114f00, 4631;
v0x94d114f00_4632 .array/port v0x94d114f00, 4632;
v0x94d114f00_4633 .array/port v0x94d114f00, 4633;
v0x94d114f00_4634 .array/port v0x94d114f00, 4634;
E_0x94d065880/1158 .event anyedge, v0x94d114f00_4631, v0x94d114f00_4632, v0x94d114f00_4633, v0x94d114f00_4634;
v0x94d114f00_4635 .array/port v0x94d114f00, 4635;
v0x94d114f00_4636 .array/port v0x94d114f00, 4636;
v0x94d114f00_4637 .array/port v0x94d114f00, 4637;
v0x94d114f00_4638 .array/port v0x94d114f00, 4638;
E_0x94d065880/1159 .event anyedge, v0x94d114f00_4635, v0x94d114f00_4636, v0x94d114f00_4637, v0x94d114f00_4638;
v0x94d114f00_4639 .array/port v0x94d114f00, 4639;
v0x94d114f00_4640 .array/port v0x94d114f00, 4640;
v0x94d114f00_4641 .array/port v0x94d114f00, 4641;
v0x94d114f00_4642 .array/port v0x94d114f00, 4642;
E_0x94d065880/1160 .event anyedge, v0x94d114f00_4639, v0x94d114f00_4640, v0x94d114f00_4641, v0x94d114f00_4642;
v0x94d114f00_4643 .array/port v0x94d114f00, 4643;
v0x94d114f00_4644 .array/port v0x94d114f00, 4644;
v0x94d114f00_4645 .array/port v0x94d114f00, 4645;
v0x94d114f00_4646 .array/port v0x94d114f00, 4646;
E_0x94d065880/1161 .event anyedge, v0x94d114f00_4643, v0x94d114f00_4644, v0x94d114f00_4645, v0x94d114f00_4646;
v0x94d114f00_4647 .array/port v0x94d114f00, 4647;
v0x94d114f00_4648 .array/port v0x94d114f00, 4648;
v0x94d114f00_4649 .array/port v0x94d114f00, 4649;
v0x94d114f00_4650 .array/port v0x94d114f00, 4650;
E_0x94d065880/1162 .event anyedge, v0x94d114f00_4647, v0x94d114f00_4648, v0x94d114f00_4649, v0x94d114f00_4650;
v0x94d114f00_4651 .array/port v0x94d114f00, 4651;
v0x94d114f00_4652 .array/port v0x94d114f00, 4652;
v0x94d114f00_4653 .array/port v0x94d114f00, 4653;
v0x94d114f00_4654 .array/port v0x94d114f00, 4654;
E_0x94d065880/1163 .event anyedge, v0x94d114f00_4651, v0x94d114f00_4652, v0x94d114f00_4653, v0x94d114f00_4654;
v0x94d114f00_4655 .array/port v0x94d114f00, 4655;
v0x94d114f00_4656 .array/port v0x94d114f00, 4656;
v0x94d114f00_4657 .array/port v0x94d114f00, 4657;
v0x94d114f00_4658 .array/port v0x94d114f00, 4658;
E_0x94d065880/1164 .event anyedge, v0x94d114f00_4655, v0x94d114f00_4656, v0x94d114f00_4657, v0x94d114f00_4658;
v0x94d114f00_4659 .array/port v0x94d114f00, 4659;
v0x94d114f00_4660 .array/port v0x94d114f00, 4660;
v0x94d114f00_4661 .array/port v0x94d114f00, 4661;
v0x94d114f00_4662 .array/port v0x94d114f00, 4662;
E_0x94d065880/1165 .event anyedge, v0x94d114f00_4659, v0x94d114f00_4660, v0x94d114f00_4661, v0x94d114f00_4662;
v0x94d114f00_4663 .array/port v0x94d114f00, 4663;
v0x94d114f00_4664 .array/port v0x94d114f00, 4664;
v0x94d114f00_4665 .array/port v0x94d114f00, 4665;
v0x94d114f00_4666 .array/port v0x94d114f00, 4666;
E_0x94d065880/1166 .event anyedge, v0x94d114f00_4663, v0x94d114f00_4664, v0x94d114f00_4665, v0x94d114f00_4666;
v0x94d114f00_4667 .array/port v0x94d114f00, 4667;
v0x94d114f00_4668 .array/port v0x94d114f00, 4668;
v0x94d114f00_4669 .array/port v0x94d114f00, 4669;
v0x94d114f00_4670 .array/port v0x94d114f00, 4670;
E_0x94d065880/1167 .event anyedge, v0x94d114f00_4667, v0x94d114f00_4668, v0x94d114f00_4669, v0x94d114f00_4670;
v0x94d114f00_4671 .array/port v0x94d114f00, 4671;
v0x94d114f00_4672 .array/port v0x94d114f00, 4672;
v0x94d114f00_4673 .array/port v0x94d114f00, 4673;
v0x94d114f00_4674 .array/port v0x94d114f00, 4674;
E_0x94d065880/1168 .event anyedge, v0x94d114f00_4671, v0x94d114f00_4672, v0x94d114f00_4673, v0x94d114f00_4674;
v0x94d114f00_4675 .array/port v0x94d114f00, 4675;
v0x94d114f00_4676 .array/port v0x94d114f00, 4676;
v0x94d114f00_4677 .array/port v0x94d114f00, 4677;
v0x94d114f00_4678 .array/port v0x94d114f00, 4678;
E_0x94d065880/1169 .event anyedge, v0x94d114f00_4675, v0x94d114f00_4676, v0x94d114f00_4677, v0x94d114f00_4678;
v0x94d114f00_4679 .array/port v0x94d114f00, 4679;
v0x94d114f00_4680 .array/port v0x94d114f00, 4680;
v0x94d114f00_4681 .array/port v0x94d114f00, 4681;
v0x94d114f00_4682 .array/port v0x94d114f00, 4682;
E_0x94d065880/1170 .event anyedge, v0x94d114f00_4679, v0x94d114f00_4680, v0x94d114f00_4681, v0x94d114f00_4682;
v0x94d114f00_4683 .array/port v0x94d114f00, 4683;
v0x94d114f00_4684 .array/port v0x94d114f00, 4684;
v0x94d114f00_4685 .array/port v0x94d114f00, 4685;
v0x94d114f00_4686 .array/port v0x94d114f00, 4686;
E_0x94d065880/1171 .event anyedge, v0x94d114f00_4683, v0x94d114f00_4684, v0x94d114f00_4685, v0x94d114f00_4686;
v0x94d114f00_4687 .array/port v0x94d114f00, 4687;
v0x94d114f00_4688 .array/port v0x94d114f00, 4688;
v0x94d114f00_4689 .array/port v0x94d114f00, 4689;
v0x94d114f00_4690 .array/port v0x94d114f00, 4690;
E_0x94d065880/1172 .event anyedge, v0x94d114f00_4687, v0x94d114f00_4688, v0x94d114f00_4689, v0x94d114f00_4690;
v0x94d114f00_4691 .array/port v0x94d114f00, 4691;
v0x94d114f00_4692 .array/port v0x94d114f00, 4692;
v0x94d114f00_4693 .array/port v0x94d114f00, 4693;
v0x94d114f00_4694 .array/port v0x94d114f00, 4694;
E_0x94d065880/1173 .event anyedge, v0x94d114f00_4691, v0x94d114f00_4692, v0x94d114f00_4693, v0x94d114f00_4694;
v0x94d114f00_4695 .array/port v0x94d114f00, 4695;
v0x94d114f00_4696 .array/port v0x94d114f00, 4696;
v0x94d114f00_4697 .array/port v0x94d114f00, 4697;
v0x94d114f00_4698 .array/port v0x94d114f00, 4698;
E_0x94d065880/1174 .event anyedge, v0x94d114f00_4695, v0x94d114f00_4696, v0x94d114f00_4697, v0x94d114f00_4698;
v0x94d114f00_4699 .array/port v0x94d114f00, 4699;
v0x94d114f00_4700 .array/port v0x94d114f00, 4700;
v0x94d114f00_4701 .array/port v0x94d114f00, 4701;
v0x94d114f00_4702 .array/port v0x94d114f00, 4702;
E_0x94d065880/1175 .event anyedge, v0x94d114f00_4699, v0x94d114f00_4700, v0x94d114f00_4701, v0x94d114f00_4702;
v0x94d114f00_4703 .array/port v0x94d114f00, 4703;
v0x94d114f00_4704 .array/port v0x94d114f00, 4704;
v0x94d114f00_4705 .array/port v0x94d114f00, 4705;
v0x94d114f00_4706 .array/port v0x94d114f00, 4706;
E_0x94d065880/1176 .event anyedge, v0x94d114f00_4703, v0x94d114f00_4704, v0x94d114f00_4705, v0x94d114f00_4706;
v0x94d114f00_4707 .array/port v0x94d114f00, 4707;
v0x94d114f00_4708 .array/port v0x94d114f00, 4708;
v0x94d114f00_4709 .array/port v0x94d114f00, 4709;
v0x94d114f00_4710 .array/port v0x94d114f00, 4710;
E_0x94d065880/1177 .event anyedge, v0x94d114f00_4707, v0x94d114f00_4708, v0x94d114f00_4709, v0x94d114f00_4710;
v0x94d114f00_4711 .array/port v0x94d114f00, 4711;
v0x94d114f00_4712 .array/port v0x94d114f00, 4712;
v0x94d114f00_4713 .array/port v0x94d114f00, 4713;
v0x94d114f00_4714 .array/port v0x94d114f00, 4714;
E_0x94d065880/1178 .event anyedge, v0x94d114f00_4711, v0x94d114f00_4712, v0x94d114f00_4713, v0x94d114f00_4714;
v0x94d114f00_4715 .array/port v0x94d114f00, 4715;
v0x94d114f00_4716 .array/port v0x94d114f00, 4716;
v0x94d114f00_4717 .array/port v0x94d114f00, 4717;
v0x94d114f00_4718 .array/port v0x94d114f00, 4718;
E_0x94d065880/1179 .event anyedge, v0x94d114f00_4715, v0x94d114f00_4716, v0x94d114f00_4717, v0x94d114f00_4718;
v0x94d114f00_4719 .array/port v0x94d114f00, 4719;
v0x94d114f00_4720 .array/port v0x94d114f00, 4720;
v0x94d114f00_4721 .array/port v0x94d114f00, 4721;
v0x94d114f00_4722 .array/port v0x94d114f00, 4722;
E_0x94d065880/1180 .event anyedge, v0x94d114f00_4719, v0x94d114f00_4720, v0x94d114f00_4721, v0x94d114f00_4722;
v0x94d114f00_4723 .array/port v0x94d114f00, 4723;
v0x94d114f00_4724 .array/port v0x94d114f00, 4724;
v0x94d114f00_4725 .array/port v0x94d114f00, 4725;
v0x94d114f00_4726 .array/port v0x94d114f00, 4726;
E_0x94d065880/1181 .event anyedge, v0x94d114f00_4723, v0x94d114f00_4724, v0x94d114f00_4725, v0x94d114f00_4726;
v0x94d114f00_4727 .array/port v0x94d114f00, 4727;
v0x94d114f00_4728 .array/port v0x94d114f00, 4728;
v0x94d114f00_4729 .array/port v0x94d114f00, 4729;
v0x94d114f00_4730 .array/port v0x94d114f00, 4730;
E_0x94d065880/1182 .event anyedge, v0x94d114f00_4727, v0x94d114f00_4728, v0x94d114f00_4729, v0x94d114f00_4730;
v0x94d114f00_4731 .array/port v0x94d114f00, 4731;
v0x94d114f00_4732 .array/port v0x94d114f00, 4732;
v0x94d114f00_4733 .array/port v0x94d114f00, 4733;
v0x94d114f00_4734 .array/port v0x94d114f00, 4734;
E_0x94d065880/1183 .event anyedge, v0x94d114f00_4731, v0x94d114f00_4732, v0x94d114f00_4733, v0x94d114f00_4734;
v0x94d114f00_4735 .array/port v0x94d114f00, 4735;
v0x94d114f00_4736 .array/port v0x94d114f00, 4736;
v0x94d114f00_4737 .array/port v0x94d114f00, 4737;
v0x94d114f00_4738 .array/port v0x94d114f00, 4738;
E_0x94d065880/1184 .event anyedge, v0x94d114f00_4735, v0x94d114f00_4736, v0x94d114f00_4737, v0x94d114f00_4738;
v0x94d114f00_4739 .array/port v0x94d114f00, 4739;
v0x94d114f00_4740 .array/port v0x94d114f00, 4740;
v0x94d114f00_4741 .array/port v0x94d114f00, 4741;
v0x94d114f00_4742 .array/port v0x94d114f00, 4742;
E_0x94d065880/1185 .event anyedge, v0x94d114f00_4739, v0x94d114f00_4740, v0x94d114f00_4741, v0x94d114f00_4742;
v0x94d114f00_4743 .array/port v0x94d114f00, 4743;
v0x94d114f00_4744 .array/port v0x94d114f00, 4744;
v0x94d114f00_4745 .array/port v0x94d114f00, 4745;
v0x94d114f00_4746 .array/port v0x94d114f00, 4746;
E_0x94d065880/1186 .event anyedge, v0x94d114f00_4743, v0x94d114f00_4744, v0x94d114f00_4745, v0x94d114f00_4746;
v0x94d114f00_4747 .array/port v0x94d114f00, 4747;
v0x94d114f00_4748 .array/port v0x94d114f00, 4748;
v0x94d114f00_4749 .array/port v0x94d114f00, 4749;
v0x94d114f00_4750 .array/port v0x94d114f00, 4750;
E_0x94d065880/1187 .event anyedge, v0x94d114f00_4747, v0x94d114f00_4748, v0x94d114f00_4749, v0x94d114f00_4750;
v0x94d114f00_4751 .array/port v0x94d114f00, 4751;
v0x94d114f00_4752 .array/port v0x94d114f00, 4752;
v0x94d114f00_4753 .array/port v0x94d114f00, 4753;
v0x94d114f00_4754 .array/port v0x94d114f00, 4754;
E_0x94d065880/1188 .event anyedge, v0x94d114f00_4751, v0x94d114f00_4752, v0x94d114f00_4753, v0x94d114f00_4754;
v0x94d114f00_4755 .array/port v0x94d114f00, 4755;
v0x94d114f00_4756 .array/port v0x94d114f00, 4756;
v0x94d114f00_4757 .array/port v0x94d114f00, 4757;
v0x94d114f00_4758 .array/port v0x94d114f00, 4758;
E_0x94d065880/1189 .event anyedge, v0x94d114f00_4755, v0x94d114f00_4756, v0x94d114f00_4757, v0x94d114f00_4758;
v0x94d114f00_4759 .array/port v0x94d114f00, 4759;
v0x94d114f00_4760 .array/port v0x94d114f00, 4760;
v0x94d114f00_4761 .array/port v0x94d114f00, 4761;
v0x94d114f00_4762 .array/port v0x94d114f00, 4762;
E_0x94d065880/1190 .event anyedge, v0x94d114f00_4759, v0x94d114f00_4760, v0x94d114f00_4761, v0x94d114f00_4762;
v0x94d114f00_4763 .array/port v0x94d114f00, 4763;
v0x94d114f00_4764 .array/port v0x94d114f00, 4764;
v0x94d114f00_4765 .array/port v0x94d114f00, 4765;
v0x94d114f00_4766 .array/port v0x94d114f00, 4766;
E_0x94d065880/1191 .event anyedge, v0x94d114f00_4763, v0x94d114f00_4764, v0x94d114f00_4765, v0x94d114f00_4766;
v0x94d114f00_4767 .array/port v0x94d114f00, 4767;
v0x94d114f00_4768 .array/port v0x94d114f00, 4768;
v0x94d114f00_4769 .array/port v0x94d114f00, 4769;
v0x94d114f00_4770 .array/port v0x94d114f00, 4770;
E_0x94d065880/1192 .event anyedge, v0x94d114f00_4767, v0x94d114f00_4768, v0x94d114f00_4769, v0x94d114f00_4770;
v0x94d114f00_4771 .array/port v0x94d114f00, 4771;
v0x94d114f00_4772 .array/port v0x94d114f00, 4772;
v0x94d114f00_4773 .array/port v0x94d114f00, 4773;
v0x94d114f00_4774 .array/port v0x94d114f00, 4774;
E_0x94d065880/1193 .event anyedge, v0x94d114f00_4771, v0x94d114f00_4772, v0x94d114f00_4773, v0x94d114f00_4774;
v0x94d114f00_4775 .array/port v0x94d114f00, 4775;
v0x94d114f00_4776 .array/port v0x94d114f00, 4776;
v0x94d114f00_4777 .array/port v0x94d114f00, 4777;
v0x94d114f00_4778 .array/port v0x94d114f00, 4778;
E_0x94d065880/1194 .event anyedge, v0x94d114f00_4775, v0x94d114f00_4776, v0x94d114f00_4777, v0x94d114f00_4778;
v0x94d114f00_4779 .array/port v0x94d114f00, 4779;
v0x94d114f00_4780 .array/port v0x94d114f00, 4780;
v0x94d114f00_4781 .array/port v0x94d114f00, 4781;
v0x94d114f00_4782 .array/port v0x94d114f00, 4782;
E_0x94d065880/1195 .event anyedge, v0x94d114f00_4779, v0x94d114f00_4780, v0x94d114f00_4781, v0x94d114f00_4782;
v0x94d114f00_4783 .array/port v0x94d114f00, 4783;
v0x94d114f00_4784 .array/port v0x94d114f00, 4784;
v0x94d114f00_4785 .array/port v0x94d114f00, 4785;
v0x94d114f00_4786 .array/port v0x94d114f00, 4786;
E_0x94d065880/1196 .event anyedge, v0x94d114f00_4783, v0x94d114f00_4784, v0x94d114f00_4785, v0x94d114f00_4786;
v0x94d114f00_4787 .array/port v0x94d114f00, 4787;
v0x94d114f00_4788 .array/port v0x94d114f00, 4788;
v0x94d114f00_4789 .array/port v0x94d114f00, 4789;
v0x94d114f00_4790 .array/port v0x94d114f00, 4790;
E_0x94d065880/1197 .event anyedge, v0x94d114f00_4787, v0x94d114f00_4788, v0x94d114f00_4789, v0x94d114f00_4790;
v0x94d114f00_4791 .array/port v0x94d114f00, 4791;
v0x94d114f00_4792 .array/port v0x94d114f00, 4792;
v0x94d114f00_4793 .array/port v0x94d114f00, 4793;
v0x94d114f00_4794 .array/port v0x94d114f00, 4794;
E_0x94d065880/1198 .event anyedge, v0x94d114f00_4791, v0x94d114f00_4792, v0x94d114f00_4793, v0x94d114f00_4794;
v0x94d114f00_4795 .array/port v0x94d114f00, 4795;
v0x94d114f00_4796 .array/port v0x94d114f00, 4796;
v0x94d114f00_4797 .array/port v0x94d114f00, 4797;
v0x94d114f00_4798 .array/port v0x94d114f00, 4798;
E_0x94d065880/1199 .event anyedge, v0x94d114f00_4795, v0x94d114f00_4796, v0x94d114f00_4797, v0x94d114f00_4798;
v0x94d114f00_4799 .array/port v0x94d114f00, 4799;
v0x94d114f00_4800 .array/port v0x94d114f00, 4800;
v0x94d114f00_4801 .array/port v0x94d114f00, 4801;
v0x94d114f00_4802 .array/port v0x94d114f00, 4802;
E_0x94d065880/1200 .event anyedge, v0x94d114f00_4799, v0x94d114f00_4800, v0x94d114f00_4801, v0x94d114f00_4802;
v0x94d114f00_4803 .array/port v0x94d114f00, 4803;
v0x94d114f00_4804 .array/port v0x94d114f00, 4804;
v0x94d114f00_4805 .array/port v0x94d114f00, 4805;
v0x94d114f00_4806 .array/port v0x94d114f00, 4806;
E_0x94d065880/1201 .event anyedge, v0x94d114f00_4803, v0x94d114f00_4804, v0x94d114f00_4805, v0x94d114f00_4806;
v0x94d114f00_4807 .array/port v0x94d114f00, 4807;
v0x94d114f00_4808 .array/port v0x94d114f00, 4808;
v0x94d114f00_4809 .array/port v0x94d114f00, 4809;
v0x94d114f00_4810 .array/port v0x94d114f00, 4810;
E_0x94d065880/1202 .event anyedge, v0x94d114f00_4807, v0x94d114f00_4808, v0x94d114f00_4809, v0x94d114f00_4810;
v0x94d114f00_4811 .array/port v0x94d114f00, 4811;
v0x94d114f00_4812 .array/port v0x94d114f00, 4812;
v0x94d114f00_4813 .array/port v0x94d114f00, 4813;
v0x94d114f00_4814 .array/port v0x94d114f00, 4814;
E_0x94d065880/1203 .event anyedge, v0x94d114f00_4811, v0x94d114f00_4812, v0x94d114f00_4813, v0x94d114f00_4814;
v0x94d114f00_4815 .array/port v0x94d114f00, 4815;
v0x94d114f00_4816 .array/port v0x94d114f00, 4816;
v0x94d114f00_4817 .array/port v0x94d114f00, 4817;
v0x94d114f00_4818 .array/port v0x94d114f00, 4818;
E_0x94d065880/1204 .event anyedge, v0x94d114f00_4815, v0x94d114f00_4816, v0x94d114f00_4817, v0x94d114f00_4818;
v0x94d114f00_4819 .array/port v0x94d114f00, 4819;
v0x94d114f00_4820 .array/port v0x94d114f00, 4820;
v0x94d114f00_4821 .array/port v0x94d114f00, 4821;
v0x94d114f00_4822 .array/port v0x94d114f00, 4822;
E_0x94d065880/1205 .event anyedge, v0x94d114f00_4819, v0x94d114f00_4820, v0x94d114f00_4821, v0x94d114f00_4822;
v0x94d114f00_4823 .array/port v0x94d114f00, 4823;
v0x94d114f00_4824 .array/port v0x94d114f00, 4824;
v0x94d114f00_4825 .array/port v0x94d114f00, 4825;
v0x94d114f00_4826 .array/port v0x94d114f00, 4826;
E_0x94d065880/1206 .event anyedge, v0x94d114f00_4823, v0x94d114f00_4824, v0x94d114f00_4825, v0x94d114f00_4826;
v0x94d114f00_4827 .array/port v0x94d114f00, 4827;
v0x94d114f00_4828 .array/port v0x94d114f00, 4828;
v0x94d114f00_4829 .array/port v0x94d114f00, 4829;
v0x94d114f00_4830 .array/port v0x94d114f00, 4830;
E_0x94d065880/1207 .event anyedge, v0x94d114f00_4827, v0x94d114f00_4828, v0x94d114f00_4829, v0x94d114f00_4830;
v0x94d114f00_4831 .array/port v0x94d114f00, 4831;
v0x94d114f00_4832 .array/port v0x94d114f00, 4832;
v0x94d114f00_4833 .array/port v0x94d114f00, 4833;
v0x94d114f00_4834 .array/port v0x94d114f00, 4834;
E_0x94d065880/1208 .event anyedge, v0x94d114f00_4831, v0x94d114f00_4832, v0x94d114f00_4833, v0x94d114f00_4834;
v0x94d114f00_4835 .array/port v0x94d114f00, 4835;
v0x94d114f00_4836 .array/port v0x94d114f00, 4836;
v0x94d114f00_4837 .array/port v0x94d114f00, 4837;
v0x94d114f00_4838 .array/port v0x94d114f00, 4838;
E_0x94d065880/1209 .event anyedge, v0x94d114f00_4835, v0x94d114f00_4836, v0x94d114f00_4837, v0x94d114f00_4838;
v0x94d114f00_4839 .array/port v0x94d114f00, 4839;
v0x94d114f00_4840 .array/port v0x94d114f00, 4840;
v0x94d114f00_4841 .array/port v0x94d114f00, 4841;
v0x94d114f00_4842 .array/port v0x94d114f00, 4842;
E_0x94d065880/1210 .event anyedge, v0x94d114f00_4839, v0x94d114f00_4840, v0x94d114f00_4841, v0x94d114f00_4842;
v0x94d114f00_4843 .array/port v0x94d114f00, 4843;
v0x94d114f00_4844 .array/port v0x94d114f00, 4844;
v0x94d114f00_4845 .array/port v0x94d114f00, 4845;
v0x94d114f00_4846 .array/port v0x94d114f00, 4846;
E_0x94d065880/1211 .event anyedge, v0x94d114f00_4843, v0x94d114f00_4844, v0x94d114f00_4845, v0x94d114f00_4846;
v0x94d114f00_4847 .array/port v0x94d114f00, 4847;
v0x94d114f00_4848 .array/port v0x94d114f00, 4848;
v0x94d114f00_4849 .array/port v0x94d114f00, 4849;
v0x94d114f00_4850 .array/port v0x94d114f00, 4850;
E_0x94d065880/1212 .event anyedge, v0x94d114f00_4847, v0x94d114f00_4848, v0x94d114f00_4849, v0x94d114f00_4850;
v0x94d114f00_4851 .array/port v0x94d114f00, 4851;
v0x94d114f00_4852 .array/port v0x94d114f00, 4852;
v0x94d114f00_4853 .array/port v0x94d114f00, 4853;
v0x94d114f00_4854 .array/port v0x94d114f00, 4854;
E_0x94d065880/1213 .event anyedge, v0x94d114f00_4851, v0x94d114f00_4852, v0x94d114f00_4853, v0x94d114f00_4854;
v0x94d114f00_4855 .array/port v0x94d114f00, 4855;
v0x94d114f00_4856 .array/port v0x94d114f00, 4856;
v0x94d114f00_4857 .array/port v0x94d114f00, 4857;
v0x94d114f00_4858 .array/port v0x94d114f00, 4858;
E_0x94d065880/1214 .event anyedge, v0x94d114f00_4855, v0x94d114f00_4856, v0x94d114f00_4857, v0x94d114f00_4858;
v0x94d114f00_4859 .array/port v0x94d114f00, 4859;
v0x94d114f00_4860 .array/port v0x94d114f00, 4860;
v0x94d114f00_4861 .array/port v0x94d114f00, 4861;
v0x94d114f00_4862 .array/port v0x94d114f00, 4862;
E_0x94d065880/1215 .event anyedge, v0x94d114f00_4859, v0x94d114f00_4860, v0x94d114f00_4861, v0x94d114f00_4862;
v0x94d114f00_4863 .array/port v0x94d114f00, 4863;
v0x94d114f00_4864 .array/port v0x94d114f00, 4864;
v0x94d114f00_4865 .array/port v0x94d114f00, 4865;
v0x94d114f00_4866 .array/port v0x94d114f00, 4866;
E_0x94d065880/1216 .event anyedge, v0x94d114f00_4863, v0x94d114f00_4864, v0x94d114f00_4865, v0x94d114f00_4866;
v0x94d114f00_4867 .array/port v0x94d114f00, 4867;
v0x94d114f00_4868 .array/port v0x94d114f00, 4868;
v0x94d114f00_4869 .array/port v0x94d114f00, 4869;
v0x94d114f00_4870 .array/port v0x94d114f00, 4870;
E_0x94d065880/1217 .event anyedge, v0x94d114f00_4867, v0x94d114f00_4868, v0x94d114f00_4869, v0x94d114f00_4870;
v0x94d114f00_4871 .array/port v0x94d114f00, 4871;
v0x94d114f00_4872 .array/port v0x94d114f00, 4872;
v0x94d114f00_4873 .array/port v0x94d114f00, 4873;
v0x94d114f00_4874 .array/port v0x94d114f00, 4874;
E_0x94d065880/1218 .event anyedge, v0x94d114f00_4871, v0x94d114f00_4872, v0x94d114f00_4873, v0x94d114f00_4874;
v0x94d114f00_4875 .array/port v0x94d114f00, 4875;
v0x94d114f00_4876 .array/port v0x94d114f00, 4876;
v0x94d114f00_4877 .array/port v0x94d114f00, 4877;
v0x94d114f00_4878 .array/port v0x94d114f00, 4878;
E_0x94d065880/1219 .event anyedge, v0x94d114f00_4875, v0x94d114f00_4876, v0x94d114f00_4877, v0x94d114f00_4878;
v0x94d114f00_4879 .array/port v0x94d114f00, 4879;
v0x94d114f00_4880 .array/port v0x94d114f00, 4880;
v0x94d114f00_4881 .array/port v0x94d114f00, 4881;
v0x94d114f00_4882 .array/port v0x94d114f00, 4882;
E_0x94d065880/1220 .event anyedge, v0x94d114f00_4879, v0x94d114f00_4880, v0x94d114f00_4881, v0x94d114f00_4882;
v0x94d114f00_4883 .array/port v0x94d114f00, 4883;
v0x94d114f00_4884 .array/port v0x94d114f00, 4884;
v0x94d114f00_4885 .array/port v0x94d114f00, 4885;
v0x94d114f00_4886 .array/port v0x94d114f00, 4886;
E_0x94d065880/1221 .event anyedge, v0x94d114f00_4883, v0x94d114f00_4884, v0x94d114f00_4885, v0x94d114f00_4886;
v0x94d114f00_4887 .array/port v0x94d114f00, 4887;
v0x94d114f00_4888 .array/port v0x94d114f00, 4888;
v0x94d114f00_4889 .array/port v0x94d114f00, 4889;
v0x94d114f00_4890 .array/port v0x94d114f00, 4890;
E_0x94d065880/1222 .event anyedge, v0x94d114f00_4887, v0x94d114f00_4888, v0x94d114f00_4889, v0x94d114f00_4890;
v0x94d114f00_4891 .array/port v0x94d114f00, 4891;
v0x94d114f00_4892 .array/port v0x94d114f00, 4892;
v0x94d114f00_4893 .array/port v0x94d114f00, 4893;
v0x94d114f00_4894 .array/port v0x94d114f00, 4894;
E_0x94d065880/1223 .event anyedge, v0x94d114f00_4891, v0x94d114f00_4892, v0x94d114f00_4893, v0x94d114f00_4894;
v0x94d114f00_4895 .array/port v0x94d114f00, 4895;
v0x94d114f00_4896 .array/port v0x94d114f00, 4896;
v0x94d114f00_4897 .array/port v0x94d114f00, 4897;
v0x94d114f00_4898 .array/port v0x94d114f00, 4898;
E_0x94d065880/1224 .event anyedge, v0x94d114f00_4895, v0x94d114f00_4896, v0x94d114f00_4897, v0x94d114f00_4898;
v0x94d114f00_4899 .array/port v0x94d114f00, 4899;
v0x94d114f00_4900 .array/port v0x94d114f00, 4900;
v0x94d114f00_4901 .array/port v0x94d114f00, 4901;
v0x94d114f00_4902 .array/port v0x94d114f00, 4902;
E_0x94d065880/1225 .event anyedge, v0x94d114f00_4899, v0x94d114f00_4900, v0x94d114f00_4901, v0x94d114f00_4902;
v0x94d114f00_4903 .array/port v0x94d114f00, 4903;
v0x94d114f00_4904 .array/port v0x94d114f00, 4904;
v0x94d114f00_4905 .array/port v0x94d114f00, 4905;
v0x94d114f00_4906 .array/port v0x94d114f00, 4906;
E_0x94d065880/1226 .event anyedge, v0x94d114f00_4903, v0x94d114f00_4904, v0x94d114f00_4905, v0x94d114f00_4906;
v0x94d114f00_4907 .array/port v0x94d114f00, 4907;
v0x94d114f00_4908 .array/port v0x94d114f00, 4908;
v0x94d114f00_4909 .array/port v0x94d114f00, 4909;
v0x94d114f00_4910 .array/port v0x94d114f00, 4910;
E_0x94d065880/1227 .event anyedge, v0x94d114f00_4907, v0x94d114f00_4908, v0x94d114f00_4909, v0x94d114f00_4910;
v0x94d114f00_4911 .array/port v0x94d114f00, 4911;
v0x94d114f00_4912 .array/port v0x94d114f00, 4912;
v0x94d114f00_4913 .array/port v0x94d114f00, 4913;
v0x94d114f00_4914 .array/port v0x94d114f00, 4914;
E_0x94d065880/1228 .event anyedge, v0x94d114f00_4911, v0x94d114f00_4912, v0x94d114f00_4913, v0x94d114f00_4914;
v0x94d114f00_4915 .array/port v0x94d114f00, 4915;
v0x94d114f00_4916 .array/port v0x94d114f00, 4916;
v0x94d114f00_4917 .array/port v0x94d114f00, 4917;
v0x94d114f00_4918 .array/port v0x94d114f00, 4918;
E_0x94d065880/1229 .event anyedge, v0x94d114f00_4915, v0x94d114f00_4916, v0x94d114f00_4917, v0x94d114f00_4918;
v0x94d114f00_4919 .array/port v0x94d114f00, 4919;
v0x94d114f00_4920 .array/port v0x94d114f00, 4920;
v0x94d114f00_4921 .array/port v0x94d114f00, 4921;
v0x94d114f00_4922 .array/port v0x94d114f00, 4922;
E_0x94d065880/1230 .event anyedge, v0x94d114f00_4919, v0x94d114f00_4920, v0x94d114f00_4921, v0x94d114f00_4922;
v0x94d114f00_4923 .array/port v0x94d114f00, 4923;
v0x94d114f00_4924 .array/port v0x94d114f00, 4924;
v0x94d114f00_4925 .array/port v0x94d114f00, 4925;
v0x94d114f00_4926 .array/port v0x94d114f00, 4926;
E_0x94d065880/1231 .event anyedge, v0x94d114f00_4923, v0x94d114f00_4924, v0x94d114f00_4925, v0x94d114f00_4926;
v0x94d114f00_4927 .array/port v0x94d114f00, 4927;
v0x94d114f00_4928 .array/port v0x94d114f00, 4928;
v0x94d114f00_4929 .array/port v0x94d114f00, 4929;
v0x94d114f00_4930 .array/port v0x94d114f00, 4930;
E_0x94d065880/1232 .event anyedge, v0x94d114f00_4927, v0x94d114f00_4928, v0x94d114f00_4929, v0x94d114f00_4930;
v0x94d114f00_4931 .array/port v0x94d114f00, 4931;
v0x94d114f00_4932 .array/port v0x94d114f00, 4932;
v0x94d114f00_4933 .array/port v0x94d114f00, 4933;
v0x94d114f00_4934 .array/port v0x94d114f00, 4934;
E_0x94d065880/1233 .event anyedge, v0x94d114f00_4931, v0x94d114f00_4932, v0x94d114f00_4933, v0x94d114f00_4934;
v0x94d114f00_4935 .array/port v0x94d114f00, 4935;
v0x94d114f00_4936 .array/port v0x94d114f00, 4936;
v0x94d114f00_4937 .array/port v0x94d114f00, 4937;
v0x94d114f00_4938 .array/port v0x94d114f00, 4938;
E_0x94d065880/1234 .event anyedge, v0x94d114f00_4935, v0x94d114f00_4936, v0x94d114f00_4937, v0x94d114f00_4938;
v0x94d114f00_4939 .array/port v0x94d114f00, 4939;
v0x94d114f00_4940 .array/port v0x94d114f00, 4940;
v0x94d114f00_4941 .array/port v0x94d114f00, 4941;
v0x94d114f00_4942 .array/port v0x94d114f00, 4942;
E_0x94d065880/1235 .event anyedge, v0x94d114f00_4939, v0x94d114f00_4940, v0x94d114f00_4941, v0x94d114f00_4942;
v0x94d114f00_4943 .array/port v0x94d114f00, 4943;
v0x94d114f00_4944 .array/port v0x94d114f00, 4944;
v0x94d114f00_4945 .array/port v0x94d114f00, 4945;
v0x94d114f00_4946 .array/port v0x94d114f00, 4946;
E_0x94d065880/1236 .event anyedge, v0x94d114f00_4943, v0x94d114f00_4944, v0x94d114f00_4945, v0x94d114f00_4946;
v0x94d114f00_4947 .array/port v0x94d114f00, 4947;
v0x94d114f00_4948 .array/port v0x94d114f00, 4948;
v0x94d114f00_4949 .array/port v0x94d114f00, 4949;
v0x94d114f00_4950 .array/port v0x94d114f00, 4950;
E_0x94d065880/1237 .event anyedge, v0x94d114f00_4947, v0x94d114f00_4948, v0x94d114f00_4949, v0x94d114f00_4950;
v0x94d114f00_4951 .array/port v0x94d114f00, 4951;
v0x94d114f00_4952 .array/port v0x94d114f00, 4952;
v0x94d114f00_4953 .array/port v0x94d114f00, 4953;
v0x94d114f00_4954 .array/port v0x94d114f00, 4954;
E_0x94d065880/1238 .event anyedge, v0x94d114f00_4951, v0x94d114f00_4952, v0x94d114f00_4953, v0x94d114f00_4954;
v0x94d114f00_4955 .array/port v0x94d114f00, 4955;
v0x94d114f00_4956 .array/port v0x94d114f00, 4956;
v0x94d114f00_4957 .array/port v0x94d114f00, 4957;
v0x94d114f00_4958 .array/port v0x94d114f00, 4958;
E_0x94d065880/1239 .event anyedge, v0x94d114f00_4955, v0x94d114f00_4956, v0x94d114f00_4957, v0x94d114f00_4958;
v0x94d114f00_4959 .array/port v0x94d114f00, 4959;
v0x94d114f00_4960 .array/port v0x94d114f00, 4960;
v0x94d114f00_4961 .array/port v0x94d114f00, 4961;
v0x94d114f00_4962 .array/port v0x94d114f00, 4962;
E_0x94d065880/1240 .event anyedge, v0x94d114f00_4959, v0x94d114f00_4960, v0x94d114f00_4961, v0x94d114f00_4962;
v0x94d114f00_4963 .array/port v0x94d114f00, 4963;
v0x94d114f00_4964 .array/port v0x94d114f00, 4964;
v0x94d114f00_4965 .array/port v0x94d114f00, 4965;
v0x94d114f00_4966 .array/port v0x94d114f00, 4966;
E_0x94d065880/1241 .event anyedge, v0x94d114f00_4963, v0x94d114f00_4964, v0x94d114f00_4965, v0x94d114f00_4966;
v0x94d114f00_4967 .array/port v0x94d114f00, 4967;
v0x94d114f00_4968 .array/port v0x94d114f00, 4968;
v0x94d114f00_4969 .array/port v0x94d114f00, 4969;
v0x94d114f00_4970 .array/port v0x94d114f00, 4970;
E_0x94d065880/1242 .event anyedge, v0x94d114f00_4967, v0x94d114f00_4968, v0x94d114f00_4969, v0x94d114f00_4970;
v0x94d114f00_4971 .array/port v0x94d114f00, 4971;
v0x94d114f00_4972 .array/port v0x94d114f00, 4972;
v0x94d114f00_4973 .array/port v0x94d114f00, 4973;
v0x94d114f00_4974 .array/port v0x94d114f00, 4974;
E_0x94d065880/1243 .event anyedge, v0x94d114f00_4971, v0x94d114f00_4972, v0x94d114f00_4973, v0x94d114f00_4974;
v0x94d114f00_4975 .array/port v0x94d114f00, 4975;
v0x94d114f00_4976 .array/port v0x94d114f00, 4976;
v0x94d114f00_4977 .array/port v0x94d114f00, 4977;
v0x94d114f00_4978 .array/port v0x94d114f00, 4978;
E_0x94d065880/1244 .event anyedge, v0x94d114f00_4975, v0x94d114f00_4976, v0x94d114f00_4977, v0x94d114f00_4978;
v0x94d114f00_4979 .array/port v0x94d114f00, 4979;
v0x94d114f00_4980 .array/port v0x94d114f00, 4980;
v0x94d114f00_4981 .array/port v0x94d114f00, 4981;
v0x94d114f00_4982 .array/port v0x94d114f00, 4982;
E_0x94d065880/1245 .event anyedge, v0x94d114f00_4979, v0x94d114f00_4980, v0x94d114f00_4981, v0x94d114f00_4982;
v0x94d114f00_4983 .array/port v0x94d114f00, 4983;
v0x94d114f00_4984 .array/port v0x94d114f00, 4984;
v0x94d114f00_4985 .array/port v0x94d114f00, 4985;
v0x94d114f00_4986 .array/port v0x94d114f00, 4986;
E_0x94d065880/1246 .event anyedge, v0x94d114f00_4983, v0x94d114f00_4984, v0x94d114f00_4985, v0x94d114f00_4986;
v0x94d114f00_4987 .array/port v0x94d114f00, 4987;
v0x94d114f00_4988 .array/port v0x94d114f00, 4988;
v0x94d114f00_4989 .array/port v0x94d114f00, 4989;
v0x94d114f00_4990 .array/port v0x94d114f00, 4990;
E_0x94d065880/1247 .event anyedge, v0x94d114f00_4987, v0x94d114f00_4988, v0x94d114f00_4989, v0x94d114f00_4990;
v0x94d114f00_4991 .array/port v0x94d114f00, 4991;
v0x94d114f00_4992 .array/port v0x94d114f00, 4992;
v0x94d114f00_4993 .array/port v0x94d114f00, 4993;
v0x94d114f00_4994 .array/port v0x94d114f00, 4994;
E_0x94d065880/1248 .event anyedge, v0x94d114f00_4991, v0x94d114f00_4992, v0x94d114f00_4993, v0x94d114f00_4994;
v0x94d114f00_4995 .array/port v0x94d114f00, 4995;
v0x94d114f00_4996 .array/port v0x94d114f00, 4996;
v0x94d114f00_4997 .array/port v0x94d114f00, 4997;
v0x94d114f00_4998 .array/port v0x94d114f00, 4998;
E_0x94d065880/1249 .event anyedge, v0x94d114f00_4995, v0x94d114f00_4996, v0x94d114f00_4997, v0x94d114f00_4998;
v0x94d114f00_4999 .array/port v0x94d114f00, 4999;
v0x94d114f00_5000 .array/port v0x94d114f00, 5000;
v0x94d114f00_5001 .array/port v0x94d114f00, 5001;
v0x94d114f00_5002 .array/port v0x94d114f00, 5002;
E_0x94d065880/1250 .event anyedge, v0x94d114f00_4999, v0x94d114f00_5000, v0x94d114f00_5001, v0x94d114f00_5002;
v0x94d114f00_5003 .array/port v0x94d114f00, 5003;
v0x94d114f00_5004 .array/port v0x94d114f00, 5004;
v0x94d114f00_5005 .array/port v0x94d114f00, 5005;
v0x94d114f00_5006 .array/port v0x94d114f00, 5006;
E_0x94d065880/1251 .event anyedge, v0x94d114f00_5003, v0x94d114f00_5004, v0x94d114f00_5005, v0x94d114f00_5006;
v0x94d114f00_5007 .array/port v0x94d114f00, 5007;
v0x94d114f00_5008 .array/port v0x94d114f00, 5008;
v0x94d114f00_5009 .array/port v0x94d114f00, 5009;
v0x94d114f00_5010 .array/port v0x94d114f00, 5010;
E_0x94d065880/1252 .event anyedge, v0x94d114f00_5007, v0x94d114f00_5008, v0x94d114f00_5009, v0x94d114f00_5010;
v0x94d114f00_5011 .array/port v0x94d114f00, 5011;
v0x94d114f00_5012 .array/port v0x94d114f00, 5012;
v0x94d114f00_5013 .array/port v0x94d114f00, 5013;
v0x94d114f00_5014 .array/port v0x94d114f00, 5014;
E_0x94d065880/1253 .event anyedge, v0x94d114f00_5011, v0x94d114f00_5012, v0x94d114f00_5013, v0x94d114f00_5014;
v0x94d114f00_5015 .array/port v0x94d114f00, 5015;
v0x94d114f00_5016 .array/port v0x94d114f00, 5016;
v0x94d114f00_5017 .array/port v0x94d114f00, 5017;
v0x94d114f00_5018 .array/port v0x94d114f00, 5018;
E_0x94d065880/1254 .event anyedge, v0x94d114f00_5015, v0x94d114f00_5016, v0x94d114f00_5017, v0x94d114f00_5018;
v0x94d114f00_5019 .array/port v0x94d114f00, 5019;
v0x94d114f00_5020 .array/port v0x94d114f00, 5020;
v0x94d114f00_5021 .array/port v0x94d114f00, 5021;
v0x94d114f00_5022 .array/port v0x94d114f00, 5022;
E_0x94d065880/1255 .event anyedge, v0x94d114f00_5019, v0x94d114f00_5020, v0x94d114f00_5021, v0x94d114f00_5022;
v0x94d114f00_5023 .array/port v0x94d114f00, 5023;
v0x94d114f00_5024 .array/port v0x94d114f00, 5024;
v0x94d114f00_5025 .array/port v0x94d114f00, 5025;
v0x94d114f00_5026 .array/port v0x94d114f00, 5026;
E_0x94d065880/1256 .event anyedge, v0x94d114f00_5023, v0x94d114f00_5024, v0x94d114f00_5025, v0x94d114f00_5026;
v0x94d114f00_5027 .array/port v0x94d114f00, 5027;
v0x94d114f00_5028 .array/port v0x94d114f00, 5028;
v0x94d114f00_5029 .array/port v0x94d114f00, 5029;
v0x94d114f00_5030 .array/port v0x94d114f00, 5030;
E_0x94d065880/1257 .event anyedge, v0x94d114f00_5027, v0x94d114f00_5028, v0x94d114f00_5029, v0x94d114f00_5030;
v0x94d114f00_5031 .array/port v0x94d114f00, 5031;
v0x94d114f00_5032 .array/port v0x94d114f00, 5032;
v0x94d114f00_5033 .array/port v0x94d114f00, 5033;
v0x94d114f00_5034 .array/port v0x94d114f00, 5034;
E_0x94d065880/1258 .event anyedge, v0x94d114f00_5031, v0x94d114f00_5032, v0x94d114f00_5033, v0x94d114f00_5034;
v0x94d114f00_5035 .array/port v0x94d114f00, 5035;
v0x94d114f00_5036 .array/port v0x94d114f00, 5036;
v0x94d114f00_5037 .array/port v0x94d114f00, 5037;
v0x94d114f00_5038 .array/port v0x94d114f00, 5038;
E_0x94d065880/1259 .event anyedge, v0x94d114f00_5035, v0x94d114f00_5036, v0x94d114f00_5037, v0x94d114f00_5038;
v0x94d114f00_5039 .array/port v0x94d114f00, 5039;
v0x94d114f00_5040 .array/port v0x94d114f00, 5040;
v0x94d114f00_5041 .array/port v0x94d114f00, 5041;
v0x94d114f00_5042 .array/port v0x94d114f00, 5042;
E_0x94d065880/1260 .event anyedge, v0x94d114f00_5039, v0x94d114f00_5040, v0x94d114f00_5041, v0x94d114f00_5042;
v0x94d114f00_5043 .array/port v0x94d114f00, 5043;
v0x94d114f00_5044 .array/port v0x94d114f00, 5044;
v0x94d114f00_5045 .array/port v0x94d114f00, 5045;
v0x94d114f00_5046 .array/port v0x94d114f00, 5046;
E_0x94d065880/1261 .event anyedge, v0x94d114f00_5043, v0x94d114f00_5044, v0x94d114f00_5045, v0x94d114f00_5046;
v0x94d114f00_5047 .array/port v0x94d114f00, 5047;
v0x94d114f00_5048 .array/port v0x94d114f00, 5048;
v0x94d114f00_5049 .array/port v0x94d114f00, 5049;
v0x94d114f00_5050 .array/port v0x94d114f00, 5050;
E_0x94d065880/1262 .event anyedge, v0x94d114f00_5047, v0x94d114f00_5048, v0x94d114f00_5049, v0x94d114f00_5050;
v0x94d114f00_5051 .array/port v0x94d114f00, 5051;
v0x94d114f00_5052 .array/port v0x94d114f00, 5052;
v0x94d114f00_5053 .array/port v0x94d114f00, 5053;
v0x94d114f00_5054 .array/port v0x94d114f00, 5054;
E_0x94d065880/1263 .event anyedge, v0x94d114f00_5051, v0x94d114f00_5052, v0x94d114f00_5053, v0x94d114f00_5054;
v0x94d114f00_5055 .array/port v0x94d114f00, 5055;
v0x94d114f00_5056 .array/port v0x94d114f00, 5056;
v0x94d114f00_5057 .array/port v0x94d114f00, 5057;
v0x94d114f00_5058 .array/port v0x94d114f00, 5058;
E_0x94d065880/1264 .event anyedge, v0x94d114f00_5055, v0x94d114f00_5056, v0x94d114f00_5057, v0x94d114f00_5058;
v0x94d114f00_5059 .array/port v0x94d114f00, 5059;
v0x94d114f00_5060 .array/port v0x94d114f00, 5060;
v0x94d114f00_5061 .array/port v0x94d114f00, 5061;
v0x94d114f00_5062 .array/port v0x94d114f00, 5062;
E_0x94d065880/1265 .event anyedge, v0x94d114f00_5059, v0x94d114f00_5060, v0x94d114f00_5061, v0x94d114f00_5062;
v0x94d114f00_5063 .array/port v0x94d114f00, 5063;
v0x94d114f00_5064 .array/port v0x94d114f00, 5064;
v0x94d114f00_5065 .array/port v0x94d114f00, 5065;
v0x94d114f00_5066 .array/port v0x94d114f00, 5066;
E_0x94d065880/1266 .event anyedge, v0x94d114f00_5063, v0x94d114f00_5064, v0x94d114f00_5065, v0x94d114f00_5066;
v0x94d114f00_5067 .array/port v0x94d114f00, 5067;
v0x94d114f00_5068 .array/port v0x94d114f00, 5068;
v0x94d114f00_5069 .array/port v0x94d114f00, 5069;
v0x94d114f00_5070 .array/port v0x94d114f00, 5070;
E_0x94d065880/1267 .event anyedge, v0x94d114f00_5067, v0x94d114f00_5068, v0x94d114f00_5069, v0x94d114f00_5070;
v0x94d114f00_5071 .array/port v0x94d114f00, 5071;
v0x94d114f00_5072 .array/port v0x94d114f00, 5072;
v0x94d114f00_5073 .array/port v0x94d114f00, 5073;
v0x94d114f00_5074 .array/port v0x94d114f00, 5074;
E_0x94d065880/1268 .event anyedge, v0x94d114f00_5071, v0x94d114f00_5072, v0x94d114f00_5073, v0x94d114f00_5074;
v0x94d114f00_5075 .array/port v0x94d114f00, 5075;
v0x94d114f00_5076 .array/port v0x94d114f00, 5076;
v0x94d114f00_5077 .array/port v0x94d114f00, 5077;
v0x94d114f00_5078 .array/port v0x94d114f00, 5078;
E_0x94d065880/1269 .event anyedge, v0x94d114f00_5075, v0x94d114f00_5076, v0x94d114f00_5077, v0x94d114f00_5078;
v0x94d114f00_5079 .array/port v0x94d114f00, 5079;
v0x94d114f00_5080 .array/port v0x94d114f00, 5080;
v0x94d114f00_5081 .array/port v0x94d114f00, 5081;
v0x94d114f00_5082 .array/port v0x94d114f00, 5082;
E_0x94d065880/1270 .event anyedge, v0x94d114f00_5079, v0x94d114f00_5080, v0x94d114f00_5081, v0x94d114f00_5082;
v0x94d114f00_5083 .array/port v0x94d114f00, 5083;
v0x94d114f00_5084 .array/port v0x94d114f00, 5084;
v0x94d114f00_5085 .array/port v0x94d114f00, 5085;
v0x94d114f00_5086 .array/port v0x94d114f00, 5086;
E_0x94d065880/1271 .event anyedge, v0x94d114f00_5083, v0x94d114f00_5084, v0x94d114f00_5085, v0x94d114f00_5086;
v0x94d114f00_5087 .array/port v0x94d114f00, 5087;
v0x94d114f00_5088 .array/port v0x94d114f00, 5088;
v0x94d114f00_5089 .array/port v0x94d114f00, 5089;
v0x94d114f00_5090 .array/port v0x94d114f00, 5090;
E_0x94d065880/1272 .event anyedge, v0x94d114f00_5087, v0x94d114f00_5088, v0x94d114f00_5089, v0x94d114f00_5090;
v0x94d114f00_5091 .array/port v0x94d114f00, 5091;
v0x94d114f00_5092 .array/port v0x94d114f00, 5092;
v0x94d114f00_5093 .array/port v0x94d114f00, 5093;
v0x94d114f00_5094 .array/port v0x94d114f00, 5094;
E_0x94d065880/1273 .event anyedge, v0x94d114f00_5091, v0x94d114f00_5092, v0x94d114f00_5093, v0x94d114f00_5094;
v0x94d114f00_5095 .array/port v0x94d114f00, 5095;
v0x94d114f00_5096 .array/port v0x94d114f00, 5096;
v0x94d114f00_5097 .array/port v0x94d114f00, 5097;
v0x94d114f00_5098 .array/port v0x94d114f00, 5098;
E_0x94d065880/1274 .event anyedge, v0x94d114f00_5095, v0x94d114f00_5096, v0x94d114f00_5097, v0x94d114f00_5098;
v0x94d114f00_5099 .array/port v0x94d114f00, 5099;
v0x94d114f00_5100 .array/port v0x94d114f00, 5100;
v0x94d114f00_5101 .array/port v0x94d114f00, 5101;
v0x94d114f00_5102 .array/port v0x94d114f00, 5102;
E_0x94d065880/1275 .event anyedge, v0x94d114f00_5099, v0x94d114f00_5100, v0x94d114f00_5101, v0x94d114f00_5102;
v0x94d114f00_5103 .array/port v0x94d114f00, 5103;
v0x94d114f00_5104 .array/port v0x94d114f00, 5104;
v0x94d114f00_5105 .array/port v0x94d114f00, 5105;
v0x94d114f00_5106 .array/port v0x94d114f00, 5106;
E_0x94d065880/1276 .event anyedge, v0x94d114f00_5103, v0x94d114f00_5104, v0x94d114f00_5105, v0x94d114f00_5106;
v0x94d114f00_5107 .array/port v0x94d114f00, 5107;
v0x94d114f00_5108 .array/port v0x94d114f00, 5108;
v0x94d114f00_5109 .array/port v0x94d114f00, 5109;
v0x94d114f00_5110 .array/port v0x94d114f00, 5110;
E_0x94d065880/1277 .event anyedge, v0x94d114f00_5107, v0x94d114f00_5108, v0x94d114f00_5109, v0x94d114f00_5110;
v0x94d114f00_5111 .array/port v0x94d114f00, 5111;
v0x94d114f00_5112 .array/port v0x94d114f00, 5112;
v0x94d114f00_5113 .array/port v0x94d114f00, 5113;
v0x94d114f00_5114 .array/port v0x94d114f00, 5114;
E_0x94d065880/1278 .event anyedge, v0x94d114f00_5111, v0x94d114f00_5112, v0x94d114f00_5113, v0x94d114f00_5114;
v0x94d114f00_5115 .array/port v0x94d114f00, 5115;
v0x94d114f00_5116 .array/port v0x94d114f00, 5116;
v0x94d114f00_5117 .array/port v0x94d114f00, 5117;
v0x94d114f00_5118 .array/port v0x94d114f00, 5118;
E_0x94d065880/1279 .event anyedge, v0x94d114f00_5115, v0x94d114f00_5116, v0x94d114f00_5117, v0x94d114f00_5118;
v0x94d114f00_5119 .array/port v0x94d114f00, 5119;
v0x94d114f00_5120 .array/port v0x94d114f00, 5120;
v0x94d114f00_5121 .array/port v0x94d114f00, 5121;
v0x94d114f00_5122 .array/port v0x94d114f00, 5122;
E_0x94d065880/1280 .event anyedge, v0x94d114f00_5119, v0x94d114f00_5120, v0x94d114f00_5121, v0x94d114f00_5122;
v0x94d114f00_5123 .array/port v0x94d114f00, 5123;
v0x94d114f00_5124 .array/port v0x94d114f00, 5124;
v0x94d114f00_5125 .array/port v0x94d114f00, 5125;
v0x94d114f00_5126 .array/port v0x94d114f00, 5126;
E_0x94d065880/1281 .event anyedge, v0x94d114f00_5123, v0x94d114f00_5124, v0x94d114f00_5125, v0x94d114f00_5126;
v0x94d114f00_5127 .array/port v0x94d114f00, 5127;
v0x94d114f00_5128 .array/port v0x94d114f00, 5128;
v0x94d114f00_5129 .array/port v0x94d114f00, 5129;
v0x94d114f00_5130 .array/port v0x94d114f00, 5130;
E_0x94d065880/1282 .event anyedge, v0x94d114f00_5127, v0x94d114f00_5128, v0x94d114f00_5129, v0x94d114f00_5130;
v0x94d114f00_5131 .array/port v0x94d114f00, 5131;
v0x94d114f00_5132 .array/port v0x94d114f00, 5132;
v0x94d114f00_5133 .array/port v0x94d114f00, 5133;
v0x94d114f00_5134 .array/port v0x94d114f00, 5134;
E_0x94d065880/1283 .event anyedge, v0x94d114f00_5131, v0x94d114f00_5132, v0x94d114f00_5133, v0x94d114f00_5134;
v0x94d114f00_5135 .array/port v0x94d114f00, 5135;
v0x94d114f00_5136 .array/port v0x94d114f00, 5136;
v0x94d114f00_5137 .array/port v0x94d114f00, 5137;
v0x94d114f00_5138 .array/port v0x94d114f00, 5138;
E_0x94d065880/1284 .event anyedge, v0x94d114f00_5135, v0x94d114f00_5136, v0x94d114f00_5137, v0x94d114f00_5138;
v0x94d114f00_5139 .array/port v0x94d114f00, 5139;
v0x94d114f00_5140 .array/port v0x94d114f00, 5140;
v0x94d114f00_5141 .array/port v0x94d114f00, 5141;
v0x94d114f00_5142 .array/port v0x94d114f00, 5142;
E_0x94d065880/1285 .event anyedge, v0x94d114f00_5139, v0x94d114f00_5140, v0x94d114f00_5141, v0x94d114f00_5142;
v0x94d114f00_5143 .array/port v0x94d114f00, 5143;
v0x94d114f00_5144 .array/port v0x94d114f00, 5144;
v0x94d114f00_5145 .array/port v0x94d114f00, 5145;
v0x94d114f00_5146 .array/port v0x94d114f00, 5146;
E_0x94d065880/1286 .event anyedge, v0x94d114f00_5143, v0x94d114f00_5144, v0x94d114f00_5145, v0x94d114f00_5146;
v0x94d114f00_5147 .array/port v0x94d114f00, 5147;
v0x94d114f00_5148 .array/port v0x94d114f00, 5148;
v0x94d114f00_5149 .array/port v0x94d114f00, 5149;
v0x94d114f00_5150 .array/port v0x94d114f00, 5150;
E_0x94d065880/1287 .event anyedge, v0x94d114f00_5147, v0x94d114f00_5148, v0x94d114f00_5149, v0x94d114f00_5150;
v0x94d114f00_5151 .array/port v0x94d114f00, 5151;
v0x94d114f00_5152 .array/port v0x94d114f00, 5152;
v0x94d114f00_5153 .array/port v0x94d114f00, 5153;
v0x94d114f00_5154 .array/port v0x94d114f00, 5154;
E_0x94d065880/1288 .event anyedge, v0x94d114f00_5151, v0x94d114f00_5152, v0x94d114f00_5153, v0x94d114f00_5154;
v0x94d114f00_5155 .array/port v0x94d114f00, 5155;
v0x94d114f00_5156 .array/port v0x94d114f00, 5156;
v0x94d114f00_5157 .array/port v0x94d114f00, 5157;
v0x94d114f00_5158 .array/port v0x94d114f00, 5158;
E_0x94d065880/1289 .event anyedge, v0x94d114f00_5155, v0x94d114f00_5156, v0x94d114f00_5157, v0x94d114f00_5158;
v0x94d114f00_5159 .array/port v0x94d114f00, 5159;
v0x94d114f00_5160 .array/port v0x94d114f00, 5160;
v0x94d114f00_5161 .array/port v0x94d114f00, 5161;
v0x94d114f00_5162 .array/port v0x94d114f00, 5162;
E_0x94d065880/1290 .event anyedge, v0x94d114f00_5159, v0x94d114f00_5160, v0x94d114f00_5161, v0x94d114f00_5162;
v0x94d114f00_5163 .array/port v0x94d114f00, 5163;
v0x94d114f00_5164 .array/port v0x94d114f00, 5164;
v0x94d114f00_5165 .array/port v0x94d114f00, 5165;
v0x94d114f00_5166 .array/port v0x94d114f00, 5166;
E_0x94d065880/1291 .event anyedge, v0x94d114f00_5163, v0x94d114f00_5164, v0x94d114f00_5165, v0x94d114f00_5166;
v0x94d114f00_5167 .array/port v0x94d114f00, 5167;
v0x94d114f00_5168 .array/port v0x94d114f00, 5168;
v0x94d114f00_5169 .array/port v0x94d114f00, 5169;
v0x94d114f00_5170 .array/port v0x94d114f00, 5170;
E_0x94d065880/1292 .event anyedge, v0x94d114f00_5167, v0x94d114f00_5168, v0x94d114f00_5169, v0x94d114f00_5170;
v0x94d114f00_5171 .array/port v0x94d114f00, 5171;
v0x94d114f00_5172 .array/port v0x94d114f00, 5172;
v0x94d114f00_5173 .array/port v0x94d114f00, 5173;
v0x94d114f00_5174 .array/port v0x94d114f00, 5174;
E_0x94d065880/1293 .event anyedge, v0x94d114f00_5171, v0x94d114f00_5172, v0x94d114f00_5173, v0x94d114f00_5174;
v0x94d114f00_5175 .array/port v0x94d114f00, 5175;
v0x94d114f00_5176 .array/port v0x94d114f00, 5176;
v0x94d114f00_5177 .array/port v0x94d114f00, 5177;
v0x94d114f00_5178 .array/port v0x94d114f00, 5178;
E_0x94d065880/1294 .event anyedge, v0x94d114f00_5175, v0x94d114f00_5176, v0x94d114f00_5177, v0x94d114f00_5178;
v0x94d114f00_5179 .array/port v0x94d114f00, 5179;
v0x94d114f00_5180 .array/port v0x94d114f00, 5180;
v0x94d114f00_5181 .array/port v0x94d114f00, 5181;
v0x94d114f00_5182 .array/port v0x94d114f00, 5182;
E_0x94d065880/1295 .event anyedge, v0x94d114f00_5179, v0x94d114f00_5180, v0x94d114f00_5181, v0x94d114f00_5182;
v0x94d114f00_5183 .array/port v0x94d114f00, 5183;
v0x94d114f00_5184 .array/port v0x94d114f00, 5184;
v0x94d114f00_5185 .array/port v0x94d114f00, 5185;
v0x94d114f00_5186 .array/port v0x94d114f00, 5186;
E_0x94d065880/1296 .event anyedge, v0x94d114f00_5183, v0x94d114f00_5184, v0x94d114f00_5185, v0x94d114f00_5186;
v0x94d114f00_5187 .array/port v0x94d114f00, 5187;
v0x94d114f00_5188 .array/port v0x94d114f00, 5188;
v0x94d114f00_5189 .array/port v0x94d114f00, 5189;
v0x94d114f00_5190 .array/port v0x94d114f00, 5190;
E_0x94d065880/1297 .event anyedge, v0x94d114f00_5187, v0x94d114f00_5188, v0x94d114f00_5189, v0x94d114f00_5190;
v0x94d114f00_5191 .array/port v0x94d114f00, 5191;
v0x94d114f00_5192 .array/port v0x94d114f00, 5192;
v0x94d114f00_5193 .array/port v0x94d114f00, 5193;
v0x94d114f00_5194 .array/port v0x94d114f00, 5194;
E_0x94d065880/1298 .event anyedge, v0x94d114f00_5191, v0x94d114f00_5192, v0x94d114f00_5193, v0x94d114f00_5194;
v0x94d114f00_5195 .array/port v0x94d114f00, 5195;
v0x94d114f00_5196 .array/port v0x94d114f00, 5196;
v0x94d114f00_5197 .array/port v0x94d114f00, 5197;
v0x94d114f00_5198 .array/port v0x94d114f00, 5198;
E_0x94d065880/1299 .event anyedge, v0x94d114f00_5195, v0x94d114f00_5196, v0x94d114f00_5197, v0x94d114f00_5198;
v0x94d114f00_5199 .array/port v0x94d114f00, 5199;
v0x94d114f00_5200 .array/port v0x94d114f00, 5200;
v0x94d114f00_5201 .array/port v0x94d114f00, 5201;
v0x94d114f00_5202 .array/port v0x94d114f00, 5202;
E_0x94d065880/1300 .event anyedge, v0x94d114f00_5199, v0x94d114f00_5200, v0x94d114f00_5201, v0x94d114f00_5202;
v0x94d114f00_5203 .array/port v0x94d114f00, 5203;
v0x94d114f00_5204 .array/port v0x94d114f00, 5204;
v0x94d114f00_5205 .array/port v0x94d114f00, 5205;
v0x94d114f00_5206 .array/port v0x94d114f00, 5206;
E_0x94d065880/1301 .event anyedge, v0x94d114f00_5203, v0x94d114f00_5204, v0x94d114f00_5205, v0x94d114f00_5206;
v0x94d114f00_5207 .array/port v0x94d114f00, 5207;
v0x94d114f00_5208 .array/port v0x94d114f00, 5208;
v0x94d114f00_5209 .array/port v0x94d114f00, 5209;
v0x94d114f00_5210 .array/port v0x94d114f00, 5210;
E_0x94d065880/1302 .event anyedge, v0x94d114f00_5207, v0x94d114f00_5208, v0x94d114f00_5209, v0x94d114f00_5210;
v0x94d114f00_5211 .array/port v0x94d114f00, 5211;
v0x94d114f00_5212 .array/port v0x94d114f00, 5212;
v0x94d114f00_5213 .array/port v0x94d114f00, 5213;
v0x94d114f00_5214 .array/port v0x94d114f00, 5214;
E_0x94d065880/1303 .event anyedge, v0x94d114f00_5211, v0x94d114f00_5212, v0x94d114f00_5213, v0x94d114f00_5214;
v0x94d114f00_5215 .array/port v0x94d114f00, 5215;
v0x94d114f00_5216 .array/port v0x94d114f00, 5216;
v0x94d114f00_5217 .array/port v0x94d114f00, 5217;
v0x94d114f00_5218 .array/port v0x94d114f00, 5218;
E_0x94d065880/1304 .event anyedge, v0x94d114f00_5215, v0x94d114f00_5216, v0x94d114f00_5217, v0x94d114f00_5218;
v0x94d114f00_5219 .array/port v0x94d114f00, 5219;
v0x94d114f00_5220 .array/port v0x94d114f00, 5220;
v0x94d114f00_5221 .array/port v0x94d114f00, 5221;
v0x94d114f00_5222 .array/port v0x94d114f00, 5222;
E_0x94d065880/1305 .event anyedge, v0x94d114f00_5219, v0x94d114f00_5220, v0x94d114f00_5221, v0x94d114f00_5222;
v0x94d114f00_5223 .array/port v0x94d114f00, 5223;
v0x94d114f00_5224 .array/port v0x94d114f00, 5224;
v0x94d114f00_5225 .array/port v0x94d114f00, 5225;
v0x94d114f00_5226 .array/port v0x94d114f00, 5226;
E_0x94d065880/1306 .event anyedge, v0x94d114f00_5223, v0x94d114f00_5224, v0x94d114f00_5225, v0x94d114f00_5226;
v0x94d114f00_5227 .array/port v0x94d114f00, 5227;
v0x94d114f00_5228 .array/port v0x94d114f00, 5228;
v0x94d114f00_5229 .array/port v0x94d114f00, 5229;
v0x94d114f00_5230 .array/port v0x94d114f00, 5230;
E_0x94d065880/1307 .event anyedge, v0x94d114f00_5227, v0x94d114f00_5228, v0x94d114f00_5229, v0x94d114f00_5230;
v0x94d114f00_5231 .array/port v0x94d114f00, 5231;
v0x94d114f00_5232 .array/port v0x94d114f00, 5232;
v0x94d114f00_5233 .array/port v0x94d114f00, 5233;
v0x94d114f00_5234 .array/port v0x94d114f00, 5234;
E_0x94d065880/1308 .event anyedge, v0x94d114f00_5231, v0x94d114f00_5232, v0x94d114f00_5233, v0x94d114f00_5234;
v0x94d114f00_5235 .array/port v0x94d114f00, 5235;
v0x94d114f00_5236 .array/port v0x94d114f00, 5236;
v0x94d114f00_5237 .array/port v0x94d114f00, 5237;
v0x94d114f00_5238 .array/port v0x94d114f00, 5238;
E_0x94d065880/1309 .event anyedge, v0x94d114f00_5235, v0x94d114f00_5236, v0x94d114f00_5237, v0x94d114f00_5238;
v0x94d114f00_5239 .array/port v0x94d114f00, 5239;
v0x94d114f00_5240 .array/port v0x94d114f00, 5240;
v0x94d114f00_5241 .array/port v0x94d114f00, 5241;
v0x94d114f00_5242 .array/port v0x94d114f00, 5242;
E_0x94d065880/1310 .event anyedge, v0x94d114f00_5239, v0x94d114f00_5240, v0x94d114f00_5241, v0x94d114f00_5242;
v0x94d114f00_5243 .array/port v0x94d114f00, 5243;
v0x94d114f00_5244 .array/port v0x94d114f00, 5244;
v0x94d114f00_5245 .array/port v0x94d114f00, 5245;
v0x94d114f00_5246 .array/port v0x94d114f00, 5246;
E_0x94d065880/1311 .event anyedge, v0x94d114f00_5243, v0x94d114f00_5244, v0x94d114f00_5245, v0x94d114f00_5246;
v0x94d114f00_5247 .array/port v0x94d114f00, 5247;
v0x94d114f00_5248 .array/port v0x94d114f00, 5248;
v0x94d114f00_5249 .array/port v0x94d114f00, 5249;
v0x94d114f00_5250 .array/port v0x94d114f00, 5250;
E_0x94d065880/1312 .event anyedge, v0x94d114f00_5247, v0x94d114f00_5248, v0x94d114f00_5249, v0x94d114f00_5250;
v0x94d114f00_5251 .array/port v0x94d114f00, 5251;
v0x94d114f00_5252 .array/port v0x94d114f00, 5252;
v0x94d114f00_5253 .array/port v0x94d114f00, 5253;
v0x94d114f00_5254 .array/port v0x94d114f00, 5254;
E_0x94d065880/1313 .event anyedge, v0x94d114f00_5251, v0x94d114f00_5252, v0x94d114f00_5253, v0x94d114f00_5254;
v0x94d114f00_5255 .array/port v0x94d114f00, 5255;
v0x94d114f00_5256 .array/port v0x94d114f00, 5256;
v0x94d114f00_5257 .array/port v0x94d114f00, 5257;
v0x94d114f00_5258 .array/port v0x94d114f00, 5258;
E_0x94d065880/1314 .event anyedge, v0x94d114f00_5255, v0x94d114f00_5256, v0x94d114f00_5257, v0x94d114f00_5258;
v0x94d114f00_5259 .array/port v0x94d114f00, 5259;
v0x94d114f00_5260 .array/port v0x94d114f00, 5260;
v0x94d114f00_5261 .array/port v0x94d114f00, 5261;
v0x94d114f00_5262 .array/port v0x94d114f00, 5262;
E_0x94d065880/1315 .event anyedge, v0x94d114f00_5259, v0x94d114f00_5260, v0x94d114f00_5261, v0x94d114f00_5262;
v0x94d114f00_5263 .array/port v0x94d114f00, 5263;
v0x94d114f00_5264 .array/port v0x94d114f00, 5264;
v0x94d114f00_5265 .array/port v0x94d114f00, 5265;
v0x94d114f00_5266 .array/port v0x94d114f00, 5266;
E_0x94d065880/1316 .event anyedge, v0x94d114f00_5263, v0x94d114f00_5264, v0x94d114f00_5265, v0x94d114f00_5266;
v0x94d114f00_5267 .array/port v0x94d114f00, 5267;
v0x94d114f00_5268 .array/port v0x94d114f00, 5268;
v0x94d114f00_5269 .array/port v0x94d114f00, 5269;
v0x94d114f00_5270 .array/port v0x94d114f00, 5270;
E_0x94d065880/1317 .event anyedge, v0x94d114f00_5267, v0x94d114f00_5268, v0x94d114f00_5269, v0x94d114f00_5270;
v0x94d114f00_5271 .array/port v0x94d114f00, 5271;
v0x94d114f00_5272 .array/port v0x94d114f00, 5272;
v0x94d114f00_5273 .array/port v0x94d114f00, 5273;
v0x94d114f00_5274 .array/port v0x94d114f00, 5274;
E_0x94d065880/1318 .event anyedge, v0x94d114f00_5271, v0x94d114f00_5272, v0x94d114f00_5273, v0x94d114f00_5274;
v0x94d114f00_5275 .array/port v0x94d114f00, 5275;
v0x94d114f00_5276 .array/port v0x94d114f00, 5276;
v0x94d114f00_5277 .array/port v0x94d114f00, 5277;
v0x94d114f00_5278 .array/port v0x94d114f00, 5278;
E_0x94d065880/1319 .event anyedge, v0x94d114f00_5275, v0x94d114f00_5276, v0x94d114f00_5277, v0x94d114f00_5278;
v0x94d114f00_5279 .array/port v0x94d114f00, 5279;
v0x94d114f00_5280 .array/port v0x94d114f00, 5280;
v0x94d114f00_5281 .array/port v0x94d114f00, 5281;
v0x94d114f00_5282 .array/port v0x94d114f00, 5282;
E_0x94d065880/1320 .event anyedge, v0x94d114f00_5279, v0x94d114f00_5280, v0x94d114f00_5281, v0x94d114f00_5282;
v0x94d114f00_5283 .array/port v0x94d114f00, 5283;
v0x94d114f00_5284 .array/port v0x94d114f00, 5284;
v0x94d114f00_5285 .array/port v0x94d114f00, 5285;
v0x94d114f00_5286 .array/port v0x94d114f00, 5286;
E_0x94d065880/1321 .event anyedge, v0x94d114f00_5283, v0x94d114f00_5284, v0x94d114f00_5285, v0x94d114f00_5286;
v0x94d114f00_5287 .array/port v0x94d114f00, 5287;
v0x94d114f00_5288 .array/port v0x94d114f00, 5288;
v0x94d114f00_5289 .array/port v0x94d114f00, 5289;
v0x94d114f00_5290 .array/port v0x94d114f00, 5290;
E_0x94d065880/1322 .event anyedge, v0x94d114f00_5287, v0x94d114f00_5288, v0x94d114f00_5289, v0x94d114f00_5290;
v0x94d114f00_5291 .array/port v0x94d114f00, 5291;
v0x94d114f00_5292 .array/port v0x94d114f00, 5292;
v0x94d114f00_5293 .array/port v0x94d114f00, 5293;
v0x94d114f00_5294 .array/port v0x94d114f00, 5294;
E_0x94d065880/1323 .event anyedge, v0x94d114f00_5291, v0x94d114f00_5292, v0x94d114f00_5293, v0x94d114f00_5294;
v0x94d114f00_5295 .array/port v0x94d114f00, 5295;
v0x94d114f00_5296 .array/port v0x94d114f00, 5296;
v0x94d114f00_5297 .array/port v0x94d114f00, 5297;
v0x94d114f00_5298 .array/port v0x94d114f00, 5298;
E_0x94d065880/1324 .event anyedge, v0x94d114f00_5295, v0x94d114f00_5296, v0x94d114f00_5297, v0x94d114f00_5298;
v0x94d114f00_5299 .array/port v0x94d114f00, 5299;
v0x94d114f00_5300 .array/port v0x94d114f00, 5300;
v0x94d114f00_5301 .array/port v0x94d114f00, 5301;
v0x94d114f00_5302 .array/port v0x94d114f00, 5302;
E_0x94d065880/1325 .event anyedge, v0x94d114f00_5299, v0x94d114f00_5300, v0x94d114f00_5301, v0x94d114f00_5302;
v0x94d114f00_5303 .array/port v0x94d114f00, 5303;
v0x94d114f00_5304 .array/port v0x94d114f00, 5304;
v0x94d114f00_5305 .array/port v0x94d114f00, 5305;
v0x94d114f00_5306 .array/port v0x94d114f00, 5306;
E_0x94d065880/1326 .event anyedge, v0x94d114f00_5303, v0x94d114f00_5304, v0x94d114f00_5305, v0x94d114f00_5306;
v0x94d114f00_5307 .array/port v0x94d114f00, 5307;
v0x94d114f00_5308 .array/port v0x94d114f00, 5308;
v0x94d114f00_5309 .array/port v0x94d114f00, 5309;
v0x94d114f00_5310 .array/port v0x94d114f00, 5310;
E_0x94d065880/1327 .event anyedge, v0x94d114f00_5307, v0x94d114f00_5308, v0x94d114f00_5309, v0x94d114f00_5310;
v0x94d114f00_5311 .array/port v0x94d114f00, 5311;
v0x94d114f00_5312 .array/port v0x94d114f00, 5312;
v0x94d114f00_5313 .array/port v0x94d114f00, 5313;
v0x94d114f00_5314 .array/port v0x94d114f00, 5314;
E_0x94d065880/1328 .event anyedge, v0x94d114f00_5311, v0x94d114f00_5312, v0x94d114f00_5313, v0x94d114f00_5314;
v0x94d114f00_5315 .array/port v0x94d114f00, 5315;
v0x94d114f00_5316 .array/port v0x94d114f00, 5316;
v0x94d114f00_5317 .array/port v0x94d114f00, 5317;
v0x94d114f00_5318 .array/port v0x94d114f00, 5318;
E_0x94d065880/1329 .event anyedge, v0x94d114f00_5315, v0x94d114f00_5316, v0x94d114f00_5317, v0x94d114f00_5318;
v0x94d114f00_5319 .array/port v0x94d114f00, 5319;
v0x94d114f00_5320 .array/port v0x94d114f00, 5320;
v0x94d114f00_5321 .array/port v0x94d114f00, 5321;
v0x94d114f00_5322 .array/port v0x94d114f00, 5322;
E_0x94d065880/1330 .event anyedge, v0x94d114f00_5319, v0x94d114f00_5320, v0x94d114f00_5321, v0x94d114f00_5322;
v0x94d114f00_5323 .array/port v0x94d114f00, 5323;
v0x94d114f00_5324 .array/port v0x94d114f00, 5324;
v0x94d114f00_5325 .array/port v0x94d114f00, 5325;
v0x94d114f00_5326 .array/port v0x94d114f00, 5326;
E_0x94d065880/1331 .event anyedge, v0x94d114f00_5323, v0x94d114f00_5324, v0x94d114f00_5325, v0x94d114f00_5326;
v0x94d114f00_5327 .array/port v0x94d114f00, 5327;
v0x94d114f00_5328 .array/port v0x94d114f00, 5328;
v0x94d114f00_5329 .array/port v0x94d114f00, 5329;
v0x94d114f00_5330 .array/port v0x94d114f00, 5330;
E_0x94d065880/1332 .event anyedge, v0x94d114f00_5327, v0x94d114f00_5328, v0x94d114f00_5329, v0x94d114f00_5330;
v0x94d114f00_5331 .array/port v0x94d114f00, 5331;
v0x94d114f00_5332 .array/port v0x94d114f00, 5332;
v0x94d114f00_5333 .array/port v0x94d114f00, 5333;
v0x94d114f00_5334 .array/port v0x94d114f00, 5334;
E_0x94d065880/1333 .event anyedge, v0x94d114f00_5331, v0x94d114f00_5332, v0x94d114f00_5333, v0x94d114f00_5334;
v0x94d114f00_5335 .array/port v0x94d114f00, 5335;
v0x94d114f00_5336 .array/port v0x94d114f00, 5336;
v0x94d114f00_5337 .array/port v0x94d114f00, 5337;
v0x94d114f00_5338 .array/port v0x94d114f00, 5338;
E_0x94d065880/1334 .event anyedge, v0x94d114f00_5335, v0x94d114f00_5336, v0x94d114f00_5337, v0x94d114f00_5338;
v0x94d114f00_5339 .array/port v0x94d114f00, 5339;
v0x94d114f00_5340 .array/port v0x94d114f00, 5340;
v0x94d114f00_5341 .array/port v0x94d114f00, 5341;
v0x94d114f00_5342 .array/port v0x94d114f00, 5342;
E_0x94d065880/1335 .event anyedge, v0x94d114f00_5339, v0x94d114f00_5340, v0x94d114f00_5341, v0x94d114f00_5342;
v0x94d114f00_5343 .array/port v0x94d114f00, 5343;
v0x94d114f00_5344 .array/port v0x94d114f00, 5344;
v0x94d114f00_5345 .array/port v0x94d114f00, 5345;
v0x94d114f00_5346 .array/port v0x94d114f00, 5346;
E_0x94d065880/1336 .event anyedge, v0x94d114f00_5343, v0x94d114f00_5344, v0x94d114f00_5345, v0x94d114f00_5346;
v0x94d114f00_5347 .array/port v0x94d114f00, 5347;
v0x94d114f00_5348 .array/port v0x94d114f00, 5348;
v0x94d114f00_5349 .array/port v0x94d114f00, 5349;
v0x94d114f00_5350 .array/port v0x94d114f00, 5350;
E_0x94d065880/1337 .event anyedge, v0x94d114f00_5347, v0x94d114f00_5348, v0x94d114f00_5349, v0x94d114f00_5350;
v0x94d114f00_5351 .array/port v0x94d114f00, 5351;
v0x94d114f00_5352 .array/port v0x94d114f00, 5352;
v0x94d114f00_5353 .array/port v0x94d114f00, 5353;
v0x94d114f00_5354 .array/port v0x94d114f00, 5354;
E_0x94d065880/1338 .event anyedge, v0x94d114f00_5351, v0x94d114f00_5352, v0x94d114f00_5353, v0x94d114f00_5354;
v0x94d114f00_5355 .array/port v0x94d114f00, 5355;
v0x94d114f00_5356 .array/port v0x94d114f00, 5356;
v0x94d114f00_5357 .array/port v0x94d114f00, 5357;
v0x94d114f00_5358 .array/port v0x94d114f00, 5358;
E_0x94d065880/1339 .event anyedge, v0x94d114f00_5355, v0x94d114f00_5356, v0x94d114f00_5357, v0x94d114f00_5358;
v0x94d114f00_5359 .array/port v0x94d114f00, 5359;
v0x94d114f00_5360 .array/port v0x94d114f00, 5360;
v0x94d114f00_5361 .array/port v0x94d114f00, 5361;
v0x94d114f00_5362 .array/port v0x94d114f00, 5362;
E_0x94d065880/1340 .event anyedge, v0x94d114f00_5359, v0x94d114f00_5360, v0x94d114f00_5361, v0x94d114f00_5362;
v0x94d114f00_5363 .array/port v0x94d114f00, 5363;
v0x94d114f00_5364 .array/port v0x94d114f00, 5364;
v0x94d114f00_5365 .array/port v0x94d114f00, 5365;
v0x94d114f00_5366 .array/port v0x94d114f00, 5366;
E_0x94d065880/1341 .event anyedge, v0x94d114f00_5363, v0x94d114f00_5364, v0x94d114f00_5365, v0x94d114f00_5366;
v0x94d114f00_5367 .array/port v0x94d114f00, 5367;
v0x94d114f00_5368 .array/port v0x94d114f00, 5368;
v0x94d114f00_5369 .array/port v0x94d114f00, 5369;
v0x94d114f00_5370 .array/port v0x94d114f00, 5370;
E_0x94d065880/1342 .event anyedge, v0x94d114f00_5367, v0x94d114f00_5368, v0x94d114f00_5369, v0x94d114f00_5370;
v0x94d114f00_5371 .array/port v0x94d114f00, 5371;
v0x94d114f00_5372 .array/port v0x94d114f00, 5372;
v0x94d114f00_5373 .array/port v0x94d114f00, 5373;
v0x94d114f00_5374 .array/port v0x94d114f00, 5374;
E_0x94d065880/1343 .event anyedge, v0x94d114f00_5371, v0x94d114f00_5372, v0x94d114f00_5373, v0x94d114f00_5374;
v0x94d114f00_5375 .array/port v0x94d114f00, 5375;
v0x94d114f00_5376 .array/port v0x94d114f00, 5376;
v0x94d114f00_5377 .array/port v0x94d114f00, 5377;
v0x94d114f00_5378 .array/port v0x94d114f00, 5378;
E_0x94d065880/1344 .event anyedge, v0x94d114f00_5375, v0x94d114f00_5376, v0x94d114f00_5377, v0x94d114f00_5378;
v0x94d114f00_5379 .array/port v0x94d114f00, 5379;
v0x94d114f00_5380 .array/port v0x94d114f00, 5380;
v0x94d114f00_5381 .array/port v0x94d114f00, 5381;
v0x94d114f00_5382 .array/port v0x94d114f00, 5382;
E_0x94d065880/1345 .event anyedge, v0x94d114f00_5379, v0x94d114f00_5380, v0x94d114f00_5381, v0x94d114f00_5382;
v0x94d114f00_5383 .array/port v0x94d114f00, 5383;
v0x94d114f00_5384 .array/port v0x94d114f00, 5384;
v0x94d114f00_5385 .array/port v0x94d114f00, 5385;
v0x94d114f00_5386 .array/port v0x94d114f00, 5386;
E_0x94d065880/1346 .event anyedge, v0x94d114f00_5383, v0x94d114f00_5384, v0x94d114f00_5385, v0x94d114f00_5386;
v0x94d114f00_5387 .array/port v0x94d114f00, 5387;
v0x94d114f00_5388 .array/port v0x94d114f00, 5388;
v0x94d114f00_5389 .array/port v0x94d114f00, 5389;
v0x94d114f00_5390 .array/port v0x94d114f00, 5390;
E_0x94d065880/1347 .event anyedge, v0x94d114f00_5387, v0x94d114f00_5388, v0x94d114f00_5389, v0x94d114f00_5390;
v0x94d114f00_5391 .array/port v0x94d114f00, 5391;
v0x94d114f00_5392 .array/port v0x94d114f00, 5392;
v0x94d114f00_5393 .array/port v0x94d114f00, 5393;
v0x94d114f00_5394 .array/port v0x94d114f00, 5394;
E_0x94d065880/1348 .event anyedge, v0x94d114f00_5391, v0x94d114f00_5392, v0x94d114f00_5393, v0x94d114f00_5394;
v0x94d114f00_5395 .array/port v0x94d114f00, 5395;
v0x94d114f00_5396 .array/port v0x94d114f00, 5396;
v0x94d114f00_5397 .array/port v0x94d114f00, 5397;
v0x94d114f00_5398 .array/port v0x94d114f00, 5398;
E_0x94d065880/1349 .event anyedge, v0x94d114f00_5395, v0x94d114f00_5396, v0x94d114f00_5397, v0x94d114f00_5398;
v0x94d114f00_5399 .array/port v0x94d114f00, 5399;
v0x94d114f00_5400 .array/port v0x94d114f00, 5400;
v0x94d114f00_5401 .array/port v0x94d114f00, 5401;
v0x94d114f00_5402 .array/port v0x94d114f00, 5402;
E_0x94d065880/1350 .event anyedge, v0x94d114f00_5399, v0x94d114f00_5400, v0x94d114f00_5401, v0x94d114f00_5402;
v0x94d114f00_5403 .array/port v0x94d114f00, 5403;
v0x94d114f00_5404 .array/port v0x94d114f00, 5404;
v0x94d114f00_5405 .array/port v0x94d114f00, 5405;
v0x94d114f00_5406 .array/port v0x94d114f00, 5406;
E_0x94d065880/1351 .event anyedge, v0x94d114f00_5403, v0x94d114f00_5404, v0x94d114f00_5405, v0x94d114f00_5406;
v0x94d114f00_5407 .array/port v0x94d114f00, 5407;
v0x94d114f00_5408 .array/port v0x94d114f00, 5408;
v0x94d114f00_5409 .array/port v0x94d114f00, 5409;
v0x94d114f00_5410 .array/port v0x94d114f00, 5410;
E_0x94d065880/1352 .event anyedge, v0x94d114f00_5407, v0x94d114f00_5408, v0x94d114f00_5409, v0x94d114f00_5410;
v0x94d114f00_5411 .array/port v0x94d114f00, 5411;
v0x94d114f00_5412 .array/port v0x94d114f00, 5412;
v0x94d114f00_5413 .array/port v0x94d114f00, 5413;
v0x94d114f00_5414 .array/port v0x94d114f00, 5414;
E_0x94d065880/1353 .event anyedge, v0x94d114f00_5411, v0x94d114f00_5412, v0x94d114f00_5413, v0x94d114f00_5414;
v0x94d114f00_5415 .array/port v0x94d114f00, 5415;
v0x94d114f00_5416 .array/port v0x94d114f00, 5416;
v0x94d114f00_5417 .array/port v0x94d114f00, 5417;
v0x94d114f00_5418 .array/port v0x94d114f00, 5418;
E_0x94d065880/1354 .event anyedge, v0x94d114f00_5415, v0x94d114f00_5416, v0x94d114f00_5417, v0x94d114f00_5418;
v0x94d114f00_5419 .array/port v0x94d114f00, 5419;
v0x94d114f00_5420 .array/port v0x94d114f00, 5420;
v0x94d114f00_5421 .array/port v0x94d114f00, 5421;
v0x94d114f00_5422 .array/port v0x94d114f00, 5422;
E_0x94d065880/1355 .event anyedge, v0x94d114f00_5419, v0x94d114f00_5420, v0x94d114f00_5421, v0x94d114f00_5422;
v0x94d114f00_5423 .array/port v0x94d114f00, 5423;
v0x94d114f00_5424 .array/port v0x94d114f00, 5424;
v0x94d114f00_5425 .array/port v0x94d114f00, 5425;
v0x94d114f00_5426 .array/port v0x94d114f00, 5426;
E_0x94d065880/1356 .event anyedge, v0x94d114f00_5423, v0x94d114f00_5424, v0x94d114f00_5425, v0x94d114f00_5426;
v0x94d114f00_5427 .array/port v0x94d114f00, 5427;
v0x94d114f00_5428 .array/port v0x94d114f00, 5428;
v0x94d114f00_5429 .array/port v0x94d114f00, 5429;
v0x94d114f00_5430 .array/port v0x94d114f00, 5430;
E_0x94d065880/1357 .event anyedge, v0x94d114f00_5427, v0x94d114f00_5428, v0x94d114f00_5429, v0x94d114f00_5430;
v0x94d114f00_5431 .array/port v0x94d114f00, 5431;
v0x94d114f00_5432 .array/port v0x94d114f00, 5432;
v0x94d114f00_5433 .array/port v0x94d114f00, 5433;
v0x94d114f00_5434 .array/port v0x94d114f00, 5434;
E_0x94d065880/1358 .event anyedge, v0x94d114f00_5431, v0x94d114f00_5432, v0x94d114f00_5433, v0x94d114f00_5434;
v0x94d114f00_5435 .array/port v0x94d114f00, 5435;
v0x94d114f00_5436 .array/port v0x94d114f00, 5436;
v0x94d114f00_5437 .array/port v0x94d114f00, 5437;
v0x94d114f00_5438 .array/port v0x94d114f00, 5438;
E_0x94d065880/1359 .event anyedge, v0x94d114f00_5435, v0x94d114f00_5436, v0x94d114f00_5437, v0x94d114f00_5438;
v0x94d114f00_5439 .array/port v0x94d114f00, 5439;
v0x94d114f00_5440 .array/port v0x94d114f00, 5440;
v0x94d114f00_5441 .array/port v0x94d114f00, 5441;
v0x94d114f00_5442 .array/port v0x94d114f00, 5442;
E_0x94d065880/1360 .event anyedge, v0x94d114f00_5439, v0x94d114f00_5440, v0x94d114f00_5441, v0x94d114f00_5442;
v0x94d114f00_5443 .array/port v0x94d114f00, 5443;
v0x94d114f00_5444 .array/port v0x94d114f00, 5444;
v0x94d114f00_5445 .array/port v0x94d114f00, 5445;
v0x94d114f00_5446 .array/port v0x94d114f00, 5446;
E_0x94d065880/1361 .event anyedge, v0x94d114f00_5443, v0x94d114f00_5444, v0x94d114f00_5445, v0x94d114f00_5446;
v0x94d114f00_5447 .array/port v0x94d114f00, 5447;
v0x94d114f00_5448 .array/port v0x94d114f00, 5448;
v0x94d114f00_5449 .array/port v0x94d114f00, 5449;
v0x94d114f00_5450 .array/port v0x94d114f00, 5450;
E_0x94d065880/1362 .event anyedge, v0x94d114f00_5447, v0x94d114f00_5448, v0x94d114f00_5449, v0x94d114f00_5450;
v0x94d114f00_5451 .array/port v0x94d114f00, 5451;
v0x94d114f00_5452 .array/port v0x94d114f00, 5452;
v0x94d114f00_5453 .array/port v0x94d114f00, 5453;
v0x94d114f00_5454 .array/port v0x94d114f00, 5454;
E_0x94d065880/1363 .event anyedge, v0x94d114f00_5451, v0x94d114f00_5452, v0x94d114f00_5453, v0x94d114f00_5454;
v0x94d114f00_5455 .array/port v0x94d114f00, 5455;
v0x94d114f00_5456 .array/port v0x94d114f00, 5456;
v0x94d114f00_5457 .array/port v0x94d114f00, 5457;
v0x94d114f00_5458 .array/port v0x94d114f00, 5458;
E_0x94d065880/1364 .event anyedge, v0x94d114f00_5455, v0x94d114f00_5456, v0x94d114f00_5457, v0x94d114f00_5458;
v0x94d114f00_5459 .array/port v0x94d114f00, 5459;
v0x94d114f00_5460 .array/port v0x94d114f00, 5460;
v0x94d114f00_5461 .array/port v0x94d114f00, 5461;
v0x94d114f00_5462 .array/port v0x94d114f00, 5462;
E_0x94d065880/1365 .event anyedge, v0x94d114f00_5459, v0x94d114f00_5460, v0x94d114f00_5461, v0x94d114f00_5462;
v0x94d114f00_5463 .array/port v0x94d114f00, 5463;
v0x94d114f00_5464 .array/port v0x94d114f00, 5464;
v0x94d114f00_5465 .array/port v0x94d114f00, 5465;
v0x94d114f00_5466 .array/port v0x94d114f00, 5466;
E_0x94d065880/1366 .event anyedge, v0x94d114f00_5463, v0x94d114f00_5464, v0x94d114f00_5465, v0x94d114f00_5466;
v0x94d114f00_5467 .array/port v0x94d114f00, 5467;
v0x94d114f00_5468 .array/port v0x94d114f00, 5468;
v0x94d114f00_5469 .array/port v0x94d114f00, 5469;
v0x94d114f00_5470 .array/port v0x94d114f00, 5470;
E_0x94d065880/1367 .event anyedge, v0x94d114f00_5467, v0x94d114f00_5468, v0x94d114f00_5469, v0x94d114f00_5470;
v0x94d114f00_5471 .array/port v0x94d114f00, 5471;
v0x94d114f00_5472 .array/port v0x94d114f00, 5472;
v0x94d114f00_5473 .array/port v0x94d114f00, 5473;
v0x94d114f00_5474 .array/port v0x94d114f00, 5474;
E_0x94d065880/1368 .event anyedge, v0x94d114f00_5471, v0x94d114f00_5472, v0x94d114f00_5473, v0x94d114f00_5474;
v0x94d114f00_5475 .array/port v0x94d114f00, 5475;
v0x94d114f00_5476 .array/port v0x94d114f00, 5476;
v0x94d114f00_5477 .array/port v0x94d114f00, 5477;
v0x94d114f00_5478 .array/port v0x94d114f00, 5478;
E_0x94d065880/1369 .event anyedge, v0x94d114f00_5475, v0x94d114f00_5476, v0x94d114f00_5477, v0x94d114f00_5478;
v0x94d114f00_5479 .array/port v0x94d114f00, 5479;
v0x94d114f00_5480 .array/port v0x94d114f00, 5480;
v0x94d114f00_5481 .array/port v0x94d114f00, 5481;
v0x94d114f00_5482 .array/port v0x94d114f00, 5482;
E_0x94d065880/1370 .event anyedge, v0x94d114f00_5479, v0x94d114f00_5480, v0x94d114f00_5481, v0x94d114f00_5482;
v0x94d114f00_5483 .array/port v0x94d114f00, 5483;
v0x94d114f00_5484 .array/port v0x94d114f00, 5484;
v0x94d114f00_5485 .array/port v0x94d114f00, 5485;
v0x94d114f00_5486 .array/port v0x94d114f00, 5486;
E_0x94d065880/1371 .event anyedge, v0x94d114f00_5483, v0x94d114f00_5484, v0x94d114f00_5485, v0x94d114f00_5486;
v0x94d114f00_5487 .array/port v0x94d114f00, 5487;
v0x94d114f00_5488 .array/port v0x94d114f00, 5488;
v0x94d114f00_5489 .array/port v0x94d114f00, 5489;
v0x94d114f00_5490 .array/port v0x94d114f00, 5490;
E_0x94d065880/1372 .event anyedge, v0x94d114f00_5487, v0x94d114f00_5488, v0x94d114f00_5489, v0x94d114f00_5490;
v0x94d114f00_5491 .array/port v0x94d114f00, 5491;
v0x94d114f00_5492 .array/port v0x94d114f00, 5492;
v0x94d114f00_5493 .array/port v0x94d114f00, 5493;
v0x94d114f00_5494 .array/port v0x94d114f00, 5494;
E_0x94d065880/1373 .event anyedge, v0x94d114f00_5491, v0x94d114f00_5492, v0x94d114f00_5493, v0x94d114f00_5494;
v0x94d114f00_5495 .array/port v0x94d114f00, 5495;
v0x94d114f00_5496 .array/port v0x94d114f00, 5496;
v0x94d114f00_5497 .array/port v0x94d114f00, 5497;
v0x94d114f00_5498 .array/port v0x94d114f00, 5498;
E_0x94d065880/1374 .event anyedge, v0x94d114f00_5495, v0x94d114f00_5496, v0x94d114f00_5497, v0x94d114f00_5498;
v0x94d114f00_5499 .array/port v0x94d114f00, 5499;
v0x94d114f00_5500 .array/port v0x94d114f00, 5500;
v0x94d114f00_5501 .array/port v0x94d114f00, 5501;
v0x94d114f00_5502 .array/port v0x94d114f00, 5502;
E_0x94d065880/1375 .event anyedge, v0x94d114f00_5499, v0x94d114f00_5500, v0x94d114f00_5501, v0x94d114f00_5502;
v0x94d114f00_5503 .array/port v0x94d114f00, 5503;
v0x94d114f00_5504 .array/port v0x94d114f00, 5504;
v0x94d114f00_5505 .array/port v0x94d114f00, 5505;
v0x94d114f00_5506 .array/port v0x94d114f00, 5506;
E_0x94d065880/1376 .event anyedge, v0x94d114f00_5503, v0x94d114f00_5504, v0x94d114f00_5505, v0x94d114f00_5506;
v0x94d114f00_5507 .array/port v0x94d114f00, 5507;
v0x94d114f00_5508 .array/port v0x94d114f00, 5508;
v0x94d114f00_5509 .array/port v0x94d114f00, 5509;
v0x94d114f00_5510 .array/port v0x94d114f00, 5510;
E_0x94d065880/1377 .event anyedge, v0x94d114f00_5507, v0x94d114f00_5508, v0x94d114f00_5509, v0x94d114f00_5510;
v0x94d114f00_5511 .array/port v0x94d114f00, 5511;
v0x94d114f00_5512 .array/port v0x94d114f00, 5512;
v0x94d114f00_5513 .array/port v0x94d114f00, 5513;
v0x94d114f00_5514 .array/port v0x94d114f00, 5514;
E_0x94d065880/1378 .event anyedge, v0x94d114f00_5511, v0x94d114f00_5512, v0x94d114f00_5513, v0x94d114f00_5514;
v0x94d114f00_5515 .array/port v0x94d114f00, 5515;
v0x94d114f00_5516 .array/port v0x94d114f00, 5516;
v0x94d114f00_5517 .array/port v0x94d114f00, 5517;
v0x94d114f00_5518 .array/port v0x94d114f00, 5518;
E_0x94d065880/1379 .event anyedge, v0x94d114f00_5515, v0x94d114f00_5516, v0x94d114f00_5517, v0x94d114f00_5518;
v0x94d114f00_5519 .array/port v0x94d114f00, 5519;
v0x94d114f00_5520 .array/port v0x94d114f00, 5520;
v0x94d114f00_5521 .array/port v0x94d114f00, 5521;
v0x94d114f00_5522 .array/port v0x94d114f00, 5522;
E_0x94d065880/1380 .event anyedge, v0x94d114f00_5519, v0x94d114f00_5520, v0x94d114f00_5521, v0x94d114f00_5522;
v0x94d114f00_5523 .array/port v0x94d114f00, 5523;
v0x94d114f00_5524 .array/port v0x94d114f00, 5524;
v0x94d114f00_5525 .array/port v0x94d114f00, 5525;
v0x94d114f00_5526 .array/port v0x94d114f00, 5526;
E_0x94d065880/1381 .event anyedge, v0x94d114f00_5523, v0x94d114f00_5524, v0x94d114f00_5525, v0x94d114f00_5526;
v0x94d114f00_5527 .array/port v0x94d114f00, 5527;
v0x94d114f00_5528 .array/port v0x94d114f00, 5528;
v0x94d114f00_5529 .array/port v0x94d114f00, 5529;
v0x94d114f00_5530 .array/port v0x94d114f00, 5530;
E_0x94d065880/1382 .event anyedge, v0x94d114f00_5527, v0x94d114f00_5528, v0x94d114f00_5529, v0x94d114f00_5530;
v0x94d114f00_5531 .array/port v0x94d114f00, 5531;
v0x94d114f00_5532 .array/port v0x94d114f00, 5532;
v0x94d114f00_5533 .array/port v0x94d114f00, 5533;
v0x94d114f00_5534 .array/port v0x94d114f00, 5534;
E_0x94d065880/1383 .event anyedge, v0x94d114f00_5531, v0x94d114f00_5532, v0x94d114f00_5533, v0x94d114f00_5534;
v0x94d114f00_5535 .array/port v0x94d114f00, 5535;
v0x94d114f00_5536 .array/port v0x94d114f00, 5536;
v0x94d114f00_5537 .array/port v0x94d114f00, 5537;
v0x94d114f00_5538 .array/port v0x94d114f00, 5538;
E_0x94d065880/1384 .event anyedge, v0x94d114f00_5535, v0x94d114f00_5536, v0x94d114f00_5537, v0x94d114f00_5538;
v0x94d114f00_5539 .array/port v0x94d114f00, 5539;
v0x94d114f00_5540 .array/port v0x94d114f00, 5540;
v0x94d114f00_5541 .array/port v0x94d114f00, 5541;
v0x94d114f00_5542 .array/port v0x94d114f00, 5542;
E_0x94d065880/1385 .event anyedge, v0x94d114f00_5539, v0x94d114f00_5540, v0x94d114f00_5541, v0x94d114f00_5542;
v0x94d114f00_5543 .array/port v0x94d114f00, 5543;
v0x94d114f00_5544 .array/port v0x94d114f00, 5544;
v0x94d114f00_5545 .array/port v0x94d114f00, 5545;
v0x94d114f00_5546 .array/port v0x94d114f00, 5546;
E_0x94d065880/1386 .event anyedge, v0x94d114f00_5543, v0x94d114f00_5544, v0x94d114f00_5545, v0x94d114f00_5546;
v0x94d114f00_5547 .array/port v0x94d114f00, 5547;
v0x94d114f00_5548 .array/port v0x94d114f00, 5548;
v0x94d114f00_5549 .array/port v0x94d114f00, 5549;
v0x94d114f00_5550 .array/port v0x94d114f00, 5550;
E_0x94d065880/1387 .event anyedge, v0x94d114f00_5547, v0x94d114f00_5548, v0x94d114f00_5549, v0x94d114f00_5550;
v0x94d114f00_5551 .array/port v0x94d114f00, 5551;
v0x94d114f00_5552 .array/port v0x94d114f00, 5552;
v0x94d114f00_5553 .array/port v0x94d114f00, 5553;
v0x94d114f00_5554 .array/port v0x94d114f00, 5554;
E_0x94d065880/1388 .event anyedge, v0x94d114f00_5551, v0x94d114f00_5552, v0x94d114f00_5553, v0x94d114f00_5554;
v0x94d114f00_5555 .array/port v0x94d114f00, 5555;
v0x94d114f00_5556 .array/port v0x94d114f00, 5556;
v0x94d114f00_5557 .array/port v0x94d114f00, 5557;
v0x94d114f00_5558 .array/port v0x94d114f00, 5558;
E_0x94d065880/1389 .event anyedge, v0x94d114f00_5555, v0x94d114f00_5556, v0x94d114f00_5557, v0x94d114f00_5558;
v0x94d114f00_5559 .array/port v0x94d114f00, 5559;
v0x94d114f00_5560 .array/port v0x94d114f00, 5560;
v0x94d114f00_5561 .array/port v0x94d114f00, 5561;
v0x94d114f00_5562 .array/port v0x94d114f00, 5562;
E_0x94d065880/1390 .event anyedge, v0x94d114f00_5559, v0x94d114f00_5560, v0x94d114f00_5561, v0x94d114f00_5562;
v0x94d114f00_5563 .array/port v0x94d114f00, 5563;
v0x94d114f00_5564 .array/port v0x94d114f00, 5564;
v0x94d114f00_5565 .array/port v0x94d114f00, 5565;
v0x94d114f00_5566 .array/port v0x94d114f00, 5566;
E_0x94d065880/1391 .event anyedge, v0x94d114f00_5563, v0x94d114f00_5564, v0x94d114f00_5565, v0x94d114f00_5566;
v0x94d114f00_5567 .array/port v0x94d114f00, 5567;
v0x94d114f00_5568 .array/port v0x94d114f00, 5568;
v0x94d114f00_5569 .array/port v0x94d114f00, 5569;
v0x94d114f00_5570 .array/port v0x94d114f00, 5570;
E_0x94d065880/1392 .event anyedge, v0x94d114f00_5567, v0x94d114f00_5568, v0x94d114f00_5569, v0x94d114f00_5570;
v0x94d114f00_5571 .array/port v0x94d114f00, 5571;
v0x94d114f00_5572 .array/port v0x94d114f00, 5572;
v0x94d114f00_5573 .array/port v0x94d114f00, 5573;
v0x94d114f00_5574 .array/port v0x94d114f00, 5574;
E_0x94d065880/1393 .event anyedge, v0x94d114f00_5571, v0x94d114f00_5572, v0x94d114f00_5573, v0x94d114f00_5574;
v0x94d114f00_5575 .array/port v0x94d114f00, 5575;
v0x94d114f00_5576 .array/port v0x94d114f00, 5576;
v0x94d114f00_5577 .array/port v0x94d114f00, 5577;
v0x94d114f00_5578 .array/port v0x94d114f00, 5578;
E_0x94d065880/1394 .event anyedge, v0x94d114f00_5575, v0x94d114f00_5576, v0x94d114f00_5577, v0x94d114f00_5578;
v0x94d114f00_5579 .array/port v0x94d114f00, 5579;
v0x94d114f00_5580 .array/port v0x94d114f00, 5580;
v0x94d114f00_5581 .array/port v0x94d114f00, 5581;
v0x94d114f00_5582 .array/port v0x94d114f00, 5582;
E_0x94d065880/1395 .event anyedge, v0x94d114f00_5579, v0x94d114f00_5580, v0x94d114f00_5581, v0x94d114f00_5582;
v0x94d114f00_5583 .array/port v0x94d114f00, 5583;
v0x94d114f00_5584 .array/port v0x94d114f00, 5584;
v0x94d114f00_5585 .array/port v0x94d114f00, 5585;
v0x94d114f00_5586 .array/port v0x94d114f00, 5586;
E_0x94d065880/1396 .event anyedge, v0x94d114f00_5583, v0x94d114f00_5584, v0x94d114f00_5585, v0x94d114f00_5586;
v0x94d114f00_5587 .array/port v0x94d114f00, 5587;
v0x94d114f00_5588 .array/port v0x94d114f00, 5588;
v0x94d114f00_5589 .array/port v0x94d114f00, 5589;
v0x94d114f00_5590 .array/port v0x94d114f00, 5590;
E_0x94d065880/1397 .event anyedge, v0x94d114f00_5587, v0x94d114f00_5588, v0x94d114f00_5589, v0x94d114f00_5590;
v0x94d114f00_5591 .array/port v0x94d114f00, 5591;
v0x94d114f00_5592 .array/port v0x94d114f00, 5592;
v0x94d114f00_5593 .array/port v0x94d114f00, 5593;
v0x94d114f00_5594 .array/port v0x94d114f00, 5594;
E_0x94d065880/1398 .event anyedge, v0x94d114f00_5591, v0x94d114f00_5592, v0x94d114f00_5593, v0x94d114f00_5594;
v0x94d114f00_5595 .array/port v0x94d114f00, 5595;
v0x94d114f00_5596 .array/port v0x94d114f00, 5596;
v0x94d114f00_5597 .array/port v0x94d114f00, 5597;
v0x94d114f00_5598 .array/port v0x94d114f00, 5598;
E_0x94d065880/1399 .event anyedge, v0x94d114f00_5595, v0x94d114f00_5596, v0x94d114f00_5597, v0x94d114f00_5598;
v0x94d114f00_5599 .array/port v0x94d114f00, 5599;
v0x94d114f00_5600 .array/port v0x94d114f00, 5600;
v0x94d114f00_5601 .array/port v0x94d114f00, 5601;
v0x94d114f00_5602 .array/port v0x94d114f00, 5602;
E_0x94d065880/1400 .event anyedge, v0x94d114f00_5599, v0x94d114f00_5600, v0x94d114f00_5601, v0x94d114f00_5602;
v0x94d114f00_5603 .array/port v0x94d114f00, 5603;
v0x94d114f00_5604 .array/port v0x94d114f00, 5604;
v0x94d114f00_5605 .array/port v0x94d114f00, 5605;
v0x94d114f00_5606 .array/port v0x94d114f00, 5606;
E_0x94d065880/1401 .event anyedge, v0x94d114f00_5603, v0x94d114f00_5604, v0x94d114f00_5605, v0x94d114f00_5606;
v0x94d114f00_5607 .array/port v0x94d114f00, 5607;
v0x94d114f00_5608 .array/port v0x94d114f00, 5608;
v0x94d114f00_5609 .array/port v0x94d114f00, 5609;
v0x94d114f00_5610 .array/port v0x94d114f00, 5610;
E_0x94d065880/1402 .event anyedge, v0x94d114f00_5607, v0x94d114f00_5608, v0x94d114f00_5609, v0x94d114f00_5610;
v0x94d114f00_5611 .array/port v0x94d114f00, 5611;
v0x94d114f00_5612 .array/port v0x94d114f00, 5612;
v0x94d114f00_5613 .array/port v0x94d114f00, 5613;
v0x94d114f00_5614 .array/port v0x94d114f00, 5614;
E_0x94d065880/1403 .event anyedge, v0x94d114f00_5611, v0x94d114f00_5612, v0x94d114f00_5613, v0x94d114f00_5614;
v0x94d114f00_5615 .array/port v0x94d114f00, 5615;
v0x94d114f00_5616 .array/port v0x94d114f00, 5616;
v0x94d114f00_5617 .array/port v0x94d114f00, 5617;
v0x94d114f00_5618 .array/port v0x94d114f00, 5618;
E_0x94d065880/1404 .event anyedge, v0x94d114f00_5615, v0x94d114f00_5616, v0x94d114f00_5617, v0x94d114f00_5618;
v0x94d114f00_5619 .array/port v0x94d114f00, 5619;
v0x94d114f00_5620 .array/port v0x94d114f00, 5620;
v0x94d114f00_5621 .array/port v0x94d114f00, 5621;
v0x94d114f00_5622 .array/port v0x94d114f00, 5622;
E_0x94d065880/1405 .event anyedge, v0x94d114f00_5619, v0x94d114f00_5620, v0x94d114f00_5621, v0x94d114f00_5622;
v0x94d114f00_5623 .array/port v0x94d114f00, 5623;
v0x94d114f00_5624 .array/port v0x94d114f00, 5624;
v0x94d114f00_5625 .array/port v0x94d114f00, 5625;
v0x94d114f00_5626 .array/port v0x94d114f00, 5626;
E_0x94d065880/1406 .event anyedge, v0x94d114f00_5623, v0x94d114f00_5624, v0x94d114f00_5625, v0x94d114f00_5626;
v0x94d114f00_5627 .array/port v0x94d114f00, 5627;
v0x94d114f00_5628 .array/port v0x94d114f00, 5628;
v0x94d114f00_5629 .array/port v0x94d114f00, 5629;
v0x94d114f00_5630 .array/port v0x94d114f00, 5630;
E_0x94d065880/1407 .event anyedge, v0x94d114f00_5627, v0x94d114f00_5628, v0x94d114f00_5629, v0x94d114f00_5630;
v0x94d114f00_5631 .array/port v0x94d114f00, 5631;
v0x94d114f00_5632 .array/port v0x94d114f00, 5632;
v0x94d114f00_5633 .array/port v0x94d114f00, 5633;
v0x94d114f00_5634 .array/port v0x94d114f00, 5634;
E_0x94d065880/1408 .event anyedge, v0x94d114f00_5631, v0x94d114f00_5632, v0x94d114f00_5633, v0x94d114f00_5634;
v0x94d114f00_5635 .array/port v0x94d114f00, 5635;
v0x94d114f00_5636 .array/port v0x94d114f00, 5636;
v0x94d114f00_5637 .array/port v0x94d114f00, 5637;
v0x94d114f00_5638 .array/port v0x94d114f00, 5638;
E_0x94d065880/1409 .event anyedge, v0x94d114f00_5635, v0x94d114f00_5636, v0x94d114f00_5637, v0x94d114f00_5638;
v0x94d114f00_5639 .array/port v0x94d114f00, 5639;
v0x94d114f00_5640 .array/port v0x94d114f00, 5640;
v0x94d114f00_5641 .array/port v0x94d114f00, 5641;
v0x94d114f00_5642 .array/port v0x94d114f00, 5642;
E_0x94d065880/1410 .event anyedge, v0x94d114f00_5639, v0x94d114f00_5640, v0x94d114f00_5641, v0x94d114f00_5642;
v0x94d114f00_5643 .array/port v0x94d114f00, 5643;
v0x94d114f00_5644 .array/port v0x94d114f00, 5644;
v0x94d114f00_5645 .array/port v0x94d114f00, 5645;
v0x94d114f00_5646 .array/port v0x94d114f00, 5646;
E_0x94d065880/1411 .event anyedge, v0x94d114f00_5643, v0x94d114f00_5644, v0x94d114f00_5645, v0x94d114f00_5646;
v0x94d114f00_5647 .array/port v0x94d114f00, 5647;
v0x94d114f00_5648 .array/port v0x94d114f00, 5648;
v0x94d114f00_5649 .array/port v0x94d114f00, 5649;
v0x94d114f00_5650 .array/port v0x94d114f00, 5650;
E_0x94d065880/1412 .event anyedge, v0x94d114f00_5647, v0x94d114f00_5648, v0x94d114f00_5649, v0x94d114f00_5650;
v0x94d114f00_5651 .array/port v0x94d114f00, 5651;
v0x94d114f00_5652 .array/port v0x94d114f00, 5652;
v0x94d114f00_5653 .array/port v0x94d114f00, 5653;
v0x94d114f00_5654 .array/port v0x94d114f00, 5654;
E_0x94d065880/1413 .event anyedge, v0x94d114f00_5651, v0x94d114f00_5652, v0x94d114f00_5653, v0x94d114f00_5654;
v0x94d114f00_5655 .array/port v0x94d114f00, 5655;
v0x94d114f00_5656 .array/port v0x94d114f00, 5656;
v0x94d114f00_5657 .array/port v0x94d114f00, 5657;
v0x94d114f00_5658 .array/port v0x94d114f00, 5658;
E_0x94d065880/1414 .event anyedge, v0x94d114f00_5655, v0x94d114f00_5656, v0x94d114f00_5657, v0x94d114f00_5658;
v0x94d114f00_5659 .array/port v0x94d114f00, 5659;
v0x94d114f00_5660 .array/port v0x94d114f00, 5660;
v0x94d114f00_5661 .array/port v0x94d114f00, 5661;
v0x94d114f00_5662 .array/port v0x94d114f00, 5662;
E_0x94d065880/1415 .event anyedge, v0x94d114f00_5659, v0x94d114f00_5660, v0x94d114f00_5661, v0x94d114f00_5662;
v0x94d114f00_5663 .array/port v0x94d114f00, 5663;
v0x94d114f00_5664 .array/port v0x94d114f00, 5664;
v0x94d114f00_5665 .array/port v0x94d114f00, 5665;
v0x94d114f00_5666 .array/port v0x94d114f00, 5666;
E_0x94d065880/1416 .event anyedge, v0x94d114f00_5663, v0x94d114f00_5664, v0x94d114f00_5665, v0x94d114f00_5666;
v0x94d114f00_5667 .array/port v0x94d114f00, 5667;
v0x94d114f00_5668 .array/port v0x94d114f00, 5668;
v0x94d114f00_5669 .array/port v0x94d114f00, 5669;
v0x94d114f00_5670 .array/port v0x94d114f00, 5670;
E_0x94d065880/1417 .event anyedge, v0x94d114f00_5667, v0x94d114f00_5668, v0x94d114f00_5669, v0x94d114f00_5670;
v0x94d114f00_5671 .array/port v0x94d114f00, 5671;
v0x94d114f00_5672 .array/port v0x94d114f00, 5672;
v0x94d114f00_5673 .array/port v0x94d114f00, 5673;
v0x94d114f00_5674 .array/port v0x94d114f00, 5674;
E_0x94d065880/1418 .event anyedge, v0x94d114f00_5671, v0x94d114f00_5672, v0x94d114f00_5673, v0x94d114f00_5674;
v0x94d114f00_5675 .array/port v0x94d114f00, 5675;
v0x94d114f00_5676 .array/port v0x94d114f00, 5676;
v0x94d114f00_5677 .array/port v0x94d114f00, 5677;
v0x94d114f00_5678 .array/port v0x94d114f00, 5678;
E_0x94d065880/1419 .event anyedge, v0x94d114f00_5675, v0x94d114f00_5676, v0x94d114f00_5677, v0x94d114f00_5678;
v0x94d114f00_5679 .array/port v0x94d114f00, 5679;
v0x94d114f00_5680 .array/port v0x94d114f00, 5680;
v0x94d114f00_5681 .array/port v0x94d114f00, 5681;
v0x94d114f00_5682 .array/port v0x94d114f00, 5682;
E_0x94d065880/1420 .event anyedge, v0x94d114f00_5679, v0x94d114f00_5680, v0x94d114f00_5681, v0x94d114f00_5682;
v0x94d114f00_5683 .array/port v0x94d114f00, 5683;
v0x94d114f00_5684 .array/port v0x94d114f00, 5684;
v0x94d114f00_5685 .array/port v0x94d114f00, 5685;
v0x94d114f00_5686 .array/port v0x94d114f00, 5686;
E_0x94d065880/1421 .event anyedge, v0x94d114f00_5683, v0x94d114f00_5684, v0x94d114f00_5685, v0x94d114f00_5686;
v0x94d114f00_5687 .array/port v0x94d114f00, 5687;
v0x94d114f00_5688 .array/port v0x94d114f00, 5688;
v0x94d114f00_5689 .array/port v0x94d114f00, 5689;
v0x94d114f00_5690 .array/port v0x94d114f00, 5690;
E_0x94d065880/1422 .event anyedge, v0x94d114f00_5687, v0x94d114f00_5688, v0x94d114f00_5689, v0x94d114f00_5690;
v0x94d114f00_5691 .array/port v0x94d114f00, 5691;
v0x94d114f00_5692 .array/port v0x94d114f00, 5692;
v0x94d114f00_5693 .array/port v0x94d114f00, 5693;
v0x94d114f00_5694 .array/port v0x94d114f00, 5694;
E_0x94d065880/1423 .event anyedge, v0x94d114f00_5691, v0x94d114f00_5692, v0x94d114f00_5693, v0x94d114f00_5694;
v0x94d114f00_5695 .array/port v0x94d114f00, 5695;
v0x94d114f00_5696 .array/port v0x94d114f00, 5696;
v0x94d114f00_5697 .array/port v0x94d114f00, 5697;
v0x94d114f00_5698 .array/port v0x94d114f00, 5698;
E_0x94d065880/1424 .event anyedge, v0x94d114f00_5695, v0x94d114f00_5696, v0x94d114f00_5697, v0x94d114f00_5698;
v0x94d114f00_5699 .array/port v0x94d114f00, 5699;
v0x94d114f00_5700 .array/port v0x94d114f00, 5700;
v0x94d114f00_5701 .array/port v0x94d114f00, 5701;
v0x94d114f00_5702 .array/port v0x94d114f00, 5702;
E_0x94d065880/1425 .event anyedge, v0x94d114f00_5699, v0x94d114f00_5700, v0x94d114f00_5701, v0x94d114f00_5702;
v0x94d114f00_5703 .array/port v0x94d114f00, 5703;
v0x94d114f00_5704 .array/port v0x94d114f00, 5704;
v0x94d114f00_5705 .array/port v0x94d114f00, 5705;
v0x94d114f00_5706 .array/port v0x94d114f00, 5706;
E_0x94d065880/1426 .event anyedge, v0x94d114f00_5703, v0x94d114f00_5704, v0x94d114f00_5705, v0x94d114f00_5706;
v0x94d114f00_5707 .array/port v0x94d114f00, 5707;
v0x94d114f00_5708 .array/port v0x94d114f00, 5708;
v0x94d114f00_5709 .array/port v0x94d114f00, 5709;
v0x94d114f00_5710 .array/port v0x94d114f00, 5710;
E_0x94d065880/1427 .event anyedge, v0x94d114f00_5707, v0x94d114f00_5708, v0x94d114f00_5709, v0x94d114f00_5710;
v0x94d114f00_5711 .array/port v0x94d114f00, 5711;
v0x94d114f00_5712 .array/port v0x94d114f00, 5712;
v0x94d114f00_5713 .array/port v0x94d114f00, 5713;
v0x94d114f00_5714 .array/port v0x94d114f00, 5714;
E_0x94d065880/1428 .event anyedge, v0x94d114f00_5711, v0x94d114f00_5712, v0x94d114f00_5713, v0x94d114f00_5714;
v0x94d114f00_5715 .array/port v0x94d114f00, 5715;
v0x94d114f00_5716 .array/port v0x94d114f00, 5716;
v0x94d114f00_5717 .array/port v0x94d114f00, 5717;
v0x94d114f00_5718 .array/port v0x94d114f00, 5718;
E_0x94d065880/1429 .event anyedge, v0x94d114f00_5715, v0x94d114f00_5716, v0x94d114f00_5717, v0x94d114f00_5718;
v0x94d114f00_5719 .array/port v0x94d114f00, 5719;
v0x94d114f00_5720 .array/port v0x94d114f00, 5720;
v0x94d114f00_5721 .array/port v0x94d114f00, 5721;
v0x94d114f00_5722 .array/port v0x94d114f00, 5722;
E_0x94d065880/1430 .event anyedge, v0x94d114f00_5719, v0x94d114f00_5720, v0x94d114f00_5721, v0x94d114f00_5722;
v0x94d114f00_5723 .array/port v0x94d114f00, 5723;
v0x94d114f00_5724 .array/port v0x94d114f00, 5724;
v0x94d114f00_5725 .array/port v0x94d114f00, 5725;
v0x94d114f00_5726 .array/port v0x94d114f00, 5726;
E_0x94d065880/1431 .event anyedge, v0x94d114f00_5723, v0x94d114f00_5724, v0x94d114f00_5725, v0x94d114f00_5726;
v0x94d114f00_5727 .array/port v0x94d114f00, 5727;
v0x94d114f00_5728 .array/port v0x94d114f00, 5728;
v0x94d114f00_5729 .array/port v0x94d114f00, 5729;
v0x94d114f00_5730 .array/port v0x94d114f00, 5730;
E_0x94d065880/1432 .event anyedge, v0x94d114f00_5727, v0x94d114f00_5728, v0x94d114f00_5729, v0x94d114f00_5730;
v0x94d114f00_5731 .array/port v0x94d114f00, 5731;
v0x94d114f00_5732 .array/port v0x94d114f00, 5732;
v0x94d114f00_5733 .array/port v0x94d114f00, 5733;
v0x94d114f00_5734 .array/port v0x94d114f00, 5734;
E_0x94d065880/1433 .event anyedge, v0x94d114f00_5731, v0x94d114f00_5732, v0x94d114f00_5733, v0x94d114f00_5734;
v0x94d114f00_5735 .array/port v0x94d114f00, 5735;
v0x94d114f00_5736 .array/port v0x94d114f00, 5736;
v0x94d114f00_5737 .array/port v0x94d114f00, 5737;
v0x94d114f00_5738 .array/port v0x94d114f00, 5738;
E_0x94d065880/1434 .event anyedge, v0x94d114f00_5735, v0x94d114f00_5736, v0x94d114f00_5737, v0x94d114f00_5738;
v0x94d114f00_5739 .array/port v0x94d114f00, 5739;
v0x94d114f00_5740 .array/port v0x94d114f00, 5740;
v0x94d114f00_5741 .array/port v0x94d114f00, 5741;
v0x94d114f00_5742 .array/port v0x94d114f00, 5742;
E_0x94d065880/1435 .event anyedge, v0x94d114f00_5739, v0x94d114f00_5740, v0x94d114f00_5741, v0x94d114f00_5742;
v0x94d114f00_5743 .array/port v0x94d114f00, 5743;
v0x94d114f00_5744 .array/port v0x94d114f00, 5744;
v0x94d114f00_5745 .array/port v0x94d114f00, 5745;
v0x94d114f00_5746 .array/port v0x94d114f00, 5746;
E_0x94d065880/1436 .event anyedge, v0x94d114f00_5743, v0x94d114f00_5744, v0x94d114f00_5745, v0x94d114f00_5746;
v0x94d114f00_5747 .array/port v0x94d114f00, 5747;
v0x94d114f00_5748 .array/port v0x94d114f00, 5748;
v0x94d114f00_5749 .array/port v0x94d114f00, 5749;
v0x94d114f00_5750 .array/port v0x94d114f00, 5750;
E_0x94d065880/1437 .event anyedge, v0x94d114f00_5747, v0x94d114f00_5748, v0x94d114f00_5749, v0x94d114f00_5750;
v0x94d114f00_5751 .array/port v0x94d114f00, 5751;
v0x94d114f00_5752 .array/port v0x94d114f00, 5752;
v0x94d114f00_5753 .array/port v0x94d114f00, 5753;
v0x94d114f00_5754 .array/port v0x94d114f00, 5754;
E_0x94d065880/1438 .event anyedge, v0x94d114f00_5751, v0x94d114f00_5752, v0x94d114f00_5753, v0x94d114f00_5754;
v0x94d114f00_5755 .array/port v0x94d114f00, 5755;
v0x94d114f00_5756 .array/port v0x94d114f00, 5756;
v0x94d114f00_5757 .array/port v0x94d114f00, 5757;
v0x94d114f00_5758 .array/port v0x94d114f00, 5758;
E_0x94d065880/1439 .event anyedge, v0x94d114f00_5755, v0x94d114f00_5756, v0x94d114f00_5757, v0x94d114f00_5758;
v0x94d114f00_5759 .array/port v0x94d114f00, 5759;
v0x94d114f00_5760 .array/port v0x94d114f00, 5760;
v0x94d114f00_5761 .array/port v0x94d114f00, 5761;
v0x94d114f00_5762 .array/port v0x94d114f00, 5762;
E_0x94d065880/1440 .event anyedge, v0x94d114f00_5759, v0x94d114f00_5760, v0x94d114f00_5761, v0x94d114f00_5762;
v0x94d114f00_5763 .array/port v0x94d114f00, 5763;
v0x94d114f00_5764 .array/port v0x94d114f00, 5764;
v0x94d114f00_5765 .array/port v0x94d114f00, 5765;
v0x94d114f00_5766 .array/port v0x94d114f00, 5766;
E_0x94d065880/1441 .event anyedge, v0x94d114f00_5763, v0x94d114f00_5764, v0x94d114f00_5765, v0x94d114f00_5766;
v0x94d114f00_5767 .array/port v0x94d114f00, 5767;
v0x94d114f00_5768 .array/port v0x94d114f00, 5768;
v0x94d114f00_5769 .array/port v0x94d114f00, 5769;
v0x94d114f00_5770 .array/port v0x94d114f00, 5770;
E_0x94d065880/1442 .event anyedge, v0x94d114f00_5767, v0x94d114f00_5768, v0x94d114f00_5769, v0x94d114f00_5770;
v0x94d114f00_5771 .array/port v0x94d114f00, 5771;
v0x94d114f00_5772 .array/port v0x94d114f00, 5772;
v0x94d114f00_5773 .array/port v0x94d114f00, 5773;
v0x94d114f00_5774 .array/port v0x94d114f00, 5774;
E_0x94d065880/1443 .event anyedge, v0x94d114f00_5771, v0x94d114f00_5772, v0x94d114f00_5773, v0x94d114f00_5774;
v0x94d114f00_5775 .array/port v0x94d114f00, 5775;
v0x94d114f00_5776 .array/port v0x94d114f00, 5776;
v0x94d114f00_5777 .array/port v0x94d114f00, 5777;
v0x94d114f00_5778 .array/port v0x94d114f00, 5778;
E_0x94d065880/1444 .event anyedge, v0x94d114f00_5775, v0x94d114f00_5776, v0x94d114f00_5777, v0x94d114f00_5778;
v0x94d114f00_5779 .array/port v0x94d114f00, 5779;
v0x94d114f00_5780 .array/port v0x94d114f00, 5780;
v0x94d114f00_5781 .array/port v0x94d114f00, 5781;
v0x94d114f00_5782 .array/port v0x94d114f00, 5782;
E_0x94d065880/1445 .event anyedge, v0x94d114f00_5779, v0x94d114f00_5780, v0x94d114f00_5781, v0x94d114f00_5782;
v0x94d114f00_5783 .array/port v0x94d114f00, 5783;
v0x94d114f00_5784 .array/port v0x94d114f00, 5784;
v0x94d114f00_5785 .array/port v0x94d114f00, 5785;
v0x94d114f00_5786 .array/port v0x94d114f00, 5786;
E_0x94d065880/1446 .event anyedge, v0x94d114f00_5783, v0x94d114f00_5784, v0x94d114f00_5785, v0x94d114f00_5786;
v0x94d114f00_5787 .array/port v0x94d114f00, 5787;
v0x94d114f00_5788 .array/port v0x94d114f00, 5788;
v0x94d114f00_5789 .array/port v0x94d114f00, 5789;
v0x94d114f00_5790 .array/port v0x94d114f00, 5790;
E_0x94d065880/1447 .event anyedge, v0x94d114f00_5787, v0x94d114f00_5788, v0x94d114f00_5789, v0x94d114f00_5790;
v0x94d114f00_5791 .array/port v0x94d114f00, 5791;
v0x94d114f00_5792 .array/port v0x94d114f00, 5792;
v0x94d114f00_5793 .array/port v0x94d114f00, 5793;
v0x94d114f00_5794 .array/port v0x94d114f00, 5794;
E_0x94d065880/1448 .event anyedge, v0x94d114f00_5791, v0x94d114f00_5792, v0x94d114f00_5793, v0x94d114f00_5794;
v0x94d114f00_5795 .array/port v0x94d114f00, 5795;
v0x94d114f00_5796 .array/port v0x94d114f00, 5796;
v0x94d114f00_5797 .array/port v0x94d114f00, 5797;
v0x94d114f00_5798 .array/port v0x94d114f00, 5798;
E_0x94d065880/1449 .event anyedge, v0x94d114f00_5795, v0x94d114f00_5796, v0x94d114f00_5797, v0x94d114f00_5798;
v0x94d114f00_5799 .array/port v0x94d114f00, 5799;
v0x94d114f00_5800 .array/port v0x94d114f00, 5800;
v0x94d114f00_5801 .array/port v0x94d114f00, 5801;
v0x94d114f00_5802 .array/port v0x94d114f00, 5802;
E_0x94d065880/1450 .event anyedge, v0x94d114f00_5799, v0x94d114f00_5800, v0x94d114f00_5801, v0x94d114f00_5802;
v0x94d114f00_5803 .array/port v0x94d114f00, 5803;
v0x94d114f00_5804 .array/port v0x94d114f00, 5804;
v0x94d114f00_5805 .array/port v0x94d114f00, 5805;
v0x94d114f00_5806 .array/port v0x94d114f00, 5806;
E_0x94d065880/1451 .event anyedge, v0x94d114f00_5803, v0x94d114f00_5804, v0x94d114f00_5805, v0x94d114f00_5806;
v0x94d114f00_5807 .array/port v0x94d114f00, 5807;
v0x94d114f00_5808 .array/port v0x94d114f00, 5808;
v0x94d114f00_5809 .array/port v0x94d114f00, 5809;
v0x94d114f00_5810 .array/port v0x94d114f00, 5810;
E_0x94d065880/1452 .event anyedge, v0x94d114f00_5807, v0x94d114f00_5808, v0x94d114f00_5809, v0x94d114f00_5810;
v0x94d114f00_5811 .array/port v0x94d114f00, 5811;
v0x94d114f00_5812 .array/port v0x94d114f00, 5812;
v0x94d114f00_5813 .array/port v0x94d114f00, 5813;
v0x94d114f00_5814 .array/port v0x94d114f00, 5814;
E_0x94d065880/1453 .event anyedge, v0x94d114f00_5811, v0x94d114f00_5812, v0x94d114f00_5813, v0x94d114f00_5814;
v0x94d114f00_5815 .array/port v0x94d114f00, 5815;
v0x94d114f00_5816 .array/port v0x94d114f00, 5816;
v0x94d114f00_5817 .array/port v0x94d114f00, 5817;
v0x94d114f00_5818 .array/port v0x94d114f00, 5818;
E_0x94d065880/1454 .event anyedge, v0x94d114f00_5815, v0x94d114f00_5816, v0x94d114f00_5817, v0x94d114f00_5818;
v0x94d114f00_5819 .array/port v0x94d114f00, 5819;
v0x94d114f00_5820 .array/port v0x94d114f00, 5820;
v0x94d114f00_5821 .array/port v0x94d114f00, 5821;
v0x94d114f00_5822 .array/port v0x94d114f00, 5822;
E_0x94d065880/1455 .event anyedge, v0x94d114f00_5819, v0x94d114f00_5820, v0x94d114f00_5821, v0x94d114f00_5822;
v0x94d114f00_5823 .array/port v0x94d114f00, 5823;
v0x94d114f00_5824 .array/port v0x94d114f00, 5824;
v0x94d114f00_5825 .array/port v0x94d114f00, 5825;
v0x94d114f00_5826 .array/port v0x94d114f00, 5826;
E_0x94d065880/1456 .event anyedge, v0x94d114f00_5823, v0x94d114f00_5824, v0x94d114f00_5825, v0x94d114f00_5826;
v0x94d114f00_5827 .array/port v0x94d114f00, 5827;
v0x94d114f00_5828 .array/port v0x94d114f00, 5828;
v0x94d114f00_5829 .array/port v0x94d114f00, 5829;
v0x94d114f00_5830 .array/port v0x94d114f00, 5830;
E_0x94d065880/1457 .event anyedge, v0x94d114f00_5827, v0x94d114f00_5828, v0x94d114f00_5829, v0x94d114f00_5830;
v0x94d114f00_5831 .array/port v0x94d114f00, 5831;
v0x94d114f00_5832 .array/port v0x94d114f00, 5832;
v0x94d114f00_5833 .array/port v0x94d114f00, 5833;
v0x94d114f00_5834 .array/port v0x94d114f00, 5834;
E_0x94d065880/1458 .event anyedge, v0x94d114f00_5831, v0x94d114f00_5832, v0x94d114f00_5833, v0x94d114f00_5834;
v0x94d114f00_5835 .array/port v0x94d114f00, 5835;
v0x94d114f00_5836 .array/port v0x94d114f00, 5836;
v0x94d114f00_5837 .array/port v0x94d114f00, 5837;
v0x94d114f00_5838 .array/port v0x94d114f00, 5838;
E_0x94d065880/1459 .event anyedge, v0x94d114f00_5835, v0x94d114f00_5836, v0x94d114f00_5837, v0x94d114f00_5838;
v0x94d114f00_5839 .array/port v0x94d114f00, 5839;
v0x94d114f00_5840 .array/port v0x94d114f00, 5840;
v0x94d114f00_5841 .array/port v0x94d114f00, 5841;
v0x94d114f00_5842 .array/port v0x94d114f00, 5842;
E_0x94d065880/1460 .event anyedge, v0x94d114f00_5839, v0x94d114f00_5840, v0x94d114f00_5841, v0x94d114f00_5842;
v0x94d114f00_5843 .array/port v0x94d114f00, 5843;
v0x94d114f00_5844 .array/port v0x94d114f00, 5844;
v0x94d114f00_5845 .array/port v0x94d114f00, 5845;
v0x94d114f00_5846 .array/port v0x94d114f00, 5846;
E_0x94d065880/1461 .event anyedge, v0x94d114f00_5843, v0x94d114f00_5844, v0x94d114f00_5845, v0x94d114f00_5846;
v0x94d114f00_5847 .array/port v0x94d114f00, 5847;
v0x94d114f00_5848 .array/port v0x94d114f00, 5848;
v0x94d114f00_5849 .array/port v0x94d114f00, 5849;
v0x94d114f00_5850 .array/port v0x94d114f00, 5850;
E_0x94d065880/1462 .event anyedge, v0x94d114f00_5847, v0x94d114f00_5848, v0x94d114f00_5849, v0x94d114f00_5850;
v0x94d114f00_5851 .array/port v0x94d114f00, 5851;
v0x94d114f00_5852 .array/port v0x94d114f00, 5852;
v0x94d114f00_5853 .array/port v0x94d114f00, 5853;
v0x94d114f00_5854 .array/port v0x94d114f00, 5854;
E_0x94d065880/1463 .event anyedge, v0x94d114f00_5851, v0x94d114f00_5852, v0x94d114f00_5853, v0x94d114f00_5854;
v0x94d114f00_5855 .array/port v0x94d114f00, 5855;
v0x94d114f00_5856 .array/port v0x94d114f00, 5856;
v0x94d114f00_5857 .array/port v0x94d114f00, 5857;
v0x94d114f00_5858 .array/port v0x94d114f00, 5858;
E_0x94d065880/1464 .event anyedge, v0x94d114f00_5855, v0x94d114f00_5856, v0x94d114f00_5857, v0x94d114f00_5858;
v0x94d114f00_5859 .array/port v0x94d114f00, 5859;
v0x94d114f00_5860 .array/port v0x94d114f00, 5860;
v0x94d114f00_5861 .array/port v0x94d114f00, 5861;
v0x94d114f00_5862 .array/port v0x94d114f00, 5862;
E_0x94d065880/1465 .event anyedge, v0x94d114f00_5859, v0x94d114f00_5860, v0x94d114f00_5861, v0x94d114f00_5862;
v0x94d114f00_5863 .array/port v0x94d114f00, 5863;
v0x94d114f00_5864 .array/port v0x94d114f00, 5864;
v0x94d114f00_5865 .array/port v0x94d114f00, 5865;
v0x94d114f00_5866 .array/port v0x94d114f00, 5866;
E_0x94d065880/1466 .event anyedge, v0x94d114f00_5863, v0x94d114f00_5864, v0x94d114f00_5865, v0x94d114f00_5866;
v0x94d114f00_5867 .array/port v0x94d114f00, 5867;
v0x94d114f00_5868 .array/port v0x94d114f00, 5868;
v0x94d114f00_5869 .array/port v0x94d114f00, 5869;
v0x94d114f00_5870 .array/port v0x94d114f00, 5870;
E_0x94d065880/1467 .event anyedge, v0x94d114f00_5867, v0x94d114f00_5868, v0x94d114f00_5869, v0x94d114f00_5870;
v0x94d114f00_5871 .array/port v0x94d114f00, 5871;
v0x94d114f00_5872 .array/port v0x94d114f00, 5872;
v0x94d114f00_5873 .array/port v0x94d114f00, 5873;
v0x94d114f00_5874 .array/port v0x94d114f00, 5874;
E_0x94d065880/1468 .event anyedge, v0x94d114f00_5871, v0x94d114f00_5872, v0x94d114f00_5873, v0x94d114f00_5874;
v0x94d114f00_5875 .array/port v0x94d114f00, 5875;
v0x94d114f00_5876 .array/port v0x94d114f00, 5876;
v0x94d114f00_5877 .array/port v0x94d114f00, 5877;
v0x94d114f00_5878 .array/port v0x94d114f00, 5878;
E_0x94d065880/1469 .event anyedge, v0x94d114f00_5875, v0x94d114f00_5876, v0x94d114f00_5877, v0x94d114f00_5878;
v0x94d114f00_5879 .array/port v0x94d114f00, 5879;
v0x94d114f00_5880 .array/port v0x94d114f00, 5880;
v0x94d114f00_5881 .array/port v0x94d114f00, 5881;
v0x94d114f00_5882 .array/port v0x94d114f00, 5882;
E_0x94d065880/1470 .event anyedge, v0x94d114f00_5879, v0x94d114f00_5880, v0x94d114f00_5881, v0x94d114f00_5882;
v0x94d114f00_5883 .array/port v0x94d114f00, 5883;
v0x94d114f00_5884 .array/port v0x94d114f00, 5884;
v0x94d114f00_5885 .array/port v0x94d114f00, 5885;
v0x94d114f00_5886 .array/port v0x94d114f00, 5886;
E_0x94d065880/1471 .event anyedge, v0x94d114f00_5883, v0x94d114f00_5884, v0x94d114f00_5885, v0x94d114f00_5886;
v0x94d114f00_5887 .array/port v0x94d114f00, 5887;
v0x94d114f00_5888 .array/port v0x94d114f00, 5888;
v0x94d114f00_5889 .array/port v0x94d114f00, 5889;
v0x94d114f00_5890 .array/port v0x94d114f00, 5890;
E_0x94d065880/1472 .event anyedge, v0x94d114f00_5887, v0x94d114f00_5888, v0x94d114f00_5889, v0x94d114f00_5890;
v0x94d114f00_5891 .array/port v0x94d114f00, 5891;
v0x94d114f00_5892 .array/port v0x94d114f00, 5892;
v0x94d114f00_5893 .array/port v0x94d114f00, 5893;
v0x94d114f00_5894 .array/port v0x94d114f00, 5894;
E_0x94d065880/1473 .event anyedge, v0x94d114f00_5891, v0x94d114f00_5892, v0x94d114f00_5893, v0x94d114f00_5894;
v0x94d114f00_5895 .array/port v0x94d114f00, 5895;
v0x94d114f00_5896 .array/port v0x94d114f00, 5896;
v0x94d114f00_5897 .array/port v0x94d114f00, 5897;
v0x94d114f00_5898 .array/port v0x94d114f00, 5898;
E_0x94d065880/1474 .event anyedge, v0x94d114f00_5895, v0x94d114f00_5896, v0x94d114f00_5897, v0x94d114f00_5898;
v0x94d114f00_5899 .array/port v0x94d114f00, 5899;
v0x94d114f00_5900 .array/port v0x94d114f00, 5900;
v0x94d114f00_5901 .array/port v0x94d114f00, 5901;
v0x94d114f00_5902 .array/port v0x94d114f00, 5902;
E_0x94d065880/1475 .event anyedge, v0x94d114f00_5899, v0x94d114f00_5900, v0x94d114f00_5901, v0x94d114f00_5902;
v0x94d114f00_5903 .array/port v0x94d114f00, 5903;
v0x94d114f00_5904 .array/port v0x94d114f00, 5904;
v0x94d114f00_5905 .array/port v0x94d114f00, 5905;
v0x94d114f00_5906 .array/port v0x94d114f00, 5906;
E_0x94d065880/1476 .event anyedge, v0x94d114f00_5903, v0x94d114f00_5904, v0x94d114f00_5905, v0x94d114f00_5906;
v0x94d114f00_5907 .array/port v0x94d114f00, 5907;
v0x94d114f00_5908 .array/port v0x94d114f00, 5908;
v0x94d114f00_5909 .array/port v0x94d114f00, 5909;
v0x94d114f00_5910 .array/port v0x94d114f00, 5910;
E_0x94d065880/1477 .event anyedge, v0x94d114f00_5907, v0x94d114f00_5908, v0x94d114f00_5909, v0x94d114f00_5910;
v0x94d114f00_5911 .array/port v0x94d114f00, 5911;
v0x94d114f00_5912 .array/port v0x94d114f00, 5912;
v0x94d114f00_5913 .array/port v0x94d114f00, 5913;
v0x94d114f00_5914 .array/port v0x94d114f00, 5914;
E_0x94d065880/1478 .event anyedge, v0x94d114f00_5911, v0x94d114f00_5912, v0x94d114f00_5913, v0x94d114f00_5914;
v0x94d114f00_5915 .array/port v0x94d114f00, 5915;
v0x94d114f00_5916 .array/port v0x94d114f00, 5916;
v0x94d114f00_5917 .array/port v0x94d114f00, 5917;
v0x94d114f00_5918 .array/port v0x94d114f00, 5918;
E_0x94d065880/1479 .event anyedge, v0x94d114f00_5915, v0x94d114f00_5916, v0x94d114f00_5917, v0x94d114f00_5918;
v0x94d114f00_5919 .array/port v0x94d114f00, 5919;
v0x94d114f00_5920 .array/port v0x94d114f00, 5920;
v0x94d114f00_5921 .array/port v0x94d114f00, 5921;
v0x94d114f00_5922 .array/port v0x94d114f00, 5922;
E_0x94d065880/1480 .event anyedge, v0x94d114f00_5919, v0x94d114f00_5920, v0x94d114f00_5921, v0x94d114f00_5922;
v0x94d114f00_5923 .array/port v0x94d114f00, 5923;
v0x94d114f00_5924 .array/port v0x94d114f00, 5924;
v0x94d114f00_5925 .array/port v0x94d114f00, 5925;
v0x94d114f00_5926 .array/port v0x94d114f00, 5926;
E_0x94d065880/1481 .event anyedge, v0x94d114f00_5923, v0x94d114f00_5924, v0x94d114f00_5925, v0x94d114f00_5926;
v0x94d114f00_5927 .array/port v0x94d114f00, 5927;
v0x94d114f00_5928 .array/port v0x94d114f00, 5928;
v0x94d114f00_5929 .array/port v0x94d114f00, 5929;
v0x94d114f00_5930 .array/port v0x94d114f00, 5930;
E_0x94d065880/1482 .event anyedge, v0x94d114f00_5927, v0x94d114f00_5928, v0x94d114f00_5929, v0x94d114f00_5930;
v0x94d114f00_5931 .array/port v0x94d114f00, 5931;
v0x94d114f00_5932 .array/port v0x94d114f00, 5932;
v0x94d114f00_5933 .array/port v0x94d114f00, 5933;
v0x94d114f00_5934 .array/port v0x94d114f00, 5934;
E_0x94d065880/1483 .event anyedge, v0x94d114f00_5931, v0x94d114f00_5932, v0x94d114f00_5933, v0x94d114f00_5934;
v0x94d114f00_5935 .array/port v0x94d114f00, 5935;
v0x94d114f00_5936 .array/port v0x94d114f00, 5936;
v0x94d114f00_5937 .array/port v0x94d114f00, 5937;
v0x94d114f00_5938 .array/port v0x94d114f00, 5938;
E_0x94d065880/1484 .event anyedge, v0x94d114f00_5935, v0x94d114f00_5936, v0x94d114f00_5937, v0x94d114f00_5938;
v0x94d114f00_5939 .array/port v0x94d114f00, 5939;
v0x94d114f00_5940 .array/port v0x94d114f00, 5940;
v0x94d114f00_5941 .array/port v0x94d114f00, 5941;
v0x94d114f00_5942 .array/port v0x94d114f00, 5942;
E_0x94d065880/1485 .event anyedge, v0x94d114f00_5939, v0x94d114f00_5940, v0x94d114f00_5941, v0x94d114f00_5942;
v0x94d114f00_5943 .array/port v0x94d114f00, 5943;
v0x94d114f00_5944 .array/port v0x94d114f00, 5944;
v0x94d114f00_5945 .array/port v0x94d114f00, 5945;
v0x94d114f00_5946 .array/port v0x94d114f00, 5946;
E_0x94d065880/1486 .event anyedge, v0x94d114f00_5943, v0x94d114f00_5944, v0x94d114f00_5945, v0x94d114f00_5946;
v0x94d114f00_5947 .array/port v0x94d114f00, 5947;
v0x94d114f00_5948 .array/port v0x94d114f00, 5948;
v0x94d114f00_5949 .array/port v0x94d114f00, 5949;
v0x94d114f00_5950 .array/port v0x94d114f00, 5950;
E_0x94d065880/1487 .event anyedge, v0x94d114f00_5947, v0x94d114f00_5948, v0x94d114f00_5949, v0x94d114f00_5950;
v0x94d114f00_5951 .array/port v0x94d114f00, 5951;
v0x94d114f00_5952 .array/port v0x94d114f00, 5952;
v0x94d114f00_5953 .array/port v0x94d114f00, 5953;
v0x94d114f00_5954 .array/port v0x94d114f00, 5954;
E_0x94d065880/1488 .event anyedge, v0x94d114f00_5951, v0x94d114f00_5952, v0x94d114f00_5953, v0x94d114f00_5954;
v0x94d114f00_5955 .array/port v0x94d114f00, 5955;
v0x94d114f00_5956 .array/port v0x94d114f00, 5956;
v0x94d114f00_5957 .array/port v0x94d114f00, 5957;
v0x94d114f00_5958 .array/port v0x94d114f00, 5958;
E_0x94d065880/1489 .event anyedge, v0x94d114f00_5955, v0x94d114f00_5956, v0x94d114f00_5957, v0x94d114f00_5958;
v0x94d114f00_5959 .array/port v0x94d114f00, 5959;
v0x94d114f00_5960 .array/port v0x94d114f00, 5960;
v0x94d114f00_5961 .array/port v0x94d114f00, 5961;
v0x94d114f00_5962 .array/port v0x94d114f00, 5962;
E_0x94d065880/1490 .event anyedge, v0x94d114f00_5959, v0x94d114f00_5960, v0x94d114f00_5961, v0x94d114f00_5962;
v0x94d114f00_5963 .array/port v0x94d114f00, 5963;
v0x94d114f00_5964 .array/port v0x94d114f00, 5964;
v0x94d114f00_5965 .array/port v0x94d114f00, 5965;
v0x94d114f00_5966 .array/port v0x94d114f00, 5966;
E_0x94d065880/1491 .event anyedge, v0x94d114f00_5963, v0x94d114f00_5964, v0x94d114f00_5965, v0x94d114f00_5966;
v0x94d114f00_5967 .array/port v0x94d114f00, 5967;
v0x94d114f00_5968 .array/port v0x94d114f00, 5968;
v0x94d114f00_5969 .array/port v0x94d114f00, 5969;
v0x94d114f00_5970 .array/port v0x94d114f00, 5970;
E_0x94d065880/1492 .event anyedge, v0x94d114f00_5967, v0x94d114f00_5968, v0x94d114f00_5969, v0x94d114f00_5970;
v0x94d114f00_5971 .array/port v0x94d114f00, 5971;
v0x94d114f00_5972 .array/port v0x94d114f00, 5972;
v0x94d114f00_5973 .array/port v0x94d114f00, 5973;
v0x94d114f00_5974 .array/port v0x94d114f00, 5974;
E_0x94d065880/1493 .event anyedge, v0x94d114f00_5971, v0x94d114f00_5972, v0x94d114f00_5973, v0x94d114f00_5974;
v0x94d114f00_5975 .array/port v0x94d114f00, 5975;
v0x94d114f00_5976 .array/port v0x94d114f00, 5976;
v0x94d114f00_5977 .array/port v0x94d114f00, 5977;
v0x94d114f00_5978 .array/port v0x94d114f00, 5978;
E_0x94d065880/1494 .event anyedge, v0x94d114f00_5975, v0x94d114f00_5976, v0x94d114f00_5977, v0x94d114f00_5978;
v0x94d114f00_5979 .array/port v0x94d114f00, 5979;
v0x94d114f00_5980 .array/port v0x94d114f00, 5980;
v0x94d114f00_5981 .array/port v0x94d114f00, 5981;
v0x94d114f00_5982 .array/port v0x94d114f00, 5982;
E_0x94d065880/1495 .event anyedge, v0x94d114f00_5979, v0x94d114f00_5980, v0x94d114f00_5981, v0x94d114f00_5982;
v0x94d114f00_5983 .array/port v0x94d114f00, 5983;
v0x94d114f00_5984 .array/port v0x94d114f00, 5984;
v0x94d114f00_5985 .array/port v0x94d114f00, 5985;
v0x94d114f00_5986 .array/port v0x94d114f00, 5986;
E_0x94d065880/1496 .event anyedge, v0x94d114f00_5983, v0x94d114f00_5984, v0x94d114f00_5985, v0x94d114f00_5986;
v0x94d114f00_5987 .array/port v0x94d114f00, 5987;
v0x94d114f00_5988 .array/port v0x94d114f00, 5988;
v0x94d114f00_5989 .array/port v0x94d114f00, 5989;
v0x94d114f00_5990 .array/port v0x94d114f00, 5990;
E_0x94d065880/1497 .event anyedge, v0x94d114f00_5987, v0x94d114f00_5988, v0x94d114f00_5989, v0x94d114f00_5990;
v0x94d114f00_5991 .array/port v0x94d114f00, 5991;
v0x94d114f00_5992 .array/port v0x94d114f00, 5992;
v0x94d114f00_5993 .array/port v0x94d114f00, 5993;
v0x94d114f00_5994 .array/port v0x94d114f00, 5994;
E_0x94d065880/1498 .event anyedge, v0x94d114f00_5991, v0x94d114f00_5992, v0x94d114f00_5993, v0x94d114f00_5994;
v0x94d114f00_5995 .array/port v0x94d114f00, 5995;
v0x94d114f00_5996 .array/port v0x94d114f00, 5996;
v0x94d114f00_5997 .array/port v0x94d114f00, 5997;
v0x94d114f00_5998 .array/port v0x94d114f00, 5998;
E_0x94d065880/1499 .event anyedge, v0x94d114f00_5995, v0x94d114f00_5996, v0x94d114f00_5997, v0x94d114f00_5998;
v0x94d114f00_5999 .array/port v0x94d114f00, 5999;
v0x94d114f00_6000 .array/port v0x94d114f00, 6000;
v0x94d114f00_6001 .array/port v0x94d114f00, 6001;
v0x94d114f00_6002 .array/port v0x94d114f00, 6002;
E_0x94d065880/1500 .event anyedge, v0x94d114f00_5999, v0x94d114f00_6000, v0x94d114f00_6001, v0x94d114f00_6002;
v0x94d114f00_6003 .array/port v0x94d114f00, 6003;
v0x94d114f00_6004 .array/port v0x94d114f00, 6004;
v0x94d114f00_6005 .array/port v0x94d114f00, 6005;
v0x94d114f00_6006 .array/port v0x94d114f00, 6006;
E_0x94d065880/1501 .event anyedge, v0x94d114f00_6003, v0x94d114f00_6004, v0x94d114f00_6005, v0x94d114f00_6006;
v0x94d114f00_6007 .array/port v0x94d114f00, 6007;
v0x94d114f00_6008 .array/port v0x94d114f00, 6008;
v0x94d114f00_6009 .array/port v0x94d114f00, 6009;
v0x94d114f00_6010 .array/port v0x94d114f00, 6010;
E_0x94d065880/1502 .event anyedge, v0x94d114f00_6007, v0x94d114f00_6008, v0x94d114f00_6009, v0x94d114f00_6010;
v0x94d114f00_6011 .array/port v0x94d114f00, 6011;
v0x94d114f00_6012 .array/port v0x94d114f00, 6012;
v0x94d114f00_6013 .array/port v0x94d114f00, 6013;
v0x94d114f00_6014 .array/port v0x94d114f00, 6014;
E_0x94d065880/1503 .event anyedge, v0x94d114f00_6011, v0x94d114f00_6012, v0x94d114f00_6013, v0x94d114f00_6014;
v0x94d114f00_6015 .array/port v0x94d114f00, 6015;
v0x94d114f00_6016 .array/port v0x94d114f00, 6016;
v0x94d114f00_6017 .array/port v0x94d114f00, 6017;
v0x94d114f00_6018 .array/port v0x94d114f00, 6018;
E_0x94d065880/1504 .event anyedge, v0x94d114f00_6015, v0x94d114f00_6016, v0x94d114f00_6017, v0x94d114f00_6018;
v0x94d114f00_6019 .array/port v0x94d114f00, 6019;
v0x94d114f00_6020 .array/port v0x94d114f00, 6020;
v0x94d114f00_6021 .array/port v0x94d114f00, 6021;
v0x94d114f00_6022 .array/port v0x94d114f00, 6022;
E_0x94d065880/1505 .event anyedge, v0x94d114f00_6019, v0x94d114f00_6020, v0x94d114f00_6021, v0x94d114f00_6022;
v0x94d114f00_6023 .array/port v0x94d114f00, 6023;
v0x94d114f00_6024 .array/port v0x94d114f00, 6024;
v0x94d114f00_6025 .array/port v0x94d114f00, 6025;
v0x94d114f00_6026 .array/port v0x94d114f00, 6026;
E_0x94d065880/1506 .event anyedge, v0x94d114f00_6023, v0x94d114f00_6024, v0x94d114f00_6025, v0x94d114f00_6026;
v0x94d114f00_6027 .array/port v0x94d114f00, 6027;
v0x94d114f00_6028 .array/port v0x94d114f00, 6028;
v0x94d114f00_6029 .array/port v0x94d114f00, 6029;
v0x94d114f00_6030 .array/port v0x94d114f00, 6030;
E_0x94d065880/1507 .event anyedge, v0x94d114f00_6027, v0x94d114f00_6028, v0x94d114f00_6029, v0x94d114f00_6030;
v0x94d114f00_6031 .array/port v0x94d114f00, 6031;
v0x94d114f00_6032 .array/port v0x94d114f00, 6032;
v0x94d114f00_6033 .array/port v0x94d114f00, 6033;
v0x94d114f00_6034 .array/port v0x94d114f00, 6034;
E_0x94d065880/1508 .event anyedge, v0x94d114f00_6031, v0x94d114f00_6032, v0x94d114f00_6033, v0x94d114f00_6034;
v0x94d114f00_6035 .array/port v0x94d114f00, 6035;
v0x94d114f00_6036 .array/port v0x94d114f00, 6036;
v0x94d114f00_6037 .array/port v0x94d114f00, 6037;
v0x94d114f00_6038 .array/port v0x94d114f00, 6038;
E_0x94d065880/1509 .event anyedge, v0x94d114f00_6035, v0x94d114f00_6036, v0x94d114f00_6037, v0x94d114f00_6038;
v0x94d114f00_6039 .array/port v0x94d114f00, 6039;
v0x94d114f00_6040 .array/port v0x94d114f00, 6040;
v0x94d114f00_6041 .array/port v0x94d114f00, 6041;
v0x94d114f00_6042 .array/port v0x94d114f00, 6042;
E_0x94d065880/1510 .event anyedge, v0x94d114f00_6039, v0x94d114f00_6040, v0x94d114f00_6041, v0x94d114f00_6042;
v0x94d114f00_6043 .array/port v0x94d114f00, 6043;
v0x94d114f00_6044 .array/port v0x94d114f00, 6044;
v0x94d114f00_6045 .array/port v0x94d114f00, 6045;
v0x94d114f00_6046 .array/port v0x94d114f00, 6046;
E_0x94d065880/1511 .event anyedge, v0x94d114f00_6043, v0x94d114f00_6044, v0x94d114f00_6045, v0x94d114f00_6046;
v0x94d114f00_6047 .array/port v0x94d114f00, 6047;
v0x94d114f00_6048 .array/port v0x94d114f00, 6048;
v0x94d114f00_6049 .array/port v0x94d114f00, 6049;
v0x94d114f00_6050 .array/port v0x94d114f00, 6050;
E_0x94d065880/1512 .event anyedge, v0x94d114f00_6047, v0x94d114f00_6048, v0x94d114f00_6049, v0x94d114f00_6050;
v0x94d114f00_6051 .array/port v0x94d114f00, 6051;
v0x94d114f00_6052 .array/port v0x94d114f00, 6052;
v0x94d114f00_6053 .array/port v0x94d114f00, 6053;
v0x94d114f00_6054 .array/port v0x94d114f00, 6054;
E_0x94d065880/1513 .event anyedge, v0x94d114f00_6051, v0x94d114f00_6052, v0x94d114f00_6053, v0x94d114f00_6054;
v0x94d114f00_6055 .array/port v0x94d114f00, 6055;
v0x94d114f00_6056 .array/port v0x94d114f00, 6056;
v0x94d114f00_6057 .array/port v0x94d114f00, 6057;
v0x94d114f00_6058 .array/port v0x94d114f00, 6058;
E_0x94d065880/1514 .event anyedge, v0x94d114f00_6055, v0x94d114f00_6056, v0x94d114f00_6057, v0x94d114f00_6058;
v0x94d114f00_6059 .array/port v0x94d114f00, 6059;
v0x94d114f00_6060 .array/port v0x94d114f00, 6060;
v0x94d114f00_6061 .array/port v0x94d114f00, 6061;
v0x94d114f00_6062 .array/port v0x94d114f00, 6062;
E_0x94d065880/1515 .event anyedge, v0x94d114f00_6059, v0x94d114f00_6060, v0x94d114f00_6061, v0x94d114f00_6062;
v0x94d114f00_6063 .array/port v0x94d114f00, 6063;
v0x94d114f00_6064 .array/port v0x94d114f00, 6064;
v0x94d114f00_6065 .array/port v0x94d114f00, 6065;
v0x94d114f00_6066 .array/port v0x94d114f00, 6066;
E_0x94d065880/1516 .event anyedge, v0x94d114f00_6063, v0x94d114f00_6064, v0x94d114f00_6065, v0x94d114f00_6066;
v0x94d114f00_6067 .array/port v0x94d114f00, 6067;
v0x94d114f00_6068 .array/port v0x94d114f00, 6068;
v0x94d114f00_6069 .array/port v0x94d114f00, 6069;
v0x94d114f00_6070 .array/port v0x94d114f00, 6070;
E_0x94d065880/1517 .event anyedge, v0x94d114f00_6067, v0x94d114f00_6068, v0x94d114f00_6069, v0x94d114f00_6070;
v0x94d114f00_6071 .array/port v0x94d114f00, 6071;
v0x94d114f00_6072 .array/port v0x94d114f00, 6072;
v0x94d114f00_6073 .array/port v0x94d114f00, 6073;
v0x94d114f00_6074 .array/port v0x94d114f00, 6074;
E_0x94d065880/1518 .event anyedge, v0x94d114f00_6071, v0x94d114f00_6072, v0x94d114f00_6073, v0x94d114f00_6074;
v0x94d114f00_6075 .array/port v0x94d114f00, 6075;
v0x94d114f00_6076 .array/port v0x94d114f00, 6076;
v0x94d114f00_6077 .array/port v0x94d114f00, 6077;
v0x94d114f00_6078 .array/port v0x94d114f00, 6078;
E_0x94d065880/1519 .event anyedge, v0x94d114f00_6075, v0x94d114f00_6076, v0x94d114f00_6077, v0x94d114f00_6078;
v0x94d114f00_6079 .array/port v0x94d114f00, 6079;
v0x94d114f00_6080 .array/port v0x94d114f00, 6080;
v0x94d114f00_6081 .array/port v0x94d114f00, 6081;
v0x94d114f00_6082 .array/port v0x94d114f00, 6082;
E_0x94d065880/1520 .event anyedge, v0x94d114f00_6079, v0x94d114f00_6080, v0x94d114f00_6081, v0x94d114f00_6082;
v0x94d114f00_6083 .array/port v0x94d114f00, 6083;
v0x94d114f00_6084 .array/port v0x94d114f00, 6084;
v0x94d114f00_6085 .array/port v0x94d114f00, 6085;
v0x94d114f00_6086 .array/port v0x94d114f00, 6086;
E_0x94d065880/1521 .event anyedge, v0x94d114f00_6083, v0x94d114f00_6084, v0x94d114f00_6085, v0x94d114f00_6086;
v0x94d114f00_6087 .array/port v0x94d114f00, 6087;
v0x94d114f00_6088 .array/port v0x94d114f00, 6088;
v0x94d114f00_6089 .array/port v0x94d114f00, 6089;
v0x94d114f00_6090 .array/port v0x94d114f00, 6090;
E_0x94d065880/1522 .event anyedge, v0x94d114f00_6087, v0x94d114f00_6088, v0x94d114f00_6089, v0x94d114f00_6090;
v0x94d114f00_6091 .array/port v0x94d114f00, 6091;
v0x94d114f00_6092 .array/port v0x94d114f00, 6092;
v0x94d114f00_6093 .array/port v0x94d114f00, 6093;
v0x94d114f00_6094 .array/port v0x94d114f00, 6094;
E_0x94d065880/1523 .event anyedge, v0x94d114f00_6091, v0x94d114f00_6092, v0x94d114f00_6093, v0x94d114f00_6094;
v0x94d114f00_6095 .array/port v0x94d114f00, 6095;
v0x94d114f00_6096 .array/port v0x94d114f00, 6096;
v0x94d114f00_6097 .array/port v0x94d114f00, 6097;
v0x94d114f00_6098 .array/port v0x94d114f00, 6098;
E_0x94d065880/1524 .event anyedge, v0x94d114f00_6095, v0x94d114f00_6096, v0x94d114f00_6097, v0x94d114f00_6098;
v0x94d114f00_6099 .array/port v0x94d114f00, 6099;
v0x94d114f00_6100 .array/port v0x94d114f00, 6100;
v0x94d114f00_6101 .array/port v0x94d114f00, 6101;
v0x94d114f00_6102 .array/port v0x94d114f00, 6102;
E_0x94d065880/1525 .event anyedge, v0x94d114f00_6099, v0x94d114f00_6100, v0x94d114f00_6101, v0x94d114f00_6102;
v0x94d114f00_6103 .array/port v0x94d114f00, 6103;
v0x94d114f00_6104 .array/port v0x94d114f00, 6104;
v0x94d114f00_6105 .array/port v0x94d114f00, 6105;
v0x94d114f00_6106 .array/port v0x94d114f00, 6106;
E_0x94d065880/1526 .event anyedge, v0x94d114f00_6103, v0x94d114f00_6104, v0x94d114f00_6105, v0x94d114f00_6106;
v0x94d114f00_6107 .array/port v0x94d114f00, 6107;
v0x94d114f00_6108 .array/port v0x94d114f00, 6108;
v0x94d114f00_6109 .array/port v0x94d114f00, 6109;
v0x94d114f00_6110 .array/port v0x94d114f00, 6110;
E_0x94d065880/1527 .event anyedge, v0x94d114f00_6107, v0x94d114f00_6108, v0x94d114f00_6109, v0x94d114f00_6110;
v0x94d114f00_6111 .array/port v0x94d114f00, 6111;
v0x94d114f00_6112 .array/port v0x94d114f00, 6112;
v0x94d114f00_6113 .array/port v0x94d114f00, 6113;
v0x94d114f00_6114 .array/port v0x94d114f00, 6114;
E_0x94d065880/1528 .event anyedge, v0x94d114f00_6111, v0x94d114f00_6112, v0x94d114f00_6113, v0x94d114f00_6114;
v0x94d114f00_6115 .array/port v0x94d114f00, 6115;
v0x94d114f00_6116 .array/port v0x94d114f00, 6116;
v0x94d114f00_6117 .array/port v0x94d114f00, 6117;
v0x94d114f00_6118 .array/port v0x94d114f00, 6118;
E_0x94d065880/1529 .event anyedge, v0x94d114f00_6115, v0x94d114f00_6116, v0x94d114f00_6117, v0x94d114f00_6118;
v0x94d114f00_6119 .array/port v0x94d114f00, 6119;
v0x94d114f00_6120 .array/port v0x94d114f00, 6120;
v0x94d114f00_6121 .array/port v0x94d114f00, 6121;
v0x94d114f00_6122 .array/port v0x94d114f00, 6122;
E_0x94d065880/1530 .event anyedge, v0x94d114f00_6119, v0x94d114f00_6120, v0x94d114f00_6121, v0x94d114f00_6122;
v0x94d114f00_6123 .array/port v0x94d114f00, 6123;
v0x94d114f00_6124 .array/port v0x94d114f00, 6124;
v0x94d114f00_6125 .array/port v0x94d114f00, 6125;
v0x94d114f00_6126 .array/port v0x94d114f00, 6126;
E_0x94d065880/1531 .event anyedge, v0x94d114f00_6123, v0x94d114f00_6124, v0x94d114f00_6125, v0x94d114f00_6126;
v0x94d114f00_6127 .array/port v0x94d114f00, 6127;
v0x94d114f00_6128 .array/port v0x94d114f00, 6128;
v0x94d114f00_6129 .array/port v0x94d114f00, 6129;
v0x94d114f00_6130 .array/port v0x94d114f00, 6130;
E_0x94d065880/1532 .event anyedge, v0x94d114f00_6127, v0x94d114f00_6128, v0x94d114f00_6129, v0x94d114f00_6130;
v0x94d114f00_6131 .array/port v0x94d114f00, 6131;
v0x94d114f00_6132 .array/port v0x94d114f00, 6132;
v0x94d114f00_6133 .array/port v0x94d114f00, 6133;
v0x94d114f00_6134 .array/port v0x94d114f00, 6134;
E_0x94d065880/1533 .event anyedge, v0x94d114f00_6131, v0x94d114f00_6132, v0x94d114f00_6133, v0x94d114f00_6134;
v0x94d114f00_6135 .array/port v0x94d114f00, 6135;
v0x94d114f00_6136 .array/port v0x94d114f00, 6136;
v0x94d114f00_6137 .array/port v0x94d114f00, 6137;
v0x94d114f00_6138 .array/port v0x94d114f00, 6138;
E_0x94d065880/1534 .event anyedge, v0x94d114f00_6135, v0x94d114f00_6136, v0x94d114f00_6137, v0x94d114f00_6138;
v0x94d114f00_6139 .array/port v0x94d114f00, 6139;
v0x94d114f00_6140 .array/port v0x94d114f00, 6140;
v0x94d114f00_6141 .array/port v0x94d114f00, 6141;
v0x94d114f00_6142 .array/port v0x94d114f00, 6142;
E_0x94d065880/1535 .event anyedge, v0x94d114f00_6139, v0x94d114f00_6140, v0x94d114f00_6141, v0x94d114f00_6142;
v0x94d114f00_6143 .array/port v0x94d114f00, 6143;
v0x94d114f00_6144 .array/port v0x94d114f00, 6144;
v0x94d114f00_6145 .array/port v0x94d114f00, 6145;
v0x94d114f00_6146 .array/port v0x94d114f00, 6146;
E_0x94d065880/1536 .event anyedge, v0x94d114f00_6143, v0x94d114f00_6144, v0x94d114f00_6145, v0x94d114f00_6146;
v0x94d114f00_6147 .array/port v0x94d114f00, 6147;
v0x94d114f00_6148 .array/port v0x94d114f00, 6148;
v0x94d114f00_6149 .array/port v0x94d114f00, 6149;
v0x94d114f00_6150 .array/port v0x94d114f00, 6150;
E_0x94d065880/1537 .event anyedge, v0x94d114f00_6147, v0x94d114f00_6148, v0x94d114f00_6149, v0x94d114f00_6150;
v0x94d114f00_6151 .array/port v0x94d114f00, 6151;
v0x94d114f00_6152 .array/port v0x94d114f00, 6152;
v0x94d114f00_6153 .array/port v0x94d114f00, 6153;
v0x94d114f00_6154 .array/port v0x94d114f00, 6154;
E_0x94d065880/1538 .event anyedge, v0x94d114f00_6151, v0x94d114f00_6152, v0x94d114f00_6153, v0x94d114f00_6154;
v0x94d114f00_6155 .array/port v0x94d114f00, 6155;
v0x94d114f00_6156 .array/port v0x94d114f00, 6156;
v0x94d114f00_6157 .array/port v0x94d114f00, 6157;
v0x94d114f00_6158 .array/port v0x94d114f00, 6158;
E_0x94d065880/1539 .event anyedge, v0x94d114f00_6155, v0x94d114f00_6156, v0x94d114f00_6157, v0x94d114f00_6158;
v0x94d114f00_6159 .array/port v0x94d114f00, 6159;
v0x94d114f00_6160 .array/port v0x94d114f00, 6160;
v0x94d114f00_6161 .array/port v0x94d114f00, 6161;
v0x94d114f00_6162 .array/port v0x94d114f00, 6162;
E_0x94d065880/1540 .event anyedge, v0x94d114f00_6159, v0x94d114f00_6160, v0x94d114f00_6161, v0x94d114f00_6162;
v0x94d114f00_6163 .array/port v0x94d114f00, 6163;
v0x94d114f00_6164 .array/port v0x94d114f00, 6164;
v0x94d114f00_6165 .array/port v0x94d114f00, 6165;
v0x94d114f00_6166 .array/port v0x94d114f00, 6166;
E_0x94d065880/1541 .event anyedge, v0x94d114f00_6163, v0x94d114f00_6164, v0x94d114f00_6165, v0x94d114f00_6166;
v0x94d114f00_6167 .array/port v0x94d114f00, 6167;
v0x94d114f00_6168 .array/port v0x94d114f00, 6168;
v0x94d114f00_6169 .array/port v0x94d114f00, 6169;
v0x94d114f00_6170 .array/port v0x94d114f00, 6170;
E_0x94d065880/1542 .event anyedge, v0x94d114f00_6167, v0x94d114f00_6168, v0x94d114f00_6169, v0x94d114f00_6170;
v0x94d114f00_6171 .array/port v0x94d114f00, 6171;
v0x94d114f00_6172 .array/port v0x94d114f00, 6172;
v0x94d114f00_6173 .array/port v0x94d114f00, 6173;
v0x94d114f00_6174 .array/port v0x94d114f00, 6174;
E_0x94d065880/1543 .event anyedge, v0x94d114f00_6171, v0x94d114f00_6172, v0x94d114f00_6173, v0x94d114f00_6174;
v0x94d114f00_6175 .array/port v0x94d114f00, 6175;
v0x94d114f00_6176 .array/port v0x94d114f00, 6176;
v0x94d114f00_6177 .array/port v0x94d114f00, 6177;
v0x94d114f00_6178 .array/port v0x94d114f00, 6178;
E_0x94d065880/1544 .event anyedge, v0x94d114f00_6175, v0x94d114f00_6176, v0x94d114f00_6177, v0x94d114f00_6178;
v0x94d114f00_6179 .array/port v0x94d114f00, 6179;
v0x94d114f00_6180 .array/port v0x94d114f00, 6180;
v0x94d114f00_6181 .array/port v0x94d114f00, 6181;
v0x94d114f00_6182 .array/port v0x94d114f00, 6182;
E_0x94d065880/1545 .event anyedge, v0x94d114f00_6179, v0x94d114f00_6180, v0x94d114f00_6181, v0x94d114f00_6182;
v0x94d114f00_6183 .array/port v0x94d114f00, 6183;
v0x94d114f00_6184 .array/port v0x94d114f00, 6184;
v0x94d114f00_6185 .array/port v0x94d114f00, 6185;
v0x94d114f00_6186 .array/port v0x94d114f00, 6186;
E_0x94d065880/1546 .event anyedge, v0x94d114f00_6183, v0x94d114f00_6184, v0x94d114f00_6185, v0x94d114f00_6186;
v0x94d114f00_6187 .array/port v0x94d114f00, 6187;
v0x94d114f00_6188 .array/port v0x94d114f00, 6188;
v0x94d114f00_6189 .array/port v0x94d114f00, 6189;
v0x94d114f00_6190 .array/port v0x94d114f00, 6190;
E_0x94d065880/1547 .event anyedge, v0x94d114f00_6187, v0x94d114f00_6188, v0x94d114f00_6189, v0x94d114f00_6190;
v0x94d114f00_6191 .array/port v0x94d114f00, 6191;
v0x94d114f00_6192 .array/port v0x94d114f00, 6192;
v0x94d114f00_6193 .array/port v0x94d114f00, 6193;
v0x94d114f00_6194 .array/port v0x94d114f00, 6194;
E_0x94d065880/1548 .event anyedge, v0x94d114f00_6191, v0x94d114f00_6192, v0x94d114f00_6193, v0x94d114f00_6194;
v0x94d114f00_6195 .array/port v0x94d114f00, 6195;
v0x94d114f00_6196 .array/port v0x94d114f00, 6196;
v0x94d114f00_6197 .array/port v0x94d114f00, 6197;
v0x94d114f00_6198 .array/port v0x94d114f00, 6198;
E_0x94d065880/1549 .event anyedge, v0x94d114f00_6195, v0x94d114f00_6196, v0x94d114f00_6197, v0x94d114f00_6198;
v0x94d114f00_6199 .array/port v0x94d114f00, 6199;
v0x94d114f00_6200 .array/port v0x94d114f00, 6200;
v0x94d114f00_6201 .array/port v0x94d114f00, 6201;
v0x94d114f00_6202 .array/port v0x94d114f00, 6202;
E_0x94d065880/1550 .event anyedge, v0x94d114f00_6199, v0x94d114f00_6200, v0x94d114f00_6201, v0x94d114f00_6202;
v0x94d114f00_6203 .array/port v0x94d114f00, 6203;
v0x94d114f00_6204 .array/port v0x94d114f00, 6204;
v0x94d114f00_6205 .array/port v0x94d114f00, 6205;
v0x94d114f00_6206 .array/port v0x94d114f00, 6206;
E_0x94d065880/1551 .event anyedge, v0x94d114f00_6203, v0x94d114f00_6204, v0x94d114f00_6205, v0x94d114f00_6206;
v0x94d114f00_6207 .array/port v0x94d114f00, 6207;
v0x94d114f00_6208 .array/port v0x94d114f00, 6208;
v0x94d114f00_6209 .array/port v0x94d114f00, 6209;
v0x94d114f00_6210 .array/port v0x94d114f00, 6210;
E_0x94d065880/1552 .event anyedge, v0x94d114f00_6207, v0x94d114f00_6208, v0x94d114f00_6209, v0x94d114f00_6210;
v0x94d114f00_6211 .array/port v0x94d114f00, 6211;
v0x94d114f00_6212 .array/port v0x94d114f00, 6212;
v0x94d114f00_6213 .array/port v0x94d114f00, 6213;
v0x94d114f00_6214 .array/port v0x94d114f00, 6214;
E_0x94d065880/1553 .event anyedge, v0x94d114f00_6211, v0x94d114f00_6212, v0x94d114f00_6213, v0x94d114f00_6214;
v0x94d114f00_6215 .array/port v0x94d114f00, 6215;
v0x94d114f00_6216 .array/port v0x94d114f00, 6216;
v0x94d114f00_6217 .array/port v0x94d114f00, 6217;
v0x94d114f00_6218 .array/port v0x94d114f00, 6218;
E_0x94d065880/1554 .event anyedge, v0x94d114f00_6215, v0x94d114f00_6216, v0x94d114f00_6217, v0x94d114f00_6218;
v0x94d114f00_6219 .array/port v0x94d114f00, 6219;
v0x94d114f00_6220 .array/port v0x94d114f00, 6220;
v0x94d114f00_6221 .array/port v0x94d114f00, 6221;
v0x94d114f00_6222 .array/port v0x94d114f00, 6222;
E_0x94d065880/1555 .event anyedge, v0x94d114f00_6219, v0x94d114f00_6220, v0x94d114f00_6221, v0x94d114f00_6222;
v0x94d114f00_6223 .array/port v0x94d114f00, 6223;
v0x94d114f00_6224 .array/port v0x94d114f00, 6224;
v0x94d114f00_6225 .array/port v0x94d114f00, 6225;
v0x94d114f00_6226 .array/port v0x94d114f00, 6226;
E_0x94d065880/1556 .event anyedge, v0x94d114f00_6223, v0x94d114f00_6224, v0x94d114f00_6225, v0x94d114f00_6226;
v0x94d114f00_6227 .array/port v0x94d114f00, 6227;
v0x94d114f00_6228 .array/port v0x94d114f00, 6228;
v0x94d114f00_6229 .array/port v0x94d114f00, 6229;
v0x94d114f00_6230 .array/port v0x94d114f00, 6230;
E_0x94d065880/1557 .event anyedge, v0x94d114f00_6227, v0x94d114f00_6228, v0x94d114f00_6229, v0x94d114f00_6230;
v0x94d114f00_6231 .array/port v0x94d114f00, 6231;
v0x94d114f00_6232 .array/port v0x94d114f00, 6232;
v0x94d114f00_6233 .array/port v0x94d114f00, 6233;
v0x94d114f00_6234 .array/port v0x94d114f00, 6234;
E_0x94d065880/1558 .event anyedge, v0x94d114f00_6231, v0x94d114f00_6232, v0x94d114f00_6233, v0x94d114f00_6234;
v0x94d114f00_6235 .array/port v0x94d114f00, 6235;
v0x94d114f00_6236 .array/port v0x94d114f00, 6236;
v0x94d114f00_6237 .array/port v0x94d114f00, 6237;
v0x94d114f00_6238 .array/port v0x94d114f00, 6238;
E_0x94d065880/1559 .event anyedge, v0x94d114f00_6235, v0x94d114f00_6236, v0x94d114f00_6237, v0x94d114f00_6238;
v0x94d114f00_6239 .array/port v0x94d114f00, 6239;
v0x94d114f00_6240 .array/port v0x94d114f00, 6240;
v0x94d114f00_6241 .array/port v0x94d114f00, 6241;
v0x94d114f00_6242 .array/port v0x94d114f00, 6242;
E_0x94d065880/1560 .event anyedge, v0x94d114f00_6239, v0x94d114f00_6240, v0x94d114f00_6241, v0x94d114f00_6242;
v0x94d114f00_6243 .array/port v0x94d114f00, 6243;
v0x94d114f00_6244 .array/port v0x94d114f00, 6244;
v0x94d114f00_6245 .array/port v0x94d114f00, 6245;
v0x94d114f00_6246 .array/port v0x94d114f00, 6246;
E_0x94d065880/1561 .event anyedge, v0x94d114f00_6243, v0x94d114f00_6244, v0x94d114f00_6245, v0x94d114f00_6246;
v0x94d114f00_6247 .array/port v0x94d114f00, 6247;
v0x94d114f00_6248 .array/port v0x94d114f00, 6248;
v0x94d114f00_6249 .array/port v0x94d114f00, 6249;
v0x94d114f00_6250 .array/port v0x94d114f00, 6250;
E_0x94d065880/1562 .event anyedge, v0x94d114f00_6247, v0x94d114f00_6248, v0x94d114f00_6249, v0x94d114f00_6250;
v0x94d114f00_6251 .array/port v0x94d114f00, 6251;
v0x94d114f00_6252 .array/port v0x94d114f00, 6252;
v0x94d114f00_6253 .array/port v0x94d114f00, 6253;
v0x94d114f00_6254 .array/port v0x94d114f00, 6254;
E_0x94d065880/1563 .event anyedge, v0x94d114f00_6251, v0x94d114f00_6252, v0x94d114f00_6253, v0x94d114f00_6254;
v0x94d114f00_6255 .array/port v0x94d114f00, 6255;
v0x94d114f00_6256 .array/port v0x94d114f00, 6256;
v0x94d114f00_6257 .array/port v0x94d114f00, 6257;
v0x94d114f00_6258 .array/port v0x94d114f00, 6258;
E_0x94d065880/1564 .event anyedge, v0x94d114f00_6255, v0x94d114f00_6256, v0x94d114f00_6257, v0x94d114f00_6258;
v0x94d114f00_6259 .array/port v0x94d114f00, 6259;
v0x94d114f00_6260 .array/port v0x94d114f00, 6260;
v0x94d114f00_6261 .array/port v0x94d114f00, 6261;
v0x94d114f00_6262 .array/port v0x94d114f00, 6262;
E_0x94d065880/1565 .event anyedge, v0x94d114f00_6259, v0x94d114f00_6260, v0x94d114f00_6261, v0x94d114f00_6262;
v0x94d114f00_6263 .array/port v0x94d114f00, 6263;
v0x94d114f00_6264 .array/port v0x94d114f00, 6264;
v0x94d114f00_6265 .array/port v0x94d114f00, 6265;
v0x94d114f00_6266 .array/port v0x94d114f00, 6266;
E_0x94d065880/1566 .event anyedge, v0x94d114f00_6263, v0x94d114f00_6264, v0x94d114f00_6265, v0x94d114f00_6266;
v0x94d114f00_6267 .array/port v0x94d114f00, 6267;
v0x94d114f00_6268 .array/port v0x94d114f00, 6268;
v0x94d114f00_6269 .array/port v0x94d114f00, 6269;
v0x94d114f00_6270 .array/port v0x94d114f00, 6270;
E_0x94d065880/1567 .event anyedge, v0x94d114f00_6267, v0x94d114f00_6268, v0x94d114f00_6269, v0x94d114f00_6270;
v0x94d114f00_6271 .array/port v0x94d114f00, 6271;
v0x94d114f00_6272 .array/port v0x94d114f00, 6272;
v0x94d114f00_6273 .array/port v0x94d114f00, 6273;
v0x94d114f00_6274 .array/port v0x94d114f00, 6274;
E_0x94d065880/1568 .event anyedge, v0x94d114f00_6271, v0x94d114f00_6272, v0x94d114f00_6273, v0x94d114f00_6274;
v0x94d114f00_6275 .array/port v0x94d114f00, 6275;
v0x94d114f00_6276 .array/port v0x94d114f00, 6276;
v0x94d114f00_6277 .array/port v0x94d114f00, 6277;
v0x94d114f00_6278 .array/port v0x94d114f00, 6278;
E_0x94d065880/1569 .event anyedge, v0x94d114f00_6275, v0x94d114f00_6276, v0x94d114f00_6277, v0x94d114f00_6278;
v0x94d114f00_6279 .array/port v0x94d114f00, 6279;
v0x94d114f00_6280 .array/port v0x94d114f00, 6280;
v0x94d114f00_6281 .array/port v0x94d114f00, 6281;
v0x94d114f00_6282 .array/port v0x94d114f00, 6282;
E_0x94d065880/1570 .event anyedge, v0x94d114f00_6279, v0x94d114f00_6280, v0x94d114f00_6281, v0x94d114f00_6282;
v0x94d114f00_6283 .array/port v0x94d114f00, 6283;
v0x94d114f00_6284 .array/port v0x94d114f00, 6284;
v0x94d114f00_6285 .array/port v0x94d114f00, 6285;
v0x94d114f00_6286 .array/port v0x94d114f00, 6286;
E_0x94d065880/1571 .event anyedge, v0x94d114f00_6283, v0x94d114f00_6284, v0x94d114f00_6285, v0x94d114f00_6286;
v0x94d114f00_6287 .array/port v0x94d114f00, 6287;
v0x94d114f00_6288 .array/port v0x94d114f00, 6288;
v0x94d114f00_6289 .array/port v0x94d114f00, 6289;
v0x94d114f00_6290 .array/port v0x94d114f00, 6290;
E_0x94d065880/1572 .event anyedge, v0x94d114f00_6287, v0x94d114f00_6288, v0x94d114f00_6289, v0x94d114f00_6290;
v0x94d114f00_6291 .array/port v0x94d114f00, 6291;
v0x94d114f00_6292 .array/port v0x94d114f00, 6292;
v0x94d114f00_6293 .array/port v0x94d114f00, 6293;
v0x94d114f00_6294 .array/port v0x94d114f00, 6294;
E_0x94d065880/1573 .event anyedge, v0x94d114f00_6291, v0x94d114f00_6292, v0x94d114f00_6293, v0x94d114f00_6294;
v0x94d114f00_6295 .array/port v0x94d114f00, 6295;
v0x94d114f00_6296 .array/port v0x94d114f00, 6296;
v0x94d114f00_6297 .array/port v0x94d114f00, 6297;
v0x94d114f00_6298 .array/port v0x94d114f00, 6298;
E_0x94d065880/1574 .event anyedge, v0x94d114f00_6295, v0x94d114f00_6296, v0x94d114f00_6297, v0x94d114f00_6298;
v0x94d114f00_6299 .array/port v0x94d114f00, 6299;
v0x94d114f00_6300 .array/port v0x94d114f00, 6300;
v0x94d114f00_6301 .array/port v0x94d114f00, 6301;
v0x94d114f00_6302 .array/port v0x94d114f00, 6302;
E_0x94d065880/1575 .event anyedge, v0x94d114f00_6299, v0x94d114f00_6300, v0x94d114f00_6301, v0x94d114f00_6302;
v0x94d114f00_6303 .array/port v0x94d114f00, 6303;
v0x94d114f00_6304 .array/port v0x94d114f00, 6304;
v0x94d114f00_6305 .array/port v0x94d114f00, 6305;
v0x94d114f00_6306 .array/port v0x94d114f00, 6306;
E_0x94d065880/1576 .event anyedge, v0x94d114f00_6303, v0x94d114f00_6304, v0x94d114f00_6305, v0x94d114f00_6306;
v0x94d114f00_6307 .array/port v0x94d114f00, 6307;
v0x94d114f00_6308 .array/port v0x94d114f00, 6308;
v0x94d114f00_6309 .array/port v0x94d114f00, 6309;
v0x94d114f00_6310 .array/port v0x94d114f00, 6310;
E_0x94d065880/1577 .event anyedge, v0x94d114f00_6307, v0x94d114f00_6308, v0x94d114f00_6309, v0x94d114f00_6310;
v0x94d114f00_6311 .array/port v0x94d114f00, 6311;
v0x94d114f00_6312 .array/port v0x94d114f00, 6312;
v0x94d114f00_6313 .array/port v0x94d114f00, 6313;
v0x94d114f00_6314 .array/port v0x94d114f00, 6314;
E_0x94d065880/1578 .event anyedge, v0x94d114f00_6311, v0x94d114f00_6312, v0x94d114f00_6313, v0x94d114f00_6314;
v0x94d114f00_6315 .array/port v0x94d114f00, 6315;
v0x94d114f00_6316 .array/port v0x94d114f00, 6316;
v0x94d114f00_6317 .array/port v0x94d114f00, 6317;
v0x94d114f00_6318 .array/port v0x94d114f00, 6318;
E_0x94d065880/1579 .event anyedge, v0x94d114f00_6315, v0x94d114f00_6316, v0x94d114f00_6317, v0x94d114f00_6318;
v0x94d114f00_6319 .array/port v0x94d114f00, 6319;
v0x94d114f00_6320 .array/port v0x94d114f00, 6320;
v0x94d114f00_6321 .array/port v0x94d114f00, 6321;
v0x94d114f00_6322 .array/port v0x94d114f00, 6322;
E_0x94d065880/1580 .event anyedge, v0x94d114f00_6319, v0x94d114f00_6320, v0x94d114f00_6321, v0x94d114f00_6322;
v0x94d114f00_6323 .array/port v0x94d114f00, 6323;
v0x94d114f00_6324 .array/port v0x94d114f00, 6324;
v0x94d114f00_6325 .array/port v0x94d114f00, 6325;
v0x94d114f00_6326 .array/port v0x94d114f00, 6326;
E_0x94d065880/1581 .event anyedge, v0x94d114f00_6323, v0x94d114f00_6324, v0x94d114f00_6325, v0x94d114f00_6326;
v0x94d114f00_6327 .array/port v0x94d114f00, 6327;
v0x94d114f00_6328 .array/port v0x94d114f00, 6328;
v0x94d114f00_6329 .array/port v0x94d114f00, 6329;
v0x94d114f00_6330 .array/port v0x94d114f00, 6330;
E_0x94d065880/1582 .event anyedge, v0x94d114f00_6327, v0x94d114f00_6328, v0x94d114f00_6329, v0x94d114f00_6330;
v0x94d114f00_6331 .array/port v0x94d114f00, 6331;
v0x94d114f00_6332 .array/port v0x94d114f00, 6332;
v0x94d114f00_6333 .array/port v0x94d114f00, 6333;
v0x94d114f00_6334 .array/port v0x94d114f00, 6334;
E_0x94d065880/1583 .event anyedge, v0x94d114f00_6331, v0x94d114f00_6332, v0x94d114f00_6333, v0x94d114f00_6334;
v0x94d114f00_6335 .array/port v0x94d114f00, 6335;
v0x94d114f00_6336 .array/port v0x94d114f00, 6336;
v0x94d114f00_6337 .array/port v0x94d114f00, 6337;
v0x94d114f00_6338 .array/port v0x94d114f00, 6338;
E_0x94d065880/1584 .event anyedge, v0x94d114f00_6335, v0x94d114f00_6336, v0x94d114f00_6337, v0x94d114f00_6338;
v0x94d114f00_6339 .array/port v0x94d114f00, 6339;
v0x94d114f00_6340 .array/port v0x94d114f00, 6340;
v0x94d114f00_6341 .array/port v0x94d114f00, 6341;
v0x94d114f00_6342 .array/port v0x94d114f00, 6342;
E_0x94d065880/1585 .event anyedge, v0x94d114f00_6339, v0x94d114f00_6340, v0x94d114f00_6341, v0x94d114f00_6342;
v0x94d114f00_6343 .array/port v0x94d114f00, 6343;
v0x94d114f00_6344 .array/port v0x94d114f00, 6344;
v0x94d114f00_6345 .array/port v0x94d114f00, 6345;
v0x94d114f00_6346 .array/port v0x94d114f00, 6346;
E_0x94d065880/1586 .event anyedge, v0x94d114f00_6343, v0x94d114f00_6344, v0x94d114f00_6345, v0x94d114f00_6346;
v0x94d114f00_6347 .array/port v0x94d114f00, 6347;
v0x94d114f00_6348 .array/port v0x94d114f00, 6348;
v0x94d114f00_6349 .array/port v0x94d114f00, 6349;
v0x94d114f00_6350 .array/port v0x94d114f00, 6350;
E_0x94d065880/1587 .event anyedge, v0x94d114f00_6347, v0x94d114f00_6348, v0x94d114f00_6349, v0x94d114f00_6350;
v0x94d114f00_6351 .array/port v0x94d114f00, 6351;
v0x94d114f00_6352 .array/port v0x94d114f00, 6352;
v0x94d114f00_6353 .array/port v0x94d114f00, 6353;
v0x94d114f00_6354 .array/port v0x94d114f00, 6354;
E_0x94d065880/1588 .event anyedge, v0x94d114f00_6351, v0x94d114f00_6352, v0x94d114f00_6353, v0x94d114f00_6354;
v0x94d114f00_6355 .array/port v0x94d114f00, 6355;
v0x94d114f00_6356 .array/port v0x94d114f00, 6356;
v0x94d114f00_6357 .array/port v0x94d114f00, 6357;
v0x94d114f00_6358 .array/port v0x94d114f00, 6358;
E_0x94d065880/1589 .event anyedge, v0x94d114f00_6355, v0x94d114f00_6356, v0x94d114f00_6357, v0x94d114f00_6358;
v0x94d114f00_6359 .array/port v0x94d114f00, 6359;
v0x94d114f00_6360 .array/port v0x94d114f00, 6360;
v0x94d114f00_6361 .array/port v0x94d114f00, 6361;
v0x94d114f00_6362 .array/port v0x94d114f00, 6362;
E_0x94d065880/1590 .event anyedge, v0x94d114f00_6359, v0x94d114f00_6360, v0x94d114f00_6361, v0x94d114f00_6362;
v0x94d114f00_6363 .array/port v0x94d114f00, 6363;
v0x94d114f00_6364 .array/port v0x94d114f00, 6364;
v0x94d114f00_6365 .array/port v0x94d114f00, 6365;
v0x94d114f00_6366 .array/port v0x94d114f00, 6366;
E_0x94d065880/1591 .event anyedge, v0x94d114f00_6363, v0x94d114f00_6364, v0x94d114f00_6365, v0x94d114f00_6366;
v0x94d114f00_6367 .array/port v0x94d114f00, 6367;
v0x94d114f00_6368 .array/port v0x94d114f00, 6368;
v0x94d114f00_6369 .array/port v0x94d114f00, 6369;
v0x94d114f00_6370 .array/port v0x94d114f00, 6370;
E_0x94d065880/1592 .event anyedge, v0x94d114f00_6367, v0x94d114f00_6368, v0x94d114f00_6369, v0x94d114f00_6370;
v0x94d114f00_6371 .array/port v0x94d114f00, 6371;
v0x94d114f00_6372 .array/port v0x94d114f00, 6372;
v0x94d114f00_6373 .array/port v0x94d114f00, 6373;
v0x94d114f00_6374 .array/port v0x94d114f00, 6374;
E_0x94d065880/1593 .event anyedge, v0x94d114f00_6371, v0x94d114f00_6372, v0x94d114f00_6373, v0x94d114f00_6374;
v0x94d114f00_6375 .array/port v0x94d114f00, 6375;
v0x94d114f00_6376 .array/port v0x94d114f00, 6376;
v0x94d114f00_6377 .array/port v0x94d114f00, 6377;
v0x94d114f00_6378 .array/port v0x94d114f00, 6378;
E_0x94d065880/1594 .event anyedge, v0x94d114f00_6375, v0x94d114f00_6376, v0x94d114f00_6377, v0x94d114f00_6378;
v0x94d114f00_6379 .array/port v0x94d114f00, 6379;
v0x94d114f00_6380 .array/port v0x94d114f00, 6380;
v0x94d114f00_6381 .array/port v0x94d114f00, 6381;
v0x94d114f00_6382 .array/port v0x94d114f00, 6382;
E_0x94d065880/1595 .event anyedge, v0x94d114f00_6379, v0x94d114f00_6380, v0x94d114f00_6381, v0x94d114f00_6382;
v0x94d114f00_6383 .array/port v0x94d114f00, 6383;
v0x94d114f00_6384 .array/port v0x94d114f00, 6384;
v0x94d114f00_6385 .array/port v0x94d114f00, 6385;
v0x94d114f00_6386 .array/port v0x94d114f00, 6386;
E_0x94d065880/1596 .event anyedge, v0x94d114f00_6383, v0x94d114f00_6384, v0x94d114f00_6385, v0x94d114f00_6386;
v0x94d114f00_6387 .array/port v0x94d114f00, 6387;
v0x94d114f00_6388 .array/port v0x94d114f00, 6388;
v0x94d114f00_6389 .array/port v0x94d114f00, 6389;
v0x94d114f00_6390 .array/port v0x94d114f00, 6390;
E_0x94d065880/1597 .event anyedge, v0x94d114f00_6387, v0x94d114f00_6388, v0x94d114f00_6389, v0x94d114f00_6390;
v0x94d114f00_6391 .array/port v0x94d114f00, 6391;
v0x94d114f00_6392 .array/port v0x94d114f00, 6392;
v0x94d114f00_6393 .array/port v0x94d114f00, 6393;
v0x94d114f00_6394 .array/port v0x94d114f00, 6394;
E_0x94d065880/1598 .event anyedge, v0x94d114f00_6391, v0x94d114f00_6392, v0x94d114f00_6393, v0x94d114f00_6394;
v0x94d114f00_6395 .array/port v0x94d114f00, 6395;
v0x94d114f00_6396 .array/port v0x94d114f00, 6396;
v0x94d114f00_6397 .array/port v0x94d114f00, 6397;
v0x94d114f00_6398 .array/port v0x94d114f00, 6398;
E_0x94d065880/1599 .event anyedge, v0x94d114f00_6395, v0x94d114f00_6396, v0x94d114f00_6397, v0x94d114f00_6398;
v0x94d114f00_6399 .array/port v0x94d114f00, 6399;
v0x94d114f00_6400 .array/port v0x94d114f00, 6400;
v0x94d114f00_6401 .array/port v0x94d114f00, 6401;
v0x94d114f00_6402 .array/port v0x94d114f00, 6402;
E_0x94d065880/1600 .event anyedge, v0x94d114f00_6399, v0x94d114f00_6400, v0x94d114f00_6401, v0x94d114f00_6402;
v0x94d114f00_6403 .array/port v0x94d114f00, 6403;
v0x94d114f00_6404 .array/port v0x94d114f00, 6404;
v0x94d114f00_6405 .array/port v0x94d114f00, 6405;
v0x94d114f00_6406 .array/port v0x94d114f00, 6406;
E_0x94d065880/1601 .event anyedge, v0x94d114f00_6403, v0x94d114f00_6404, v0x94d114f00_6405, v0x94d114f00_6406;
v0x94d114f00_6407 .array/port v0x94d114f00, 6407;
v0x94d114f00_6408 .array/port v0x94d114f00, 6408;
v0x94d114f00_6409 .array/port v0x94d114f00, 6409;
v0x94d114f00_6410 .array/port v0x94d114f00, 6410;
E_0x94d065880/1602 .event anyedge, v0x94d114f00_6407, v0x94d114f00_6408, v0x94d114f00_6409, v0x94d114f00_6410;
v0x94d114f00_6411 .array/port v0x94d114f00, 6411;
v0x94d114f00_6412 .array/port v0x94d114f00, 6412;
v0x94d114f00_6413 .array/port v0x94d114f00, 6413;
v0x94d114f00_6414 .array/port v0x94d114f00, 6414;
E_0x94d065880/1603 .event anyedge, v0x94d114f00_6411, v0x94d114f00_6412, v0x94d114f00_6413, v0x94d114f00_6414;
v0x94d114f00_6415 .array/port v0x94d114f00, 6415;
v0x94d114f00_6416 .array/port v0x94d114f00, 6416;
v0x94d114f00_6417 .array/port v0x94d114f00, 6417;
v0x94d114f00_6418 .array/port v0x94d114f00, 6418;
E_0x94d065880/1604 .event anyedge, v0x94d114f00_6415, v0x94d114f00_6416, v0x94d114f00_6417, v0x94d114f00_6418;
v0x94d114f00_6419 .array/port v0x94d114f00, 6419;
v0x94d114f00_6420 .array/port v0x94d114f00, 6420;
v0x94d114f00_6421 .array/port v0x94d114f00, 6421;
v0x94d114f00_6422 .array/port v0x94d114f00, 6422;
E_0x94d065880/1605 .event anyedge, v0x94d114f00_6419, v0x94d114f00_6420, v0x94d114f00_6421, v0x94d114f00_6422;
v0x94d114f00_6423 .array/port v0x94d114f00, 6423;
v0x94d114f00_6424 .array/port v0x94d114f00, 6424;
v0x94d114f00_6425 .array/port v0x94d114f00, 6425;
v0x94d114f00_6426 .array/port v0x94d114f00, 6426;
E_0x94d065880/1606 .event anyedge, v0x94d114f00_6423, v0x94d114f00_6424, v0x94d114f00_6425, v0x94d114f00_6426;
v0x94d114f00_6427 .array/port v0x94d114f00, 6427;
v0x94d114f00_6428 .array/port v0x94d114f00, 6428;
v0x94d114f00_6429 .array/port v0x94d114f00, 6429;
v0x94d114f00_6430 .array/port v0x94d114f00, 6430;
E_0x94d065880/1607 .event anyedge, v0x94d114f00_6427, v0x94d114f00_6428, v0x94d114f00_6429, v0x94d114f00_6430;
v0x94d114f00_6431 .array/port v0x94d114f00, 6431;
v0x94d114f00_6432 .array/port v0x94d114f00, 6432;
v0x94d114f00_6433 .array/port v0x94d114f00, 6433;
v0x94d114f00_6434 .array/port v0x94d114f00, 6434;
E_0x94d065880/1608 .event anyedge, v0x94d114f00_6431, v0x94d114f00_6432, v0x94d114f00_6433, v0x94d114f00_6434;
v0x94d114f00_6435 .array/port v0x94d114f00, 6435;
v0x94d114f00_6436 .array/port v0x94d114f00, 6436;
v0x94d114f00_6437 .array/port v0x94d114f00, 6437;
v0x94d114f00_6438 .array/port v0x94d114f00, 6438;
E_0x94d065880/1609 .event anyedge, v0x94d114f00_6435, v0x94d114f00_6436, v0x94d114f00_6437, v0x94d114f00_6438;
v0x94d114f00_6439 .array/port v0x94d114f00, 6439;
v0x94d114f00_6440 .array/port v0x94d114f00, 6440;
v0x94d114f00_6441 .array/port v0x94d114f00, 6441;
v0x94d114f00_6442 .array/port v0x94d114f00, 6442;
E_0x94d065880/1610 .event anyedge, v0x94d114f00_6439, v0x94d114f00_6440, v0x94d114f00_6441, v0x94d114f00_6442;
v0x94d114f00_6443 .array/port v0x94d114f00, 6443;
v0x94d114f00_6444 .array/port v0x94d114f00, 6444;
v0x94d114f00_6445 .array/port v0x94d114f00, 6445;
v0x94d114f00_6446 .array/port v0x94d114f00, 6446;
E_0x94d065880/1611 .event anyedge, v0x94d114f00_6443, v0x94d114f00_6444, v0x94d114f00_6445, v0x94d114f00_6446;
v0x94d114f00_6447 .array/port v0x94d114f00, 6447;
v0x94d114f00_6448 .array/port v0x94d114f00, 6448;
v0x94d114f00_6449 .array/port v0x94d114f00, 6449;
v0x94d114f00_6450 .array/port v0x94d114f00, 6450;
E_0x94d065880/1612 .event anyedge, v0x94d114f00_6447, v0x94d114f00_6448, v0x94d114f00_6449, v0x94d114f00_6450;
v0x94d114f00_6451 .array/port v0x94d114f00, 6451;
v0x94d114f00_6452 .array/port v0x94d114f00, 6452;
v0x94d114f00_6453 .array/port v0x94d114f00, 6453;
v0x94d114f00_6454 .array/port v0x94d114f00, 6454;
E_0x94d065880/1613 .event anyedge, v0x94d114f00_6451, v0x94d114f00_6452, v0x94d114f00_6453, v0x94d114f00_6454;
v0x94d114f00_6455 .array/port v0x94d114f00, 6455;
v0x94d114f00_6456 .array/port v0x94d114f00, 6456;
v0x94d114f00_6457 .array/port v0x94d114f00, 6457;
v0x94d114f00_6458 .array/port v0x94d114f00, 6458;
E_0x94d065880/1614 .event anyedge, v0x94d114f00_6455, v0x94d114f00_6456, v0x94d114f00_6457, v0x94d114f00_6458;
v0x94d114f00_6459 .array/port v0x94d114f00, 6459;
v0x94d114f00_6460 .array/port v0x94d114f00, 6460;
v0x94d114f00_6461 .array/port v0x94d114f00, 6461;
v0x94d114f00_6462 .array/port v0x94d114f00, 6462;
E_0x94d065880/1615 .event anyedge, v0x94d114f00_6459, v0x94d114f00_6460, v0x94d114f00_6461, v0x94d114f00_6462;
v0x94d114f00_6463 .array/port v0x94d114f00, 6463;
v0x94d114f00_6464 .array/port v0x94d114f00, 6464;
v0x94d114f00_6465 .array/port v0x94d114f00, 6465;
v0x94d114f00_6466 .array/port v0x94d114f00, 6466;
E_0x94d065880/1616 .event anyedge, v0x94d114f00_6463, v0x94d114f00_6464, v0x94d114f00_6465, v0x94d114f00_6466;
v0x94d114f00_6467 .array/port v0x94d114f00, 6467;
v0x94d114f00_6468 .array/port v0x94d114f00, 6468;
v0x94d114f00_6469 .array/port v0x94d114f00, 6469;
v0x94d114f00_6470 .array/port v0x94d114f00, 6470;
E_0x94d065880/1617 .event anyedge, v0x94d114f00_6467, v0x94d114f00_6468, v0x94d114f00_6469, v0x94d114f00_6470;
v0x94d114f00_6471 .array/port v0x94d114f00, 6471;
v0x94d114f00_6472 .array/port v0x94d114f00, 6472;
v0x94d114f00_6473 .array/port v0x94d114f00, 6473;
v0x94d114f00_6474 .array/port v0x94d114f00, 6474;
E_0x94d065880/1618 .event anyedge, v0x94d114f00_6471, v0x94d114f00_6472, v0x94d114f00_6473, v0x94d114f00_6474;
v0x94d114f00_6475 .array/port v0x94d114f00, 6475;
v0x94d114f00_6476 .array/port v0x94d114f00, 6476;
v0x94d114f00_6477 .array/port v0x94d114f00, 6477;
v0x94d114f00_6478 .array/port v0x94d114f00, 6478;
E_0x94d065880/1619 .event anyedge, v0x94d114f00_6475, v0x94d114f00_6476, v0x94d114f00_6477, v0x94d114f00_6478;
v0x94d114f00_6479 .array/port v0x94d114f00, 6479;
v0x94d114f00_6480 .array/port v0x94d114f00, 6480;
v0x94d114f00_6481 .array/port v0x94d114f00, 6481;
v0x94d114f00_6482 .array/port v0x94d114f00, 6482;
E_0x94d065880/1620 .event anyedge, v0x94d114f00_6479, v0x94d114f00_6480, v0x94d114f00_6481, v0x94d114f00_6482;
v0x94d114f00_6483 .array/port v0x94d114f00, 6483;
v0x94d114f00_6484 .array/port v0x94d114f00, 6484;
v0x94d114f00_6485 .array/port v0x94d114f00, 6485;
v0x94d114f00_6486 .array/port v0x94d114f00, 6486;
E_0x94d065880/1621 .event anyedge, v0x94d114f00_6483, v0x94d114f00_6484, v0x94d114f00_6485, v0x94d114f00_6486;
v0x94d114f00_6487 .array/port v0x94d114f00, 6487;
v0x94d114f00_6488 .array/port v0x94d114f00, 6488;
v0x94d114f00_6489 .array/port v0x94d114f00, 6489;
v0x94d114f00_6490 .array/port v0x94d114f00, 6490;
E_0x94d065880/1622 .event anyedge, v0x94d114f00_6487, v0x94d114f00_6488, v0x94d114f00_6489, v0x94d114f00_6490;
v0x94d114f00_6491 .array/port v0x94d114f00, 6491;
v0x94d114f00_6492 .array/port v0x94d114f00, 6492;
v0x94d114f00_6493 .array/port v0x94d114f00, 6493;
v0x94d114f00_6494 .array/port v0x94d114f00, 6494;
E_0x94d065880/1623 .event anyedge, v0x94d114f00_6491, v0x94d114f00_6492, v0x94d114f00_6493, v0x94d114f00_6494;
v0x94d114f00_6495 .array/port v0x94d114f00, 6495;
v0x94d114f00_6496 .array/port v0x94d114f00, 6496;
v0x94d114f00_6497 .array/port v0x94d114f00, 6497;
v0x94d114f00_6498 .array/port v0x94d114f00, 6498;
E_0x94d065880/1624 .event anyedge, v0x94d114f00_6495, v0x94d114f00_6496, v0x94d114f00_6497, v0x94d114f00_6498;
v0x94d114f00_6499 .array/port v0x94d114f00, 6499;
v0x94d114f00_6500 .array/port v0x94d114f00, 6500;
v0x94d114f00_6501 .array/port v0x94d114f00, 6501;
v0x94d114f00_6502 .array/port v0x94d114f00, 6502;
E_0x94d065880/1625 .event anyedge, v0x94d114f00_6499, v0x94d114f00_6500, v0x94d114f00_6501, v0x94d114f00_6502;
v0x94d114f00_6503 .array/port v0x94d114f00, 6503;
v0x94d114f00_6504 .array/port v0x94d114f00, 6504;
v0x94d114f00_6505 .array/port v0x94d114f00, 6505;
v0x94d114f00_6506 .array/port v0x94d114f00, 6506;
E_0x94d065880/1626 .event anyedge, v0x94d114f00_6503, v0x94d114f00_6504, v0x94d114f00_6505, v0x94d114f00_6506;
v0x94d114f00_6507 .array/port v0x94d114f00, 6507;
v0x94d114f00_6508 .array/port v0x94d114f00, 6508;
v0x94d114f00_6509 .array/port v0x94d114f00, 6509;
v0x94d114f00_6510 .array/port v0x94d114f00, 6510;
E_0x94d065880/1627 .event anyedge, v0x94d114f00_6507, v0x94d114f00_6508, v0x94d114f00_6509, v0x94d114f00_6510;
v0x94d114f00_6511 .array/port v0x94d114f00, 6511;
v0x94d114f00_6512 .array/port v0x94d114f00, 6512;
v0x94d114f00_6513 .array/port v0x94d114f00, 6513;
v0x94d114f00_6514 .array/port v0x94d114f00, 6514;
E_0x94d065880/1628 .event anyedge, v0x94d114f00_6511, v0x94d114f00_6512, v0x94d114f00_6513, v0x94d114f00_6514;
v0x94d114f00_6515 .array/port v0x94d114f00, 6515;
v0x94d114f00_6516 .array/port v0x94d114f00, 6516;
v0x94d114f00_6517 .array/port v0x94d114f00, 6517;
v0x94d114f00_6518 .array/port v0x94d114f00, 6518;
E_0x94d065880/1629 .event anyedge, v0x94d114f00_6515, v0x94d114f00_6516, v0x94d114f00_6517, v0x94d114f00_6518;
v0x94d114f00_6519 .array/port v0x94d114f00, 6519;
v0x94d114f00_6520 .array/port v0x94d114f00, 6520;
v0x94d114f00_6521 .array/port v0x94d114f00, 6521;
v0x94d114f00_6522 .array/port v0x94d114f00, 6522;
E_0x94d065880/1630 .event anyedge, v0x94d114f00_6519, v0x94d114f00_6520, v0x94d114f00_6521, v0x94d114f00_6522;
v0x94d114f00_6523 .array/port v0x94d114f00, 6523;
v0x94d114f00_6524 .array/port v0x94d114f00, 6524;
v0x94d114f00_6525 .array/port v0x94d114f00, 6525;
v0x94d114f00_6526 .array/port v0x94d114f00, 6526;
E_0x94d065880/1631 .event anyedge, v0x94d114f00_6523, v0x94d114f00_6524, v0x94d114f00_6525, v0x94d114f00_6526;
v0x94d114f00_6527 .array/port v0x94d114f00, 6527;
v0x94d114f00_6528 .array/port v0x94d114f00, 6528;
v0x94d114f00_6529 .array/port v0x94d114f00, 6529;
v0x94d114f00_6530 .array/port v0x94d114f00, 6530;
E_0x94d065880/1632 .event anyedge, v0x94d114f00_6527, v0x94d114f00_6528, v0x94d114f00_6529, v0x94d114f00_6530;
v0x94d114f00_6531 .array/port v0x94d114f00, 6531;
v0x94d114f00_6532 .array/port v0x94d114f00, 6532;
v0x94d114f00_6533 .array/port v0x94d114f00, 6533;
v0x94d114f00_6534 .array/port v0x94d114f00, 6534;
E_0x94d065880/1633 .event anyedge, v0x94d114f00_6531, v0x94d114f00_6532, v0x94d114f00_6533, v0x94d114f00_6534;
v0x94d114f00_6535 .array/port v0x94d114f00, 6535;
v0x94d114f00_6536 .array/port v0x94d114f00, 6536;
v0x94d114f00_6537 .array/port v0x94d114f00, 6537;
v0x94d114f00_6538 .array/port v0x94d114f00, 6538;
E_0x94d065880/1634 .event anyedge, v0x94d114f00_6535, v0x94d114f00_6536, v0x94d114f00_6537, v0x94d114f00_6538;
v0x94d114f00_6539 .array/port v0x94d114f00, 6539;
v0x94d114f00_6540 .array/port v0x94d114f00, 6540;
v0x94d114f00_6541 .array/port v0x94d114f00, 6541;
v0x94d114f00_6542 .array/port v0x94d114f00, 6542;
E_0x94d065880/1635 .event anyedge, v0x94d114f00_6539, v0x94d114f00_6540, v0x94d114f00_6541, v0x94d114f00_6542;
v0x94d114f00_6543 .array/port v0x94d114f00, 6543;
v0x94d114f00_6544 .array/port v0x94d114f00, 6544;
v0x94d114f00_6545 .array/port v0x94d114f00, 6545;
v0x94d114f00_6546 .array/port v0x94d114f00, 6546;
E_0x94d065880/1636 .event anyedge, v0x94d114f00_6543, v0x94d114f00_6544, v0x94d114f00_6545, v0x94d114f00_6546;
v0x94d114f00_6547 .array/port v0x94d114f00, 6547;
v0x94d114f00_6548 .array/port v0x94d114f00, 6548;
v0x94d114f00_6549 .array/port v0x94d114f00, 6549;
v0x94d114f00_6550 .array/port v0x94d114f00, 6550;
E_0x94d065880/1637 .event anyedge, v0x94d114f00_6547, v0x94d114f00_6548, v0x94d114f00_6549, v0x94d114f00_6550;
v0x94d114f00_6551 .array/port v0x94d114f00, 6551;
v0x94d114f00_6552 .array/port v0x94d114f00, 6552;
v0x94d114f00_6553 .array/port v0x94d114f00, 6553;
v0x94d114f00_6554 .array/port v0x94d114f00, 6554;
E_0x94d065880/1638 .event anyedge, v0x94d114f00_6551, v0x94d114f00_6552, v0x94d114f00_6553, v0x94d114f00_6554;
v0x94d114f00_6555 .array/port v0x94d114f00, 6555;
v0x94d114f00_6556 .array/port v0x94d114f00, 6556;
v0x94d114f00_6557 .array/port v0x94d114f00, 6557;
v0x94d114f00_6558 .array/port v0x94d114f00, 6558;
E_0x94d065880/1639 .event anyedge, v0x94d114f00_6555, v0x94d114f00_6556, v0x94d114f00_6557, v0x94d114f00_6558;
v0x94d114f00_6559 .array/port v0x94d114f00, 6559;
v0x94d114f00_6560 .array/port v0x94d114f00, 6560;
v0x94d114f00_6561 .array/port v0x94d114f00, 6561;
v0x94d114f00_6562 .array/port v0x94d114f00, 6562;
E_0x94d065880/1640 .event anyedge, v0x94d114f00_6559, v0x94d114f00_6560, v0x94d114f00_6561, v0x94d114f00_6562;
v0x94d114f00_6563 .array/port v0x94d114f00, 6563;
v0x94d114f00_6564 .array/port v0x94d114f00, 6564;
v0x94d114f00_6565 .array/port v0x94d114f00, 6565;
v0x94d114f00_6566 .array/port v0x94d114f00, 6566;
E_0x94d065880/1641 .event anyedge, v0x94d114f00_6563, v0x94d114f00_6564, v0x94d114f00_6565, v0x94d114f00_6566;
v0x94d114f00_6567 .array/port v0x94d114f00, 6567;
v0x94d114f00_6568 .array/port v0x94d114f00, 6568;
v0x94d114f00_6569 .array/port v0x94d114f00, 6569;
v0x94d114f00_6570 .array/port v0x94d114f00, 6570;
E_0x94d065880/1642 .event anyedge, v0x94d114f00_6567, v0x94d114f00_6568, v0x94d114f00_6569, v0x94d114f00_6570;
v0x94d114f00_6571 .array/port v0x94d114f00, 6571;
v0x94d114f00_6572 .array/port v0x94d114f00, 6572;
v0x94d114f00_6573 .array/port v0x94d114f00, 6573;
v0x94d114f00_6574 .array/port v0x94d114f00, 6574;
E_0x94d065880/1643 .event anyedge, v0x94d114f00_6571, v0x94d114f00_6572, v0x94d114f00_6573, v0x94d114f00_6574;
v0x94d114f00_6575 .array/port v0x94d114f00, 6575;
v0x94d114f00_6576 .array/port v0x94d114f00, 6576;
v0x94d114f00_6577 .array/port v0x94d114f00, 6577;
v0x94d114f00_6578 .array/port v0x94d114f00, 6578;
E_0x94d065880/1644 .event anyedge, v0x94d114f00_6575, v0x94d114f00_6576, v0x94d114f00_6577, v0x94d114f00_6578;
v0x94d114f00_6579 .array/port v0x94d114f00, 6579;
v0x94d114f00_6580 .array/port v0x94d114f00, 6580;
v0x94d114f00_6581 .array/port v0x94d114f00, 6581;
v0x94d114f00_6582 .array/port v0x94d114f00, 6582;
E_0x94d065880/1645 .event anyedge, v0x94d114f00_6579, v0x94d114f00_6580, v0x94d114f00_6581, v0x94d114f00_6582;
v0x94d114f00_6583 .array/port v0x94d114f00, 6583;
v0x94d114f00_6584 .array/port v0x94d114f00, 6584;
v0x94d114f00_6585 .array/port v0x94d114f00, 6585;
v0x94d114f00_6586 .array/port v0x94d114f00, 6586;
E_0x94d065880/1646 .event anyedge, v0x94d114f00_6583, v0x94d114f00_6584, v0x94d114f00_6585, v0x94d114f00_6586;
v0x94d114f00_6587 .array/port v0x94d114f00, 6587;
v0x94d114f00_6588 .array/port v0x94d114f00, 6588;
v0x94d114f00_6589 .array/port v0x94d114f00, 6589;
v0x94d114f00_6590 .array/port v0x94d114f00, 6590;
E_0x94d065880/1647 .event anyedge, v0x94d114f00_6587, v0x94d114f00_6588, v0x94d114f00_6589, v0x94d114f00_6590;
v0x94d114f00_6591 .array/port v0x94d114f00, 6591;
v0x94d114f00_6592 .array/port v0x94d114f00, 6592;
v0x94d114f00_6593 .array/port v0x94d114f00, 6593;
v0x94d114f00_6594 .array/port v0x94d114f00, 6594;
E_0x94d065880/1648 .event anyedge, v0x94d114f00_6591, v0x94d114f00_6592, v0x94d114f00_6593, v0x94d114f00_6594;
v0x94d114f00_6595 .array/port v0x94d114f00, 6595;
v0x94d114f00_6596 .array/port v0x94d114f00, 6596;
v0x94d114f00_6597 .array/port v0x94d114f00, 6597;
v0x94d114f00_6598 .array/port v0x94d114f00, 6598;
E_0x94d065880/1649 .event anyedge, v0x94d114f00_6595, v0x94d114f00_6596, v0x94d114f00_6597, v0x94d114f00_6598;
v0x94d114f00_6599 .array/port v0x94d114f00, 6599;
v0x94d114f00_6600 .array/port v0x94d114f00, 6600;
v0x94d114f00_6601 .array/port v0x94d114f00, 6601;
v0x94d114f00_6602 .array/port v0x94d114f00, 6602;
E_0x94d065880/1650 .event anyedge, v0x94d114f00_6599, v0x94d114f00_6600, v0x94d114f00_6601, v0x94d114f00_6602;
v0x94d114f00_6603 .array/port v0x94d114f00, 6603;
v0x94d114f00_6604 .array/port v0x94d114f00, 6604;
v0x94d114f00_6605 .array/port v0x94d114f00, 6605;
v0x94d114f00_6606 .array/port v0x94d114f00, 6606;
E_0x94d065880/1651 .event anyedge, v0x94d114f00_6603, v0x94d114f00_6604, v0x94d114f00_6605, v0x94d114f00_6606;
v0x94d114f00_6607 .array/port v0x94d114f00, 6607;
v0x94d114f00_6608 .array/port v0x94d114f00, 6608;
v0x94d114f00_6609 .array/port v0x94d114f00, 6609;
v0x94d114f00_6610 .array/port v0x94d114f00, 6610;
E_0x94d065880/1652 .event anyedge, v0x94d114f00_6607, v0x94d114f00_6608, v0x94d114f00_6609, v0x94d114f00_6610;
v0x94d114f00_6611 .array/port v0x94d114f00, 6611;
v0x94d114f00_6612 .array/port v0x94d114f00, 6612;
v0x94d114f00_6613 .array/port v0x94d114f00, 6613;
v0x94d114f00_6614 .array/port v0x94d114f00, 6614;
E_0x94d065880/1653 .event anyedge, v0x94d114f00_6611, v0x94d114f00_6612, v0x94d114f00_6613, v0x94d114f00_6614;
v0x94d114f00_6615 .array/port v0x94d114f00, 6615;
v0x94d114f00_6616 .array/port v0x94d114f00, 6616;
v0x94d114f00_6617 .array/port v0x94d114f00, 6617;
v0x94d114f00_6618 .array/port v0x94d114f00, 6618;
E_0x94d065880/1654 .event anyedge, v0x94d114f00_6615, v0x94d114f00_6616, v0x94d114f00_6617, v0x94d114f00_6618;
v0x94d114f00_6619 .array/port v0x94d114f00, 6619;
v0x94d114f00_6620 .array/port v0x94d114f00, 6620;
v0x94d114f00_6621 .array/port v0x94d114f00, 6621;
v0x94d114f00_6622 .array/port v0x94d114f00, 6622;
E_0x94d065880/1655 .event anyedge, v0x94d114f00_6619, v0x94d114f00_6620, v0x94d114f00_6621, v0x94d114f00_6622;
v0x94d114f00_6623 .array/port v0x94d114f00, 6623;
v0x94d114f00_6624 .array/port v0x94d114f00, 6624;
v0x94d114f00_6625 .array/port v0x94d114f00, 6625;
v0x94d114f00_6626 .array/port v0x94d114f00, 6626;
E_0x94d065880/1656 .event anyedge, v0x94d114f00_6623, v0x94d114f00_6624, v0x94d114f00_6625, v0x94d114f00_6626;
v0x94d114f00_6627 .array/port v0x94d114f00, 6627;
v0x94d114f00_6628 .array/port v0x94d114f00, 6628;
v0x94d114f00_6629 .array/port v0x94d114f00, 6629;
v0x94d114f00_6630 .array/port v0x94d114f00, 6630;
E_0x94d065880/1657 .event anyedge, v0x94d114f00_6627, v0x94d114f00_6628, v0x94d114f00_6629, v0x94d114f00_6630;
v0x94d114f00_6631 .array/port v0x94d114f00, 6631;
v0x94d114f00_6632 .array/port v0x94d114f00, 6632;
v0x94d114f00_6633 .array/port v0x94d114f00, 6633;
v0x94d114f00_6634 .array/port v0x94d114f00, 6634;
E_0x94d065880/1658 .event anyedge, v0x94d114f00_6631, v0x94d114f00_6632, v0x94d114f00_6633, v0x94d114f00_6634;
v0x94d114f00_6635 .array/port v0x94d114f00, 6635;
v0x94d114f00_6636 .array/port v0x94d114f00, 6636;
v0x94d114f00_6637 .array/port v0x94d114f00, 6637;
v0x94d114f00_6638 .array/port v0x94d114f00, 6638;
E_0x94d065880/1659 .event anyedge, v0x94d114f00_6635, v0x94d114f00_6636, v0x94d114f00_6637, v0x94d114f00_6638;
v0x94d114f00_6639 .array/port v0x94d114f00, 6639;
v0x94d114f00_6640 .array/port v0x94d114f00, 6640;
v0x94d114f00_6641 .array/port v0x94d114f00, 6641;
v0x94d114f00_6642 .array/port v0x94d114f00, 6642;
E_0x94d065880/1660 .event anyedge, v0x94d114f00_6639, v0x94d114f00_6640, v0x94d114f00_6641, v0x94d114f00_6642;
v0x94d114f00_6643 .array/port v0x94d114f00, 6643;
v0x94d114f00_6644 .array/port v0x94d114f00, 6644;
v0x94d114f00_6645 .array/port v0x94d114f00, 6645;
v0x94d114f00_6646 .array/port v0x94d114f00, 6646;
E_0x94d065880/1661 .event anyedge, v0x94d114f00_6643, v0x94d114f00_6644, v0x94d114f00_6645, v0x94d114f00_6646;
v0x94d114f00_6647 .array/port v0x94d114f00, 6647;
v0x94d114f00_6648 .array/port v0x94d114f00, 6648;
v0x94d114f00_6649 .array/port v0x94d114f00, 6649;
v0x94d114f00_6650 .array/port v0x94d114f00, 6650;
E_0x94d065880/1662 .event anyedge, v0x94d114f00_6647, v0x94d114f00_6648, v0x94d114f00_6649, v0x94d114f00_6650;
v0x94d114f00_6651 .array/port v0x94d114f00, 6651;
v0x94d114f00_6652 .array/port v0x94d114f00, 6652;
v0x94d114f00_6653 .array/port v0x94d114f00, 6653;
v0x94d114f00_6654 .array/port v0x94d114f00, 6654;
E_0x94d065880/1663 .event anyedge, v0x94d114f00_6651, v0x94d114f00_6652, v0x94d114f00_6653, v0x94d114f00_6654;
v0x94d114f00_6655 .array/port v0x94d114f00, 6655;
v0x94d114f00_6656 .array/port v0x94d114f00, 6656;
v0x94d114f00_6657 .array/port v0x94d114f00, 6657;
v0x94d114f00_6658 .array/port v0x94d114f00, 6658;
E_0x94d065880/1664 .event anyedge, v0x94d114f00_6655, v0x94d114f00_6656, v0x94d114f00_6657, v0x94d114f00_6658;
v0x94d114f00_6659 .array/port v0x94d114f00, 6659;
v0x94d114f00_6660 .array/port v0x94d114f00, 6660;
v0x94d114f00_6661 .array/port v0x94d114f00, 6661;
v0x94d114f00_6662 .array/port v0x94d114f00, 6662;
E_0x94d065880/1665 .event anyedge, v0x94d114f00_6659, v0x94d114f00_6660, v0x94d114f00_6661, v0x94d114f00_6662;
v0x94d114f00_6663 .array/port v0x94d114f00, 6663;
v0x94d114f00_6664 .array/port v0x94d114f00, 6664;
v0x94d114f00_6665 .array/port v0x94d114f00, 6665;
v0x94d114f00_6666 .array/port v0x94d114f00, 6666;
E_0x94d065880/1666 .event anyedge, v0x94d114f00_6663, v0x94d114f00_6664, v0x94d114f00_6665, v0x94d114f00_6666;
v0x94d114f00_6667 .array/port v0x94d114f00, 6667;
v0x94d114f00_6668 .array/port v0x94d114f00, 6668;
v0x94d114f00_6669 .array/port v0x94d114f00, 6669;
v0x94d114f00_6670 .array/port v0x94d114f00, 6670;
E_0x94d065880/1667 .event anyedge, v0x94d114f00_6667, v0x94d114f00_6668, v0x94d114f00_6669, v0x94d114f00_6670;
v0x94d114f00_6671 .array/port v0x94d114f00, 6671;
v0x94d114f00_6672 .array/port v0x94d114f00, 6672;
v0x94d114f00_6673 .array/port v0x94d114f00, 6673;
v0x94d114f00_6674 .array/port v0x94d114f00, 6674;
E_0x94d065880/1668 .event anyedge, v0x94d114f00_6671, v0x94d114f00_6672, v0x94d114f00_6673, v0x94d114f00_6674;
v0x94d114f00_6675 .array/port v0x94d114f00, 6675;
v0x94d114f00_6676 .array/port v0x94d114f00, 6676;
v0x94d114f00_6677 .array/port v0x94d114f00, 6677;
v0x94d114f00_6678 .array/port v0x94d114f00, 6678;
E_0x94d065880/1669 .event anyedge, v0x94d114f00_6675, v0x94d114f00_6676, v0x94d114f00_6677, v0x94d114f00_6678;
v0x94d114f00_6679 .array/port v0x94d114f00, 6679;
v0x94d114f00_6680 .array/port v0x94d114f00, 6680;
v0x94d114f00_6681 .array/port v0x94d114f00, 6681;
v0x94d114f00_6682 .array/port v0x94d114f00, 6682;
E_0x94d065880/1670 .event anyedge, v0x94d114f00_6679, v0x94d114f00_6680, v0x94d114f00_6681, v0x94d114f00_6682;
v0x94d114f00_6683 .array/port v0x94d114f00, 6683;
v0x94d114f00_6684 .array/port v0x94d114f00, 6684;
v0x94d114f00_6685 .array/port v0x94d114f00, 6685;
v0x94d114f00_6686 .array/port v0x94d114f00, 6686;
E_0x94d065880/1671 .event anyedge, v0x94d114f00_6683, v0x94d114f00_6684, v0x94d114f00_6685, v0x94d114f00_6686;
v0x94d114f00_6687 .array/port v0x94d114f00, 6687;
v0x94d114f00_6688 .array/port v0x94d114f00, 6688;
v0x94d114f00_6689 .array/port v0x94d114f00, 6689;
v0x94d114f00_6690 .array/port v0x94d114f00, 6690;
E_0x94d065880/1672 .event anyedge, v0x94d114f00_6687, v0x94d114f00_6688, v0x94d114f00_6689, v0x94d114f00_6690;
v0x94d114f00_6691 .array/port v0x94d114f00, 6691;
v0x94d114f00_6692 .array/port v0x94d114f00, 6692;
v0x94d114f00_6693 .array/port v0x94d114f00, 6693;
v0x94d114f00_6694 .array/port v0x94d114f00, 6694;
E_0x94d065880/1673 .event anyedge, v0x94d114f00_6691, v0x94d114f00_6692, v0x94d114f00_6693, v0x94d114f00_6694;
v0x94d114f00_6695 .array/port v0x94d114f00, 6695;
v0x94d114f00_6696 .array/port v0x94d114f00, 6696;
v0x94d114f00_6697 .array/port v0x94d114f00, 6697;
v0x94d114f00_6698 .array/port v0x94d114f00, 6698;
E_0x94d065880/1674 .event anyedge, v0x94d114f00_6695, v0x94d114f00_6696, v0x94d114f00_6697, v0x94d114f00_6698;
v0x94d114f00_6699 .array/port v0x94d114f00, 6699;
v0x94d114f00_6700 .array/port v0x94d114f00, 6700;
v0x94d114f00_6701 .array/port v0x94d114f00, 6701;
v0x94d114f00_6702 .array/port v0x94d114f00, 6702;
E_0x94d065880/1675 .event anyedge, v0x94d114f00_6699, v0x94d114f00_6700, v0x94d114f00_6701, v0x94d114f00_6702;
v0x94d114f00_6703 .array/port v0x94d114f00, 6703;
v0x94d114f00_6704 .array/port v0x94d114f00, 6704;
v0x94d114f00_6705 .array/port v0x94d114f00, 6705;
v0x94d114f00_6706 .array/port v0x94d114f00, 6706;
E_0x94d065880/1676 .event anyedge, v0x94d114f00_6703, v0x94d114f00_6704, v0x94d114f00_6705, v0x94d114f00_6706;
v0x94d114f00_6707 .array/port v0x94d114f00, 6707;
v0x94d114f00_6708 .array/port v0x94d114f00, 6708;
v0x94d114f00_6709 .array/port v0x94d114f00, 6709;
v0x94d114f00_6710 .array/port v0x94d114f00, 6710;
E_0x94d065880/1677 .event anyedge, v0x94d114f00_6707, v0x94d114f00_6708, v0x94d114f00_6709, v0x94d114f00_6710;
v0x94d114f00_6711 .array/port v0x94d114f00, 6711;
v0x94d114f00_6712 .array/port v0x94d114f00, 6712;
v0x94d114f00_6713 .array/port v0x94d114f00, 6713;
v0x94d114f00_6714 .array/port v0x94d114f00, 6714;
E_0x94d065880/1678 .event anyedge, v0x94d114f00_6711, v0x94d114f00_6712, v0x94d114f00_6713, v0x94d114f00_6714;
v0x94d114f00_6715 .array/port v0x94d114f00, 6715;
v0x94d114f00_6716 .array/port v0x94d114f00, 6716;
v0x94d114f00_6717 .array/port v0x94d114f00, 6717;
v0x94d114f00_6718 .array/port v0x94d114f00, 6718;
E_0x94d065880/1679 .event anyedge, v0x94d114f00_6715, v0x94d114f00_6716, v0x94d114f00_6717, v0x94d114f00_6718;
v0x94d114f00_6719 .array/port v0x94d114f00, 6719;
v0x94d114f00_6720 .array/port v0x94d114f00, 6720;
v0x94d114f00_6721 .array/port v0x94d114f00, 6721;
v0x94d114f00_6722 .array/port v0x94d114f00, 6722;
E_0x94d065880/1680 .event anyedge, v0x94d114f00_6719, v0x94d114f00_6720, v0x94d114f00_6721, v0x94d114f00_6722;
v0x94d114f00_6723 .array/port v0x94d114f00, 6723;
v0x94d114f00_6724 .array/port v0x94d114f00, 6724;
v0x94d114f00_6725 .array/port v0x94d114f00, 6725;
v0x94d114f00_6726 .array/port v0x94d114f00, 6726;
E_0x94d065880/1681 .event anyedge, v0x94d114f00_6723, v0x94d114f00_6724, v0x94d114f00_6725, v0x94d114f00_6726;
v0x94d114f00_6727 .array/port v0x94d114f00, 6727;
v0x94d114f00_6728 .array/port v0x94d114f00, 6728;
v0x94d114f00_6729 .array/port v0x94d114f00, 6729;
v0x94d114f00_6730 .array/port v0x94d114f00, 6730;
E_0x94d065880/1682 .event anyedge, v0x94d114f00_6727, v0x94d114f00_6728, v0x94d114f00_6729, v0x94d114f00_6730;
v0x94d114f00_6731 .array/port v0x94d114f00, 6731;
v0x94d114f00_6732 .array/port v0x94d114f00, 6732;
v0x94d114f00_6733 .array/port v0x94d114f00, 6733;
v0x94d114f00_6734 .array/port v0x94d114f00, 6734;
E_0x94d065880/1683 .event anyedge, v0x94d114f00_6731, v0x94d114f00_6732, v0x94d114f00_6733, v0x94d114f00_6734;
v0x94d114f00_6735 .array/port v0x94d114f00, 6735;
v0x94d114f00_6736 .array/port v0x94d114f00, 6736;
v0x94d114f00_6737 .array/port v0x94d114f00, 6737;
v0x94d114f00_6738 .array/port v0x94d114f00, 6738;
E_0x94d065880/1684 .event anyedge, v0x94d114f00_6735, v0x94d114f00_6736, v0x94d114f00_6737, v0x94d114f00_6738;
v0x94d114f00_6739 .array/port v0x94d114f00, 6739;
v0x94d114f00_6740 .array/port v0x94d114f00, 6740;
v0x94d114f00_6741 .array/port v0x94d114f00, 6741;
v0x94d114f00_6742 .array/port v0x94d114f00, 6742;
E_0x94d065880/1685 .event anyedge, v0x94d114f00_6739, v0x94d114f00_6740, v0x94d114f00_6741, v0x94d114f00_6742;
v0x94d114f00_6743 .array/port v0x94d114f00, 6743;
v0x94d114f00_6744 .array/port v0x94d114f00, 6744;
v0x94d114f00_6745 .array/port v0x94d114f00, 6745;
v0x94d114f00_6746 .array/port v0x94d114f00, 6746;
E_0x94d065880/1686 .event anyedge, v0x94d114f00_6743, v0x94d114f00_6744, v0x94d114f00_6745, v0x94d114f00_6746;
v0x94d114f00_6747 .array/port v0x94d114f00, 6747;
v0x94d114f00_6748 .array/port v0x94d114f00, 6748;
v0x94d114f00_6749 .array/port v0x94d114f00, 6749;
v0x94d114f00_6750 .array/port v0x94d114f00, 6750;
E_0x94d065880/1687 .event anyedge, v0x94d114f00_6747, v0x94d114f00_6748, v0x94d114f00_6749, v0x94d114f00_6750;
v0x94d114f00_6751 .array/port v0x94d114f00, 6751;
v0x94d114f00_6752 .array/port v0x94d114f00, 6752;
v0x94d114f00_6753 .array/port v0x94d114f00, 6753;
v0x94d114f00_6754 .array/port v0x94d114f00, 6754;
E_0x94d065880/1688 .event anyedge, v0x94d114f00_6751, v0x94d114f00_6752, v0x94d114f00_6753, v0x94d114f00_6754;
v0x94d114f00_6755 .array/port v0x94d114f00, 6755;
v0x94d114f00_6756 .array/port v0x94d114f00, 6756;
v0x94d114f00_6757 .array/port v0x94d114f00, 6757;
v0x94d114f00_6758 .array/port v0x94d114f00, 6758;
E_0x94d065880/1689 .event anyedge, v0x94d114f00_6755, v0x94d114f00_6756, v0x94d114f00_6757, v0x94d114f00_6758;
v0x94d114f00_6759 .array/port v0x94d114f00, 6759;
v0x94d114f00_6760 .array/port v0x94d114f00, 6760;
v0x94d114f00_6761 .array/port v0x94d114f00, 6761;
v0x94d114f00_6762 .array/port v0x94d114f00, 6762;
E_0x94d065880/1690 .event anyedge, v0x94d114f00_6759, v0x94d114f00_6760, v0x94d114f00_6761, v0x94d114f00_6762;
v0x94d114f00_6763 .array/port v0x94d114f00, 6763;
v0x94d114f00_6764 .array/port v0x94d114f00, 6764;
v0x94d114f00_6765 .array/port v0x94d114f00, 6765;
v0x94d114f00_6766 .array/port v0x94d114f00, 6766;
E_0x94d065880/1691 .event anyedge, v0x94d114f00_6763, v0x94d114f00_6764, v0x94d114f00_6765, v0x94d114f00_6766;
v0x94d114f00_6767 .array/port v0x94d114f00, 6767;
v0x94d114f00_6768 .array/port v0x94d114f00, 6768;
v0x94d114f00_6769 .array/port v0x94d114f00, 6769;
v0x94d114f00_6770 .array/port v0x94d114f00, 6770;
E_0x94d065880/1692 .event anyedge, v0x94d114f00_6767, v0x94d114f00_6768, v0x94d114f00_6769, v0x94d114f00_6770;
v0x94d114f00_6771 .array/port v0x94d114f00, 6771;
v0x94d114f00_6772 .array/port v0x94d114f00, 6772;
v0x94d114f00_6773 .array/port v0x94d114f00, 6773;
v0x94d114f00_6774 .array/port v0x94d114f00, 6774;
E_0x94d065880/1693 .event anyedge, v0x94d114f00_6771, v0x94d114f00_6772, v0x94d114f00_6773, v0x94d114f00_6774;
v0x94d114f00_6775 .array/port v0x94d114f00, 6775;
v0x94d114f00_6776 .array/port v0x94d114f00, 6776;
v0x94d114f00_6777 .array/port v0x94d114f00, 6777;
v0x94d114f00_6778 .array/port v0x94d114f00, 6778;
E_0x94d065880/1694 .event anyedge, v0x94d114f00_6775, v0x94d114f00_6776, v0x94d114f00_6777, v0x94d114f00_6778;
v0x94d114f00_6779 .array/port v0x94d114f00, 6779;
v0x94d114f00_6780 .array/port v0x94d114f00, 6780;
v0x94d114f00_6781 .array/port v0x94d114f00, 6781;
v0x94d114f00_6782 .array/port v0x94d114f00, 6782;
E_0x94d065880/1695 .event anyedge, v0x94d114f00_6779, v0x94d114f00_6780, v0x94d114f00_6781, v0x94d114f00_6782;
v0x94d114f00_6783 .array/port v0x94d114f00, 6783;
v0x94d114f00_6784 .array/port v0x94d114f00, 6784;
v0x94d114f00_6785 .array/port v0x94d114f00, 6785;
v0x94d114f00_6786 .array/port v0x94d114f00, 6786;
E_0x94d065880/1696 .event anyedge, v0x94d114f00_6783, v0x94d114f00_6784, v0x94d114f00_6785, v0x94d114f00_6786;
v0x94d114f00_6787 .array/port v0x94d114f00, 6787;
v0x94d114f00_6788 .array/port v0x94d114f00, 6788;
v0x94d114f00_6789 .array/port v0x94d114f00, 6789;
v0x94d114f00_6790 .array/port v0x94d114f00, 6790;
E_0x94d065880/1697 .event anyedge, v0x94d114f00_6787, v0x94d114f00_6788, v0x94d114f00_6789, v0x94d114f00_6790;
v0x94d114f00_6791 .array/port v0x94d114f00, 6791;
v0x94d114f00_6792 .array/port v0x94d114f00, 6792;
v0x94d114f00_6793 .array/port v0x94d114f00, 6793;
v0x94d114f00_6794 .array/port v0x94d114f00, 6794;
E_0x94d065880/1698 .event anyedge, v0x94d114f00_6791, v0x94d114f00_6792, v0x94d114f00_6793, v0x94d114f00_6794;
v0x94d114f00_6795 .array/port v0x94d114f00, 6795;
v0x94d114f00_6796 .array/port v0x94d114f00, 6796;
v0x94d114f00_6797 .array/port v0x94d114f00, 6797;
v0x94d114f00_6798 .array/port v0x94d114f00, 6798;
E_0x94d065880/1699 .event anyedge, v0x94d114f00_6795, v0x94d114f00_6796, v0x94d114f00_6797, v0x94d114f00_6798;
v0x94d114f00_6799 .array/port v0x94d114f00, 6799;
v0x94d114f00_6800 .array/port v0x94d114f00, 6800;
v0x94d114f00_6801 .array/port v0x94d114f00, 6801;
v0x94d114f00_6802 .array/port v0x94d114f00, 6802;
E_0x94d065880/1700 .event anyedge, v0x94d114f00_6799, v0x94d114f00_6800, v0x94d114f00_6801, v0x94d114f00_6802;
v0x94d114f00_6803 .array/port v0x94d114f00, 6803;
v0x94d114f00_6804 .array/port v0x94d114f00, 6804;
v0x94d114f00_6805 .array/port v0x94d114f00, 6805;
v0x94d114f00_6806 .array/port v0x94d114f00, 6806;
E_0x94d065880/1701 .event anyedge, v0x94d114f00_6803, v0x94d114f00_6804, v0x94d114f00_6805, v0x94d114f00_6806;
v0x94d114f00_6807 .array/port v0x94d114f00, 6807;
v0x94d114f00_6808 .array/port v0x94d114f00, 6808;
v0x94d114f00_6809 .array/port v0x94d114f00, 6809;
v0x94d114f00_6810 .array/port v0x94d114f00, 6810;
E_0x94d065880/1702 .event anyedge, v0x94d114f00_6807, v0x94d114f00_6808, v0x94d114f00_6809, v0x94d114f00_6810;
v0x94d114f00_6811 .array/port v0x94d114f00, 6811;
v0x94d114f00_6812 .array/port v0x94d114f00, 6812;
v0x94d114f00_6813 .array/port v0x94d114f00, 6813;
v0x94d114f00_6814 .array/port v0x94d114f00, 6814;
E_0x94d065880/1703 .event anyedge, v0x94d114f00_6811, v0x94d114f00_6812, v0x94d114f00_6813, v0x94d114f00_6814;
v0x94d114f00_6815 .array/port v0x94d114f00, 6815;
v0x94d114f00_6816 .array/port v0x94d114f00, 6816;
v0x94d114f00_6817 .array/port v0x94d114f00, 6817;
v0x94d114f00_6818 .array/port v0x94d114f00, 6818;
E_0x94d065880/1704 .event anyedge, v0x94d114f00_6815, v0x94d114f00_6816, v0x94d114f00_6817, v0x94d114f00_6818;
v0x94d114f00_6819 .array/port v0x94d114f00, 6819;
v0x94d114f00_6820 .array/port v0x94d114f00, 6820;
v0x94d114f00_6821 .array/port v0x94d114f00, 6821;
v0x94d114f00_6822 .array/port v0x94d114f00, 6822;
E_0x94d065880/1705 .event anyedge, v0x94d114f00_6819, v0x94d114f00_6820, v0x94d114f00_6821, v0x94d114f00_6822;
v0x94d114f00_6823 .array/port v0x94d114f00, 6823;
v0x94d114f00_6824 .array/port v0x94d114f00, 6824;
v0x94d114f00_6825 .array/port v0x94d114f00, 6825;
v0x94d114f00_6826 .array/port v0x94d114f00, 6826;
E_0x94d065880/1706 .event anyedge, v0x94d114f00_6823, v0x94d114f00_6824, v0x94d114f00_6825, v0x94d114f00_6826;
v0x94d114f00_6827 .array/port v0x94d114f00, 6827;
v0x94d114f00_6828 .array/port v0x94d114f00, 6828;
v0x94d114f00_6829 .array/port v0x94d114f00, 6829;
v0x94d114f00_6830 .array/port v0x94d114f00, 6830;
E_0x94d065880/1707 .event anyedge, v0x94d114f00_6827, v0x94d114f00_6828, v0x94d114f00_6829, v0x94d114f00_6830;
v0x94d114f00_6831 .array/port v0x94d114f00, 6831;
v0x94d114f00_6832 .array/port v0x94d114f00, 6832;
v0x94d114f00_6833 .array/port v0x94d114f00, 6833;
v0x94d114f00_6834 .array/port v0x94d114f00, 6834;
E_0x94d065880/1708 .event anyedge, v0x94d114f00_6831, v0x94d114f00_6832, v0x94d114f00_6833, v0x94d114f00_6834;
v0x94d114f00_6835 .array/port v0x94d114f00, 6835;
v0x94d114f00_6836 .array/port v0x94d114f00, 6836;
v0x94d114f00_6837 .array/port v0x94d114f00, 6837;
v0x94d114f00_6838 .array/port v0x94d114f00, 6838;
E_0x94d065880/1709 .event anyedge, v0x94d114f00_6835, v0x94d114f00_6836, v0x94d114f00_6837, v0x94d114f00_6838;
v0x94d114f00_6839 .array/port v0x94d114f00, 6839;
v0x94d114f00_6840 .array/port v0x94d114f00, 6840;
v0x94d114f00_6841 .array/port v0x94d114f00, 6841;
v0x94d114f00_6842 .array/port v0x94d114f00, 6842;
E_0x94d065880/1710 .event anyedge, v0x94d114f00_6839, v0x94d114f00_6840, v0x94d114f00_6841, v0x94d114f00_6842;
v0x94d114f00_6843 .array/port v0x94d114f00, 6843;
v0x94d114f00_6844 .array/port v0x94d114f00, 6844;
v0x94d114f00_6845 .array/port v0x94d114f00, 6845;
v0x94d114f00_6846 .array/port v0x94d114f00, 6846;
E_0x94d065880/1711 .event anyedge, v0x94d114f00_6843, v0x94d114f00_6844, v0x94d114f00_6845, v0x94d114f00_6846;
v0x94d114f00_6847 .array/port v0x94d114f00, 6847;
v0x94d114f00_6848 .array/port v0x94d114f00, 6848;
v0x94d114f00_6849 .array/port v0x94d114f00, 6849;
v0x94d114f00_6850 .array/port v0x94d114f00, 6850;
E_0x94d065880/1712 .event anyedge, v0x94d114f00_6847, v0x94d114f00_6848, v0x94d114f00_6849, v0x94d114f00_6850;
v0x94d114f00_6851 .array/port v0x94d114f00, 6851;
v0x94d114f00_6852 .array/port v0x94d114f00, 6852;
v0x94d114f00_6853 .array/port v0x94d114f00, 6853;
v0x94d114f00_6854 .array/port v0x94d114f00, 6854;
E_0x94d065880/1713 .event anyedge, v0x94d114f00_6851, v0x94d114f00_6852, v0x94d114f00_6853, v0x94d114f00_6854;
v0x94d114f00_6855 .array/port v0x94d114f00, 6855;
v0x94d114f00_6856 .array/port v0x94d114f00, 6856;
v0x94d114f00_6857 .array/port v0x94d114f00, 6857;
v0x94d114f00_6858 .array/port v0x94d114f00, 6858;
E_0x94d065880/1714 .event anyedge, v0x94d114f00_6855, v0x94d114f00_6856, v0x94d114f00_6857, v0x94d114f00_6858;
v0x94d114f00_6859 .array/port v0x94d114f00, 6859;
v0x94d114f00_6860 .array/port v0x94d114f00, 6860;
v0x94d114f00_6861 .array/port v0x94d114f00, 6861;
v0x94d114f00_6862 .array/port v0x94d114f00, 6862;
E_0x94d065880/1715 .event anyedge, v0x94d114f00_6859, v0x94d114f00_6860, v0x94d114f00_6861, v0x94d114f00_6862;
v0x94d114f00_6863 .array/port v0x94d114f00, 6863;
v0x94d114f00_6864 .array/port v0x94d114f00, 6864;
v0x94d114f00_6865 .array/port v0x94d114f00, 6865;
v0x94d114f00_6866 .array/port v0x94d114f00, 6866;
E_0x94d065880/1716 .event anyedge, v0x94d114f00_6863, v0x94d114f00_6864, v0x94d114f00_6865, v0x94d114f00_6866;
v0x94d114f00_6867 .array/port v0x94d114f00, 6867;
v0x94d114f00_6868 .array/port v0x94d114f00, 6868;
v0x94d114f00_6869 .array/port v0x94d114f00, 6869;
v0x94d114f00_6870 .array/port v0x94d114f00, 6870;
E_0x94d065880/1717 .event anyedge, v0x94d114f00_6867, v0x94d114f00_6868, v0x94d114f00_6869, v0x94d114f00_6870;
v0x94d114f00_6871 .array/port v0x94d114f00, 6871;
v0x94d114f00_6872 .array/port v0x94d114f00, 6872;
v0x94d114f00_6873 .array/port v0x94d114f00, 6873;
v0x94d114f00_6874 .array/port v0x94d114f00, 6874;
E_0x94d065880/1718 .event anyedge, v0x94d114f00_6871, v0x94d114f00_6872, v0x94d114f00_6873, v0x94d114f00_6874;
v0x94d114f00_6875 .array/port v0x94d114f00, 6875;
v0x94d114f00_6876 .array/port v0x94d114f00, 6876;
v0x94d114f00_6877 .array/port v0x94d114f00, 6877;
v0x94d114f00_6878 .array/port v0x94d114f00, 6878;
E_0x94d065880/1719 .event anyedge, v0x94d114f00_6875, v0x94d114f00_6876, v0x94d114f00_6877, v0x94d114f00_6878;
v0x94d114f00_6879 .array/port v0x94d114f00, 6879;
v0x94d114f00_6880 .array/port v0x94d114f00, 6880;
v0x94d114f00_6881 .array/port v0x94d114f00, 6881;
v0x94d114f00_6882 .array/port v0x94d114f00, 6882;
E_0x94d065880/1720 .event anyedge, v0x94d114f00_6879, v0x94d114f00_6880, v0x94d114f00_6881, v0x94d114f00_6882;
v0x94d114f00_6883 .array/port v0x94d114f00, 6883;
v0x94d114f00_6884 .array/port v0x94d114f00, 6884;
v0x94d114f00_6885 .array/port v0x94d114f00, 6885;
v0x94d114f00_6886 .array/port v0x94d114f00, 6886;
E_0x94d065880/1721 .event anyedge, v0x94d114f00_6883, v0x94d114f00_6884, v0x94d114f00_6885, v0x94d114f00_6886;
v0x94d114f00_6887 .array/port v0x94d114f00, 6887;
v0x94d114f00_6888 .array/port v0x94d114f00, 6888;
v0x94d114f00_6889 .array/port v0x94d114f00, 6889;
v0x94d114f00_6890 .array/port v0x94d114f00, 6890;
E_0x94d065880/1722 .event anyedge, v0x94d114f00_6887, v0x94d114f00_6888, v0x94d114f00_6889, v0x94d114f00_6890;
v0x94d114f00_6891 .array/port v0x94d114f00, 6891;
v0x94d114f00_6892 .array/port v0x94d114f00, 6892;
v0x94d114f00_6893 .array/port v0x94d114f00, 6893;
v0x94d114f00_6894 .array/port v0x94d114f00, 6894;
E_0x94d065880/1723 .event anyedge, v0x94d114f00_6891, v0x94d114f00_6892, v0x94d114f00_6893, v0x94d114f00_6894;
v0x94d114f00_6895 .array/port v0x94d114f00, 6895;
v0x94d114f00_6896 .array/port v0x94d114f00, 6896;
v0x94d114f00_6897 .array/port v0x94d114f00, 6897;
v0x94d114f00_6898 .array/port v0x94d114f00, 6898;
E_0x94d065880/1724 .event anyedge, v0x94d114f00_6895, v0x94d114f00_6896, v0x94d114f00_6897, v0x94d114f00_6898;
v0x94d114f00_6899 .array/port v0x94d114f00, 6899;
v0x94d114f00_6900 .array/port v0x94d114f00, 6900;
v0x94d114f00_6901 .array/port v0x94d114f00, 6901;
v0x94d114f00_6902 .array/port v0x94d114f00, 6902;
E_0x94d065880/1725 .event anyedge, v0x94d114f00_6899, v0x94d114f00_6900, v0x94d114f00_6901, v0x94d114f00_6902;
v0x94d114f00_6903 .array/port v0x94d114f00, 6903;
v0x94d114f00_6904 .array/port v0x94d114f00, 6904;
v0x94d114f00_6905 .array/port v0x94d114f00, 6905;
v0x94d114f00_6906 .array/port v0x94d114f00, 6906;
E_0x94d065880/1726 .event anyedge, v0x94d114f00_6903, v0x94d114f00_6904, v0x94d114f00_6905, v0x94d114f00_6906;
v0x94d114f00_6907 .array/port v0x94d114f00, 6907;
v0x94d114f00_6908 .array/port v0x94d114f00, 6908;
v0x94d114f00_6909 .array/port v0x94d114f00, 6909;
v0x94d114f00_6910 .array/port v0x94d114f00, 6910;
E_0x94d065880/1727 .event anyedge, v0x94d114f00_6907, v0x94d114f00_6908, v0x94d114f00_6909, v0x94d114f00_6910;
v0x94d114f00_6911 .array/port v0x94d114f00, 6911;
v0x94d114f00_6912 .array/port v0x94d114f00, 6912;
v0x94d114f00_6913 .array/port v0x94d114f00, 6913;
v0x94d114f00_6914 .array/port v0x94d114f00, 6914;
E_0x94d065880/1728 .event anyedge, v0x94d114f00_6911, v0x94d114f00_6912, v0x94d114f00_6913, v0x94d114f00_6914;
v0x94d114f00_6915 .array/port v0x94d114f00, 6915;
v0x94d114f00_6916 .array/port v0x94d114f00, 6916;
v0x94d114f00_6917 .array/port v0x94d114f00, 6917;
v0x94d114f00_6918 .array/port v0x94d114f00, 6918;
E_0x94d065880/1729 .event anyedge, v0x94d114f00_6915, v0x94d114f00_6916, v0x94d114f00_6917, v0x94d114f00_6918;
v0x94d114f00_6919 .array/port v0x94d114f00, 6919;
v0x94d114f00_6920 .array/port v0x94d114f00, 6920;
v0x94d114f00_6921 .array/port v0x94d114f00, 6921;
v0x94d114f00_6922 .array/port v0x94d114f00, 6922;
E_0x94d065880/1730 .event anyedge, v0x94d114f00_6919, v0x94d114f00_6920, v0x94d114f00_6921, v0x94d114f00_6922;
v0x94d114f00_6923 .array/port v0x94d114f00, 6923;
v0x94d114f00_6924 .array/port v0x94d114f00, 6924;
v0x94d114f00_6925 .array/port v0x94d114f00, 6925;
v0x94d114f00_6926 .array/port v0x94d114f00, 6926;
E_0x94d065880/1731 .event anyedge, v0x94d114f00_6923, v0x94d114f00_6924, v0x94d114f00_6925, v0x94d114f00_6926;
v0x94d114f00_6927 .array/port v0x94d114f00, 6927;
v0x94d114f00_6928 .array/port v0x94d114f00, 6928;
v0x94d114f00_6929 .array/port v0x94d114f00, 6929;
v0x94d114f00_6930 .array/port v0x94d114f00, 6930;
E_0x94d065880/1732 .event anyedge, v0x94d114f00_6927, v0x94d114f00_6928, v0x94d114f00_6929, v0x94d114f00_6930;
v0x94d114f00_6931 .array/port v0x94d114f00, 6931;
v0x94d114f00_6932 .array/port v0x94d114f00, 6932;
v0x94d114f00_6933 .array/port v0x94d114f00, 6933;
v0x94d114f00_6934 .array/port v0x94d114f00, 6934;
E_0x94d065880/1733 .event anyedge, v0x94d114f00_6931, v0x94d114f00_6932, v0x94d114f00_6933, v0x94d114f00_6934;
v0x94d114f00_6935 .array/port v0x94d114f00, 6935;
v0x94d114f00_6936 .array/port v0x94d114f00, 6936;
v0x94d114f00_6937 .array/port v0x94d114f00, 6937;
v0x94d114f00_6938 .array/port v0x94d114f00, 6938;
E_0x94d065880/1734 .event anyedge, v0x94d114f00_6935, v0x94d114f00_6936, v0x94d114f00_6937, v0x94d114f00_6938;
v0x94d114f00_6939 .array/port v0x94d114f00, 6939;
v0x94d114f00_6940 .array/port v0x94d114f00, 6940;
v0x94d114f00_6941 .array/port v0x94d114f00, 6941;
v0x94d114f00_6942 .array/port v0x94d114f00, 6942;
E_0x94d065880/1735 .event anyedge, v0x94d114f00_6939, v0x94d114f00_6940, v0x94d114f00_6941, v0x94d114f00_6942;
v0x94d114f00_6943 .array/port v0x94d114f00, 6943;
v0x94d114f00_6944 .array/port v0x94d114f00, 6944;
v0x94d114f00_6945 .array/port v0x94d114f00, 6945;
v0x94d114f00_6946 .array/port v0x94d114f00, 6946;
E_0x94d065880/1736 .event anyedge, v0x94d114f00_6943, v0x94d114f00_6944, v0x94d114f00_6945, v0x94d114f00_6946;
v0x94d114f00_6947 .array/port v0x94d114f00, 6947;
v0x94d114f00_6948 .array/port v0x94d114f00, 6948;
v0x94d114f00_6949 .array/port v0x94d114f00, 6949;
v0x94d114f00_6950 .array/port v0x94d114f00, 6950;
E_0x94d065880/1737 .event anyedge, v0x94d114f00_6947, v0x94d114f00_6948, v0x94d114f00_6949, v0x94d114f00_6950;
v0x94d114f00_6951 .array/port v0x94d114f00, 6951;
v0x94d114f00_6952 .array/port v0x94d114f00, 6952;
v0x94d114f00_6953 .array/port v0x94d114f00, 6953;
v0x94d114f00_6954 .array/port v0x94d114f00, 6954;
E_0x94d065880/1738 .event anyedge, v0x94d114f00_6951, v0x94d114f00_6952, v0x94d114f00_6953, v0x94d114f00_6954;
v0x94d114f00_6955 .array/port v0x94d114f00, 6955;
v0x94d114f00_6956 .array/port v0x94d114f00, 6956;
v0x94d114f00_6957 .array/port v0x94d114f00, 6957;
v0x94d114f00_6958 .array/port v0x94d114f00, 6958;
E_0x94d065880/1739 .event anyedge, v0x94d114f00_6955, v0x94d114f00_6956, v0x94d114f00_6957, v0x94d114f00_6958;
v0x94d114f00_6959 .array/port v0x94d114f00, 6959;
v0x94d114f00_6960 .array/port v0x94d114f00, 6960;
v0x94d114f00_6961 .array/port v0x94d114f00, 6961;
v0x94d114f00_6962 .array/port v0x94d114f00, 6962;
E_0x94d065880/1740 .event anyedge, v0x94d114f00_6959, v0x94d114f00_6960, v0x94d114f00_6961, v0x94d114f00_6962;
v0x94d114f00_6963 .array/port v0x94d114f00, 6963;
v0x94d114f00_6964 .array/port v0x94d114f00, 6964;
v0x94d114f00_6965 .array/port v0x94d114f00, 6965;
v0x94d114f00_6966 .array/port v0x94d114f00, 6966;
E_0x94d065880/1741 .event anyedge, v0x94d114f00_6963, v0x94d114f00_6964, v0x94d114f00_6965, v0x94d114f00_6966;
v0x94d114f00_6967 .array/port v0x94d114f00, 6967;
v0x94d114f00_6968 .array/port v0x94d114f00, 6968;
v0x94d114f00_6969 .array/port v0x94d114f00, 6969;
v0x94d114f00_6970 .array/port v0x94d114f00, 6970;
E_0x94d065880/1742 .event anyedge, v0x94d114f00_6967, v0x94d114f00_6968, v0x94d114f00_6969, v0x94d114f00_6970;
v0x94d114f00_6971 .array/port v0x94d114f00, 6971;
v0x94d114f00_6972 .array/port v0x94d114f00, 6972;
v0x94d114f00_6973 .array/port v0x94d114f00, 6973;
v0x94d114f00_6974 .array/port v0x94d114f00, 6974;
E_0x94d065880/1743 .event anyedge, v0x94d114f00_6971, v0x94d114f00_6972, v0x94d114f00_6973, v0x94d114f00_6974;
v0x94d114f00_6975 .array/port v0x94d114f00, 6975;
v0x94d114f00_6976 .array/port v0x94d114f00, 6976;
v0x94d114f00_6977 .array/port v0x94d114f00, 6977;
v0x94d114f00_6978 .array/port v0x94d114f00, 6978;
E_0x94d065880/1744 .event anyedge, v0x94d114f00_6975, v0x94d114f00_6976, v0x94d114f00_6977, v0x94d114f00_6978;
v0x94d114f00_6979 .array/port v0x94d114f00, 6979;
v0x94d114f00_6980 .array/port v0x94d114f00, 6980;
v0x94d114f00_6981 .array/port v0x94d114f00, 6981;
v0x94d114f00_6982 .array/port v0x94d114f00, 6982;
E_0x94d065880/1745 .event anyedge, v0x94d114f00_6979, v0x94d114f00_6980, v0x94d114f00_6981, v0x94d114f00_6982;
v0x94d114f00_6983 .array/port v0x94d114f00, 6983;
v0x94d114f00_6984 .array/port v0x94d114f00, 6984;
v0x94d114f00_6985 .array/port v0x94d114f00, 6985;
v0x94d114f00_6986 .array/port v0x94d114f00, 6986;
E_0x94d065880/1746 .event anyedge, v0x94d114f00_6983, v0x94d114f00_6984, v0x94d114f00_6985, v0x94d114f00_6986;
v0x94d114f00_6987 .array/port v0x94d114f00, 6987;
v0x94d114f00_6988 .array/port v0x94d114f00, 6988;
v0x94d114f00_6989 .array/port v0x94d114f00, 6989;
v0x94d114f00_6990 .array/port v0x94d114f00, 6990;
E_0x94d065880/1747 .event anyedge, v0x94d114f00_6987, v0x94d114f00_6988, v0x94d114f00_6989, v0x94d114f00_6990;
v0x94d114f00_6991 .array/port v0x94d114f00, 6991;
v0x94d114f00_6992 .array/port v0x94d114f00, 6992;
v0x94d114f00_6993 .array/port v0x94d114f00, 6993;
v0x94d114f00_6994 .array/port v0x94d114f00, 6994;
E_0x94d065880/1748 .event anyedge, v0x94d114f00_6991, v0x94d114f00_6992, v0x94d114f00_6993, v0x94d114f00_6994;
v0x94d114f00_6995 .array/port v0x94d114f00, 6995;
v0x94d114f00_6996 .array/port v0x94d114f00, 6996;
v0x94d114f00_6997 .array/port v0x94d114f00, 6997;
v0x94d114f00_6998 .array/port v0x94d114f00, 6998;
E_0x94d065880/1749 .event anyedge, v0x94d114f00_6995, v0x94d114f00_6996, v0x94d114f00_6997, v0x94d114f00_6998;
v0x94d114f00_6999 .array/port v0x94d114f00, 6999;
v0x94d114f00_7000 .array/port v0x94d114f00, 7000;
v0x94d114f00_7001 .array/port v0x94d114f00, 7001;
v0x94d114f00_7002 .array/port v0x94d114f00, 7002;
E_0x94d065880/1750 .event anyedge, v0x94d114f00_6999, v0x94d114f00_7000, v0x94d114f00_7001, v0x94d114f00_7002;
v0x94d114f00_7003 .array/port v0x94d114f00, 7003;
v0x94d114f00_7004 .array/port v0x94d114f00, 7004;
v0x94d114f00_7005 .array/port v0x94d114f00, 7005;
v0x94d114f00_7006 .array/port v0x94d114f00, 7006;
E_0x94d065880/1751 .event anyedge, v0x94d114f00_7003, v0x94d114f00_7004, v0x94d114f00_7005, v0x94d114f00_7006;
v0x94d114f00_7007 .array/port v0x94d114f00, 7007;
v0x94d114f00_7008 .array/port v0x94d114f00, 7008;
v0x94d114f00_7009 .array/port v0x94d114f00, 7009;
v0x94d114f00_7010 .array/port v0x94d114f00, 7010;
E_0x94d065880/1752 .event anyedge, v0x94d114f00_7007, v0x94d114f00_7008, v0x94d114f00_7009, v0x94d114f00_7010;
v0x94d114f00_7011 .array/port v0x94d114f00, 7011;
v0x94d114f00_7012 .array/port v0x94d114f00, 7012;
v0x94d114f00_7013 .array/port v0x94d114f00, 7013;
v0x94d114f00_7014 .array/port v0x94d114f00, 7014;
E_0x94d065880/1753 .event anyedge, v0x94d114f00_7011, v0x94d114f00_7012, v0x94d114f00_7013, v0x94d114f00_7014;
v0x94d114f00_7015 .array/port v0x94d114f00, 7015;
v0x94d114f00_7016 .array/port v0x94d114f00, 7016;
v0x94d114f00_7017 .array/port v0x94d114f00, 7017;
v0x94d114f00_7018 .array/port v0x94d114f00, 7018;
E_0x94d065880/1754 .event anyedge, v0x94d114f00_7015, v0x94d114f00_7016, v0x94d114f00_7017, v0x94d114f00_7018;
v0x94d114f00_7019 .array/port v0x94d114f00, 7019;
v0x94d114f00_7020 .array/port v0x94d114f00, 7020;
v0x94d114f00_7021 .array/port v0x94d114f00, 7021;
v0x94d114f00_7022 .array/port v0x94d114f00, 7022;
E_0x94d065880/1755 .event anyedge, v0x94d114f00_7019, v0x94d114f00_7020, v0x94d114f00_7021, v0x94d114f00_7022;
v0x94d114f00_7023 .array/port v0x94d114f00, 7023;
v0x94d114f00_7024 .array/port v0x94d114f00, 7024;
v0x94d114f00_7025 .array/port v0x94d114f00, 7025;
v0x94d114f00_7026 .array/port v0x94d114f00, 7026;
E_0x94d065880/1756 .event anyedge, v0x94d114f00_7023, v0x94d114f00_7024, v0x94d114f00_7025, v0x94d114f00_7026;
v0x94d114f00_7027 .array/port v0x94d114f00, 7027;
v0x94d114f00_7028 .array/port v0x94d114f00, 7028;
v0x94d114f00_7029 .array/port v0x94d114f00, 7029;
v0x94d114f00_7030 .array/port v0x94d114f00, 7030;
E_0x94d065880/1757 .event anyedge, v0x94d114f00_7027, v0x94d114f00_7028, v0x94d114f00_7029, v0x94d114f00_7030;
v0x94d114f00_7031 .array/port v0x94d114f00, 7031;
v0x94d114f00_7032 .array/port v0x94d114f00, 7032;
v0x94d114f00_7033 .array/port v0x94d114f00, 7033;
v0x94d114f00_7034 .array/port v0x94d114f00, 7034;
E_0x94d065880/1758 .event anyedge, v0x94d114f00_7031, v0x94d114f00_7032, v0x94d114f00_7033, v0x94d114f00_7034;
v0x94d114f00_7035 .array/port v0x94d114f00, 7035;
v0x94d114f00_7036 .array/port v0x94d114f00, 7036;
v0x94d114f00_7037 .array/port v0x94d114f00, 7037;
v0x94d114f00_7038 .array/port v0x94d114f00, 7038;
E_0x94d065880/1759 .event anyedge, v0x94d114f00_7035, v0x94d114f00_7036, v0x94d114f00_7037, v0x94d114f00_7038;
v0x94d114f00_7039 .array/port v0x94d114f00, 7039;
v0x94d114f00_7040 .array/port v0x94d114f00, 7040;
v0x94d114f00_7041 .array/port v0x94d114f00, 7041;
v0x94d114f00_7042 .array/port v0x94d114f00, 7042;
E_0x94d065880/1760 .event anyedge, v0x94d114f00_7039, v0x94d114f00_7040, v0x94d114f00_7041, v0x94d114f00_7042;
v0x94d114f00_7043 .array/port v0x94d114f00, 7043;
v0x94d114f00_7044 .array/port v0x94d114f00, 7044;
v0x94d114f00_7045 .array/port v0x94d114f00, 7045;
v0x94d114f00_7046 .array/port v0x94d114f00, 7046;
E_0x94d065880/1761 .event anyedge, v0x94d114f00_7043, v0x94d114f00_7044, v0x94d114f00_7045, v0x94d114f00_7046;
v0x94d114f00_7047 .array/port v0x94d114f00, 7047;
v0x94d114f00_7048 .array/port v0x94d114f00, 7048;
v0x94d114f00_7049 .array/port v0x94d114f00, 7049;
v0x94d114f00_7050 .array/port v0x94d114f00, 7050;
E_0x94d065880/1762 .event anyedge, v0x94d114f00_7047, v0x94d114f00_7048, v0x94d114f00_7049, v0x94d114f00_7050;
v0x94d114f00_7051 .array/port v0x94d114f00, 7051;
v0x94d114f00_7052 .array/port v0x94d114f00, 7052;
v0x94d114f00_7053 .array/port v0x94d114f00, 7053;
v0x94d114f00_7054 .array/port v0x94d114f00, 7054;
E_0x94d065880/1763 .event anyedge, v0x94d114f00_7051, v0x94d114f00_7052, v0x94d114f00_7053, v0x94d114f00_7054;
v0x94d114f00_7055 .array/port v0x94d114f00, 7055;
v0x94d114f00_7056 .array/port v0x94d114f00, 7056;
v0x94d114f00_7057 .array/port v0x94d114f00, 7057;
v0x94d114f00_7058 .array/port v0x94d114f00, 7058;
E_0x94d065880/1764 .event anyedge, v0x94d114f00_7055, v0x94d114f00_7056, v0x94d114f00_7057, v0x94d114f00_7058;
v0x94d114f00_7059 .array/port v0x94d114f00, 7059;
v0x94d114f00_7060 .array/port v0x94d114f00, 7060;
v0x94d114f00_7061 .array/port v0x94d114f00, 7061;
v0x94d114f00_7062 .array/port v0x94d114f00, 7062;
E_0x94d065880/1765 .event anyedge, v0x94d114f00_7059, v0x94d114f00_7060, v0x94d114f00_7061, v0x94d114f00_7062;
v0x94d114f00_7063 .array/port v0x94d114f00, 7063;
v0x94d114f00_7064 .array/port v0x94d114f00, 7064;
v0x94d114f00_7065 .array/port v0x94d114f00, 7065;
v0x94d114f00_7066 .array/port v0x94d114f00, 7066;
E_0x94d065880/1766 .event anyedge, v0x94d114f00_7063, v0x94d114f00_7064, v0x94d114f00_7065, v0x94d114f00_7066;
v0x94d114f00_7067 .array/port v0x94d114f00, 7067;
v0x94d114f00_7068 .array/port v0x94d114f00, 7068;
v0x94d114f00_7069 .array/port v0x94d114f00, 7069;
v0x94d114f00_7070 .array/port v0x94d114f00, 7070;
E_0x94d065880/1767 .event anyedge, v0x94d114f00_7067, v0x94d114f00_7068, v0x94d114f00_7069, v0x94d114f00_7070;
v0x94d114f00_7071 .array/port v0x94d114f00, 7071;
v0x94d114f00_7072 .array/port v0x94d114f00, 7072;
v0x94d114f00_7073 .array/port v0x94d114f00, 7073;
v0x94d114f00_7074 .array/port v0x94d114f00, 7074;
E_0x94d065880/1768 .event anyedge, v0x94d114f00_7071, v0x94d114f00_7072, v0x94d114f00_7073, v0x94d114f00_7074;
v0x94d114f00_7075 .array/port v0x94d114f00, 7075;
v0x94d114f00_7076 .array/port v0x94d114f00, 7076;
v0x94d114f00_7077 .array/port v0x94d114f00, 7077;
v0x94d114f00_7078 .array/port v0x94d114f00, 7078;
E_0x94d065880/1769 .event anyedge, v0x94d114f00_7075, v0x94d114f00_7076, v0x94d114f00_7077, v0x94d114f00_7078;
v0x94d114f00_7079 .array/port v0x94d114f00, 7079;
v0x94d114f00_7080 .array/port v0x94d114f00, 7080;
v0x94d114f00_7081 .array/port v0x94d114f00, 7081;
v0x94d114f00_7082 .array/port v0x94d114f00, 7082;
E_0x94d065880/1770 .event anyedge, v0x94d114f00_7079, v0x94d114f00_7080, v0x94d114f00_7081, v0x94d114f00_7082;
v0x94d114f00_7083 .array/port v0x94d114f00, 7083;
v0x94d114f00_7084 .array/port v0x94d114f00, 7084;
v0x94d114f00_7085 .array/port v0x94d114f00, 7085;
v0x94d114f00_7086 .array/port v0x94d114f00, 7086;
E_0x94d065880/1771 .event anyedge, v0x94d114f00_7083, v0x94d114f00_7084, v0x94d114f00_7085, v0x94d114f00_7086;
v0x94d114f00_7087 .array/port v0x94d114f00, 7087;
v0x94d114f00_7088 .array/port v0x94d114f00, 7088;
v0x94d114f00_7089 .array/port v0x94d114f00, 7089;
v0x94d114f00_7090 .array/port v0x94d114f00, 7090;
E_0x94d065880/1772 .event anyedge, v0x94d114f00_7087, v0x94d114f00_7088, v0x94d114f00_7089, v0x94d114f00_7090;
v0x94d114f00_7091 .array/port v0x94d114f00, 7091;
v0x94d114f00_7092 .array/port v0x94d114f00, 7092;
v0x94d114f00_7093 .array/port v0x94d114f00, 7093;
v0x94d114f00_7094 .array/port v0x94d114f00, 7094;
E_0x94d065880/1773 .event anyedge, v0x94d114f00_7091, v0x94d114f00_7092, v0x94d114f00_7093, v0x94d114f00_7094;
v0x94d114f00_7095 .array/port v0x94d114f00, 7095;
v0x94d114f00_7096 .array/port v0x94d114f00, 7096;
v0x94d114f00_7097 .array/port v0x94d114f00, 7097;
v0x94d114f00_7098 .array/port v0x94d114f00, 7098;
E_0x94d065880/1774 .event anyedge, v0x94d114f00_7095, v0x94d114f00_7096, v0x94d114f00_7097, v0x94d114f00_7098;
v0x94d114f00_7099 .array/port v0x94d114f00, 7099;
v0x94d114f00_7100 .array/port v0x94d114f00, 7100;
v0x94d114f00_7101 .array/port v0x94d114f00, 7101;
v0x94d114f00_7102 .array/port v0x94d114f00, 7102;
E_0x94d065880/1775 .event anyedge, v0x94d114f00_7099, v0x94d114f00_7100, v0x94d114f00_7101, v0x94d114f00_7102;
v0x94d114f00_7103 .array/port v0x94d114f00, 7103;
v0x94d114f00_7104 .array/port v0x94d114f00, 7104;
v0x94d114f00_7105 .array/port v0x94d114f00, 7105;
v0x94d114f00_7106 .array/port v0x94d114f00, 7106;
E_0x94d065880/1776 .event anyedge, v0x94d114f00_7103, v0x94d114f00_7104, v0x94d114f00_7105, v0x94d114f00_7106;
v0x94d114f00_7107 .array/port v0x94d114f00, 7107;
v0x94d114f00_7108 .array/port v0x94d114f00, 7108;
v0x94d114f00_7109 .array/port v0x94d114f00, 7109;
v0x94d114f00_7110 .array/port v0x94d114f00, 7110;
E_0x94d065880/1777 .event anyedge, v0x94d114f00_7107, v0x94d114f00_7108, v0x94d114f00_7109, v0x94d114f00_7110;
v0x94d114f00_7111 .array/port v0x94d114f00, 7111;
v0x94d114f00_7112 .array/port v0x94d114f00, 7112;
v0x94d114f00_7113 .array/port v0x94d114f00, 7113;
v0x94d114f00_7114 .array/port v0x94d114f00, 7114;
E_0x94d065880/1778 .event anyedge, v0x94d114f00_7111, v0x94d114f00_7112, v0x94d114f00_7113, v0x94d114f00_7114;
v0x94d114f00_7115 .array/port v0x94d114f00, 7115;
v0x94d114f00_7116 .array/port v0x94d114f00, 7116;
v0x94d114f00_7117 .array/port v0x94d114f00, 7117;
v0x94d114f00_7118 .array/port v0x94d114f00, 7118;
E_0x94d065880/1779 .event anyedge, v0x94d114f00_7115, v0x94d114f00_7116, v0x94d114f00_7117, v0x94d114f00_7118;
v0x94d114f00_7119 .array/port v0x94d114f00, 7119;
v0x94d114f00_7120 .array/port v0x94d114f00, 7120;
v0x94d114f00_7121 .array/port v0x94d114f00, 7121;
v0x94d114f00_7122 .array/port v0x94d114f00, 7122;
E_0x94d065880/1780 .event anyedge, v0x94d114f00_7119, v0x94d114f00_7120, v0x94d114f00_7121, v0x94d114f00_7122;
v0x94d114f00_7123 .array/port v0x94d114f00, 7123;
v0x94d114f00_7124 .array/port v0x94d114f00, 7124;
v0x94d114f00_7125 .array/port v0x94d114f00, 7125;
v0x94d114f00_7126 .array/port v0x94d114f00, 7126;
E_0x94d065880/1781 .event anyedge, v0x94d114f00_7123, v0x94d114f00_7124, v0x94d114f00_7125, v0x94d114f00_7126;
v0x94d114f00_7127 .array/port v0x94d114f00, 7127;
v0x94d114f00_7128 .array/port v0x94d114f00, 7128;
v0x94d114f00_7129 .array/port v0x94d114f00, 7129;
v0x94d114f00_7130 .array/port v0x94d114f00, 7130;
E_0x94d065880/1782 .event anyedge, v0x94d114f00_7127, v0x94d114f00_7128, v0x94d114f00_7129, v0x94d114f00_7130;
v0x94d114f00_7131 .array/port v0x94d114f00, 7131;
v0x94d114f00_7132 .array/port v0x94d114f00, 7132;
v0x94d114f00_7133 .array/port v0x94d114f00, 7133;
v0x94d114f00_7134 .array/port v0x94d114f00, 7134;
E_0x94d065880/1783 .event anyedge, v0x94d114f00_7131, v0x94d114f00_7132, v0x94d114f00_7133, v0x94d114f00_7134;
v0x94d114f00_7135 .array/port v0x94d114f00, 7135;
v0x94d114f00_7136 .array/port v0x94d114f00, 7136;
v0x94d114f00_7137 .array/port v0x94d114f00, 7137;
v0x94d114f00_7138 .array/port v0x94d114f00, 7138;
E_0x94d065880/1784 .event anyedge, v0x94d114f00_7135, v0x94d114f00_7136, v0x94d114f00_7137, v0x94d114f00_7138;
v0x94d114f00_7139 .array/port v0x94d114f00, 7139;
v0x94d114f00_7140 .array/port v0x94d114f00, 7140;
v0x94d114f00_7141 .array/port v0x94d114f00, 7141;
v0x94d114f00_7142 .array/port v0x94d114f00, 7142;
E_0x94d065880/1785 .event anyedge, v0x94d114f00_7139, v0x94d114f00_7140, v0x94d114f00_7141, v0x94d114f00_7142;
v0x94d114f00_7143 .array/port v0x94d114f00, 7143;
v0x94d114f00_7144 .array/port v0x94d114f00, 7144;
v0x94d114f00_7145 .array/port v0x94d114f00, 7145;
v0x94d114f00_7146 .array/port v0x94d114f00, 7146;
E_0x94d065880/1786 .event anyedge, v0x94d114f00_7143, v0x94d114f00_7144, v0x94d114f00_7145, v0x94d114f00_7146;
v0x94d114f00_7147 .array/port v0x94d114f00, 7147;
v0x94d114f00_7148 .array/port v0x94d114f00, 7148;
v0x94d114f00_7149 .array/port v0x94d114f00, 7149;
v0x94d114f00_7150 .array/port v0x94d114f00, 7150;
E_0x94d065880/1787 .event anyedge, v0x94d114f00_7147, v0x94d114f00_7148, v0x94d114f00_7149, v0x94d114f00_7150;
v0x94d114f00_7151 .array/port v0x94d114f00, 7151;
v0x94d114f00_7152 .array/port v0x94d114f00, 7152;
v0x94d114f00_7153 .array/port v0x94d114f00, 7153;
v0x94d114f00_7154 .array/port v0x94d114f00, 7154;
E_0x94d065880/1788 .event anyedge, v0x94d114f00_7151, v0x94d114f00_7152, v0x94d114f00_7153, v0x94d114f00_7154;
v0x94d114f00_7155 .array/port v0x94d114f00, 7155;
v0x94d114f00_7156 .array/port v0x94d114f00, 7156;
v0x94d114f00_7157 .array/port v0x94d114f00, 7157;
v0x94d114f00_7158 .array/port v0x94d114f00, 7158;
E_0x94d065880/1789 .event anyedge, v0x94d114f00_7155, v0x94d114f00_7156, v0x94d114f00_7157, v0x94d114f00_7158;
v0x94d114f00_7159 .array/port v0x94d114f00, 7159;
v0x94d114f00_7160 .array/port v0x94d114f00, 7160;
v0x94d114f00_7161 .array/port v0x94d114f00, 7161;
v0x94d114f00_7162 .array/port v0x94d114f00, 7162;
E_0x94d065880/1790 .event anyedge, v0x94d114f00_7159, v0x94d114f00_7160, v0x94d114f00_7161, v0x94d114f00_7162;
v0x94d114f00_7163 .array/port v0x94d114f00, 7163;
v0x94d114f00_7164 .array/port v0x94d114f00, 7164;
v0x94d114f00_7165 .array/port v0x94d114f00, 7165;
v0x94d114f00_7166 .array/port v0x94d114f00, 7166;
E_0x94d065880/1791 .event anyedge, v0x94d114f00_7163, v0x94d114f00_7164, v0x94d114f00_7165, v0x94d114f00_7166;
v0x94d114f00_7167 .array/port v0x94d114f00, 7167;
v0x94d114f00_7168 .array/port v0x94d114f00, 7168;
v0x94d114f00_7169 .array/port v0x94d114f00, 7169;
v0x94d114f00_7170 .array/port v0x94d114f00, 7170;
E_0x94d065880/1792 .event anyedge, v0x94d114f00_7167, v0x94d114f00_7168, v0x94d114f00_7169, v0x94d114f00_7170;
v0x94d114f00_7171 .array/port v0x94d114f00, 7171;
v0x94d114f00_7172 .array/port v0x94d114f00, 7172;
v0x94d114f00_7173 .array/port v0x94d114f00, 7173;
v0x94d114f00_7174 .array/port v0x94d114f00, 7174;
E_0x94d065880/1793 .event anyedge, v0x94d114f00_7171, v0x94d114f00_7172, v0x94d114f00_7173, v0x94d114f00_7174;
v0x94d114f00_7175 .array/port v0x94d114f00, 7175;
v0x94d114f00_7176 .array/port v0x94d114f00, 7176;
v0x94d114f00_7177 .array/port v0x94d114f00, 7177;
v0x94d114f00_7178 .array/port v0x94d114f00, 7178;
E_0x94d065880/1794 .event anyedge, v0x94d114f00_7175, v0x94d114f00_7176, v0x94d114f00_7177, v0x94d114f00_7178;
v0x94d114f00_7179 .array/port v0x94d114f00, 7179;
v0x94d114f00_7180 .array/port v0x94d114f00, 7180;
v0x94d114f00_7181 .array/port v0x94d114f00, 7181;
v0x94d114f00_7182 .array/port v0x94d114f00, 7182;
E_0x94d065880/1795 .event anyedge, v0x94d114f00_7179, v0x94d114f00_7180, v0x94d114f00_7181, v0x94d114f00_7182;
v0x94d114f00_7183 .array/port v0x94d114f00, 7183;
v0x94d114f00_7184 .array/port v0x94d114f00, 7184;
v0x94d114f00_7185 .array/port v0x94d114f00, 7185;
v0x94d114f00_7186 .array/port v0x94d114f00, 7186;
E_0x94d065880/1796 .event anyedge, v0x94d114f00_7183, v0x94d114f00_7184, v0x94d114f00_7185, v0x94d114f00_7186;
v0x94d114f00_7187 .array/port v0x94d114f00, 7187;
v0x94d114f00_7188 .array/port v0x94d114f00, 7188;
v0x94d114f00_7189 .array/port v0x94d114f00, 7189;
v0x94d114f00_7190 .array/port v0x94d114f00, 7190;
E_0x94d065880/1797 .event anyedge, v0x94d114f00_7187, v0x94d114f00_7188, v0x94d114f00_7189, v0x94d114f00_7190;
v0x94d114f00_7191 .array/port v0x94d114f00, 7191;
v0x94d114f00_7192 .array/port v0x94d114f00, 7192;
v0x94d114f00_7193 .array/port v0x94d114f00, 7193;
v0x94d114f00_7194 .array/port v0x94d114f00, 7194;
E_0x94d065880/1798 .event anyedge, v0x94d114f00_7191, v0x94d114f00_7192, v0x94d114f00_7193, v0x94d114f00_7194;
v0x94d114f00_7195 .array/port v0x94d114f00, 7195;
v0x94d114f00_7196 .array/port v0x94d114f00, 7196;
v0x94d114f00_7197 .array/port v0x94d114f00, 7197;
v0x94d114f00_7198 .array/port v0x94d114f00, 7198;
E_0x94d065880/1799 .event anyedge, v0x94d114f00_7195, v0x94d114f00_7196, v0x94d114f00_7197, v0x94d114f00_7198;
v0x94d114f00_7199 .array/port v0x94d114f00, 7199;
v0x94d114f00_7200 .array/port v0x94d114f00, 7200;
v0x94d114f00_7201 .array/port v0x94d114f00, 7201;
v0x94d114f00_7202 .array/port v0x94d114f00, 7202;
E_0x94d065880/1800 .event anyedge, v0x94d114f00_7199, v0x94d114f00_7200, v0x94d114f00_7201, v0x94d114f00_7202;
v0x94d114f00_7203 .array/port v0x94d114f00, 7203;
v0x94d114f00_7204 .array/port v0x94d114f00, 7204;
v0x94d114f00_7205 .array/port v0x94d114f00, 7205;
v0x94d114f00_7206 .array/port v0x94d114f00, 7206;
E_0x94d065880/1801 .event anyedge, v0x94d114f00_7203, v0x94d114f00_7204, v0x94d114f00_7205, v0x94d114f00_7206;
v0x94d114f00_7207 .array/port v0x94d114f00, 7207;
v0x94d114f00_7208 .array/port v0x94d114f00, 7208;
v0x94d114f00_7209 .array/port v0x94d114f00, 7209;
v0x94d114f00_7210 .array/port v0x94d114f00, 7210;
E_0x94d065880/1802 .event anyedge, v0x94d114f00_7207, v0x94d114f00_7208, v0x94d114f00_7209, v0x94d114f00_7210;
v0x94d114f00_7211 .array/port v0x94d114f00, 7211;
v0x94d114f00_7212 .array/port v0x94d114f00, 7212;
v0x94d114f00_7213 .array/port v0x94d114f00, 7213;
v0x94d114f00_7214 .array/port v0x94d114f00, 7214;
E_0x94d065880/1803 .event anyedge, v0x94d114f00_7211, v0x94d114f00_7212, v0x94d114f00_7213, v0x94d114f00_7214;
v0x94d114f00_7215 .array/port v0x94d114f00, 7215;
v0x94d114f00_7216 .array/port v0x94d114f00, 7216;
v0x94d114f00_7217 .array/port v0x94d114f00, 7217;
v0x94d114f00_7218 .array/port v0x94d114f00, 7218;
E_0x94d065880/1804 .event anyedge, v0x94d114f00_7215, v0x94d114f00_7216, v0x94d114f00_7217, v0x94d114f00_7218;
v0x94d114f00_7219 .array/port v0x94d114f00, 7219;
v0x94d114f00_7220 .array/port v0x94d114f00, 7220;
v0x94d114f00_7221 .array/port v0x94d114f00, 7221;
v0x94d114f00_7222 .array/port v0x94d114f00, 7222;
E_0x94d065880/1805 .event anyedge, v0x94d114f00_7219, v0x94d114f00_7220, v0x94d114f00_7221, v0x94d114f00_7222;
v0x94d114f00_7223 .array/port v0x94d114f00, 7223;
v0x94d114f00_7224 .array/port v0x94d114f00, 7224;
v0x94d114f00_7225 .array/port v0x94d114f00, 7225;
v0x94d114f00_7226 .array/port v0x94d114f00, 7226;
E_0x94d065880/1806 .event anyedge, v0x94d114f00_7223, v0x94d114f00_7224, v0x94d114f00_7225, v0x94d114f00_7226;
v0x94d114f00_7227 .array/port v0x94d114f00, 7227;
v0x94d114f00_7228 .array/port v0x94d114f00, 7228;
v0x94d114f00_7229 .array/port v0x94d114f00, 7229;
v0x94d114f00_7230 .array/port v0x94d114f00, 7230;
E_0x94d065880/1807 .event anyedge, v0x94d114f00_7227, v0x94d114f00_7228, v0x94d114f00_7229, v0x94d114f00_7230;
v0x94d114f00_7231 .array/port v0x94d114f00, 7231;
v0x94d114f00_7232 .array/port v0x94d114f00, 7232;
v0x94d114f00_7233 .array/port v0x94d114f00, 7233;
v0x94d114f00_7234 .array/port v0x94d114f00, 7234;
E_0x94d065880/1808 .event anyedge, v0x94d114f00_7231, v0x94d114f00_7232, v0x94d114f00_7233, v0x94d114f00_7234;
v0x94d114f00_7235 .array/port v0x94d114f00, 7235;
v0x94d114f00_7236 .array/port v0x94d114f00, 7236;
v0x94d114f00_7237 .array/port v0x94d114f00, 7237;
v0x94d114f00_7238 .array/port v0x94d114f00, 7238;
E_0x94d065880/1809 .event anyedge, v0x94d114f00_7235, v0x94d114f00_7236, v0x94d114f00_7237, v0x94d114f00_7238;
v0x94d114f00_7239 .array/port v0x94d114f00, 7239;
v0x94d114f00_7240 .array/port v0x94d114f00, 7240;
v0x94d114f00_7241 .array/port v0x94d114f00, 7241;
v0x94d114f00_7242 .array/port v0x94d114f00, 7242;
E_0x94d065880/1810 .event anyedge, v0x94d114f00_7239, v0x94d114f00_7240, v0x94d114f00_7241, v0x94d114f00_7242;
v0x94d114f00_7243 .array/port v0x94d114f00, 7243;
v0x94d114f00_7244 .array/port v0x94d114f00, 7244;
v0x94d114f00_7245 .array/port v0x94d114f00, 7245;
v0x94d114f00_7246 .array/port v0x94d114f00, 7246;
E_0x94d065880/1811 .event anyedge, v0x94d114f00_7243, v0x94d114f00_7244, v0x94d114f00_7245, v0x94d114f00_7246;
v0x94d114f00_7247 .array/port v0x94d114f00, 7247;
v0x94d114f00_7248 .array/port v0x94d114f00, 7248;
v0x94d114f00_7249 .array/port v0x94d114f00, 7249;
v0x94d114f00_7250 .array/port v0x94d114f00, 7250;
E_0x94d065880/1812 .event anyedge, v0x94d114f00_7247, v0x94d114f00_7248, v0x94d114f00_7249, v0x94d114f00_7250;
v0x94d114f00_7251 .array/port v0x94d114f00, 7251;
v0x94d114f00_7252 .array/port v0x94d114f00, 7252;
v0x94d114f00_7253 .array/port v0x94d114f00, 7253;
v0x94d114f00_7254 .array/port v0x94d114f00, 7254;
E_0x94d065880/1813 .event anyedge, v0x94d114f00_7251, v0x94d114f00_7252, v0x94d114f00_7253, v0x94d114f00_7254;
v0x94d114f00_7255 .array/port v0x94d114f00, 7255;
v0x94d114f00_7256 .array/port v0x94d114f00, 7256;
v0x94d114f00_7257 .array/port v0x94d114f00, 7257;
v0x94d114f00_7258 .array/port v0x94d114f00, 7258;
E_0x94d065880/1814 .event anyedge, v0x94d114f00_7255, v0x94d114f00_7256, v0x94d114f00_7257, v0x94d114f00_7258;
v0x94d114f00_7259 .array/port v0x94d114f00, 7259;
v0x94d114f00_7260 .array/port v0x94d114f00, 7260;
v0x94d114f00_7261 .array/port v0x94d114f00, 7261;
v0x94d114f00_7262 .array/port v0x94d114f00, 7262;
E_0x94d065880/1815 .event anyedge, v0x94d114f00_7259, v0x94d114f00_7260, v0x94d114f00_7261, v0x94d114f00_7262;
v0x94d114f00_7263 .array/port v0x94d114f00, 7263;
v0x94d114f00_7264 .array/port v0x94d114f00, 7264;
v0x94d114f00_7265 .array/port v0x94d114f00, 7265;
v0x94d114f00_7266 .array/port v0x94d114f00, 7266;
E_0x94d065880/1816 .event anyedge, v0x94d114f00_7263, v0x94d114f00_7264, v0x94d114f00_7265, v0x94d114f00_7266;
v0x94d114f00_7267 .array/port v0x94d114f00, 7267;
v0x94d114f00_7268 .array/port v0x94d114f00, 7268;
v0x94d114f00_7269 .array/port v0x94d114f00, 7269;
v0x94d114f00_7270 .array/port v0x94d114f00, 7270;
E_0x94d065880/1817 .event anyedge, v0x94d114f00_7267, v0x94d114f00_7268, v0x94d114f00_7269, v0x94d114f00_7270;
v0x94d114f00_7271 .array/port v0x94d114f00, 7271;
v0x94d114f00_7272 .array/port v0x94d114f00, 7272;
v0x94d114f00_7273 .array/port v0x94d114f00, 7273;
v0x94d114f00_7274 .array/port v0x94d114f00, 7274;
E_0x94d065880/1818 .event anyedge, v0x94d114f00_7271, v0x94d114f00_7272, v0x94d114f00_7273, v0x94d114f00_7274;
v0x94d114f00_7275 .array/port v0x94d114f00, 7275;
v0x94d114f00_7276 .array/port v0x94d114f00, 7276;
v0x94d114f00_7277 .array/port v0x94d114f00, 7277;
v0x94d114f00_7278 .array/port v0x94d114f00, 7278;
E_0x94d065880/1819 .event anyedge, v0x94d114f00_7275, v0x94d114f00_7276, v0x94d114f00_7277, v0x94d114f00_7278;
v0x94d114f00_7279 .array/port v0x94d114f00, 7279;
v0x94d114f00_7280 .array/port v0x94d114f00, 7280;
v0x94d114f00_7281 .array/port v0x94d114f00, 7281;
v0x94d114f00_7282 .array/port v0x94d114f00, 7282;
E_0x94d065880/1820 .event anyedge, v0x94d114f00_7279, v0x94d114f00_7280, v0x94d114f00_7281, v0x94d114f00_7282;
v0x94d114f00_7283 .array/port v0x94d114f00, 7283;
v0x94d114f00_7284 .array/port v0x94d114f00, 7284;
v0x94d114f00_7285 .array/port v0x94d114f00, 7285;
v0x94d114f00_7286 .array/port v0x94d114f00, 7286;
E_0x94d065880/1821 .event anyedge, v0x94d114f00_7283, v0x94d114f00_7284, v0x94d114f00_7285, v0x94d114f00_7286;
v0x94d114f00_7287 .array/port v0x94d114f00, 7287;
v0x94d114f00_7288 .array/port v0x94d114f00, 7288;
v0x94d114f00_7289 .array/port v0x94d114f00, 7289;
v0x94d114f00_7290 .array/port v0x94d114f00, 7290;
E_0x94d065880/1822 .event anyedge, v0x94d114f00_7287, v0x94d114f00_7288, v0x94d114f00_7289, v0x94d114f00_7290;
v0x94d114f00_7291 .array/port v0x94d114f00, 7291;
v0x94d114f00_7292 .array/port v0x94d114f00, 7292;
v0x94d114f00_7293 .array/port v0x94d114f00, 7293;
v0x94d114f00_7294 .array/port v0x94d114f00, 7294;
E_0x94d065880/1823 .event anyedge, v0x94d114f00_7291, v0x94d114f00_7292, v0x94d114f00_7293, v0x94d114f00_7294;
v0x94d114f00_7295 .array/port v0x94d114f00, 7295;
v0x94d114f00_7296 .array/port v0x94d114f00, 7296;
v0x94d114f00_7297 .array/port v0x94d114f00, 7297;
v0x94d114f00_7298 .array/port v0x94d114f00, 7298;
E_0x94d065880/1824 .event anyedge, v0x94d114f00_7295, v0x94d114f00_7296, v0x94d114f00_7297, v0x94d114f00_7298;
v0x94d114f00_7299 .array/port v0x94d114f00, 7299;
v0x94d114f00_7300 .array/port v0x94d114f00, 7300;
v0x94d114f00_7301 .array/port v0x94d114f00, 7301;
v0x94d114f00_7302 .array/port v0x94d114f00, 7302;
E_0x94d065880/1825 .event anyedge, v0x94d114f00_7299, v0x94d114f00_7300, v0x94d114f00_7301, v0x94d114f00_7302;
v0x94d114f00_7303 .array/port v0x94d114f00, 7303;
v0x94d114f00_7304 .array/port v0x94d114f00, 7304;
v0x94d114f00_7305 .array/port v0x94d114f00, 7305;
v0x94d114f00_7306 .array/port v0x94d114f00, 7306;
E_0x94d065880/1826 .event anyedge, v0x94d114f00_7303, v0x94d114f00_7304, v0x94d114f00_7305, v0x94d114f00_7306;
v0x94d114f00_7307 .array/port v0x94d114f00, 7307;
v0x94d114f00_7308 .array/port v0x94d114f00, 7308;
v0x94d114f00_7309 .array/port v0x94d114f00, 7309;
v0x94d114f00_7310 .array/port v0x94d114f00, 7310;
E_0x94d065880/1827 .event anyedge, v0x94d114f00_7307, v0x94d114f00_7308, v0x94d114f00_7309, v0x94d114f00_7310;
v0x94d114f00_7311 .array/port v0x94d114f00, 7311;
v0x94d114f00_7312 .array/port v0x94d114f00, 7312;
v0x94d114f00_7313 .array/port v0x94d114f00, 7313;
v0x94d114f00_7314 .array/port v0x94d114f00, 7314;
E_0x94d065880/1828 .event anyedge, v0x94d114f00_7311, v0x94d114f00_7312, v0x94d114f00_7313, v0x94d114f00_7314;
v0x94d114f00_7315 .array/port v0x94d114f00, 7315;
v0x94d114f00_7316 .array/port v0x94d114f00, 7316;
v0x94d114f00_7317 .array/port v0x94d114f00, 7317;
v0x94d114f00_7318 .array/port v0x94d114f00, 7318;
E_0x94d065880/1829 .event anyedge, v0x94d114f00_7315, v0x94d114f00_7316, v0x94d114f00_7317, v0x94d114f00_7318;
v0x94d114f00_7319 .array/port v0x94d114f00, 7319;
v0x94d114f00_7320 .array/port v0x94d114f00, 7320;
v0x94d114f00_7321 .array/port v0x94d114f00, 7321;
v0x94d114f00_7322 .array/port v0x94d114f00, 7322;
E_0x94d065880/1830 .event anyedge, v0x94d114f00_7319, v0x94d114f00_7320, v0x94d114f00_7321, v0x94d114f00_7322;
v0x94d114f00_7323 .array/port v0x94d114f00, 7323;
v0x94d114f00_7324 .array/port v0x94d114f00, 7324;
v0x94d114f00_7325 .array/port v0x94d114f00, 7325;
v0x94d114f00_7326 .array/port v0x94d114f00, 7326;
E_0x94d065880/1831 .event anyedge, v0x94d114f00_7323, v0x94d114f00_7324, v0x94d114f00_7325, v0x94d114f00_7326;
v0x94d114f00_7327 .array/port v0x94d114f00, 7327;
v0x94d114f00_7328 .array/port v0x94d114f00, 7328;
v0x94d114f00_7329 .array/port v0x94d114f00, 7329;
v0x94d114f00_7330 .array/port v0x94d114f00, 7330;
E_0x94d065880/1832 .event anyedge, v0x94d114f00_7327, v0x94d114f00_7328, v0x94d114f00_7329, v0x94d114f00_7330;
v0x94d114f00_7331 .array/port v0x94d114f00, 7331;
v0x94d114f00_7332 .array/port v0x94d114f00, 7332;
v0x94d114f00_7333 .array/port v0x94d114f00, 7333;
v0x94d114f00_7334 .array/port v0x94d114f00, 7334;
E_0x94d065880/1833 .event anyedge, v0x94d114f00_7331, v0x94d114f00_7332, v0x94d114f00_7333, v0x94d114f00_7334;
v0x94d114f00_7335 .array/port v0x94d114f00, 7335;
v0x94d114f00_7336 .array/port v0x94d114f00, 7336;
v0x94d114f00_7337 .array/port v0x94d114f00, 7337;
v0x94d114f00_7338 .array/port v0x94d114f00, 7338;
E_0x94d065880/1834 .event anyedge, v0x94d114f00_7335, v0x94d114f00_7336, v0x94d114f00_7337, v0x94d114f00_7338;
v0x94d114f00_7339 .array/port v0x94d114f00, 7339;
v0x94d114f00_7340 .array/port v0x94d114f00, 7340;
v0x94d114f00_7341 .array/port v0x94d114f00, 7341;
v0x94d114f00_7342 .array/port v0x94d114f00, 7342;
E_0x94d065880/1835 .event anyedge, v0x94d114f00_7339, v0x94d114f00_7340, v0x94d114f00_7341, v0x94d114f00_7342;
v0x94d114f00_7343 .array/port v0x94d114f00, 7343;
v0x94d114f00_7344 .array/port v0x94d114f00, 7344;
v0x94d114f00_7345 .array/port v0x94d114f00, 7345;
v0x94d114f00_7346 .array/port v0x94d114f00, 7346;
E_0x94d065880/1836 .event anyedge, v0x94d114f00_7343, v0x94d114f00_7344, v0x94d114f00_7345, v0x94d114f00_7346;
v0x94d114f00_7347 .array/port v0x94d114f00, 7347;
v0x94d114f00_7348 .array/port v0x94d114f00, 7348;
v0x94d114f00_7349 .array/port v0x94d114f00, 7349;
v0x94d114f00_7350 .array/port v0x94d114f00, 7350;
E_0x94d065880/1837 .event anyedge, v0x94d114f00_7347, v0x94d114f00_7348, v0x94d114f00_7349, v0x94d114f00_7350;
v0x94d114f00_7351 .array/port v0x94d114f00, 7351;
v0x94d114f00_7352 .array/port v0x94d114f00, 7352;
v0x94d114f00_7353 .array/port v0x94d114f00, 7353;
v0x94d114f00_7354 .array/port v0x94d114f00, 7354;
E_0x94d065880/1838 .event anyedge, v0x94d114f00_7351, v0x94d114f00_7352, v0x94d114f00_7353, v0x94d114f00_7354;
v0x94d114f00_7355 .array/port v0x94d114f00, 7355;
v0x94d114f00_7356 .array/port v0x94d114f00, 7356;
v0x94d114f00_7357 .array/port v0x94d114f00, 7357;
v0x94d114f00_7358 .array/port v0x94d114f00, 7358;
E_0x94d065880/1839 .event anyedge, v0x94d114f00_7355, v0x94d114f00_7356, v0x94d114f00_7357, v0x94d114f00_7358;
v0x94d114f00_7359 .array/port v0x94d114f00, 7359;
v0x94d114f00_7360 .array/port v0x94d114f00, 7360;
v0x94d114f00_7361 .array/port v0x94d114f00, 7361;
v0x94d114f00_7362 .array/port v0x94d114f00, 7362;
E_0x94d065880/1840 .event anyedge, v0x94d114f00_7359, v0x94d114f00_7360, v0x94d114f00_7361, v0x94d114f00_7362;
v0x94d114f00_7363 .array/port v0x94d114f00, 7363;
v0x94d114f00_7364 .array/port v0x94d114f00, 7364;
v0x94d114f00_7365 .array/port v0x94d114f00, 7365;
v0x94d114f00_7366 .array/port v0x94d114f00, 7366;
E_0x94d065880/1841 .event anyedge, v0x94d114f00_7363, v0x94d114f00_7364, v0x94d114f00_7365, v0x94d114f00_7366;
v0x94d114f00_7367 .array/port v0x94d114f00, 7367;
v0x94d114f00_7368 .array/port v0x94d114f00, 7368;
v0x94d114f00_7369 .array/port v0x94d114f00, 7369;
v0x94d114f00_7370 .array/port v0x94d114f00, 7370;
E_0x94d065880/1842 .event anyedge, v0x94d114f00_7367, v0x94d114f00_7368, v0x94d114f00_7369, v0x94d114f00_7370;
v0x94d114f00_7371 .array/port v0x94d114f00, 7371;
v0x94d114f00_7372 .array/port v0x94d114f00, 7372;
v0x94d114f00_7373 .array/port v0x94d114f00, 7373;
v0x94d114f00_7374 .array/port v0x94d114f00, 7374;
E_0x94d065880/1843 .event anyedge, v0x94d114f00_7371, v0x94d114f00_7372, v0x94d114f00_7373, v0x94d114f00_7374;
v0x94d114f00_7375 .array/port v0x94d114f00, 7375;
v0x94d114f00_7376 .array/port v0x94d114f00, 7376;
v0x94d114f00_7377 .array/port v0x94d114f00, 7377;
v0x94d114f00_7378 .array/port v0x94d114f00, 7378;
E_0x94d065880/1844 .event anyedge, v0x94d114f00_7375, v0x94d114f00_7376, v0x94d114f00_7377, v0x94d114f00_7378;
v0x94d114f00_7379 .array/port v0x94d114f00, 7379;
v0x94d114f00_7380 .array/port v0x94d114f00, 7380;
v0x94d114f00_7381 .array/port v0x94d114f00, 7381;
v0x94d114f00_7382 .array/port v0x94d114f00, 7382;
E_0x94d065880/1845 .event anyedge, v0x94d114f00_7379, v0x94d114f00_7380, v0x94d114f00_7381, v0x94d114f00_7382;
v0x94d114f00_7383 .array/port v0x94d114f00, 7383;
v0x94d114f00_7384 .array/port v0x94d114f00, 7384;
v0x94d114f00_7385 .array/port v0x94d114f00, 7385;
v0x94d114f00_7386 .array/port v0x94d114f00, 7386;
E_0x94d065880/1846 .event anyedge, v0x94d114f00_7383, v0x94d114f00_7384, v0x94d114f00_7385, v0x94d114f00_7386;
v0x94d114f00_7387 .array/port v0x94d114f00, 7387;
v0x94d114f00_7388 .array/port v0x94d114f00, 7388;
v0x94d114f00_7389 .array/port v0x94d114f00, 7389;
v0x94d114f00_7390 .array/port v0x94d114f00, 7390;
E_0x94d065880/1847 .event anyedge, v0x94d114f00_7387, v0x94d114f00_7388, v0x94d114f00_7389, v0x94d114f00_7390;
v0x94d114f00_7391 .array/port v0x94d114f00, 7391;
v0x94d114f00_7392 .array/port v0x94d114f00, 7392;
v0x94d114f00_7393 .array/port v0x94d114f00, 7393;
v0x94d114f00_7394 .array/port v0x94d114f00, 7394;
E_0x94d065880/1848 .event anyedge, v0x94d114f00_7391, v0x94d114f00_7392, v0x94d114f00_7393, v0x94d114f00_7394;
v0x94d114f00_7395 .array/port v0x94d114f00, 7395;
v0x94d114f00_7396 .array/port v0x94d114f00, 7396;
v0x94d114f00_7397 .array/port v0x94d114f00, 7397;
v0x94d114f00_7398 .array/port v0x94d114f00, 7398;
E_0x94d065880/1849 .event anyedge, v0x94d114f00_7395, v0x94d114f00_7396, v0x94d114f00_7397, v0x94d114f00_7398;
v0x94d114f00_7399 .array/port v0x94d114f00, 7399;
v0x94d114f00_7400 .array/port v0x94d114f00, 7400;
v0x94d114f00_7401 .array/port v0x94d114f00, 7401;
v0x94d114f00_7402 .array/port v0x94d114f00, 7402;
E_0x94d065880/1850 .event anyedge, v0x94d114f00_7399, v0x94d114f00_7400, v0x94d114f00_7401, v0x94d114f00_7402;
v0x94d114f00_7403 .array/port v0x94d114f00, 7403;
v0x94d114f00_7404 .array/port v0x94d114f00, 7404;
v0x94d114f00_7405 .array/port v0x94d114f00, 7405;
v0x94d114f00_7406 .array/port v0x94d114f00, 7406;
E_0x94d065880/1851 .event anyedge, v0x94d114f00_7403, v0x94d114f00_7404, v0x94d114f00_7405, v0x94d114f00_7406;
v0x94d114f00_7407 .array/port v0x94d114f00, 7407;
v0x94d114f00_7408 .array/port v0x94d114f00, 7408;
v0x94d114f00_7409 .array/port v0x94d114f00, 7409;
v0x94d114f00_7410 .array/port v0x94d114f00, 7410;
E_0x94d065880/1852 .event anyedge, v0x94d114f00_7407, v0x94d114f00_7408, v0x94d114f00_7409, v0x94d114f00_7410;
v0x94d114f00_7411 .array/port v0x94d114f00, 7411;
v0x94d114f00_7412 .array/port v0x94d114f00, 7412;
v0x94d114f00_7413 .array/port v0x94d114f00, 7413;
v0x94d114f00_7414 .array/port v0x94d114f00, 7414;
E_0x94d065880/1853 .event anyedge, v0x94d114f00_7411, v0x94d114f00_7412, v0x94d114f00_7413, v0x94d114f00_7414;
v0x94d114f00_7415 .array/port v0x94d114f00, 7415;
v0x94d114f00_7416 .array/port v0x94d114f00, 7416;
v0x94d114f00_7417 .array/port v0x94d114f00, 7417;
v0x94d114f00_7418 .array/port v0x94d114f00, 7418;
E_0x94d065880/1854 .event anyedge, v0x94d114f00_7415, v0x94d114f00_7416, v0x94d114f00_7417, v0x94d114f00_7418;
v0x94d114f00_7419 .array/port v0x94d114f00, 7419;
v0x94d114f00_7420 .array/port v0x94d114f00, 7420;
v0x94d114f00_7421 .array/port v0x94d114f00, 7421;
v0x94d114f00_7422 .array/port v0x94d114f00, 7422;
E_0x94d065880/1855 .event anyedge, v0x94d114f00_7419, v0x94d114f00_7420, v0x94d114f00_7421, v0x94d114f00_7422;
v0x94d114f00_7423 .array/port v0x94d114f00, 7423;
v0x94d114f00_7424 .array/port v0x94d114f00, 7424;
v0x94d114f00_7425 .array/port v0x94d114f00, 7425;
v0x94d114f00_7426 .array/port v0x94d114f00, 7426;
E_0x94d065880/1856 .event anyedge, v0x94d114f00_7423, v0x94d114f00_7424, v0x94d114f00_7425, v0x94d114f00_7426;
v0x94d114f00_7427 .array/port v0x94d114f00, 7427;
v0x94d114f00_7428 .array/port v0x94d114f00, 7428;
v0x94d114f00_7429 .array/port v0x94d114f00, 7429;
v0x94d114f00_7430 .array/port v0x94d114f00, 7430;
E_0x94d065880/1857 .event anyedge, v0x94d114f00_7427, v0x94d114f00_7428, v0x94d114f00_7429, v0x94d114f00_7430;
v0x94d114f00_7431 .array/port v0x94d114f00, 7431;
v0x94d114f00_7432 .array/port v0x94d114f00, 7432;
v0x94d114f00_7433 .array/port v0x94d114f00, 7433;
v0x94d114f00_7434 .array/port v0x94d114f00, 7434;
E_0x94d065880/1858 .event anyedge, v0x94d114f00_7431, v0x94d114f00_7432, v0x94d114f00_7433, v0x94d114f00_7434;
v0x94d114f00_7435 .array/port v0x94d114f00, 7435;
v0x94d114f00_7436 .array/port v0x94d114f00, 7436;
v0x94d114f00_7437 .array/port v0x94d114f00, 7437;
v0x94d114f00_7438 .array/port v0x94d114f00, 7438;
E_0x94d065880/1859 .event anyedge, v0x94d114f00_7435, v0x94d114f00_7436, v0x94d114f00_7437, v0x94d114f00_7438;
v0x94d114f00_7439 .array/port v0x94d114f00, 7439;
v0x94d114f00_7440 .array/port v0x94d114f00, 7440;
v0x94d114f00_7441 .array/port v0x94d114f00, 7441;
v0x94d114f00_7442 .array/port v0x94d114f00, 7442;
E_0x94d065880/1860 .event anyedge, v0x94d114f00_7439, v0x94d114f00_7440, v0x94d114f00_7441, v0x94d114f00_7442;
v0x94d114f00_7443 .array/port v0x94d114f00, 7443;
v0x94d114f00_7444 .array/port v0x94d114f00, 7444;
v0x94d114f00_7445 .array/port v0x94d114f00, 7445;
v0x94d114f00_7446 .array/port v0x94d114f00, 7446;
E_0x94d065880/1861 .event anyedge, v0x94d114f00_7443, v0x94d114f00_7444, v0x94d114f00_7445, v0x94d114f00_7446;
v0x94d114f00_7447 .array/port v0x94d114f00, 7447;
v0x94d114f00_7448 .array/port v0x94d114f00, 7448;
v0x94d114f00_7449 .array/port v0x94d114f00, 7449;
v0x94d114f00_7450 .array/port v0x94d114f00, 7450;
E_0x94d065880/1862 .event anyedge, v0x94d114f00_7447, v0x94d114f00_7448, v0x94d114f00_7449, v0x94d114f00_7450;
v0x94d114f00_7451 .array/port v0x94d114f00, 7451;
v0x94d114f00_7452 .array/port v0x94d114f00, 7452;
v0x94d114f00_7453 .array/port v0x94d114f00, 7453;
v0x94d114f00_7454 .array/port v0x94d114f00, 7454;
E_0x94d065880/1863 .event anyedge, v0x94d114f00_7451, v0x94d114f00_7452, v0x94d114f00_7453, v0x94d114f00_7454;
v0x94d114f00_7455 .array/port v0x94d114f00, 7455;
v0x94d114f00_7456 .array/port v0x94d114f00, 7456;
v0x94d114f00_7457 .array/port v0x94d114f00, 7457;
v0x94d114f00_7458 .array/port v0x94d114f00, 7458;
E_0x94d065880/1864 .event anyedge, v0x94d114f00_7455, v0x94d114f00_7456, v0x94d114f00_7457, v0x94d114f00_7458;
v0x94d114f00_7459 .array/port v0x94d114f00, 7459;
v0x94d114f00_7460 .array/port v0x94d114f00, 7460;
v0x94d114f00_7461 .array/port v0x94d114f00, 7461;
v0x94d114f00_7462 .array/port v0x94d114f00, 7462;
E_0x94d065880/1865 .event anyedge, v0x94d114f00_7459, v0x94d114f00_7460, v0x94d114f00_7461, v0x94d114f00_7462;
v0x94d114f00_7463 .array/port v0x94d114f00, 7463;
v0x94d114f00_7464 .array/port v0x94d114f00, 7464;
v0x94d114f00_7465 .array/port v0x94d114f00, 7465;
v0x94d114f00_7466 .array/port v0x94d114f00, 7466;
E_0x94d065880/1866 .event anyedge, v0x94d114f00_7463, v0x94d114f00_7464, v0x94d114f00_7465, v0x94d114f00_7466;
v0x94d114f00_7467 .array/port v0x94d114f00, 7467;
v0x94d114f00_7468 .array/port v0x94d114f00, 7468;
v0x94d114f00_7469 .array/port v0x94d114f00, 7469;
v0x94d114f00_7470 .array/port v0x94d114f00, 7470;
E_0x94d065880/1867 .event anyedge, v0x94d114f00_7467, v0x94d114f00_7468, v0x94d114f00_7469, v0x94d114f00_7470;
v0x94d114f00_7471 .array/port v0x94d114f00, 7471;
v0x94d114f00_7472 .array/port v0x94d114f00, 7472;
v0x94d114f00_7473 .array/port v0x94d114f00, 7473;
v0x94d114f00_7474 .array/port v0x94d114f00, 7474;
E_0x94d065880/1868 .event anyedge, v0x94d114f00_7471, v0x94d114f00_7472, v0x94d114f00_7473, v0x94d114f00_7474;
v0x94d114f00_7475 .array/port v0x94d114f00, 7475;
v0x94d114f00_7476 .array/port v0x94d114f00, 7476;
v0x94d114f00_7477 .array/port v0x94d114f00, 7477;
v0x94d114f00_7478 .array/port v0x94d114f00, 7478;
E_0x94d065880/1869 .event anyedge, v0x94d114f00_7475, v0x94d114f00_7476, v0x94d114f00_7477, v0x94d114f00_7478;
v0x94d114f00_7479 .array/port v0x94d114f00, 7479;
v0x94d114f00_7480 .array/port v0x94d114f00, 7480;
v0x94d114f00_7481 .array/port v0x94d114f00, 7481;
v0x94d114f00_7482 .array/port v0x94d114f00, 7482;
E_0x94d065880/1870 .event anyedge, v0x94d114f00_7479, v0x94d114f00_7480, v0x94d114f00_7481, v0x94d114f00_7482;
v0x94d114f00_7483 .array/port v0x94d114f00, 7483;
v0x94d114f00_7484 .array/port v0x94d114f00, 7484;
v0x94d114f00_7485 .array/port v0x94d114f00, 7485;
v0x94d114f00_7486 .array/port v0x94d114f00, 7486;
E_0x94d065880/1871 .event anyedge, v0x94d114f00_7483, v0x94d114f00_7484, v0x94d114f00_7485, v0x94d114f00_7486;
v0x94d114f00_7487 .array/port v0x94d114f00, 7487;
v0x94d114f00_7488 .array/port v0x94d114f00, 7488;
v0x94d114f00_7489 .array/port v0x94d114f00, 7489;
v0x94d114f00_7490 .array/port v0x94d114f00, 7490;
E_0x94d065880/1872 .event anyedge, v0x94d114f00_7487, v0x94d114f00_7488, v0x94d114f00_7489, v0x94d114f00_7490;
v0x94d114f00_7491 .array/port v0x94d114f00, 7491;
v0x94d114f00_7492 .array/port v0x94d114f00, 7492;
v0x94d114f00_7493 .array/port v0x94d114f00, 7493;
v0x94d114f00_7494 .array/port v0x94d114f00, 7494;
E_0x94d065880/1873 .event anyedge, v0x94d114f00_7491, v0x94d114f00_7492, v0x94d114f00_7493, v0x94d114f00_7494;
v0x94d114f00_7495 .array/port v0x94d114f00, 7495;
v0x94d114f00_7496 .array/port v0x94d114f00, 7496;
v0x94d114f00_7497 .array/port v0x94d114f00, 7497;
v0x94d114f00_7498 .array/port v0x94d114f00, 7498;
E_0x94d065880/1874 .event anyedge, v0x94d114f00_7495, v0x94d114f00_7496, v0x94d114f00_7497, v0x94d114f00_7498;
v0x94d114f00_7499 .array/port v0x94d114f00, 7499;
v0x94d114f00_7500 .array/port v0x94d114f00, 7500;
v0x94d114f00_7501 .array/port v0x94d114f00, 7501;
v0x94d114f00_7502 .array/port v0x94d114f00, 7502;
E_0x94d065880/1875 .event anyedge, v0x94d114f00_7499, v0x94d114f00_7500, v0x94d114f00_7501, v0x94d114f00_7502;
v0x94d114f00_7503 .array/port v0x94d114f00, 7503;
v0x94d114f00_7504 .array/port v0x94d114f00, 7504;
v0x94d114f00_7505 .array/port v0x94d114f00, 7505;
v0x94d114f00_7506 .array/port v0x94d114f00, 7506;
E_0x94d065880/1876 .event anyedge, v0x94d114f00_7503, v0x94d114f00_7504, v0x94d114f00_7505, v0x94d114f00_7506;
v0x94d114f00_7507 .array/port v0x94d114f00, 7507;
v0x94d114f00_7508 .array/port v0x94d114f00, 7508;
v0x94d114f00_7509 .array/port v0x94d114f00, 7509;
v0x94d114f00_7510 .array/port v0x94d114f00, 7510;
E_0x94d065880/1877 .event anyedge, v0x94d114f00_7507, v0x94d114f00_7508, v0x94d114f00_7509, v0x94d114f00_7510;
v0x94d114f00_7511 .array/port v0x94d114f00, 7511;
v0x94d114f00_7512 .array/port v0x94d114f00, 7512;
v0x94d114f00_7513 .array/port v0x94d114f00, 7513;
v0x94d114f00_7514 .array/port v0x94d114f00, 7514;
E_0x94d065880/1878 .event anyedge, v0x94d114f00_7511, v0x94d114f00_7512, v0x94d114f00_7513, v0x94d114f00_7514;
v0x94d114f00_7515 .array/port v0x94d114f00, 7515;
v0x94d114f00_7516 .array/port v0x94d114f00, 7516;
v0x94d114f00_7517 .array/port v0x94d114f00, 7517;
v0x94d114f00_7518 .array/port v0x94d114f00, 7518;
E_0x94d065880/1879 .event anyedge, v0x94d114f00_7515, v0x94d114f00_7516, v0x94d114f00_7517, v0x94d114f00_7518;
v0x94d114f00_7519 .array/port v0x94d114f00, 7519;
v0x94d114f00_7520 .array/port v0x94d114f00, 7520;
v0x94d114f00_7521 .array/port v0x94d114f00, 7521;
v0x94d114f00_7522 .array/port v0x94d114f00, 7522;
E_0x94d065880/1880 .event anyedge, v0x94d114f00_7519, v0x94d114f00_7520, v0x94d114f00_7521, v0x94d114f00_7522;
v0x94d114f00_7523 .array/port v0x94d114f00, 7523;
v0x94d114f00_7524 .array/port v0x94d114f00, 7524;
v0x94d114f00_7525 .array/port v0x94d114f00, 7525;
v0x94d114f00_7526 .array/port v0x94d114f00, 7526;
E_0x94d065880/1881 .event anyedge, v0x94d114f00_7523, v0x94d114f00_7524, v0x94d114f00_7525, v0x94d114f00_7526;
v0x94d114f00_7527 .array/port v0x94d114f00, 7527;
v0x94d114f00_7528 .array/port v0x94d114f00, 7528;
v0x94d114f00_7529 .array/port v0x94d114f00, 7529;
v0x94d114f00_7530 .array/port v0x94d114f00, 7530;
E_0x94d065880/1882 .event anyedge, v0x94d114f00_7527, v0x94d114f00_7528, v0x94d114f00_7529, v0x94d114f00_7530;
v0x94d114f00_7531 .array/port v0x94d114f00, 7531;
v0x94d114f00_7532 .array/port v0x94d114f00, 7532;
v0x94d114f00_7533 .array/port v0x94d114f00, 7533;
v0x94d114f00_7534 .array/port v0x94d114f00, 7534;
E_0x94d065880/1883 .event anyedge, v0x94d114f00_7531, v0x94d114f00_7532, v0x94d114f00_7533, v0x94d114f00_7534;
v0x94d114f00_7535 .array/port v0x94d114f00, 7535;
v0x94d114f00_7536 .array/port v0x94d114f00, 7536;
v0x94d114f00_7537 .array/port v0x94d114f00, 7537;
v0x94d114f00_7538 .array/port v0x94d114f00, 7538;
E_0x94d065880/1884 .event anyedge, v0x94d114f00_7535, v0x94d114f00_7536, v0x94d114f00_7537, v0x94d114f00_7538;
v0x94d114f00_7539 .array/port v0x94d114f00, 7539;
v0x94d114f00_7540 .array/port v0x94d114f00, 7540;
v0x94d114f00_7541 .array/port v0x94d114f00, 7541;
v0x94d114f00_7542 .array/port v0x94d114f00, 7542;
E_0x94d065880/1885 .event anyedge, v0x94d114f00_7539, v0x94d114f00_7540, v0x94d114f00_7541, v0x94d114f00_7542;
v0x94d114f00_7543 .array/port v0x94d114f00, 7543;
v0x94d114f00_7544 .array/port v0x94d114f00, 7544;
v0x94d114f00_7545 .array/port v0x94d114f00, 7545;
v0x94d114f00_7546 .array/port v0x94d114f00, 7546;
E_0x94d065880/1886 .event anyedge, v0x94d114f00_7543, v0x94d114f00_7544, v0x94d114f00_7545, v0x94d114f00_7546;
v0x94d114f00_7547 .array/port v0x94d114f00, 7547;
v0x94d114f00_7548 .array/port v0x94d114f00, 7548;
v0x94d114f00_7549 .array/port v0x94d114f00, 7549;
v0x94d114f00_7550 .array/port v0x94d114f00, 7550;
E_0x94d065880/1887 .event anyedge, v0x94d114f00_7547, v0x94d114f00_7548, v0x94d114f00_7549, v0x94d114f00_7550;
v0x94d114f00_7551 .array/port v0x94d114f00, 7551;
v0x94d114f00_7552 .array/port v0x94d114f00, 7552;
v0x94d114f00_7553 .array/port v0x94d114f00, 7553;
v0x94d114f00_7554 .array/port v0x94d114f00, 7554;
E_0x94d065880/1888 .event anyedge, v0x94d114f00_7551, v0x94d114f00_7552, v0x94d114f00_7553, v0x94d114f00_7554;
v0x94d114f00_7555 .array/port v0x94d114f00, 7555;
v0x94d114f00_7556 .array/port v0x94d114f00, 7556;
v0x94d114f00_7557 .array/port v0x94d114f00, 7557;
v0x94d114f00_7558 .array/port v0x94d114f00, 7558;
E_0x94d065880/1889 .event anyedge, v0x94d114f00_7555, v0x94d114f00_7556, v0x94d114f00_7557, v0x94d114f00_7558;
v0x94d114f00_7559 .array/port v0x94d114f00, 7559;
v0x94d114f00_7560 .array/port v0x94d114f00, 7560;
v0x94d114f00_7561 .array/port v0x94d114f00, 7561;
v0x94d114f00_7562 .array/port v0x94d114f00, 7562;
E_0x94d065880/1890 .event anyedge, v0x94d114f00_7559, v0x94d114f00_7560, v0x94d114f00_7561, v0x94d114f00_7562;
v0x94d114f00_7563 .array/port v0x94d114f00, 7563;
v0x94d114f00_7564 .array/port v0x94d114f00, 7564;
v0x94d114f00_7565 .array/port v0x94d114f00, 7565;
v0x94d114f00_7566 .array/port v0x94d114f00, 7566;
E_0x94d065880/1891 .event anyedge, v0x94d114f00_7563, v0x94d114f00_7564, v0x94d114f00_7565, v0x94d114f00_7566;
v0x94d114f00_7567 .array/port v0x94d114f00, 7567;
v0x94d114f00_7568 .array/port v0x94d114f00, 7568;
v0x94d114f00_7569 .array/port v0x94d114f00, 7569;
v0x94d114f00_7570 .array/port v0x94d114f00, 7570;
E_0x94d065880/1892 .event anyedge, v0x94d114f00_7567, v0x94d114f00_7568, v0x94d114f00_7569, v0x94d114f00_7570;
v0x94d114f00_7571 .array/port v0x94d114f00, 7571;
v0x94d114f00_7572 .array/port v0x94d114f00, 7572;
v0x94d114f00_7573 .array/port v0x94d114f00, 7573;
v0x94d114f00_7574 .array/port v0x94d114f00, 7574;
E_0x94d065880/1893 .event anyedge, v0x94d114f00_7571, v0x94d114f00_7572, v0x94d114f00_7573, v0x94d114f00_7574;
v0x94d114f00_7575 .array/port v0x94d114f00, 7575;
v0x94d114f00_7576 .array/port v0x94d114f00, 7576;
v0x94d114f00_7577 .array/port v0x94d114f00, 7577;
v0x94d114f00_7578 .array/port v0x94d114f00, 7578;
E_0x94d065880/1894 .event anyedge, v0x94d114f00_7575, v0x94d114f00_7576, v0x94d114f00_7577, v0x94d114f00_7578;
v0x94d114f00_7579 .array/port v0x94d114f00, 7579;
v0x94d114f00_7580 .array/port v0x94d114f00, 7580;
v0x94d114f00_7581 .array/port v0x94d114f00, 7581;
v0x94d114f00_7582 .array/port v0x94d114f00, 7582;
E_0x94d065880/1895 .event anyedge, v0x94d114f00_7579, v0x94d114f00_7580, v0x94d114f00_7581, v0x94d114f00_7582;
v0x94d114f00_7583 .array/port v0x94d114f00, 7583;
v0x94d114f00_7584 .array/port v0x94d114f00, 7584;
v0x94d114f00_7585 .array/port v0x94d114f00, 7585;
v0x94d114f00_7586 .array/port v0x94d114f00, 7586;
E_0x94d065880/1896 .event anyedge, v0x94d114f00_7583, v0x94d114f00_7584, v0x94d114f00_7585, v0x94d114f00_7586;
v0x94d114f00_7587 .array/port v0x94d114f00, 7587;
v0x94d114f00_7588 .array/port v0x94d114f00, 7588;
v0x94d114f00_7589 .array/port v0x94d114f00, 7589;
v0x94d114f00_7590 .array/port v0x94d114f00, 7590;
E_0x94d065880/1897 .event anyedge, v0x94d114f00_7587, v0x94d114f00_7588, v0x94d114f00_7589, v0x94d114f00_7590;
v0x94d114f00_7591 .array/port v0x94d114f00, 7591;
v0x94d114f00_7592 .array/port v0x94d114f00, 7592;
v0x94d114f00_7593 .array/port v0x94d114f00, 7593;
v0x94d114f00_7594 .array/port v0x94d114f00, 7594;
E_0x94d065880/1898 .event anyedge, v0x94d114f00_7591, v0x94d114f00_7592, v0x94d114f00_7593, v0x94d114f00_7594;
v0x94d114f00_7595 .array/port v0x94d114f00, 7595;
v0x94d114f00_7596 .array/port v0x94d114f00, 7596;
v0x94d114f00_7597 .array/port v0x94d114f00, 7597;
v0x94d114f00_7598 .array/port v0x94d114f00, 7598;
E_0x94d065880/1899 .event anyedge, v0x94d114f00_7595, v0x94d114f00_7596, v0x94d114f00_7597, v0x94d114f00_7598;
v0x94d114f00_7599 .array/port v0x94d114f00, 7599;
v0x94d114f00_7600 .array/port v0x94d114f00, 7600;
v0x94d114f00_7601 .array/port v0x94d114f00, 7601;
v0x94d114f00_7602 .array/port v0x94d114f00, 7602;
E_0x94d065880/1900 .event anyedge, v0x94d114f00_7599, v0x94d114f00_7600, v0x94d114f00_7601, v0x94d114f00_7602;
v0x94d114f00_7603 .array/port v0x94d114f00, 7603;
v0x94d114f00_7604 .array/port v0x94d114f00, 7604;
v0x94d114f00_7605 .array/port v0x94d114f00, 7605;
v0x94d114f00_7606 .array/port v0x94d114f00, 7606;
E_0x94d065880/1901 .event anyedge, v0x94d114f00_7603, v0x94d114f00_7604, v0x94d114f00_7605, v0x94d114f00_7606;
v0x94d114f00_7607 .array/port v0x94d114f00, 7607;
v0x94d114f00_7608 .array/port v0x94d114f00, 7608;
v0x94d114f00_7609 .array/port v0x94d114f00, 7609;
v0x94d114f00_7610 .array/port v0x94d114f00, 7610;
E_0x94d065880/1902 .event anyedge, v0x94d114f00_7607, v0x94d114f00_7608, v0x94d114f00_7609, v0x94d114f00_7610;
v0x94d114f00_7611 .array/port v0x94d114f00, 7611;
v0x94d114f00_7612 .array/port v0x94d114f00, 7612;
v0x94d114f00_7613 .array/port v0x94d114f00, 7613;
v0x94d114f00_7614 .array/port v0x94d114f00, 7614;
E_0x94d065880/1903 .event anyedge, v0x94d114f00_7611, v0x94d114f00_7612, v0x94d114f00_7613, v0x94d114f00_7614;
v0x94d114f00_7615 .array/port v0x94d114f00, 7615;
v0x94d114f00_7616 .array/port v0x94d114f00, 7616;
v0x94d114f00_7617 .array/port v0x94d114f00, 7617;
v0x94d114f00_7618 .array/port v0x94d114f00, 7618;
E_0x94d065880/1904 .event anyedge, v0x94d114f00_7615, v0x94d114f00_7616, v0x94d114f00_7617, v0x94d114f00_7618;
v0x94d114f00_7619 .array/port v0x94d114f00, 7619;
v0x94d114f00_7620 .array/port v0x94d114f00, 7620;
v0x94d114f00_7621 .array/port v0x94d114f00, 7621;
v0x94d114f00_7622 .array/port v0x94d114f00, 7622;
E_0x94d065880/1905 .event anyedge, v0x94d114f00_7619, v0x94d114f00_7620, v0x94d114f00_7621, v0x94d114f00_7622;
v0x94d114f00_7623 .array/port v0x94d114f00, 7623;
v0x94d114f00_7624 .array/port v0x94d114f00, 7624;
v0x94d114f00_7625 .array/port v0x94d114f00, 7625;
v0x94d114f00_7626 .array/port v0x94d114f00, 7626;
E_0x94d065880/1906 .event anyedge, v0x94d114f00_7623, v0x94d114f00_7624, v0x94d114f00_7625, v0x94d114f00_7626;
v0x94d114f00_7627 .array/port v0x94d114f00, 7627;
v0x94d114f00_7628 .array/port v0x94d114f00, 7628;
v0x94d114f00_7629 .array/port v0x94d114f00, 7629;
v0x94d114f00_7630 .array/port v0x94d114f00, 7630;
E_0x94d065880/1907 .event anyedge, v0x94d114f00_7627, v0x94d114f00_7628, v0x94d114f00_7629, v0x94d114f00_7630;
v0x94d114f00_7631 .array/port v0x94d114f00, 7631;
v0x94d114f00_7632 .array/port v0x94d114f00, 7632;
v0x94d114f00_7633 .array/port v0x94d114f00, 7633;
v0x94d114f00_7634 .array/port v0x94d114f00, 7634;
E_0x94d065880/1908 .event anyedge, v0x94d114f00_7631, v0x94d114f00_7632, v0x94d114f00_7633, v0x94d114f00_7634;
v0x94d114f00_7635 .array/port v0x94d114f00, 7635;
v0x94d114f00_7636 .array/port v0x94d114f00, 7636;
v0x94d114f00_7637 .array/port v0x94d114f00, 7637;
v0x94d114f00_7638 .array/port v0x94d114f00, 7638;
E_0x94d065880/1909 .event anyedge, v0x94d114f00_7635, v0x94d114f00_7636, v0x94d114f00_7637, v0x94d114f00_7638;
v0x94d114f00_7639 .array/port v0x94d114f00, 7639;
v0x94d114f00_7640 .array/port v0x94d114f00, 7640;
v0x94d114f00_7641 .array/port v0x94d114f00, 7641;
v0x94d114f00_7642 .array/port v0x94d114f00, 7642;
E_0x94d065880/1910 .event anyedge, v0x94d114f00_7639, v0x94d114f00_7640, v0x94d114f00_7641, v0x94d114f00_7642;
v0x94d114f00_7643 .array/port v0x94d114f00, 7643;
v0x94d114f00_7644 .array/port v0x94d114f00, 7644;
v0x94d114f00_7645 .array/port v0x94d114f00, 7645;
v0x94d114f00_7646 .array/port v0x94d114f00, 7646;
E_0x94d065880/1911 .event anyedge, v0x94d114f00_7643, v0x94d114f00_7644, v0x94d114f00_7645, v0x94d114f00_7646;
v0x94d114f00_7647 .array/port v0x94d114f00, 7647;
v0x94d114f00_7648 .array/port v0x94d114f00, 7648;
v0x94d114f00_7649 .array/port v0x94d114f00, 7649;
v0x94d114f00_7650 .array/port v0x94d114f00, 7650;
E_0x94d065880/1912 .event anyedge, v0x94d114f00_7647, v0x94d114f00_7648, v0x94d114f00_7649, v0x94d114f00_7650;
v0x94d114f00_7651 .array/port v0x94d114f00, 7651;
v0x94d114f00_7652 .array/port v0x94d114f00, 7652;
v0x94d114f00_7653 .array/port v0x94d114f00, 7653;
v0x94d114f00_7654 .array/port v0x94d114f00, 7654;
E_0x94d065880/1913 .event anyedge, v0x94d114f00_7651, v0x94d114f00_7652, v0x94d114f00_7653, v0x94d114f00_7654;
v0x94d114f00_7655 .array/port v0x94d114f00, 7655;
v0x94d114f00_7656 .array/port v0x94d114f00, 7656;
v0x94d114f00_7657 .array/port v0x94d114f00, 7657;
v0x94d114f00_7658 .array/port v0x94d114f00, 7658;
E_0x94d065880/1914 .event anyedge, v0x94d114f00_7655, v0x94d114f00_7656, v0x94d114f00_7657, v0x94d114f00_7658;
v0x94d114f00_7659 .array/port v0x94d114f00, 7659;
v0x94d114f00_7660 .array/port v0x94d114f00, 7660;
v0x94d114f00_7661 .array/port v0x94d114f00, 7661;
v0x94d114f00_7662 .array/port v0x94d114f00, 7662;
E_0x94d065880/1915 .event anyedge, v0x94d114f00_7659, v0x94d114f00_7660, v0x94d114f00_7661, v0x94d114f00_7662;
v0x94d114f00_7663 .array/port v0x94d114f00, 7663;
v0x94d114f00_7664 .array/port v0x94d114f00, 7664;
v0x94d114f00_7665 .array/port v0x94d114f00, 7665;
v0x94d114f00_7666 .array/port v0x94d114f00, 7666;
E_0x94d065880/1916 .event anyedge, v0x94d114f00_7663, v0x94d114f00_7664, v0x94d114f00_7665, v0x94d114f00_7666;
v0x94d114f00_7667 .array/port v0x94d114f00, 7667;
v0x94d114f00_7668 .array/port v0x94d114f00, 7668;
v0x94d114f00_7669 .array/port v0x94d114f00, 7669;
v0x94d114f00_7670 .array/port v0x94d114f00, 7670;
E_0x94d065880/1917 .event anyedge, v0x94d114f00_7667, v0x94d114f00_7668, v0x94d114f00_7669, v0x94d114f00_7670;
v0x94d114f00_7671 .array/port v0x94d114f00, 7671;
v0x94d114f00_7672 .array/port v0x94d114f00, 7672;
v0x94d114f00_7673 .array/port v0x94d114f00, 7673;
v0x94d114f00_7674 .array/port v0x94d114f00, 7674;
E_0x94d065880/1918 .event anyedge, v0x94d114f00_7671, v0x94d114f00_7672, v0x94d114f00_7673, v0x94d114f00_7674;
v0x94d114f00_7675 .array/port v0x94d114f00, 7675;
v0x94d114f00_7676 .array/port v0x94d114f00, 7676;
v0x94d114f00_7677 .array/port v0x94d114f00, 7677;
v0x94d114f00_7678 .array/port v0x94d114f00, 7678;
E_0x94d065880/1919 .event anyedge, v0x94d114f00_7675, v0x94d114f00_7676, v0x94d114f00_7677, v0x94d114f00_7678;
v0x94d114f00_7679 .array/port v0x94d114f00, 7679;
v0x94d114f00_7680 .array/port v0x94d114f00, 7680;
v0x94d114f00_7681 .array/port v0x94d114f00, 7681;
v0x94d114f00_7682 .array/port v0x94d114f00, 7682;
E_0x94d065880/1920 .event anyedge, v0x94d114f00_7679, v0x94d114f00_7680, v0x94d114f00_7681, v0x94d114f00_7682;
v0x94d114f00_7683 .array/port v0x94d114f00, 7683;
v0x94d114f00_7684 .array/port v0x94d114f00, 7684;
v0x94d114f00_7685 .array/port v0x94d114f00, 7685;
v0x94d114f00_7686 .array/port v0x94d114f00, 7686;
E_0x94d065880/1921 .event anyedge, v0x94d114f00_7683, v0x94d114f00_7684, v0x94d114f00_7685, v0x94d114f00_7686;
v0x94d114f00_7687 .array/port v0x94d114f00, 7687;
v0x94d114f00_7688 .array/port v0x94d114f00, 7688;
v0x94d114f00_7689 .array/port v0x94d114f00, 7689;
v0x94d114f00_7690 .array/port v0x94d114f00, 7690;
E_0x94d065880/1922 .event anyedge, v0x94d114f00_7687, v0x94d114f00_7688, v0x94d114f00_7689, v0x94d114f00_7690;
v0x94d114f00_7691 .array/port v0x94d114f00, 7691;
v0x94d114f00_7692 .array/port v0x94d114f00, 7692;
v0x94d114f00_7693 .array/port v0x94d114f00, 7693;
v0x94d114f00_7694 .array/port v0x94d114f00, 7694;
E_0x94d065880/1923 .event anyedge, v0x94d114f00_7691, v0x94d114f00_7692, v0x94d114f00_7693, v0x94d114f00_7694;
v0x94d114f00_7695 .array/port v0x94d114f00, 7695;
v0x94d114f00_7696 .array/port v0x94d114f00, 7696;
v0x94d114f00_7697 .array/port v0x94d114f00, 7697;
v0x94d114f00_7698 .array/port v0x94d114f00, 7698;
E_0x94d065880/1924 .event anyedge, v0x94d114f00_7695, v0x94d114f00_7696, v0x94d114f00_7697, v0x94d114f00_7698;
v0x94d114f00_7699 .array/port v0x94d114f00, 7699;
v0x94d114f00_7700 .array/port v0x94d114f00, 7700;
v0x94d114f00_7701 .array/port v0x94d114f00, 7701;
v0x94d114f00_7702 .array/port v0x94d114f00, 7702;
E_0x94d065880/1925 .event anyedge, v0x94d114f00_7699, v0x94d114f00_7700, v0x94d114f00_7701, v0x94d114f00_7702;
v0x94d114f00_7703 .array/port v0x94d114f00, 7703;
v0x94d114f00_7704 .array/port v0x94d114f00, 7704;
v0x94d114f00_7705 .array/port v0x94d114f00, 7705;
v0x94d114f00_7706 .array/port v0x94d114f00, 7706;
E_0x94d065880/1926 .event anyedge, v0x94d114f00_7703, v0x94d114f00_7704, v0x94d114f00_7705, v0x94d114f00_7706;
v0x94d114f00_7707 .array/port v0x94d114f00, 7707;
v0x94d114f00_7708 .array/port v0x94d114f00, 7708;
v0x94d114f00_7709 .array/port v0x94d114f00, 7709;
v0x94d114f00_7710 .array/port v0x94d114f00, 7710;
E_0x94d065880/1927 .event anyedge, v0x94d114f00_7707, v0x94d114f00_7708, v0x94d114f00_7709, v0x94d114f00_7710;
v0x94d114f00_7711 .array/port v0x94d114f00, 7711;
v0x94d114f00_7712 .array/port v0x94d114f00, 7712;
v0x94d114f00_7713 .array/port v0x94d114f00, 7713;
v0x94d114f00_7714 .array/port v0x94d114f00, 7714;
E_0x94d065880/1928 .event anyedge, v0x94d114f00_7711, v0x94d114f00_7712, v0x94d114f00_7713, v0x94d114f00_7714;
v0x94d114f00_7715 .array/port v0x94d114f00, 7715;
v0x94d114f00_7716 .array/port v0x94d114f00, 7716;
v0x94d114f00_7717 .array/port v0x94d114f00, 7717;
v0x94d114f00_7718 .array/port v0x94d114f00, 7718;
E_0x94d065880/1929 .event anyedge, v0x94d114f00_7715, v0x94d114f00_7716, v0x94d114f00_7717, v0x94d114f00_7718;
v0x94d114f00_7719 .array/port v0x94d114f00, 7719;
v0x94d114f00_7720 .array/port v0x94d114f00, 7720;
v0x94d114f00_7721 .array/port v0x94d114f00, 7721;
v0x94d114f00_7722 .array/port v0x94d114f00, 7722;
E_0x94d065880/1930 .event anyedge, v0x94d114f00_7719, v0x94d114f00_7720, v0x94d114f00_7721, v0x94d114f00_7722;
v0x94d114f00_7723 .array/port v0x94d114f00, 7723;
v0x94d114f00_7724 .array/port v0x94d114f00, 7724;
v0x94d114f00_7725 .array/port v0x94d114f00, 7725;
v0x94d114f00_7726 .array/port v0x94d114f00, 7726;
E_0x94d065880/1931 .event anyedge, v0x94d114f00_7723, v0x94d114f00_7724, v0x94d114f00_7725, v0x94d114f00_7726;
v0x94d114f00_7727 .array/port v0x94d114f00, 7727;
v0x94d114f00_7728 .array/port v0x94d114f00, 7728;
v0x94d114f00_7729 .array/port v0x94d114f00, 7729;
v0x94d114f00_7730 .array/port v0x94d114f00, 7730;
E_0x94d065880/1932 .event anyedge, v0x94d114f00_7727, v0x94d114f00_7728, v0x94d114f00_7729, v0x94d114f00_7730;
v0x94d114f00_7731 .array/port v0x94d114f00, 7731;
v0x94d114f00_7732 .array/port v0x94d114f00, 7732;
v0x94d114f00_7733 .array/port v0x94d114f00, 7733;
v0x94d114f00_7734 .array/port v0x94d114f00, 7734;
E_0x94d065880/1933 .event anyedge, v0x94d114f00_7731, v0x94d114f00_7732, v0x94d114f00_7733, v0x94d114f00_7734;
v0x94d114f00_7735 .array/port v0x94d114f00, 7735;
v0x94d114f00_7736 .array/port v0x94d114f00, 7736;
v0x94d114f00_7737 .array/port v0x94d114f00, 7737;
v0x94d114f00_7738 .array/port v0x94d114f00, 7738;
E_0x94d065880/1934 .event anyedge, v0x94d114f00_7735, v0x94d114f00_7736, v0x94d114f00_7737, v0x94d114f00_7738;
v0x94d114f00_7739 .array/port v0x94d114f00, 7739;
v0x94d114f00_7740 .array/port v0x94d114f00, 7740;
v0x94d114f00_7741 .array/port v0x94d114f00, 7741;
v0x94d114f00_7742 .array/port v0x94d114f00, 7742;
E_0x94d065880/1935 .event anyedge, v0x94d114f00_7739, v0x94d114f00_7740, v0x94d114f00_7741, v0x94d114f00_7742;
v0x94d114f00_7743 .array/port v0x94d114f00, 7743;
v0x94d114f00_7744 .array/port v0x94d114f00, 7744;
v0x94d114f00_7745 .array/port v0x94d114f00, 7745;
v0x94d114f00_7746 .array/port v0x94d114f00, 7746;
E_0x94d065880/1936 .event anyedge, v0x94d114f00_7743, v0x94d114f00_7744, v0x94d114f00_7745, v0x94d114f00_7746;
v0x94d114f00_7747 .array/port v0x94d114f00, 7747;
v0x94d114f00_7748 .array/port v0x94d114f00, 7748;
v0x94d114f00_7749 .array/port v0x94d114f00, 7749;
v0x94d114f00_7750 .array/port v0x94d114f00, 7750;
E_0x94d065880/1937 .event anyedge, v0x94d114f00_7747, v0x94d114f00_7748, v0x94d114f00_7749, v0x94d114f00_7750;
v0x94d114f00_7751 .array/port v0x94d114f00, 7751;
v0x94d114f00_7752 .array/port v0x94d114f00, 7752;
v0x94d114f00_7753 .array/port v0x94d114f00, 7753;
v0x94d114f00_7754 .array/port v0x94d114f00, 7754;
E_0x94d065880/1938 .event anyedge, v0x94d114f00_7751, v0x94d114f00_7752, v0x94d114f00_7753, v0x94d114f00_7754;
v0x94d114f00_7755 .array/port v0x94d114f00, 7755;
v0x94d114f00_7756 .array/port v0x94d114f00, 7756;
v0x94d114f00_7757 .array/port v0x94d114f00, 7757;
v0x94d114f00_7758 .array/port v0x94d114f00, 7758;
E_0x94d065880/1939 .event anyedge, v0x94d114f00_7755, v0x94d114f00_7756, v0x94d114f00_7757, v0x94d114f00_7758;
v0x94d114f00_7759 .array/port v0x94d114f00, 7759;
v0x94d114f00_7760 .array/port v0x94d114f00, 7760;
v0x94d114f00_7761 .array/port v0x94d114f00, 7761;
v0x94d114f00_7762 .array/port v0x94d114f00, 7762;
E_0x94d065880/1940 .event anyedge, v0x94d114f00_7759, v0x94d114f00_7760, v0x94d114f00_7761, v0x94d114f00_7762;
v0x94d114f00_7763 .array/port v0x94d114f00, 7763;
v0x94d114f00_7764 .array/port v0x94d114f00, 7764;
v0x94d114f00_7765 .array/port v0x94d114f00, 7765;
v0x94d114f00_7766 .array/port v0x94d114f00, 7766;
E_0x94d065880/1941 .event anyedge, v0x94d114f00_7763, v0x94d114f00_7764, v0x94d114f00_7765, v0x94d114f00_7766;
v0x94d114f00_7767 .array/port v0x94d114f00, 7767;
v0x94d114f00_7768 .array/port v0x94d114f00, 7768;
v0x94d114f00_7769 .array/port v0x94d114f00, 7769;
v0x94d114f00_7770 .array/port v0x94d114f00, 7770;
E_0x94d065880/1942 .event anyedge, v0x94d114f00_7767, v0x94d114f00_7768, v0x94d114f00_7769, v0x94d114f00_7770;
v0x94d114f00_7771 .array/port v0x94d114f00, 7771;
v0x94d114f00_7772 .array/port v0x94d114f00, 7772;
v0x94d114f00_7773 .array/port v0x94d114f00, 7773;
v0x94d114f00_7774 .array/port v0x94d114f00, 7774;
E_0x94d065880/1943 .event anyedge, v0x94d114f00_7771, v0x94d114f00_7772, v0x94d114f00_7773, v0x94d114f00_7774;
v0x94d114f00_7775 .array/port v0x94d114f00, 7775;
v0x94d114f00_7776 .array/port v0x94d114f00, 7776;
v0x94d114f00_7777 .array/port v0x94d114f00, 7777;
v0x94d114f00_7778 .array/port v0x94d114f00, 7778;
E_0x94d065880/1944 .event anyedge, v0x94d114f00_7775, v0x94d114f00_7776, v0x94d114f00_7777, v0x94d114f00_7778;
v0x94d114f00_7779 .array/port v0x94d114f00, 7779;
v0x94d114f00_7780 .array/port v0x94d114f00, 7780;
v0x94d114f00_7781 .array/port v0x94d114f00, 7781;
v0x94d114f00_7782 .array/port v0x94d114f00, 7782;
E_0x94d065880/1945 .event anyedge, v0x94d114f00_7779, v0x94d114f00_7780, v0x94d114f00_7781, v0x94d114f00_7782;
v0x94d114f00_7783 .array/port v0x94d114f00, 7783;
v0x94d114f00_7784 .array/port v0x94d114f00, 7784;
v0x94d114f00_7785 .array/port v0x94d114f00, 7785;
v0x94d114f00_7786 .array/port v0x94d114f00, 7786;
E_0x94d065880/1946 .event anyedge, v0x94d114f00_7783, v0x94d114f00_7784, v0x94d114f00_7785, v0x94d114f00_7786;
v0x94d114f00_7787 .array/port v0x94d114f00, 7787;
v0x94d114f00_7788 .array/port v0x94d114f00, 7788;
v0x94d114f00_7789 .array/port v0x94d114f00, 7789;
v0x94d114f00_7790 .array/port v0x94d114f00, 7790;
E_0x94d065880/1947 .event anyedge, v0x94d114f00_7787, v0x94d114f00_7788, v0x94d114f00_7789, v0x94d114f00_7790;
v0x94d114f00_7791 .array/port v0x94d114f00, 7791;
v0x94d114f00_7792 .array/port v0x94d114f00, 7792;
v0x94d114f00_7793 .array/port v0x94d114f00, 7793;
v0x94d114f00_7794 .array/port v0x94d114f00, 7794;
E_0x94d065880/1948 .event anyedge, v0x94d114f00_7791, v0x94d114f00_7792, v0x94d114f00_7793, v0x94d114f00_7794;
v0x94d114f00_7795 .array/port v0x94d114f00, 7795;
v0x94d114f00_7796 .array/port v0x94d114f00, 7796;
v0x94d114f00_7797 .array/port v0x94d114f00, 7797;
v0x94d114f00_7798 .array/port v0x94d114f00, 7798;
E_0x94d065880/1949 .event anyedge, v0x94d114f00_7795, v0x94d114f00_7796, v0x94d114f00_7797, v0x94d114f00_7798;
v0x94d114f00_7799 .array/port v0x94d114f00, 7799;
v0x94d114f00_7800 .array/port v0x94d114f00, 7800;
v0x94d114f00_7801 .array/port v0x94d114f00, 7801;
v0x94d114f00_7802 .array/port v0x94d114f00, 7802;
E_0x94d065880/1950 .event anyedge, v0x94d114f00_7799, v0x94d114f00_7800, v0x94d114f00_7801, v0x94d114f00_7802;
v0x94d114f00_7803 .array/port v0x94d114f00, 7803;
v0x94d114f00_7804 .array/port v0x94d114f00, 7804;
v0x94d114f00_7805 .array/port v0x94d114f00, 7805;
v0x94d114f00_7806 .array/port v0x94d114f00, 7806;
E_0x94d065880/1951 .event anyedge, v0x94d114f00_7803, v0x94d114f00_7804, v0x94d114f00_7805, v0x94d114f00_7806;
v0x94d114f00_7807 .array/port v0x94d114f00, 7807;
v0x94d114f00_7808 .array/port v0x94d114f00, 7808;
v0x94d114f00_7809 .array/port v0x94d114f00, 7809;
v0x94d114f00_7810 .array/port v0x94d114f00, 7810;
E_0x94d065880/1952 .event anyedge, v0x94d114f00_7807, v0x94d114f00_7808, v0x94d114f00_7809, v0x94d114f00_7810;
v0x94d114f00_7811 .array/port v0x94d114f00, 7811;
v0x94d114f00_7812 .array/port v0x94d114f00, 7812;
v0x94d114f00_7813 .array/port v0x94d114f00, 7813;
v0x94d114f00_7814 .array/port v0x94d114f00, 7814;
E_0x94d065880/1953 .event anyedge, v0x94d114f00_7811, v0x94d114f00_7812, v0x94d114f00_7813, v0x94d114f00_7814;
v0x94d114f00_7815 .array/port v0x94d114f00, 7815;
v0x94d114f00_7816 .array/port v0x94d114f00, 7816;
v0x94d114f00_7817 .array/port v0x94d114f00, 7817;
v0x94d114f00_7818 .array/port v0x94d114f00, 7818;
E_0x94d065880/1954 .event anyedge, v0x94d114f00_7815, v0x94d114f00_7816, v0x94d114f00_7817, v0x94d114f00_7818;
v0x94d114f00_7819 .array/port v0x94d114f00, 7819;
v0x94d114f00_7820 .array/port v0x94d114f00, 7820;
v0x94d114f00_7821 .array/port v0x94d114f00, 7821;
v0x94d114f00_7822 .array/port v0x94d114f00, 7822;
E_0x94d065880/1955 .event anyedge, v0x94d114f00_7819, v0x94d114f00_7820, v0x94d114f00_7821, v0x94d114f00_7822;
v0x94d114f00_7823 .array/port v0x94d114f00, 7823;
v0x94d114f00_7824 .array/port v0x94d114f00, 7824;
v0x94d114f00_7825 .array/port v0x94d114f00, 7825;
v0x94d114f00_7826 .array/port v0x94d114f00, 7826;
E_0x94d065880/1956 .event anyedge, v0x94d114f00_7823, v0x94d114f00_7824, v0x94d114f00_7825, v0x94d114f00_7826;
v0x94d114f00_7827 .array/port v0x94d114f00, 7827;
v0x94d114f00_7828 .array/port v0x94d114f00, 7828;
v0x94d114f00_7829 .array/port v0x94d114f00, 7829;
v0x94d114f00_7830 .array/port v0x94d114f00, 7830;
E_0x94d065880/1957 .event anyedge, v0x94d114f00_7827, v0x94d114f00_7828, v0x94d114f00_7829, v0x94d114f00_7830;
v0x94d114f00_7831 .array/port v0x94d114f00, 7831;
v0x94d114f00_7832 .array/port v0x94d114f00, 7832;
v0x94d114f00_7833 .array/port v0x94d114f00, 7833;
v0x94d114f00_7834 .array/port v0x94d114f00, 7834;
E_0x94d065880/1958 .event anyedge, v0x94d114f00_7831, v0x94d114f00_7832, v0x94d114f00_7833, v0x94d114f00_7834;
v0x94d114f00_7835 .array/port v0x94d114f00, 7835;
v0x94d114f00_7836 .array/port v0x94d114f00, 7836;
v0x94d114f00_7837 .array/port v0x94d114f00, 7837;
v0x94d114f00_7838 .array/port v0x94d114f00, 7838;
E_0x94d065880/1959 .event anyedge, v0x94d114f00_7835, v0x94d114f00_7836, v0x94d114f00_7837, v0x94d114f00_7838;
v0x94d114f00_7839 .array/port v0x94d114f00, 7839;
v0x94d114f00_7840 .array/port v0x94d114f00, 7840;
v0x94d114f00_7841 .array/port v0x94d114f00, 7841;
v0x94d114f00_7842 .array/port v0x94d114f00, 7842;
E_0x94d065880/1960 .event anyedge, v0x94d114f00_7839, v0x94d114f00_7840, v0x94d114f00_7841, v0x94d114f00_7842;
v0x94d114f00_7843 .array/port v0x94d114f00, 7843;
v0x94d114f00_7844 .array/port v0x94d114f00, 7844;
v0x94d114f00_7845 .array/port v0x94d114f00, 7845;
v0x94d114f00_7846 .array/port v0x94d114f00, 7846;
E_0x94d065880/1961 .event anyedge, v0x94d114f00_7843, v0x94d114f00_7844, v0x94d114f00_7845, v0x94d114f00_7846;
v0x94d114f00_7847 .array/port v0x94d114f00, 7847;
v0x94d114f00_7848 .array/port v0x94d114f00, 7848;
v0x94d114f00_7849 .array/port v0x94d114f00, 7849;
v0x94d114f00_7850 .array/port v0x94d114f00, 7850;
E_0x94d065880/1962 .event anyedge, v0x94d114f00_7847, v0x94d114f00_7848, v0x94d114f00_7849, v0x94d114f00_7850;
v0x94d114f00_7851 .array/port v0x94d114f00, 7851;
v0x94d114f00_7852 .array/port v0x94d114f00, 7852;
v0x94d114f00_7853 .array/port v0x94d114f00, 7853;
v0x94d114f00_7854 .array/port v0x94d114f00, 7854;
E_0x94d065880/1963 .event anyedge, v0x94d114f00_7851, v0x94d114f00_7852, v0x94d114f00_7853, v0x94d114f00_7854;
v0x94d114f00_7855 .array/port v0x94d114f00, 7855;
v0x94d114f00_7856 .array/port v0x94d114f00, 7856;
v0x94d114f00_7857 .array/port v0x94d114f00, 7857;
v0x94d114f00_7858 .array/port v0x94d114f00, 7858;
E_0x94d065880/1964 .event anyedge, v0x94d114f00_7855, v0x94d114f00_7856, v0x94d114f00_7857, v0x94d114f00_7858;
v0x94d114f00_7859 .array/port v0x94d114f00, 7859;
v0x94d114f00_7860 .array/port v0x94d114f00, 7860;
v0x94d114f00_7861 .array/port v0x94d114f00, 7861;
v0x94d114f00_7862 .array/port v0x94d114f00, 7862;
E_0x94d065880/1965 .event anyedge, v0x94d114f00_7859, v0x94d114f00_7860, v0x94d114f00_7861, v0x94d114f00_7862;
v0x94d114f00_7863 .array/port v0x94d114f00, 7863;
v0x94d114f00_7864 .array/port v0x94d114f00, 7864;
v0x94d114f00_7865 .array/port v0x94d114f00, 7865;
v0x94d114f00_7866 .array/port v0x94d114f00, 7866;
E_0x94d065880/1966 .event anyedge, v0x94d114f00_7863, v0x94d114f00_7864, v0x94d114f00_7865, v0x94d114f00_7866;
v0x94d114f00_7867 .array/port v0x94d114f00, 7867;
v0x94d114f00_7868 .array/port v0x94d114f00, 7868;
v0x94d114f00_7869 .array/port v0x94d114f00, 7869;
v0x94d114f00_7870 .array/port v0x94d114f00, 7870;
E_0x94d065880/1967 .event anyedge, v0x94d114f00_7867, v0x94d114f00_7868, v0x94d114f00_7869, v0x94d114f00_7870;
v0x94d114f00_7871 .array/port v0x94d114f00, 7871;
v0x94d114f00_7872 .array/port v0x94d114f00, 7872;
v0x94d114f00_7873 .array/port v0x94d114f00, 7873;
v0x94d114f00_7874 .array/port v0x94d114f00, 7874;
E_0x94d065880/1968 .event anyedge, v0x94d114f00_7871, v0x94d114f00_7872, v0x94d114f00_7873, v0x94d114f00_7874;
v0x94d114f00_7875 .array/port v0x94d114f00, 7875;
v0x94d114f00_7876 .array/port v0x94d114f00, 7876;
v0x94d114f00_7877 .array/port v0x94d114f00, 7877;
v0x94d114f00_7878 .array/port v0x94d114f00, 7878;
E_0x94d065880/1969 .event anyedge, v0x94d114f00_7875, v0x94d114f00_7876, v0x94d114f00_7877, v0x94d114f00_7878;
v0x94d114f00_7879 .array/port v0x94d114f00, 7879;
v0x94d114f00_7880 .array/port v0x94d114f00, 7880;
v0x94d114f00_7881 .array/port v0x94d114f00, 7881;
v0x94d114f00_7882 .array/port v0x94d114f00, 7882;
E_0x94d065880/1970 .event anyedge, v0x94d114f00_7879, v0x94d114f00_7880, v0x94d114f00_7881, v0x94d114f00_7882;
v0x94d114f00_7883 .array/port v0x94d114f00, 7883;
v0x94d114f00_7884 .array/port v0x94d114f00, 7884;
v0x94d114f00_7885 .array/port v0x94d114f00, 7885;
v0x94d114f00_7886 .array/port v0x94d114f00, 7886;
E_0x94d065880/1971 .event anyedge, v0x94d114f00_7883, v0x94d114f00_7884, v0x94d114f00_7885, v0x94d114f00_7886;
v0x94d114f00_7887 .array/port v0x94d114f00, 7887;
v0x94d114f00_7888 .array/port v0x94d114f00, 7888;
v0x94d114f00_7889 .array/port v0x94d114f00, 7889;
v0x94d114f00_7890 .array/port v0x94d114f00, 7890;
E_0x94d065880/1972 .event anyedge, v0x94d114f00_7887, v0x94d114f00_7888, v0x94d114f00_7889, v0x94d114f00_7890;
v0x94d114f00_7891 .array/port v0x94d114f00, 7891;
v0x94d114f00_7892 .array/port v0x94d114f00, 7892;
v0x94d114f00_7893 .array/port v0x94d114f00, 7893;
v0x94d114f00_7894 .array/port v0x94d114f00, 7894;
E_0x94d065880/1973 .event anyedge, v0x94d114f00_7891, v0x94d114f00_7892, v0x94d114f00_7893, v0x94d114f00_7894;
v0x94d114f00_7895 .array/port v0x94d114f00, 7895;
v0x94d114f00_7896 .array/port v0x94d114f00, 7896;
v0x94d114f00_7897 .array/port v0x94d114f00, 7897;
v0x94d114f00_7898 .array/port v0x94d114f00, 7898;
E_0x94d065880/1974 .event anyedge, v0x94d114f00_7895, v0x94d114f00_7896, v0x94d114f00_7897, v0x94d114f00_7898;
v0x94d114f00_7899 .array/port v0x94d114f00, 7899;
v0x94d114f00_7900 .array/port v0x94d114f00, 7900;
v0x94d114f00_7901 .array/port v0x94d114f00, 7901;
v0x94d114f00_7902 .array/port v0x94d114f00, 7902;
E_0x94d065880/1975 .event anyedge, v0x94d114f00_7899, v0x94d114f00_7900, v0x94d114f00_7901, v0x94d114f00_7902;
v0x94d114f00_7903 .array/port v0x94d114f00, 7903;
v0x94d114f00_7904 .array/port v0x94d114f00, 7904;
v0x94d114f00_7905 .array/port v0x94d114f00, 7905;
v0x94d114f00_7906 .array/port v0x94d114f00, 7906;
E_0x94d065880/1976 .event anyedge, v0x94d114f00_7903, v0x94d114f00_7904, v0x94d114f00_7905, v0x94d114f00_7906;
v0x94d114f00_7907 .array/port v0x94d114f00, 7907;
v0x94d114f00_7908 .array/port v0x94d114f00, 7908;
v0x94d114f00_7909 .array/port v0x94d114f00, 7909;
v0x94d114f00_7910 .array/port v0x94d114f00, 7910;
E_0x94d065880/1977 .event anyedge, v0x94d114f00_7907, v0x94d114f00_7908, v0x94d114f00_7909, v0x94d114f00_7910;
v0x94d114f00_7911 .array/port v0x94d114f00, 7911;
v0x94d114f00_7912 .array/port v0x94d114f00, 7912;
v0x94d114f00_7913 .array/port v0x94d114f00, 7913;
v0x94d114f00_7914 .array/port v0x94d114f00, 7914;
E_0x94d065880/1978 .event anyedge, v0x94d114f00_7911, v0x94d114f00_7912, v0x94d114f00_7913, v0x94d114f00_7914;
v0x94d114f00_7915 .array/port v0x94d114f00, 7915;
v0x94d114f00_7916 .array/port v0x94d114f00, 7916;
v0x94d114f00_7917 .array/port v0x94d114f00, 7917;
v0x94d114f00_7918 .array/port v0x94d114f00, 7918;
E_0x94d065880/1979 .event anyedge, v0x94d114f00_7915, v0x94d114f00_7916, v0x94d114f00_7917, v0x94d114f00_7918;
v0x94d114f00_7919 .array/port v0x94d114f00, 7919;
v0x94d114f00_7920 .array/port v0x94d114f00, 7920;
v0x94d114f00_7921 .array/port v0x94d114f00, 7921;
v0x94d114f00_7922 .array/port v0x94d114f00, 7922;
E_0x94d065880/1980 .event anyedge, v0x94d114f00_7919, v0x94d114f00_7920, v0x94d114f00_7921, v0x94d114f00_7922;
v0x94d114f00_7923 .array/port v0x94d114f00, 7923;
v0x94d114f00_7924 .array/port v0x94d114f00, 7924;
v0x94d114f00_7925 .array/port v0x94d114f00, 7925;
v0x94d114f00_7926 .array/port v0x94d114f00, 7926;
E_0x94d065880/1981 .event anyedge, v0x94d114f00_7923, v0x94d114f00_7924, v0x94d114f00_7925, v0x94d114f00_7926;
v0x94d114f00_7927 .array/port v0x94d114f00, 7927;
v0x94d114f00_7928 .array/port v0x94d114f00, 7928;
v0x94d114f00_7929 .array/port v0x94d114f00, 7929;
v0x94d114f00_7930 .array/port v0x94d114f00, 7930;
E_0x94d065880/1982 .event anyedge, v0x94d114f00_7927, v0x94d114f00_7928, v0x94d114f00_7929, v0x94d114f00_7930;
v0x94d114f00_7931 .array/port v0x94d114f00, 7931;
v0x94d114f00_7932 .array/port v0x94d114f00, 7932;
v0x94d114f00_7933 .array/port v0x94d114f00, 7933;
v0x94d114f00_7934 .array/port v0x94d114f00, 7934;
E_0x94d065880/1983 .event anyedge, v0x94d114f00_7931, v0x94d114f00_7932, v0x94d114f00_7933, v0x94d114f00_7934;
v0x94d114f00_7935 .array/port v0x94d114f00, 7935;
v0x94d114f00_7936 .array/port v0x94d114f00, 7936;
v0x94d114f00_7937 .array/port v0x94d114f00, 7937;
v0x94d114f00_7938 .array/port v0x94d114f00, 7938;
E_0x94d065880/1984 .event anyedge, v0x94d114f00_7935, v0x94d114f00_7936, v0x94d114f00_7937, v0x94d114f00_7938;
v0x94d114f00_7939 .array/port v0x94d114f00, 7939;
v0x94d114f00_7940 .array/port v0x94d114f00, 7940;
v0x94d114f00_7941 .array/port v0x94d114f00, 7941;
v0x94d114f00_7942 .array/port v0x94d114f00, 7942;
E_0x94d065880/1985 .event anyedge, v0x94d114f00_7939, v0x94d114f00_7940, v0x94d114f00_7941, v0x94d114f00_7942;
v0x94d114f00_7943 .array/port v0x94d114f00, 7943;
v0x94d114f00_7944 .array/port v0x94d114f00, 7944;
v0x94d114f00_7945 .array/port v0x94d114f00, 7945;
v0x94d114f00_7946 .array/port v0x94d114f00, 7946;
E_0x94d065880/1986 .event anyedge, v0x94d114f00_7943, v0x94d114f00_7944, v0x94d114f00_7945, v0x94d114f00_7946;
v0x94d114f00_7947 .array/port v0x94d114f00, 7947;
v0x94d114f00_7948 .array/port v0x94d114f00, 7948;
v0x94d114f00_7949 .array/port v0x94d114f00, 7949;
v0x94d114f00_7950 .array/port v0x94d114f00, 7950;
E_0x94d065880/1987 .event anyedge, v0x94d114f00_7947, v0x94d114f00_7948, v0x94d114f00_7949, v0x94d114f00_7950;
v0x94d114f00_7951 .array/port v0x94d114f00, 7951;
v0x94d114f00_7952 .array/port v0x94d114f00, 7952;
v0x94d114f00_7953 .array/port v0x94d114f00, 7953;
v0x94d114f00_7954 .array/port v0x94d114f00, 7954;
E_0x94d065880/1988 .event anyedge, v0x94d114f00_7951, v0x94d114f00_7952, v0x94d114f00_7953, v0x94d114f00_7954;
v0x94d114f00_7955 .array/port v0x94d114f00, 7955;
v0x94d114f00_7956 .array/port v0x94d114f00, 7956;
v0x94d114f00_7957 .array/port v0x94d114f00, 7957;
v0x94d114f00_7958 .array/port v0x94d114f00, 7958;
E_0x94d065880/1989 .event anyedge, v0x94d114f00_7955, v0x94d114f00_7956, v0x94d114f00_7957, v0x94d114f00_7958;
v0x94d114f00_7959 .array/port v0x94d114f00, 7959;
v0x94d114f00_7960 .array/port v0x94d114f00, 7960;
v0x94d114f00_7961 .array/port v0x94d114f00, 7961;
v0x94d114f00_7962 .array/port v0x94d114f00, 7962;
E_0x94d065880/1990 .event anyedge, v0x94d114f00_7959, v0x94d114f00_7960, v0x94d114f00_7961, v0x94d114f00_7962;
v0x94d114f00_7963 .array/port v0x94d114f00, 7963;
v0x94d114f00_7964 .array/port v0x94d114f00, 7964;
v0x94d114f00_7965 .array/port v0x94d114f00, 7965;
v0x94d114f00_7966 .array/port v0x94d114f00, 7966;
E_0x94d065880/1991 .event anyedge, v0x94d114f00_7963, v0x94d114f00_7964, v0x94d114f00_7965, v0x94d114f00_7966;
v0x94d114f00_7967 .array/port v0x94d114f00, 7967;
v0x94d114f00_7968 .array/port v0x94d114f00, 7968;
v0x94d114f00_7969 .array/port v0x94d114f00, 7969;
v0x94d114f00_7970 .array/port v0x94d114f00, 7970;
E_0x94d065880/1992 .event anyedge, v0x94d114f00_7967, v0x94d114f00_7968, v0x94d114f00_7969, v0x94d114f00_7970;
v0x94d114f00_7971 .array/port v0x94d114f00, 7971;
v0x94d114f00_7972 .array/port v0x94d114f00, 7972;
v0x94d114f00_7973 .array/port v0x94d114f00, 7973;
v0x94d114f00_7974 .array/port v0x94d114f00, 7974;
E_0x94d065880/1993 .event anyedge, v0x94d114f00_7971, v0x94d114f00_7972, v0x94d114f00_7973, v0x94d114f00_7974;
v0x94d114f00_7975 .array/port v0x94d114f00, 7975;
v0x94d114f00_7976 .array/port v0x94d114f00, 7976;
v0x94d114f00_7977 .array/port v0x94d114f00, 7977;
v0x94d114f00_7978 .array/port v0x94d114f00, 7978;
E_0x94d065880/1994 .event anyedge, v0x94d114f00_7975, v0x94d114f00_7976, v0x94d114f00_7977, v0x94d114f00_7978;
v0x94d114f00_7979 .array/port v0x94d114f00, 7979;
v0x94d114f00_7980 .array/port v0x94d114f00, 7980;
v0x94d114f00_7981 .array/port v0x94d114f00, 7981;
v0x94d114f00_7982 .array/port v0x94d114f00, 7982;
E_0x94d065880/1995 .event anyedge, v0x94d114f00_7979, v0x94d114f00_7980, v0x94d114f00_7981, v0x94d114f00_7982;
v0x94d114f00_7983 .array/port v0x94d114f00, 7983;
v0x94d114f00_7984 .array/port v0x94d114f00, 7984;
v0x94d114f00_7985 .array/port v0x94d114f00, 7985;
v0x94d114f00_7986 .array/port v0x94d114f00, 7986;
E_0x94d065880/1996 .event anyedge, v0x94d114f00_7983, v0x94d114f00_7984, v0x94d114f00_7985, v0x94d114f00_7986;
v0x94d114f00_7987 .array/port v0x94d114f00, 7987;
v0x94d114f00_7988 .array/port v0x94d114f00, 7988;
v0x94d114f00_7989 .array/port v0x94d114f00, 7989;
v0x94d114f00_7990 .array/port v0x94d114f00, 7990;
E_0x94d065880/1997 .event anyedge, v0x94d114f00_7987, v0x94d114f00_7988, v0x94d114f00_7989, v0x94d114f00_7990;
v0x94d114f00_7991 .array/port v0x94d114f00, 7991;
v0x94d114f00_7992 .array/port v0x94d114f00, 7992;
v0x94d114f00_7993 .array/port v0x94d114f00, 7993;
v0x94d114f00_7994 .array/port v0x94d114f00, 7994;
E_0x94d065880/1998 .event anyedge, v0x94d114f00_7991, v0x94d114f00_7992, v0x94d114f00_7993, v0x94d114f00_7994;
v0x94d114f00_7995 .array/port v0x94d114f00, 7995;
v0x94d114f00_7996 .array/port v0x94d114f00, 7996;
v0x94d114f00_7997 .array/port v0x94d114f00, 7997;
v0x94d114f00_7998 .array/port v0x94d114f00, 7998;
E_0x94d065880/1999 .event anyedge, v0x94d114f00_7995, v0x94d114f00_7996, v0x94d114f00_7997, v0x94d114f00_7998;
v0x94d114f00_7999 .array/port v0x94d114f00, 7999;
v0x94d114f00_8000 .array/port v0x94d114f00, 8000;
v0x94d114f00_8001 .array/port v0x94d114f00, 8001;
v0x94d114f00_8002 .array/port v0x94d114f00, 8002;
E_0x94d065880/2000 .event anyedge, v0x94d114f00_7999, v0x94d114f00_8000, v0x94d114f00_8001, v0x94d114f00_8002;
v0x94d114f00_8003 .array/port v0x94d114f00, 8003;
v0x94d114f00_8004 .array/port v0x94d114f00, 8004;
v0x94d114f00_8005 .array/port v0x94d114f00, 8005;
v0x94d114f00_8006 .array/port v0x94d114f00, 8006;
E_0x94d065880/2001 .event anyedge, v0x94d114f00_8003, v0x94d114f00_8004, v0x94d114f00_8005, v0x94d114f00_8006;
v0x94d114f00_8007 .array/port v0x94d114f00, 8007;
v0x94d114f00_8008 .array/port v0x94d114f00, 8008;
v0x94d114f00_8009 .array/port v0x94d114f00, 8009;
v0x94d114f00_8010 .array/port v0x94d114f00, 8010;
E_0x94d065880/2002 .event anyedge, v0x94d114f00_8007, v0x94d114f00_8008, v0x94d114f00_8009, v0x94d114f00_8010;
v0x94d114f00_8011 .array/port v0x94d114f00, 8011;
v0x94d114f00_8012 .array/port v0x94d114f00, 8012;
v0x94d114f00_8013 .array/port v0x94d114f00, 8013;
v0x94d114f00_8014 .array/port v0x94d114f00, 8014;
E_0x94d065880/2003 .event anyedge, v0x94d114f00_8011, v0x94d114f00_8012, v0x94d114f00_8013, v0x94d114f00_8014;
v0x94d114f00_8015 .array/port v0x94d114f00, 8015;
v0x94d114f00_8016 .array/port v0x94d114f00, 8016;
v0x94d114f00_8017 .array/port v0x94d114f00, 8017;
v0x94d114f00_8018 .array/port v0x94d114f00, 8018;
E_0x94d065880/2004 .event anyedge, v0x94d114f00_8015, v0x94d114f00_8016, v0x94d114f00_8017, v0x94d114f00_8018;
v0x94d114f00_8019 .array/port v0x94d114f00, 8019;
v0x94d114f00_8020 .array/port v0x94d114f00, 8020;
v0x94d114f00_8021 .array/port v0x94d114f00, 8021;
v0x94d114f00_8022 .array/port v0x94d114f00, 8022;
E_0x94d065880/2005 .event anyedge, v0x94d114f00_8019, v0x94d114f00_8020, v0x94d114f00_8021, v0x94d114f00_8022;
v0x94d114f00_8023 .array/port v0x94d114f00, 8023;
v0x94d114f00_8024 .array/port v0x94d114f00, 8024;
v0x94d114f00_8025 .array/port v0x94d114f00, 8025;
v0x94d114f00_8026 .array/port v0x94d114f00, 8026;
E_0x94d065880/2006 .event anyedge, v0x94d114f00_8023, v0x94d114f00_8024, v0x94d114f00_8025, v0x94d114f00_8026;
v0x94d114f00_8027 .array/port v0x94d114f00, 8027;
v0x94d114f00_8028 .array/port v0x94d114f00, 8028;
v0x94d114f00_8029 .array/port v0x94d114f00, 8029;
v0x94d114f00_8030 .array/port v0x94d114f00, 8030;
E_0x94d065880/2007 .event anyedge, v0x94d114f00_8027, v0x94d114f00_8028, v0x94d114f00_8029, v0x94d114f00_8030;
v0x94d114f00_8031 .array/port v0x94d114f00, 8031;
v0x94d114f00_8032 .array/port v0x94d114f00, 8032;
v0x94d114f00_8033 .array/port v0x94d114f00, 8033;
v0x94d114f00_8034 .array/port v0x94d114f00, 8034;
E_0x94d065880/2008 .event anyedge, v0x94d114f00_8031, v0x94d114f00_8032, v0x94d114f00_8033, v0x94d114f00_8034;
v0x94d114f00_8035 .array/port v0x94d114f00, 8035;
v0x94d114f00_8036 .array/port v0x94d114f00, 8036;
v0x94d114f00_8037 .array/port v0x94d114f00, 8037;
v0x94d114f00_8038 .array/port v0x94d114f00, 8038;
E_0x94d065880/2009 .event anyedge, v0x94d114f00_8035, v0x94d114f00_8036, v0x94d114f00_8037, v0x94d114f00_8038;
v0x94d114f00_8039 .array/port v0x94d114f00, 8039;
v0x94d114f00_8040 .array/port v0x94d114f00, 8040;
v0x94d114f00_8041 .array/port v0x94d114f00, 8041;
v0x94d114f00_8042 .array/port v0x94d114f00, 8042;
E_0x94d065880/2010 .event anyedge, v0x94d114f00_8039, v0x94d114f00_8040, v0x94d114f00_8041, v0x94d114f00_8042;
v0x94d114f00_8043 .array/port v0x94d114f00, 8043;
v0x94d114f00_8044 .array/port v0x94d114f00, 8044;
v0x94d114f00_8045 .array/port v0x94d114f00, 8045;
v0x94d114f00_8046 .array/port v0x94d114f00, 8046;
E_0x94d065880/2011 .event anyedge, v0x94d114f00_8043, v0x94d114f00_8044, v0x94d114f00_8045, v0x94d114f00_8046;
v0x94d114f00_8047 .array/port v0x94d114f00, 8047;
v0x94d114f00_8048 .array/port v0x94d114f00, 8048;
v0x94d114f00_8049 .array/port v0x94d114f00, 8049;
v0x94d114f00_8050 .array/port v0x94d114f00, 8050;
E_0x94d065880/2012 .event anyedge, v0x94d114f00_8047, v0x94d114f00_8048, v0x94d114f00_8049, v0x94d114f00_8050;
v0x94d114f00_8051 .array/port v0x94d114f00, 8051;
v0x94d114f00_8052 .array/port v0x94d114f00, 8052;
v0x94d114f00_8053 .array/port v0x94d114f00, 8053;
v0x94d114f00_8054 .array/port v0x94d114f00, 8054;
E_0x94d065880/2013 .event anyedge, v0x94d114f00_8051, v0x94d114f00_8052, v0x94d114f00_8053, v0x94d114f00_8054;
v0x94d114f00_8055 .array/port v0x94d114f00, 8055;
v0x94d114f00_8056 .array/port v0x94d114f00, 8056;
v0x94d114f00_8057 .array/port v0x94d114f00, 8057;
v0x94d114f00_8058 .array/port v0x94d114f00, 8058;
E_0x94d065880/2014 .event anyedge, v0x94d114f00_8055, v0x94d114f00_8056, v0x94d114f00_8057, v0x94d114f00_8058;
v0x94d114f00_8059 .array/port v0x94d114f00, 8059;
v0x94d114f00_8060 .array/port v0x94d114f00, 8060;
v0x94d114f00_8061 .array/port v0x94d114f00, 8061;
v0x94d114f00_8062 .array/port v0x94d114f00, 8062;
E_0x94d065880/2015 .event anyedge, v0x94d114f00_8059, v0x94d114f00_8060, v0x94d114f00_8061, v0x94d114f00_8062;
v0x94d114f00_8063 .array/port v0x94d114f00, 8063;
v0x94d114f00_8064 .array/port v0x94d114f00, 8064;
v0x94d114f00_8065 .array/port v0x94d114f00, 8065;
v0x94d114f00_8066 .array/port v0x94d114f00, 8066;
E_0x94d065880/2016 .event anyedge, v0x94d114f00_8063, v0x94d114f00_8064, v0x94d114f00_8065, v0x94d114f00_8066;
v0x94d114f00_8067 .array/port v0x94d114f00, 8067;
v0x94d114f00_8068 .array/port v0x94d114f00, 8068;
v0x94d114f00_8069 .array/port v0x94d114f00, 8069;
v0x94d114f00_8070 .array/port v0x94d114f00, 8070;
E_0x94d065880/2017 .event anyedge, v0x94d114f00_8067, v0x94d114f00_8068, v0x94d114f00_8069, v0x94d114f00_8070;
v0x94d114f00_8071 .array/port v0x94d114f00, 8071;
v0x94d114f00_8072 .array/port v0x94d114f00, 8072;
v0x94d114f00_8073 .array/port v0x94d114f00, 8073;
v0x94d114f00_8074 .array/port v0x94d114f00, 8074;
E_0x94d065880/2018 .event anyedge, v0x94d114f00_8071, v0x94d114f00_8072, v0x94d114f00_8073, v0x94d114f00_8074;
v0x94d114f00_8075 .array/port v0x94d114f00, 8075;
v0x94d114f00_8076 .array/port v0x94d114f00, 8076;
v0x94d114f00_8077 .array/port v0x94d114f00, 8077;
v0x94d114f00_8078 .array/port v0x94d114f00, 8078;
E_0x94d065880/2019 .event anyedge, v0x94d114f00_8075, v0x94d114f00_8076, v0x94d114f00_8077, v0x94d114f00_8078;
v0x94d114f00_8079 .array/port v0x94d114f00, 8079;
v0x94d114f00_8080 .array/port v0x94d114f00, 8080;
v0x94d114f00_8081 .array/port v0x94d114f00, 8081;
v0x94d114f00_8082 .array/port v0x94d114f00, 8082;
E_0x94d065880/2020 .event anyedge, v0x94d114f00_8079, v0x94d114f00_8080, v0x94d114f00_8081, v0x94d114f00_8082;
v0x94d114f00_8083 .array/port v0x94d114f00, 8083;
v0x94d114f00_8084 .array/port v0x94d114f00, 8084;
v0x94d114f00_8085 .array/port v0x94d114f00, 8085;
v0x94d114f00_8086 .array/port v0x94d114f00, 8086;
E_0x94d065880/2021 .event anyedge, v0x94d114f00_8083, v0x94d114f00_8084, v0x94d114f00_8085, v0x94d114f00_8086;
v0x94d114f00_8087 .array/port v0x94d114f00, 8087;
v0x94d114f00_8088 .array/port v0x94d114f00, 8088;
v0x94d114f00_8089 .array/port v0x94d114f00, 8089;
v0x94d114f00_8090 .array/port v0x94d114f00, 8090;
E_0x94d065880/2022 .event anyedge, v0x94d114f00_8087, v0x94d114f00_8088, v0x94d114f00_8089, v0x94d114f00_8090;
v0x94d114f00_8091 .array/port v0x94d114f00, 8091;
v0x94d114f00_8092 .array/port v0x94d114f00, 8092;
v0x94d114f00_8093 .array/port v0x94d114f00, 8093;
v0x94d114f00_8094 .array/port v0x94d114f00, 8094;
E_0x94d065880/2023 .event anyedge, v0x94d114f00_8091, v0x94d114f00_8092, v0x94d114f00_8093, v0x94d114f00_8094;
v0x94d114f00_8095 .array/port v0x94d114f00, 8095;
v0x94d114f00_8096 .array/port v0x94d114f00, 8096;
v0x94d114f00_8097 .array/port v0x94d114f00, 8097;
v0x94d114f00_8098 .array/port v0x94d114f00, 8098;
E_0x94d065880/2024 .event anyedge, v0x94d114f00_8095, v0x94d114f00_8096, v0x94d114f00_8097, v0x94d114f00_8098;
v0x94d114f00_8099 .array/port v0x94d114f00, 8099;
v0x94d114f00_8100 .array/port v0x94d114f00, 8100;
v0x94d114f00_8101 .array/port v0x94d114f00, 8101;
v0x94d114f00_8102 .array/port v0x94d114f00, 8102;
E_0x94d065880/2025 .event anyedge, v0x94d114f00_8099, v0x94d114f00_8100, v0x94d114f00_8101, v0x94d114f00_8102;
v0x94d114f00_8103 .array/port v0x94d114f00, 8103;
v0x94d114f00_8104 .array/port v0x94d114f00, 8104;
v0x94d114f00_8105 .array/port v0x94d114f00, 8105;
v0x94d114f00_8106 .array/port v0x94d114f00, 8106;
E_0x94d065880/2026 .event anyedge, v0x94d114f00_8103, v0x94d114f00_8104, v0x94d114f00_8105, v0x94d114f00_8106;
v0x94d114f00_8107 .array/port v0x94d114f00, 8107;
v0x94d114f00_8108 .array/port v0x94d114f00, 8108;
v0x94d114f00_8109 .array/port v0x94d114f00, 8109;
v0x94d114f00_8110 .array/port v0x94d114f00, 8110;
E_0x94d065880/2027 .event anyedge, v0x94d114f00_8107, v0x94d114f00_8108, v0x94d114f00_8109, v0x94d114f00_8110;
v0x94d114f00_8111 .array/port v0x94d114f00, 8111;
v0x94d114f00_8112 .array/port v0x94d114f00, 8112;
v0x94d114f00_8113 .array/port v0x94d114f00, 8113;
v0x94d114f00_8114 .array/port v0x94d114f00, 8114;
E_0x94d065880/2028 .event anyedge, v0x94d114f00_8111, v0x94d114f00_8112, v0x94d114f00_8113, v0x94d114f00_8114;
v0x94d114f00_8115 .array/port v0x94d114f00, 8115;
v0x94d114f00_8116 .array/port v0x94d114f00, 8116;
v0x94d114f00_8117 .array/port v0x94d114f00, 8117;
v0x94d114f00_8118 .array/port v0x94d114f00, 8118;
E_0x94d065880/2029 .event anyedge, v0x94d114f00_8115, v0x94d114f00_8116, v0x94d114f00_8117, v0x94d114f00_8118;
v0x94d114f00_8119 .array/port v0x94d114f00, 8119;
v0x94d114f00_8120 .array/port v0x94d114f00, 8120;
v0x94d114f00_8121 .array/port v0x94d114f00, 8121;
v0x94d114f00_8122 .array/port v0x94d114f00, 8122;
E_0x94d065880/2030 .event anyedge, v0x94d114f00_8119, v0x94d114f00_8120, v0x94d114f00_8121, v0x94d114f00_8122;
v0x94d114f00_8123 .array/port v0x94d114f00, 8123;
v0x94d114f00_8124 .array/port v0x94d114f00, 8124;
v0x94d114f00_8125 .array/port v0x94d114f00, 8125;
v0x94d114f00_8126 .array/port v0x94d114f00, 8126;
E_0x94d065880/2031 .event anyedge, v0x94d114f00_8123, v0x94d114f00_8124, v0x94d114f00_8125, v0x94d114f00_8126;
v0x94d114f00_8127 .array/port v0x94d114f00, 8127;
v0x94d114f00_8128 .array/port v0x94d114f00, 8128;
v0x94d114f00_8129 .array/port v0x94d114f00, 8129;
v0x94d114f00_8130 .array/port v0x94d114f00, 8130;
E_0x94d065880/2032 .event anyedge, v0x94d114f00_8127, v0x94d114f00_8128, v0x94d114f00_8129, v0x94d114f00_8130;
v0x94d114f00_8131 .array/port v0x94d114f00, 8131;
v0x94d114f00_8132 .array/port v0x94d114f00, 8132;
v0x94d114f00_8133 .array/port v0x94d114f00, 8133;
v0x94d114f00_8134 .array/port v0x94d114f00, 8134;
E_0x94d065880/2033 .event anyedge, v0x94d114f00_8131, v0x94d114f00_8132, v0x94d114f00_8133, v0x94d114f00_8134;
v0x94d114f00_8135 .array/port v0x94d114f00, 8135;
v0x94d114f00_8136 .array/port v0x94d114f00, 8136;
v0x94d114f00_8137 .array/port v0x94d114f00, 8137;
v0x94d114f00_8138 .array/port v0x94d114f00, 8138;
E_0x94d065880/2034 .event anyedge, v0x94d114f00_8135, v0x94d114f00_8136, v0x94d114f00_8137, v0x94d114f00_8138;
v0x94d114f00_8139 .array/port v0x94d114f00, 8139;
v0x94d114f00_8140 .array/port v0x94d114f00, 8140;
v0x94d114f00_8141 .array/port v0x94d114f00, 8141;
v0x94d114f00_8142 .array/port v0x94d114f00, 8142;
E_0x94d065880/2035 .event anyedge, v0x94d114f00_8139, v0x94d114f00_8140, v0x94d114f00_8141, v0x94d114f00_8142;
v0x94d114f00_8143 .array/port v0x94d114f00, 8143;
v0x94d114f00_8144 .array/port v0x94d114f00, 8144;
v0x94d114f00_8145 .array/port v0x94d114f00, 8145;
v0x94d114f00_8146 .array/port v0x94d114f00, 8146;
E_0x94d065880/2036 .event anyedge, v0x94d114f00_8143, v0x94d114f00_8144, v0x94d114f00_8145, v0x94d114f00_8146;
v0x94d114f00_8147 .array/port v0x94d114f00, 8147;
v0x94d114f00_8148 .array/port v0x94d114f00, 8148;
v0x94d114f00_8149 .array/port v0x94d114f00, 8149;
v0x94d114f00_8150 .array/port v0x94d114f00, 8150;
E_0x94d065880/2037 .event anyedge, v0x94d114f00_8147, v0x94d114f00_8148, v0x94d114f00_8149, v0x94d114f00_8150;
v0x94d114f00_8151 .array/port v0x94d114f00, 8151;
v0x94d114f00_8152 .array/port v0x94d114f00, 8152;
v0x94d114f00_8153 .array/port v0x94d114f00, 8153;
v0x94d114f00_8154 .array/port v0x94d114f00, 8154;
E_0x94d065880/2038 .event anyedge, v0x94d114f00_8151, v0x94d114f00_8152, v0x94d114f00_8153, v0x94d114f00_8154;
v0x94d114f00_8155 .array/port v0x94d114f00, 8155;
v0x94d114f00_8156 .array/port v0x94d114f00, 8156;
v0x94d114f00_8157 .array/port v0x94d114f00, 8157;
v0x94d114f00_8158 .array/port v0x94d114f00, 8158;
E_0x94d065880/2039 .event anyedge, v0x94d114f00_8155, v0x94d114f00_8156, v0x94d114f00_8157, v0x94d114f00_8158;
v0x94d114f00_8159 .array/port v0x94d114f00, 8159;
v0x94d114f00_8160 .array/port v0x94d114f00, 8160;
v0x94d114f00_8161 .array/port v0x94d114f00, 8161;
v0x94d114f00_8162 .array/port v0x94d114f00, 8162;
E_0x94d065880/2040 .event anyedge, v0x94d114f00_8159, v0x94d114f00_8160, v0x94d114f00_8161, v0x94d114f00_8162;
v0x94d114f00_8163 .array/port v0x94d114f00, 8163;
v0x94d114f00_8164 .array/port v0x94d114f00, 8164;
v0x94d114f00_8165 .array/port v0x94d114f00, 8165;
v0x94d114f00_8166 .array/port v0x94d114f00, 8166;
E_0x94d065880/2041 .event anyedge, v0x94d114f00_8163, v0x94d114f00_8164, v0x94d114f00_8165, v0x94d114f00_8166;
v0x94d114f00_8167 .array/port v0x94d114f00, 8167;
v0x94d114f00_8168 .array/port v0x94d114f00, 8168;
v0x94d114f00_8169 .array/port v0x94d114f00, 8169;
v0x94d114f00_8170 .array/port v0x94d114f00, 8170;
E_0x94d065880/2042 .event anyedge, v0x94d114f00_8167, v0x94d114f00_8168, v0x94d114f00_8169, v0x94d114f00_8170;
v0x94d114f00_8171 .array/port v0x94d114f00, 8171;
v0x94d114f00_8172 .array/port v0x94d114f00, 8172;
v0x94d114f00_8173 .array/port v0x94d114f00, 8173;
v0x94d114f00_8174 .array/port v0x94d114f00, 8174;
E_0x94d065880/2043 .event anyedge, v0x94d114f00_8171, v0x94d114f00_8172, v0x94d114f00_8173, v0x94d114f00_8174;
v0x94d114f00_8175 .array/port v0x94d114f00, 8175;
v0x94d114f00_8176 .array/port v0x94d114f00, 8176;
v0x94d114f00_8177 .array/port v0x94d114f00, 8177;
v0x94d114f00_8178 .array/port v0x94d114f00, 8178;
E_0x94d065880/2044 .event anyedge, v0x94d114f00_8175, v0x94d114f00_8176, v0x94d114f00_8177, v0x94d114f00_8178;
v0x94d114f00_8179 .array/port v0x94d114f00, 8179;
v0x94d114f00_8180 .array/port v0x94d114f00, 8180;
v0x94d114f00_8181 .array/port v0x94d114f00, 8181;
v0x94d114f00_8182 .array/port v0x94d114f00, 8182;
E_0x94d065880/2045 .event anyedge, v0x94d114f00_8179, v0x94d114f00_8180, v0x94d114f00_8181, v0x94d114f00_8182;
v0x94d114f00_8183 .array/port v0x94d114f00, 8183;
v0x94d114f00_8184 .array/port v0x94d114f00, 8184;
v0x94d114f00_8185 .array/port v0x94d114f00, 8185;
v0x94d114f00_8186 .array/port v0x94d114f00, 8186;
E_0x94d065880/2046 .event anyedge, v0x94d114f00_8183, v0x94d114f00_8184, v0x94d114f00_8185, v0x94d114f00_8186;
v0x94d114f00_8187 .array/port v0x94d114f00, 8187;
v0x94d114f00_8188 .array/port v0x94d114f00, 8188;
v0x94d114f00_8189 .array/port v0x94d114f00, 8189;
v0x94d114f00_8190 .array/port v0x94d114f00, 8190;
E_0x94d065880/2047 .event anyedge, v0x94d114f00_8187, v0x94d114f00_8188, v0x94d114f00_8189, v0x94d114f00_8190;
v0x94d114f00_8191 .array/port v0x94d114f00, 8191;
E_0x94d065880/2048 .event anyedge, v0x94d114f00_8191;
E_0x94d065880 .event/or E_0x94d065880/0, E_0x94d065880/1, E_0x94d065880/2, E_0x94d065880/3, E_0x94d065880/4, E_0x94d065880/5, E_0x94d065880/6, E_0x94d065880/7, E_0x94d065880/8, E_0x94d065880/9, E_0x94d065880/10, E_0x94d065880/11, E_0x94d065880/12, E_0x94d065880/13, E_0x94d065880/14, E_0x94d065880/15, E_0x94d065880/16, E_0x94d065880/17, E_0x94d065880/18, E_0x94d065880/19, E_0x94d065880/20, E_0x94d065880/21, E_0x94d065880/22, E_0x94d065880/23, E_0x94d065880/24, E_0x94d065880/25, E_0x94d065880/26, E_0x94d065880/27, E_0x94d065880/28, E_0x94d065880/29, E_0x94d065880/30, E_0x94d065880/31, E_0x94d065880/32, E_0x94d065880/33, E_0x94d065880/34, E_0x94d065880/35, E_0x94d065880/36, E_0x94d065880/37, E_0x94d065880/38, E_0x94d065880/39, E_0x94d065880/40, E_0x94d065880/41, E_0x94d065880/42, E_0x94d065880/43, E_0x94d065880/44, E_0x94d065880/45, E_0x94d065880/46, E_0x94d065880/47, E_0x94d065880/48, E_0x94d065880/49, E_0x94d065880/50, E_0x94d065880/51, E_0x94d065880/52, E_0x94d065880/53, E_0x94d065880/54, E_0x94d065880/55, E_0x94d065880/56, E_0x94d065880/57, E_0x94d065880/58, E_0x94d065880/59, E_0x94d065880/60, E_0x94d065880/61, E_0x94d065880/62, E_0x94d065880/63, E_0x94d065880/64, E_0x94d065880/65, E_0x94d065880/66, E_0x94d065880/67, E_0x94d065880/68, E_0x94d065880/69, E_0x94d065880/70, E_0x94d065880/71, E_0x94d065880/72, E_0x94d065880/73, E_0x94d065880/74, E_0x94d065880/75, E_0x94d065880/76, E_0x94d065880/77, E_0x94d065880/78, E_0x94d065880/79, E_0x94d065880/80, E_0x94d065880/81, E_0x94d065880/82, E_0x94d065880/83, E_0x94d065880/84, E_0x94d065880/85, E_0x94d065880/86, E_0x94d065880/87, E_0x94d065880/88, E_0x94d065880/89, E_0x94d065880/90, E_0x94d065880/91, E_0x94d065880/92, E_0x94d065880/93, E_0x94d065880/94, E_0x94d065880/95, E_0x94d065880/96, E_0x94d065880/97, E_0x94d065880/98, E_0x94d065880/99, E_0x94d065880/100, E_0x94d065880/101, E_0x94d065880/102, E_0x94d065880/103, E_0x94d065880/104, E_0x94d065880/105, E_0x94d065880/106, E_0x94d065880/107, E_0x94d065880/108, E_0x94d065880/109, E_0x94d065880/110, E_0x94d065880/111, E_0x94d065880/112, E_0x94d065880/113, E_0x94d065880/114, E_0x94d065880/115, E_0x94d065880/116, E_0x94d065880/117, E_0x94d065880/118, E_0x94d065880/119, E_0x94d065880/120, E_0x94d065880/121, E_0x94d065880/122, E_0x94d065880/123, E_0x94d065880/124, E_0x94d065880/125, E_0x94d065880/126, E_0x94d065880/127, E_0x94d065880/128, E_0x94d065880/129, E_0x94d065880/130, E_0x94d065880/131, E_0x94d065880/132, E_0x94d065880/133, E_0x94d065880/134, E_0x94d065880/135, E_0x94d065880/136, E_0x94d065880/137, E_0x94d065880/138, E_0x94d065880/139, E_0x94d065880/140, E_0x94d065880/141, E_0x94d065880/142, E_0x94d065880/143, E_0x94d065880/144, E_0x94d065880/145, E_0x94d065880/146, E_0x94d065880/147, E_0x94d065880/148, E_0x94d065880/149, E_0x94d065880/150, E_0x94d065880/151, E_0x94d065880/152, E_0x94d065880/153, E_0x94d065880/154, E_0x94d065880/155, E_0x94d065880/156, E_0x94d065880/157, E_0x94d065880/158, E_0x94d065880/159, E_0x94d065880/160, E_0x94d065880/161, E_0x94d065880/162, E_0x94d065880/163, E_0x94d065880/164, E_0x94d065880/165, E_0x94d065880/166, E_0x94d065880/167, E_0x94d065880/168, E_0x94d065880/169, E_0x94d065880/170, E_0x94d065880/171, E_0x94d065880/172, E_0x94d065880/173, E_0x94d065880/174, E_0x94d065880/175, E_0x94d065880/176, E_0x94d065880/177, E_0x94d065880/178, E_0x94d065880/179, E_0x94d065880/180, E_0x94d065880/181, E_0x94d065880/182, E_0x94d065880/183, E_0x94d065880/184, E_0x94d065880/185, E_0x94d065880/186, E_0x94d065880/187, E_0x94d065880/188, E_0x94d065880/189, E_0x94d065880/190, E_0x94d065880/191, E_0x94d065880/192, E_0x94d065880/193, E_0x94d065880/194, E_0x94d065880/195, E_0x94d065880/196, E_0x94d065880/197, E_0x94d065880/198, E_0x94d065880/199, E_0x94d065880/200, E_0x94d065880/201, E_0x94d065880/202, E_0x94d065880/203, E_0x94d065880/204, E_0x94d065880/205, E_0x94d065880/206, E_0x94d065880/207, E_0x94d065880/208, E_0x94d065880/209, E_0x94d065880/210, E_0x94d065880/211, E_0x94d065880/212, E_0x94d065880/213, E_0x94d065880/214, E_0x94d065880/215, E_0x94d065880/216, E_0x94d065880/217, E_0x94d065880/218, E_0x94d065880/219, E_0x94d065880/220, E_0x94d065880/221, E_0x94d065880/222, E_0x94d065880/223, E_0x94d065880/224, E_0x94d065880/225, E_0x94d065880/226, E_0x94d065880/227, E_0x94d065880/228, E_0x94d065880/229, E_0x94d065880/230, E_0x94d065880/231, E_0x94d065880/232, E_0x94d065880/233, E_0x94d065880/234, E_0x94d065880/235, E_0x94d065880/236, E_0x94d065880/237, E_0x94d065880/238, E_0x94d065880/239, E_0x94d065880/240, E_0x94d065880/241, E_0x94d065880/242, E_0x94d065880/243, E_0x94d065880/244, E_0x94d065880/245, E_0x94d065880/246, E_0x94d065880/247, E_0x94d065880/248, E_0x94d065880/249, E_0x94d065880/250, E_0x94d065880/251, E_0x94d065880/252, E_0x94d065880/253, E_0x94d065880/254, E_0x94d065880/255, E_0x94d065880/256, E_0x94d065880/257, E_0x94d065880/258, E_0x94d065880/259, E_0x94d065880/260, E_0x94d065880/261, E_0x94d065880/262, E_0x94d065880/263, E_0x94d065880/264, E_0x94d065880/265, E_0x94d065880/266, E_0x94d065880/267, E_0x94d065880/268, E_0x94d065880/269, E_0x94d065880/270, E_0x94d065880/271, E_0x94d065880/272, E_0x94d065880/273, E_0x94d065880/274, E_0x94d065880/275, E_0x94d065880/276, E_0x94d065880/277, E_0x94d065880/278, E_0x94d065880/279, E_0x94d065880/280, E_0x94d065880/281, E_0x94d065880/282, E_0x94d065880/283, E_0x94d065880/284, E_0x94d065880/285, E_0x94d065880/286, E_0x94d065880/287, E_0x94d065880/288, E_0x94d065880/289, E_0x94d065880/290, E_0x94d065880/291, E_0x94d065880/292, E_0x94d065880/293, E_0x94d065880/294, E_0x94d065880/295, E_0x94d065880/296, E_0x94d065880/297, E_0x94d065880/298, E_0x94d065880/299, E_0x94d065880/300, E_0x94d065880/301, E_0x94d065880/302, E_0x94d065880/303, E_0x94d065880/304, E_0x94d065880/305, E_0x94d065880/306, E_0x94d065880/307, E_0x94d065880/308, E_0x94d065880/309, E_0x94d065880/310, E_0x94d065880/311, E_0x94d065880/312, E_0x94d065880/313, E_0x94d065880/314, E_0x94d065880/315, E_0x94d065880/316, E_0x94d065880/317, E_0x94d065880/318, E_0x94d065880/319, E_0x94d065880/320, E_0x94d065880/321, E_0x94d065880/322, E_0x94d065880/323, E_0x94d065880/324, E_0x94d065880/325, E_0x94d065880/326, E_0x94d065880/327, E_0x94d065880/328, E_0x94d065880/329, E_0x94d065880/330, E_0x94d065880/331, E_0x94d065880/332, E_0x94d065880/333, E_0x94d065880/334, E_0x94d065880/335, E_0x94d065880/336, E_0x94d065880/337, E_0x94d065880/338, E_0x94d065880/339, E_0x94d065880/340, E_0x94d065880/341, E_0x94d065880/342, E_0x94d065880/343, E_0x94d065880/344, E_0x94d065880/345, E_0x94d065880/346, E_0x94d065880/347, E_0x94d065880/348, E_0x94d065880/349, E_0x94d065880/350, E_0x94d065880/351, E_0x94d065880/352, E_0x94d065880/353, E_0x94d065880/354, E_0x94d065880/355, E_0x94d065880/356, E_0x94d065880/357, E_0x94d065880/358, E_0x94d065880/359, E_0x94d065880/360, E_0x94d065880/361, E_0x94d065880/362, E_0x94d065880/363, E_0x94d065880/364, E_0x94d065880/365, E_0x94d065880/366, E_0x94d065880/367, E_0x94d065880/368, E_0x94d065880/369, E_0x94d065880/370, E_0x94d065880/371, E_0x94d065880/372, E_0x94d065880/373, E_0x94d065880/374, E_0x94d065880/375, E_0x94d065880/376, E_0x94d065880/377, E_0x94d065880/378, E_0x94d065880/379, E_0x94d065880/380, E_0x94d065880/381, E_0x94d065880/382, E_0x94d065880/383, E_0x94d065880/384, E_0x94d065880/385, E_0x94d065880/386, E_0x94d065880/387, E_0x94d065880/388, E_0x94d065880/389, E_0x94d065880/390, E_0x94d065880/391, E_0x94d065880/392, E_0x94d065880/393, E_0x94d065880/394, E_0x94d065880/395, E_0x94d065880/396, E_0x94d065880/397, E_0x94d065880/398, E_0x94d065880/399, E_0x94d065880/400, E_0x94d065880/401, E_0x94d065880/402, E_0x94d065880/403, E_0x94d065880/404, E_0x94d065880/405, E_0x94d065880/406, E_0x94d065880/407, E_0x94d065880/408, E_0x94d065880/409, E_0x94d065880/410, E_0x94d065880/411, E_0x94d065880/412, E_0x94d065880/413, E_0x94d065880/414, E_0x94d065880/415, E_0x94d065880/416, E_0x94d065880/417, E_0x94d065880/418, E_0x94d065880/419, E_0x94d065880/420, E_0x94d065880/421, E_0x94d065880/422, E_0x94d065880/423, E_0x94d065880/424, E_0x94d065880/425, E_0x94d065880/426, E_0x94d065880/427, E_0x94d065880/428, E_0x94d065880/429, E_0x94d065880/430, E_0x94d065880/431, E_0x94d065880/432, E_0x94d065880/433, E_0x94d065880/434, E_0x94d065880/435, E_0x94d065880/436, E_0x94d065880/437, E_0x94d065880/438, E_0x94d065880/439, E_0x94d065880/440, E_0x94d065880/441, E_0x94d065880/442, E_0x94d065880/443, E_0x94d065880/444, E_0x94d065880/445, E_0x94d065880/446, E_0x94d065880/447, E_0x94d065880/448, E_0x94d065880/449, E_0x94d065880/450, E_0x94d065880/451, E_0x94d065880/452, E_0x94d065880/453, E_0x94d065880/454, E_0x94d065880/455, E_0x94d065880/456, E_0x94d065880/457, E_0x94d065880/458, E_0x94d065880/459, E_0x94d065880/460, E_0x94d065880/461, E_0x94d065880/462, E_0x94d065880/463, E_0x94d065880/464, E_0x94d065880/465, E_0x94d065880/466, E_0x94d065880/467, E_0x94d065880/468, E_0x94d065880/469, E_0x94d065880/470, E_0x94d065880/471, E_0x94d065880/472, E_0x94d065880/473, E_0x94d065880/474, E_0x94d065880/475, E_0x94d065880/476, E_0x94d065880/477, E_0x94d065880/478, E_0x94d065880/479, E_0x94d065880/480, E_0x94d065880/481, E_0x94d065880/482, E_0x94d065880/483, E_0x94d065880/484, E_0x94d065880/485, E_0x94d065880/486, E_0x94d065880/487, E_0x94d065880/488, E_0x94d065880/489, E_0x94d065880/490, E_0x94d065880/491, E_0x94d065880/492, E_0x94d065880/493, E_0x94d065880/494, E_0x94d065880/495, E_0x94d065880/496, E_0x94d065880/497, E_0x94d065880/498, E_0x94d065880/499, E_0x94d065880/500, E_0x94d065880/501, E_0x94d065880/502, E_0x94d065880/503, E_0x94d065880/504, E_0x94d065880/505, E_0x94d065880/506, E_0x94d065880/507, E_0x94d065880/508, E_0x94d065880/509, E_0x94d065880/510, E_0x94d065880/511, E_0x94d065880/512, E_0x94d065880/513, E_0x94d065880/514, E_0x94d065880/515, E_0x94d065880/516, E_0x94d065880/517, E_0x94d065880/518, E_0x94d065880/519, E_0x94d065880/520, E_0x94d065880/521, E_0x94d065880/522, E_0x94d065880/523, E_0x94d065880/524, E_0x94d065880/525, E_0x94d065880/526, E_0x94d065880/527, E_0x94d065880/528, E_0x94d065880/529, E_0x94d065880/530, E_0x94d065880/531, E_0x94d065880/532, E_0x94d065880/533, E_0x94d065880/534, E_0x94d065880/535, E_0x94d065880/536, E_0x94d065880/537, E_0x94d065880/538, E_0x94d065880/539, E_0x94d065880/540, E_0x94d065880/541, E_0x94d065880/542, E_0x94d065880/543, E_0x94d065880/544, E_0x94d065880/545, E_0x94d065880/546, E_0x94d065880/547, E_0x94d065880/548, E_0x94d065880/549, E_0x94d065880/550, E_0x94d065880/551, E_0x94d065880/552, E_0x94d065880/553, E_0x94d065880/554, E_0x94d065880/555, E_0x94d065880/556, E_0x94d065880/557, E_0x94d065880/558, E_0x94d065880/559, E_0x94d065880/560, E_0x94d065880/561, E_0x94d065880/562, E_0x94d065880/563, E_0x94d065880/564, E_0x94d065880/565, E_0x94d065880/566, E_0x94d065880/567, E_0x94d065880/568, E_0x94d065880/569, E_0x94d065880/570, E_0x94d065880/571, E_0x94d065880/572, E_0x94d065880/573, E_0x94d065880/574, E_0x94d065880/575, E_0x94d065880/576, E_0x94d065880/577, E_0x94d065880/578, E_0x94d065880/579, E_0x94d065880/580, E_0x94d065880/581, E_0x94d065880/582, E_0x94d065880/583, E_0x94d065880/584, E_0x94d065880/585, E_0x94d065880/586, E_0x94d065880/587, E_0x94d065880/588, E_0x94d065880/589, E_0x94d065880/590, E_0x94d065880/591, E_0x94d065880/592, E_0x94d065880/593, E_0x94d065880/594, E_0x94d065880/595, E_0x94d065880/596, E_0x94d065880/597, E_0x94d065880/598, E_0x94d065880/599, E_0x94d065880/600, E_0x94d065880/601, E_0x94d065880/602, E_0x94d065880/603, E_0x94d065880/604, E_0x94d065880/605, E_0x94d065880/606, E_0x94d065880/607, E_0x94d065880/608, E_0x94d065880/609, E_0x94d065880/610, E_0x94d065880/611, E_0x94d065880/612, E_0x94d065880/613, E_0x94d065880/614, E_0x94d065880/615, E_0x94d065880/616, E_0x94d065880/617, E_0x94d065880/618, E_0x94d065880/619, E_0x94d065880/620, E_0x94d065880/621, E_0x94d065880/622, E_0x94d065880/623, E_0x94d065880/624, E_0x94d065880/625, E_0x94d065880/626, E_0x94d065880/627, E_0x94d065880/628, E_0x94d065880/629, E_0x94d065880/630, E_0x94d065880/631, E_0x94d065880/632, E_0x94d065880/633, E_0x94d065880/634, E_0x94d065880/635, E_0x94d065880/636, E_0x94d065880/637, E_0x94d065880/638, E_0x94d065880/639, E_0x94d065880/640, E_0x94d065880/641, E_0x94d065880/642, E_0x94d065880/643, E_0x94d065880/644, E_0x94d065880/645, E_0x94d065880/646, E_0x94d065880/647, E_0x94d065880/648, E_0x94d065880/649, E_0x94d065880/650, E_0x94d065880/651, E_0x94d065880/652, E_0x94d065880/653, E_0x94d065880/654, E_0x94d065880/655, E_0x94d065880/656, E_0x94d065880/657, E_0x94d065880/658, E_0x94d065880/659, E_0x94d065880/660, E_0x94d065880/661, E_0x94d065880/662, E_0x94d065880/663, E_0x94d065880/664, E_0x94d065880/665, E_0x94d065880/666, E_0x94d065880/667, E_0x94d065880/668, E_0x94d065880/669, E_0x94d065880/670, E_0x94d065880/671, E_0x94d065880/672, E_0x94d065880/673, E_0x94d065880/674, E_0x94d065880/675, E_0x94d065880/676, E_0x94d065880/677, E_0x94d065880/678, E_0x94d065880/679, E_0x94d065880/680, E_0x94d065880/681, E_0x94d065880/682, E_0x94d065880/683, E_0x94d065880/684, E_0x94d065880/685, E_0x94d065880/686, E_0x94d065880/687, E_0x94d065880/688, E_0x94d065880/689, E_0x94d065880/690, E_0x94d065880/691, E_0x94d065880/692, E_0x94d065880/693, E_0x94d065880/694, E_0x94d065880/695, E_0x94d065880/696, E_0x94d065880/697, E_0x94d065880/698, E_0x94d065880/699, E_0x94d065880/700, E_0x94d065880/701, E_0x94d065880/702, E_0x94d065880/703, E_0x94d065880/704, E_0x94d065880/705, E_0x94d065880/706, E_0x94d065880/707, E_0x94d065880/708, E_0x94d065880/709, E_0x94d065880/710, E_0x94d065880/711, E_0x94d065880/712, E_0x94d065880/713, E_0x94d065880/714, E_0x94d065880/715, E_0x94d065880/716, E_0x94d065880/717, E_0x94d065880/718, E_0x94d065880/719, E_0x94d065880/720, E_0x94d065880/721, E_0x94d065880/722, E_0x94d065880/723, E_0x94d065880/724, E_0x94d065880/725, E_0x94d065880/726, E_0x94d065880/727, E_0x94d065880/728, E_0x94d065880/729, E_0x94d065880/730, E_0x94d065880/731, E_0x94d065880/732, E_0x94d065880/733, E_0x94d065880/734, E_0x94d065880/735, E_0x94d065880/736, E_0x94d065880/737, E_0x94d065880/738, E_0x94d065880/739, E_0x94d065880/740, E_0x94d065880/741, E_0x94d065880/742, E_0x94d065880/743, E_0x94d065880/744, E_0x94d065880/745, E_0x94d065880/746, E_0x94d065880/747, E_0x94d065880/748, E_0x94d065880/749, E_0x94d065880/750, E_0x94d065880/751, E_0x94d065880/752, E_0x94d065880/753, E_0x94d065880/754, E_0x94d065880/755, E_0x94d065880/756, E_0x94d065880/757, E_0x94d065880/758, E_0x94d065880/759, E_0x94d065880/760, E_0x94d065880/761, E_0x94d065880/762, E_0x94d065880/763, E_0x94d065880/764, E_0x94d065880/765, E_0x94d065880/766, E_0x94d065880/767, E_0x94d065880/768, E_0x94d065880/769, E_0x94d065880/770, E_0x94d065880/771, E_0x94d065880/772, E_0x94d065880/773, E_0x94d065880/774, E_0x94d065880/775, E_0x94d065880/776, E_0x94d065880/777, E_0x94d065880/778, E_0x94d065880/779, E_0x94d065880/780, E_0x94d065880/781, E_0x94d065880/782, E_0x94d065880/783, E_0x94d065880/784, E_0x94d065880/785, E_0x94d065880/786, E_0x94d065880/787, E_0x94d065880/788, E_0x94d065880/789, E_0x94d065880/790, E_0x94d065880/791, E_0x94d065880/792, E_0x94d065880/793, E_0x94d065880/794, E_0x94d065880/795, E_0x94d065880/796, E_0x94d065880/797, E_0x94d065880/798, E_0x94d065880/799, E_0x94d065880/800, E_0x94d065880/801, E_0x94d065880/802, E_0x94d065880/803, E_0x94d065880/804, E_0x94d065880/805, E_0x94d065880/806, E_0x94d065880/807, E_0x94d065880/808, E_0x94d065880/809, E_0x94d065880/810, E_0x94d065880/811, E_0x94d065880/812, E_0x94d065880/813, E_0x94d065880/814, E_0x94d065880/815, E_0x94d065880/816, E_0x94d065880/817, E_0x94d065880/818, E_0x94d065880/819, E_0x94d065880/820, E_0x94d065880/821, E_0x94d065880/822, E_0x94d065880/823, E_0x94d065880/824, E_0x94d065880/825, E_0x94d065880/826, E_0x94d065880/827, E_0x94d065880/828, E_0x94d065880/829, E_0x94d065880/830, E_0x94d065880/831, E_0x94d065880/832, E_0x94d065880/833, E_0x94d065880/834, E_0x94d065880/835, E_0x94d065880/836, E_0x94d065880/837, E_0x94d065880/838, E_0x94d065880/839, E_0x94d065880/840, E_0x94d065880/841, E_0x94d065880/842, E_0x94d065880/843, E_0x94d065880/844, E_0x94d065880/845, E_0x94d065880/846, E_0x94d065880/847, E_0x94d065880/848, E_0x94d065880/849, E_0x94d065880/850, E_0x94d065880/851, E_0x94d065880/852, E_0x94d065880/853, E_0x94d065880/854, E_0x94d065880/855, E_0x94d065880/856, E_0x94d065880/857, E_0x94d065880/858, E_0x94d065880/859, E_0x94d065880/860, E_0x94d065880/861, E_0x94d065880/862, E_0x94d065880/863, E_0x94d065880/864, E_0x94d065880/865, E_0x94d065880/866, E_0x94d065880/867, E_0x94d065880/868, E_0x94d065880/869, E_0x94d065880/870, E_0x94d065880/871, E_0x94d065880/872, E_0x94d065880/873, E_0x94d065880/874, E_0x94d065880/875, E_0x94d065880/876, E_0x94d065880/877, E_0x94d065880/878, E_0x94d065880/879, E_0x94d065880/880, E_0x94d065880/881, E_0x94d065880/882, E_0x94d065880/883, E_0x94d065880/884, E_0x94d065880/885, E_0x94d065880/886, E_0x94d065880/887, E_0x94d065880/888, E_0x94d065880/889, E_0x94d065880/890, E_0x94d065880/891, E_0x94d065880/892, E_0x94d065880/893, E_0x94d065880/894, E_0x94d065880/895, E_0x94d065880/896, E_0x94d065880/897, E_0x94d065880/898, E_0x94d065880/899, E_0x94d065880/900, E_0x94d065880/901, E_0x94d065880/902, E_0x94d065880/903, E_0x94d065880/904, E_0x94d065880/905, E_0x94d065880/906, E_0x94d065880/907, E_0x94d065880/908, E_0x94d065880/909, E_0x94d065880/910, E_0x94d065880/911, E_0x94d065880/912, E_0x94d065880/913, E_0x94d065880/914, E_0x94d065880/915, E_0x94d065880/916, E_0x94d065880/917, E_0x94d065880/918, E_0x94d065880/919, E_0x94d065880/920, E_0x94d065880/921, E_0x94d065880/922, E_0x94d065880/923, E_0x94d065880/924, E_0x94d065880/925, E_0x94d065880/926, E_0x94d065880/927, E_0x94d065880/928, E_0x94d065880/929, E_0x94d065880/930, E_0x94d065880/931, E_0x94d065880/932, E_0x94d065880/933, E_0x94d065880/934, E_0x94d065880/935, E_0x94d065880/936, E_0x94d065880/937, E_0x94d065880/938, E_0x94d065880/939, E_0x94d065880/940, E_0x94d065880/941, E_0x94d065880/942, E_0x94d065880/943, E_0x94d065880/944, E_0x94d065880/945, E_0x94d065880/946, E_0x94d065880/947, E_0x94d065880/948, E_0x94d065880/949, E_0x94d065880/950, E_0x94d065880/951, E_0x94d065880/952, E_0x94d065880/953, E_0x94d065880/954, E_0x94d065880/955, E_0x94d065880/956, E_0x94d065880/957, E_0x94d065880/958, E_0x94d065880/959, E_0x94d065880/960, E_0x94d065880/961, E_0x94d065880/962, E_0x94d065880/963, E_0x94d065880/964, E_0x94d065880/965, E_0x94d065880/966, E_0x94d065880/967, E_0x94d065880/968, E_0x94d065880/969, E_0x94d065880/970, E_0x94d065880/971, E_0x94d065880/972, E_0x94d065880/973, E_0x94d065880/974, E_0x94d065880/975, E_0x94d065880/976, E_0x94d065880/977, E_0x94d065880/978, E_0x94d065880/979, E_0x94d065880/980, E_0x94d065880/981, E_0x94d065880/982, E_0x94d065880/983, E_0x94d065880/984, E_0x94d065880/985, E_0x94d065880/986, E_0x94d065880/987, E_0x94d065880/988, E_0x94d065880/989, E_0x94d065880/990, E_0x94d065880/991, E_0x94d065880/992, E_0x94d065880/993, E_0x94d065880/994, E_0x94d065880/995, E_0x94d065880/996, E_0x94d065880/997, E_0x94d065880/998, E_0x94d065880/999, E_0x94d065880/1000, E_0x94d065880/1001, E_0x94d065880/1002, E_0x94d065880/1003, E_0x94d065880/1004, E_0x94d065880/1005, E_0x94d065880/1006, E_0x94d065880/1007, E_0x94d065880/1008, E_0x94d065880/1009, E_0x94d065880/1010, E_0x94d065880/1011, E_0x94d065880/1012, E_0x94d065880/1013, E_0x94d065880/1014, E_0x94d065880/1015, E_0x94d065880/1016, E_0x94d065880/1017, E_0x94d065880/1018, E_0x94d065880/1019, E_0x94d065880/1020, E_0x94d065880/1021, E_0x94d065880/1022, E_0x94d065880/1023, E_0x94d065880/1024, E_0x94d065880/1025, E_0x94d065880/1026, E_0x94d065880/1027, E_0x94d065880/1028, E_0x94d065880/1029, E_0x94d065880/1030, E_0x94d065880/1031, E_0x94d065880/1032, E_0x94d065880/1033, E_0x94d065880/1034, E_0x94d065880/1035, E_0x94d065880/1036, E_0x94d065880/1037, E_0x94d065880/1038, E_0x94d065880/1039, E_0x94d065880/1040, E_0x94d065880/1041, E_0x94d065880/1042, E_0x94d065880/1043, E_0x94d065880/1044, E_0x94d065880/1045, E_0x94d065880/1046, E_0x94d065880/1047, E_0x94d065880/1048, E_0x94d065880/1049, E_0x94d065880/1050, E_0x94d065880/1051, E_0x94d065880/1052, E_0x94d065880/1053, E_0x94d065880/1054, E_0x94d065880/1055, E_0x94d065880/1056, E_0x94d065880/1057, E_0x94d065880/1058, E_0x94d065880/1059, E_0x94d065880/1060, E_0x94d065880/1061, E_0x94d065880/1062, E_0x94d065880/1063, E_0x94d065880/1064, E_0x94d065880/1065, E_0x94d065880/1066, E_0x94d065880/1067, E_0x94d065880/1068, E_0x94d065880/1069, E_0x94d065880/1070, E_0x94d065880/1071, E_0x94d065880/1072, E_0x94d065880/1073, E_0x94d065880/1074, E_0x94d065880/1075, E_0x94d065880/1076, E_0x94d065880/1077, E_0x94d065880/1078, E_0x94d065880/1079, E_0x94d065880/1080, E_0x94d065880/1081, E_0x94d065880/1082, E_0x94d065880/1083, E_0x94d065880/1084, E_0x94d065880/1085, E_0x94d065880/1086, E_0x94d065880/1087, E_0x94d065880/1088, E_0x94d065880/1089, E_0x94d065880/1090, E_0x94d065880/1091, E_0x94d065880/1092, E_0x94d065880/1093, E_0x94d065880/1094, E_0x94d065880/1095, E_0x94d065880/1096, E_0x94d065880/1097, E_0x94d065880/1098, E_0x94d065880/1099, E_0x94d065880/1100, E_0x94d065880/1101, E_0x94d065880/1102, E_0x94d065880/1103, E_0x94d065880/1104, E_0x94d065880/1105, E_0x94d065880/1106, E_0x94d065880/1107, E_0x94d065880/1108, E_0x94d065880/1109, E_0x94d065880/1110, E_0x94d065880/1111, E_0x94d065880/1112, E_0x94d065880/1113, E_0x94d065880/1114, E_0x94d065880/1115, E_0x94d065880/1116, E_0x94d065880/1117, E_0x94d065880/1118, E_0x94d065880/1119, E_0x94d065880/1120, E_0x94d065880/1121, E_0x94d065880/1122, E_0x94d065880/1123, E_0x94d065880/1124, E_0x94d065880/1125, E_0x94d065880/1126, E_0x94d065880/1127, E_0x94d065880/1128, E_0x94d065880/1129, E_0x94d065880/1130, E_0x94d065880/1131, E_0x94d065880/1132, E_0x94d065880/1133, E_0x94d065880/1134, E_0x94d065880/1135, E_0x94d065880/1136, E_0x94d065880/1137, E_0x94d065880/1138, E_0x94d065880/1139, E_0x94d065880/1140, E_0x94d065880/1141, E_0x94d065880/1142, E_0x94d065880/1143, E_0x94d065880/1144, E_0x94d065880/1145, E_0x94d065880/1146, E_0x94d065880/1147, E_0x94d065880/1148, E_0x94d065880/1149, E_0x94d065880/1150, E_0x94d065880/1151, E_0x94d065880/1152, E_0x94d065880/1153, E_0x94d065880/1154, E_0x94d065880/1155, E_0x94d065880/1156, E_0x94d065880/1157, E_0x94d065880/1158, E_0x94d065880/1159, E_0x94d065880/1160, E_0x94d065880/1161, E_0x94d065880/1162, E_0x94d065880/1163, E_0x94d065880/1164, E_0x94d065880/1165, E_0x94d065880/1166, E_0x94d065880/1167, E_0x94d065880/1168, E_0x94d065880/1169, E_0x94d065880/1170, E_0x94d065880/1171, E_0x94d065880/1172, E_0x94d065880/1173, E_0x94d065880/1174, E_0x94d065880/1175, E_0x94d065880/1176, E_0x94d065880/1177, E_0x94d065880/1178, E_0x94d065880/1179, E_0x94d065880/1180, E_0x94d065880/1181, E_0x94d065880/1182, E_0x94d065880/1183, E_0x94d065880/1184, E_0x94d065880/1185, E_0x94d065880/1186, E_0x94d065880/1187, E_0x94d065880/1188, E_0x94d065880/1189, E_0x94d065880/1190, E_0x94d065880/1191, E_0x94d065880/1192, E_0x94d065880/1193, E_0x94d065880/1194, E_0x94d065880/1195, E_0x94d065880/1196, E_0x94d065880/1197, E_0x94d065880/1198, E_0x94d065880/1199, E_0x94d065880/1200, E_0x94d065880/1201, E_0x94d065880/1202, E_0x94d065880/1203, E_0x94d065880/1204, E_0x94d065880/1205, E_0x94d065880/1206, E_0x94d065880/1207, E_0x94d065880/1208, E_0x94d065880/1209, E_0x94d065880/1210, E_0x94d065880/1211, E_0x94d065880/1212, E_0x94d065880/1213, E_0x94d065880/1214, E_0x94d065880/1215, E_0x94d065880/1216, E_0x94d065880/1217, E_0x94d065880/1218, E_0x94d065880/1219, E_0x94d065880/1220, E_0x94d065880/1221, E_0x94d065880/1222, E_0x94d065880/1223, E_0x94d065880/1224, E_0x94d065880/1225, E_0x94d065880/1226, E_0x94d065880/1227, E_0x94d065880/1228, E_0x94d065880/1229, E_0x94d065880/1230, E_0x94d065880/1231, E_0x94d065880/1232, E_0x94d065880/1233, E_0x94d065880/1234, E_0x94d065880/1235, E_0x94d065880/1236, E_0x94d065880/1237, E_0x94d065880/1238, E_0x94d065880/1239, E_0x94d065880/1240, E_0x94d065880/1241, E_0x94d065880/1242, E_0x94d065880/1243, E_0x94d065880/1244, E_0x94d065880/1245, E_0x94d065880/1246, E_0x94d065880/1247, E_0x94d065880/1248, E_0x94d065880/1249, E_0x94d065880/1250, E_0x94d065880/1251, E_0x94d065880/1252, E_0x94d065880/1253, E_0x94d065880/1254, E_0x94d065880/1255, E_0x94d065880/1256, E_0x94d065880/1257, E_0x94d065880/1258, E_0x94d065880/1259, E_0x94d065880/1260, E_0x94d065880/1261, E_0x94d065880/1262, E_0x94d065880/1263, E_0x94d065880/1264, E_0x94d065880/1265, E_0x94d065880/1266, E_0x94d065880/1267, E_0x94d065880/1268, E_0x94d065880/1269, E_0x94d065880/1270, E_0x94d065880/1271, E_0x94d065880/1272, E_0x94d065880/1273, E_0x94d065880/1274, E_0x94d065880/1275, E_0x94d065880/1276, E_0x94d065880/1277, E_0x94d065880/1278, E_0x94d065880/1279, E_0x94d065880/1280, E_0x94d065880/1281, E_0x94d065880/1282, E_0x94d065880/1283, E_0x94d065880/1284, E_0x94d065880/1285, E_0x94d065880/1286, E_0x94d065880/1287, E_0x94d065880/1288, E_0x94d065880/1289, E_0x94d065880/1290, E_0x94d065880/1291, E_0x94d065880/1292, E_0x94d065880/1293, E_0x94d065880/1294, E_0x94d065880/1295, E_0x94d065880/1296, E_0x94d065880/1297, E_0x94d065880/1298, E_0x94d065880/1299, E_0x94d065880/1300, E_0x94d065880/1301, E_0x94d065880/1302, E_0x94d065880/1303, E_0x94d065880/1304, E_0x94d065880/1305, E_0x94d065880/1306, E_0x94d065880/1307, E_0x94d065880/1308, E_0x94d065880/1309, E_0x94d065880/1310, E_0x94d065880/1311, E_0x94d065880/1312, E_0x94d065880/1313, E_0x94d065880/1314, E_0x94d065880/1315, E_0x94d065880/1316, E_0x94d065880/1317, E_0x94d065880/1318, E_0x94d065880/1319, E_0x94d065880/1320, E_0x94d065880/1321, E_0x94d065880/1322, E_0x94d065880/1323, E_0x94d065880/1324, E_0x94d065880/1325, E_0x94d065880/1326, E_0x94d065880/1327, E_0x94d065880/1328, E_0x94d065880/1329, E_0x94d065880/1330, E_0x94d065880/1331, E_0x94d065880/1332, E_0x94d065880/1333, E_0x94d065880/1334, E_0x94d065880/1335, E_0x94d065880/1336, E_0x94d065880/1337, E_0x94d065880/1338, E_0x94d065880/1339, E_0x94d065880/1340, E_0x94d065880/1341, E_0x94d065880/1342, E_0x94d065880/1343, E_0x94d065880/1344, E_0x94d065880/1345, E_0x94d065880/1346, E_0x94d065880/1347, E_0x94d065880/1348, E_0x94d065880/1349, E_0x94d065880/1350, E_0x94d065880/1351, E_0x94d065880/1352, E_0x94d065880/1353, E_0x94d065880/1354, E_0x94d065880/1355, E_0x94d065880/1356, E_0x94d065880/1357, E_0x94d065880/1358, E_0x94d065880/1359, E_0x94d065880/1360, E_0x94d065880/1361, E_0x94d065880/1362, E_0x94d065880/1363, E_0x94d065880/1364, E_0x94d065880/1365, E_0x94d065880/1366, E_0x94d065880/1367, E_0x94d065880/1368, E_0x94d065880/1369, E_0x94d065880/1370, E_0x94d065880/1371, E_0x94d065880/1372, E_0x94d065880/1373, E_0x94d065880/1374, E_0x94d065880/1375, E_0x94d065880/1376, E_0x94d065880/1377, E_0x94d065880/1378, E_0x94d065880/1379, E_0x94d065880/1380, E_0x94d065880/1381, E_0x94d065880/1382, E_0x94d065880/1383, E_0x94d065880/1384, E_0x94d065880/1385, E_0x94d065880/1386, E_0x94d065880/1387, E_0x94d065880/1388, E_0x94d065880/1389, E_0x94d065880/1390, E_0x94d065880/1391, E_0x94d065880/1392, E_0x94d065880/1393, E_0x94d065880/1394, E_0x94d065880/1395, E_0x94d065880/1396, E_0x94d065880/1397, E_0x94d065880/1398, E_0x94d065880/1399, E_0x94d065880/1400, E_0x94d065880/1401, E_0x94d065880/1402, E_0x94d065880/1403, E_0x94d065880/1404, E_0x94d065880/1405, E_0x94d065880/1406, E_0x94d065880/1407, E_0x94d065880/1408, E_0x94d065880/1409, E_0x94d065880/1410, E_0x94d065880/1411, E_0x94d065880/1412, E_0x94d065880/1413, E_0x94d065880/1414, E_0x94d065880/1415, E_0x94d065880/1416, E_0x94d065880/1417, E_0x94d065880/1418, E_0x94d065880/1419, E_0x94d065880/1420, E_0x94d065880/1421, E_0x94d065880/1422, E_0x94d065880/1423, E_0x94d065880/1424, E_0x94d065880/1425, E_0x94d065880/1426, E_0x94d065880/1427, E_0x94d065880/1428, E_0x94d065880/1429, E_0x94d065880/1430, E_0x94d065880/1431, E_0x94d065880/1432, E_0x94d065880/1433, E_0x94d065880/1434, E_0x94d065880/1435, E_0x94d065880/1436, E_0x94d065880/1437, E_0x94d065880/1438, E_0x94d065880/1439, E_0x94d065880/1440, E_0x94d065880/1441, E_0x94d065880/1442, E_0x94d065880/1443, E_0x94d065880/1444, E_0x94d065880/1445, E_0x94d065880/1446, E_0x94d065880/1447, E_0x94d065880/1448, E_0x94d065880/1449, E_0x94d065880/1450, E_0x94d065880/1451, E_0x94d065880/1452, E_0x94d065880/1453, E_0x94d065880/1454, E_0x94d065880/1455, E_0x94d065880/1456, E_0x94d065880/1457, E_0x94d065880/1458, E_0x94d065880/1459, E_0x94d065880/1460, E_0x94d065880/1461, E_0x94d065880/1462, E_0x94d065880/1463, E_0x94d065880/1464, E_0x94d065880/1465, E_0x94d065880/1466, E_0x94d065880/1467, E_0x94d065880/1468, E_0x94d065880/1469, E_0x94d065880/1470, E_0x94d065880/1471, E_0x94d065880/1472, E_0x94d065880/1473, E_0x94d065880/1474, E_0x94d065880/1475, E_0x94d065880/1476, E_0x94d065880/1477, E_0x94d065880/1478, E_0x94d065880/1479, E_0x94d065880/1480, E_0x94d065880/1481, E_0x94d065880/1482, E_0x94d065880/1483, E_0x94d065880/1484, E_0x94d065880/1485, E_0x94d065880/1486, E_0x94d065880/1487, E_0x94d065880/1488, E_0x94d065880/1489, E_0x94d065880/1490, E_0x94d065880/1491, E_0x94d065880/1492, E_0x94d065880/1493, E_0x94d065880/1494, E_0x94d065880/1495, E_0x94d065880/1496, E_0x94d065880/1497, E_0x94d065880/1498, E_0x94d065880/1499, E_0x94d065880/1500, E_0x94d065880/1501, E_0x94d065880/1502, E_0x94d065880/1503, E_0x94d065880/1504, E_0x94d065880/1505, E_0x94d065880/1506, E_0x94d065880/1507, E_0x94d065880/1508, E_0x94d065880/1509, E_0x94d065880/1510, E_0x94d065880/1511, E_0x94d065880/1512, E_0x94d065880/1513, E_0x94d065880/1514, E_0x94d065880/1515, E_0x94d065880/1516, E_0x94d065880/1517, E_0x94d065880/1518, E_0x94d065880/1519, E_0x94d065880/1520, E_0x94d065880/1521, E_0x94d065880/1522, E_0x94d065880/1523, E_0x94d065880/1524, E_0x94d065880/1525, E_0x94d065880/1526, E_0x94d065880/1527, E_0x94d065880/1528, E_0x94d065880/1529, E_0x94d065880/1530, E_0x94d065880/1531, E_0x94d065880/1532, E_0x94d065880/1533, E_0x94d065880/1534, E_0x94d065880/1535, E_0x94d065880/1536, E_0x94d065880/1537, E_0x94d065880/1538, E_0x94d065880/1539, E_0x94d065880/1540, E_0x94d065880/1541, E_0x94d065880/1542, E_0x94d065880/1543, E_0x94d065880/1544, E_0x94d065880/1545, E_0x94d065880/1546, E_0x94d065880/1547, E_0x94d065880/1548, E_0x94d065880/1549, E_0x94d065880/1550, E_0x94d065880/1551, E_0x94d065880/1552, E_0x94d065880/1553, E_0x94d065880/1554, E_0x94d065880/1555, E_0x94d065880/1556, E_0x94d065880/1557, E_0x94d065880/1558, E_0x94d065880/1559, E_0x94d065880/1560, E_0x94d065880/1561, E_0x94d065880/1562, E_0x94d065880/1563, E_0x94d065880/1564, E_0x94d065880/1565, E_0x94d065880/1566, E_0x94d065880/1567, E_0x94d065880/1568, E_0x94d065880/1569, E_0x94d065880/1570, E_0x94d065880/1571, E_0x94d065880/1572, E_0x94d065880/1573, E_0x94d065880/1574, E_0x94d065880/1575, E_0x94d065880/1576, E_0x94d065880/1577, E_0x94d065880/1578, E_0x94d065880/1579, E_0x94d065880/1580, E_0x94d065880/1581, E_0x94d065880/1582, E_0x94d065880/1583, E_0x94d065880/1584, E_0x94d065880/1585, E_0x94d065880/1586, E_0x94d065880/1587, E_0x94d065880/1588, E_0x94d065880/1589, E_0x94d065880/1590, E_0x94d065880/1591, E_0x94d065880/1592, E_0x94d065880/1593, E_0x94d065880/1594, E_0x94d065880/1595, E_0x94d065880/1596, E_0x94d065880/1597, E_0x94d065880/1598, E_0x94d065880/1599, E_0x94d065880/1600, E_0x94d065880/1601, E_0x94d065880/1602, E_0x94d065880/1603, E_0x94d065880/1604, E_0x94d065880/1605, E_0x94d065880/1606, E_0x94d065880/1607, E_0x94d065880/1608, E_0x94d065880/1609, E_0x94d065880/1610, E_0x94d065880/1611, E_0x94d065880/1612, E_0x94d065880/1613, E_0x94d065880/1614, E_0x94d065880/1615, E_0x94d065880/1616, E_0x94d065880/1617, E_0x94d065880/1618, E_0x94d065880/1619, E_0x94d065880/1620, E_0x94d065880/1621, E_0x94d065880/1622, E_0x94d065880/1623, E_0x94d065880/1624, E_0x94d065880/1625, E_0x94d065880/1626, E_0x94d065880/1627, E_0x94d065880/1628, E_0x94d065880/1629, E_0x94d065880/1630, E_0x94d065880/1631, E_0x94d065880/1632, E_0x94d065880/1633, E_0x94d065880/1634, E_0x94d065880/1635, E_0x94d065880/1636, E_0x94d065880/1637, E_0x94d065880/1638, E_0x94d065880/1639, E_0x94d065880/1640, E_0x94d065880/1641, E_0x94d065880/1642, E_0x94d065880/1643, E_0x94d065880/1644, E_0x94d065880/1645, E_0x94d065880/1646, E_0x94d065880/1647, E_0x94d065880/1648, E_0x94d065880/1649, E_0x94d065880/1650, E_0x94d065880/1651, E_0x94d065880/1652, E_0x94d065880/1653, E_0x94d065880/1654, E_0x94d065880/1655, E_0x94d065880/1656, E_0x94d065880/1657, E_0x94d065880/1658, E_0x94d065880/1659, E_0x94d065880/1660, E_0x94d065880/1661, E_0x94d065880/1662, E_0x94d065880/1663, E_0x94d065880/1664, E_0x94d065880/1665, E_0x94d065880/1666, E_0x94d065880/1667, E_0x94d065880/1668, E_0x94d065880/1669, E_0x94d065880/1670, E_0x94d065880/1671, E_0x94d065880/1672, E_0x94d065880/1673, E_0x94d065880/1674, E_0x94d065880/1675, E_0x94d065880/1676, E_0x94d065880/1677, E_0x94d065880/1678, E_0x94d065880/1679, E_0x94d065880/1680, E_0x94d065880/1681, E_0x94d065880/1682, E_0x94d065880/1683, E_0x94d065880/1684, E_0x94d065880/1685, E_0x94d065880/1686, E_0x94d065880/1687, E_0x94d065880/1688, E_0x94d065880/1689, E_0x94d065880/1690, E_0x94d065880/1691, E_0x94d065880/1692, E_0x94d065880/1693, E_0x94d065880/1694, E_0x94d065880/1695, E_0x94d065880/1696, E_0x94d065880/1697, E_0x94d065880/1698, E_0x94d065880/1699, E_0x94d065880/1700, E_0x94d065880/1701, E_0x94d065880/1702, E_0x94d065880/1703, E_0x94d065880/1704, E_0x94d065880/1705, E_0x94d065880/1706, E_0x94d065880/1707, E_0x94d065880/1708, E_0x94d065880/1709, E_0x94d065880/1710, E_0x94d065880/1711, E_0x94d065880/1712, E_0x94d065880/1713, E_0x94d065880/1714, E_0x94d065880/1715, E_0x94d065880/1716, E_0x94d065880/1717, E_0x94d065880/1718, E_0x94d065880/1719, E_0x94d065880/1720, E_0x94d065880/1721, E_0x94d065880/1722, E_0x94d065880/1723, E_0x94d065880/1724, E_0x94d065880/1725, E_0x94d065880/1726, E_0x94d065880/1727, E_0x94d065880/1728, E_0x94d065880/1729, E_0x94d065880/1730, E_0x94d065880/1731, E_0x94d065880/1732, E_0x94d065880/1733, E_0x94d065880/1734, E_0x94d065880/1735, E_0x94d065880/1736, E_0x94d065880/1737, E_0x94d065880/1738, E_0x94d065880/1739, E_0x94d065880/1740, E_0x94d065880/1741, E_0x94d065880/1742, E_0x94d065880/1743, E_0x94d065880/1744, E_0x94d065880/1745, E_0x94d065880/1746, E_0x94d065880/1747, E_0x94d065880/1748, E_0x94d065880/1749, E_0x94d065880/1750, E_0x94d065880/1751, E_0x94d065880/1752, E_0x94d065880/1753, E_0x94d065880/1754, E_0x94d065880/1755, E_0x94d065880/1756, E_0x94d065880/1757, E_0x94d065880/1758, E_0x94d065880/1759, E_0x94d065880/1760, E_0x94d065880/1761, E_0x94d065880/1762, E_0x94d065880/1763, E_0x94d065880/1764, E_0x94d065880/1765, E_0x94d065880/1766, E_0x94d065880/1767, E_0x94d065880/1768, E_0x94d065880/1769, E_0x94d065880/1770, E_0x94d065880/1771, E_0x94d065880/1772, E_0x94d065880/1773, E_0x94d065880/1774, E_0x94d065880/1775, E_0x94d065880/1776, E_0x94d065880/1777, E_0x94d065880/1778, E_0x94d065880/1779, E_0x94d065880/1780, E_0x94d065880/1781, E_0x94d065880/1782, E_0x94d065880/1783, E_0x94d065880/1784, E_0x94d065880/1785, E_0x94d065880/1786, E_0x94d065880/1787, E_0x94d065880/1788, E_0x94d065880/1789, E_0x94d065880/1790, E_0x94d065880/1791, E_0x94d065880/1792, E_0x94d065880/1793, E_0x94d065880/1794, E_0x94d065880/1795, E_0x94d065880/1796, E_0x94d065880/1797, E_0x94d065880/1798, E_0x94d065880/1799, E_0x94d065880/1800, E_0x94d065880/1801, E_0x94d065880/1802, E_0x94d065880/1803, E_0x94d065880/1804, E_0x94d065880/1805, E_0x94d065880/1806, E_0x94d065880/1807, E_0x94d065880/1808, E_0x94d065880/1809, E_0x94d065880/1810, E_0x94d065880/1811, E_0x94d065880/1812, E_0x94d065880/1813, E_0x94d065880/1814, E_0x94d065880/1815, E_0x94d065880/1816, E_0x94d065880/1817, E_0x94d065880/1818, E_0x94d065880/1819, E_0x94d065880/1820, E_0x94d065880/1821, E_0x94d065880/1822, E_0x94d065880/1823, E_0x94d065880/1824, E_0x94d065880/1825, E_0x94d065880/1826, E_0x94d065880/1827, E_0x94d065880/1828, E_0x94d065880/1829, E_0x94d065880/1830, E_0x94d065880/1831, E_0x94d065880/1832, E_0x94d065880/1833, E_0x94d065880/1834, E_0x94d065880/1835, E_0x94d065880/1836, E_0x94d065880/1837, E_0x94d065880/1838, E_0x94d065880/1839, E_0x94d065880/1840, E_0x94d065880/1841, E_0x94d065880/1842, E_0x94d065880/1843, E_0x94d065880/1844, E_0x94d065880/1845, E_0x94d065880/1846, E_0x94d065880/1847, E_0x94d065880/1848, E_0x94d065880/1849, E_0x94d065880/1850, E_0x94d065880/1851, E_0x94d065880/1852, E_0x94d065880/1853, E_0x94d065880/1854, E_0x94d065880/1855, E_0x94d065880/1856, E_0x94d065880/1857, E_0x94d065880/1858, E_0x94d065880/1859, E_0x94d065880/1860, E_0x94d065880/1861, E_0x94d065880/1862, E_0x94d065880/1863, E_0x94d065880/1864, E_0x94d065880/1865, E_0x94d065880/1866, E_0x94d065880/1867, E_0x94d065880/1868, E_0x94d065880/1869, E_0x94d065880/1870, E_0x94d065880/1871, E_0x94d065880/1872, E_0x94d065880/1873, E_0x94d065880/1874, E_0x94d065880/1875, E_0x94d065880/1876, E_0x94d065880/1877, E_0x94d065880/1878, E_0x94d065880/1879, E_0x94d065880/1880, E_0x94d065880/1881, E_0x94d065880/1882, E_0x94d065880/1883, E_0x94d065880/1884, E_0x94d065880/1885, E_0x94d065880/1886, E_0x94d065880/1887, E_0x94d065880/1888, E_0x94d065880/1889, E_0x94d065880/1890, E_0x94d065880/1891, E_0x94d065880/1892, E_0x94d065880/1893, E_0x94d065880/1894, E_0x94d065880/1895, E_0x94d065880/1896, E_0x94d065880/1897, E_0x94d065880/1898, E_0x94d065880/1899, E_0x94d065880/1900, E_0x94d065880/1901, E_0x94d065880/1902, E_0x94d065880/1903, E_0x94d065880/1904, E_0x94d065880/1905, E_0x94d065880/1906, E_0x94d065880/1907, E_0x94d065880/1908, E_0x94d065880/1909, E_0x94d065880/1910, E_0x94d065880/1911, E_0x94d065880/1912, E_0x94d065880/1913, E_0x94d065880/1914, E_0x94d065880/1915, E_0x94d065880/1916, E_0x94d065880/1917, E_0x94d065880/1918, E_0x94d065880/1919, E_0x94d065880/1920, E_0x94d065880/1921, E_0x94d065880/1922, E_0x94d065880/1923, E_0x94d065880/1924, E_0x94d065880/1925, E_0x94d065880/1926, E_0x94d065880/1927, E_0x94d065880/1928, E_0x94d065880/1929, E_0x94d065880/1930, E_0x94d065880/1931, E_0x94d065880/1932, E_0x94d065880/1933, E_0x94d065880/1934, E_0x94d065880/1935, E_0x94d065880/1936, E_0x94d065880/1937, E_0x94d065880/1938, E_0x94d065880/1939, E_0x94d065880/1940, E_0x94d065880/1941, E_0x94d065880/1942, E_0x94d065880/1943, E_0x94d065880/1944, E_0x94d065880/1945, E_0x94d065880/1946, E_0x94d065880/1947, E_0x94d065880/1948, E_0x94d065880/1949, E_0x94d065880/1950, E_0x94d065880/1951, E_0x94d065880/1952, E_0x94d065880/1953, E_0x94d065880/1954, E_0x94d065880/1955, E_0x94d065880/1956, E_0x94d065880/1957, E_0x94d065880/1958, E_0x94d065880/1959, E_0x94d065880/1960, E_0x94d065880/1961, E_0x94d065880/1962, E_0x94d065880/1963, E_0x94d065880/1964, E_0x94d065880/1965, E_0x94d065880/1966, E_0x94d065880/1967, E_0x94d065880/1968, E_0x94d065880/1969, E_0x94d065880/1970, E_0x94d065880/1971, E_0x94d065880/1972, E_0x94d065880/1973, E_0x94d065880/1974, E_0x94d065880/1975, E_0x94d065880/1976, E_0x94d065880/1977, E_0x94d065880/1978, E_0x94d065880/1979, E_0x94d065880/1980, E_0x94d065880/1981, E_0x94d065880/1982, E_0x94d065880/1983, E_0x94d065880/1984, E_0x94d065880/1985, E_0x94d065880/1986, E_0x94d065880/1987, E_0x94d065880/1988, E_0x94d065880/1989, E_0x94d065880/1990, E_0x94d065880/1991, E_0x94d065880/1992, E_0x94d065880/1993, E_0x94d065880/1994, E_0x94d065880/1995, E_0x94d065880/1996, E_0x94d065880/1997, E_0x94d065880/1998, E_0x94d065880/1999, E_0x94d065880/2000, E_0x94d065880/2001, E_0x94d065880/2002, E_0x94d065880/2003, E_0x94d065880/2004, E_0x94d065880/2005, E_0x94d065880/2006, E_0x94d065880/2007, E_0x94d065880/2008, E_0x94d065880/2009, E_0x94d065880/2010, E_0x94d065880/2011, E_0x94d065880/2012, E_0x94d065880/2013, E_0x94d065880/2014, E_0x94d065880/2015, E_0x94d065880/2016, E_0x94d065880/2017, E_0x94d065880/2018, E_0x94d065880/2019, E_0x94d065880/2020, E_0x94d065880/2021, E_0x94d065880/2022, E_0x94d065880/2023, E_0x94d065880/2024, E_0x94d065880/2025, E_0x94d065880/2026, E_0x94d065880/2027, E_0x94d065880/2028, E_0x94d065880/2029, E_0x94d065880/2030, E_0x94d065880/2031, E_0x94d065880/2032, E_0x94d065880/2033, E_0x94d065880/2034, E_0x94d065880/2035, E_0x94d065880/2036, E_0x94d065880/2037, E_0x94d065880/2038, E_0x94d065880/2039, E_0x94d065880/2040, E_0x94d065880/2041, E_0x94d065880/2042, E_0x94d065880/2043, E_0x94d065880/2044, E_0x94d065880/2045, E_0x94d065880/2046, E_0x94d065880/2047, E_0x94d065880/2048;
S_0x105700f10 .scope module, "rf" "RF" 3 179, 7 3 0, S_0x105704190;
 .timescale -9 -10;
    .port_info 0 /INPUT 1 "clk";
    .port_info 1 /INPUT 1 "rst";
    .port_info 2 /INPUT 5 "rd_addr1";
    .port_info 3 /INPUT 5 "rd_addr2";
    .port_info 4 /OUTPUT 32 "rd_data1";
    .port_info 5 /OUTPUT 32 "rd_data2";
    .port_info 6 /INPUT 1 "RegWrite";
    .port_info 7 /INPUT 5 "wr_addr";
    .port_info 8 /INPUT 32 "wr_data";
v0x94d115040_0 .net "RegWrite", 0 0, v0x94d114640_0;  alias, 1 drivers
v0x94d1150e0_0 .net "clk", 0 0, v0x94d118780_0;  alias, 1 drivers
v0x94d115180_0 .net "rd_addr1", 4 0, L_0x94d11c0e0;  alias, 1 drivers
v0x94d115220_0 .net "rd_addr2", 4 0, L_0x94d11c150;  alias, 1 drivers
v0x94d1152c0_0 .var "rd_data1", 31 0;
v0x94d115360_0 .var "rd_data2", 31 0;
v0x94d115400 .array "register_file", 31 0, 31 0;
v0x94d1154a0_0 .net "rst", 0 0, v0x94d118aa0_0;  alias, 1 drivers
v0x94d115540_0 .net "wr_addr", 4 0, L_0x94d04db80;  alias, 1 drivers
v0x94d1155e0_0 .net "wr_data", 31 0, L_0x94d04dc20;  alias, 1 drivers
v0x94d115400_0 .array/port v0x94d115400, 0;
v0x94d115400_1 .array/port v0x94d115400, 1;
v0x94d115400_2 .array/port v0x94d115400, 2;
E_0x94d065900/0 .event anyedge, v0x94d115180_0, v0x94d115400_0, v0x94d115400_1, v0x94d115400_2;
v0x94d115400_3 .array/port v0x94d115400, 3;
v0x94d115400_4 .array/port v0x94d115400, 4;
v0x94d115400_5 .array/port v0x94d115400, 5;
v0x94d115400_6 .array/port v0x94d115400, 6;
E_0x94d065900/1 .event anyedge, v0x94d115400_3, v0x94d115400_4, v0x94d115400_5, v0x94d115400_6;
v0x94d115400_7 .array/port v0x94d115400, 7;
v0x94d115400_8 .array/port v0x94d115400, 8;
v0x94d115400_9 .array/port v0x94d115400, 9;
v0x94d115400_10 .array/port v0x94d115400, 10;
E_0x94d065900/2 .event anyedge, v0x94d115400_7, v0x94d115400_8, v0x94d115400_9, v0x94d115400_10;
v0x94d115400_11 .array/port v0x94d115400, 11;
v0x94d115400_12 .array/port v0x94d115400, 12;
v0x94d115400_13 .array/port v0x94d115400, 13;
v0x94d115400_14 .array/port v0x94d115400, 14;
E_0x94d065900/3 .event anyedge, v0x94d115400_11, v0x94d115400_12, v0x94d115400_13, v0x94d115400_14;
v0x94d115400_15 .array/port v0x94d115400, 15;
v0x94d115400_16 .array/port v0x94d115400, 16;
v0x94d115400_17 .array/port v0x94d115400, 17;
v0x94d115400_18 .array/port v0x94d115400, 18;
E_0x94d065900/4 .event anyedge, v0x94d115400_15, v0x94d115400_16, v0x94d115400_17, v0x94d115400_18;
v0x94d115400_19 .array/port v0x94d115400, 19;
v0x94d115400_20 .array/port v0x94d115400, 20;
v0x94d115400_21 .array/port v0x94d115400, 21;
v0x94d115400_22 .array/port v0x94d115400, 22;
E_0x94d065900/5 .event anyedge, v0x94d115400_19, v0x94d115400_20, v0x94d115400_21, v0x94d115400_22;
v0x94d115400_23 .array/port v0x94d115400, 23;
v0x94d115400_24 .array/port v0x94d115400, 24;
v0x94d115400_25 .array/port v0x94d115400, 25;
v0x94d115400_26 .array/port v0x94d115400, 26;
E_0x94d065900/6 .event anyedge, v0x94d115400_23, v0x94d115400_24, v0x94d115400_25, v0x94d115400_26;
v0x94d115400_27 .array/port v0x94d115400, 27;
v0x94d115400_28 .array/port v0x94d115400, 28;
v0x94d115400_29 .array/port v0x94d115400, 29;
v0x94d115400_30 .array/port v0x94d115400, 30;
E_0x94d065900/7 .event anyedge, v0x94d115400_27, v0x94d115400_28, v0x94d115400_29, v0x94d115400_30;
v0x94d115400_31 .array/port v0x94d115400, 31;
E_0x94d065900/8 .event anyedge, v0x94d115400_31, v0x94d115220_0;
E_0x94d065900 .event/or E_0x94d065900/0, E_0x94d065900/1, E_0x94d065900/2, E_0x94d065900/3, E_0x94d065900/4, E_0x94d065900/5, E_0x94d065900/6, E_0x94d065900/7, E_0x94d065900/8;
    .scope S_0x1056fce30;
T_0 ;
    %wait E_0x94d065840;
    %load/vec4 v0x94d114960_0;
    %flag_set/vec4 8;
    %jmp/0xz  T_0.0, 8;
    %pushi/vec4 0, 0, 3;
    %assign/vec4 v0x94d114a00_0, 0;
    %jmp T_0.1;
T_0.0 ;
    %load/vec4 v0x94d114aa0_0;
    %assign/vec4 v0x94d114a00_0, 0;
T_0.1 ;
    %jmp T_0;
    .thread T_0;
    .scope S_0x1056fce30;
T_1 ;
    %wait E_0x94d065800;
    %pushi/vec4 0, 0, 2;
    %store/vec4 v0x94d1143c0_0, 0, 2;
    %pushi/vec4 0, 0, 4;
    %store/vec4 v0x105709140_0, 0, 4;
    %pushi/vec4 0, 0, 2;
    %store/vec4 v0x105708e40_0, 0, 2;
    %pushi/vec4 0, 0, 1;
    %store/vec4 v0x105708fc0_0, 0, 1;
    %pushi/vec4 0, 0, 1;
    %store/vec4 v0x94d114640_0, 0, 1;
    %pushi/vec4 0, 0, 2;
    %store/vec4 v0x94d1145a0_0, 0, 2;
    %pushi/vec4 0, 0, 1;
    %store/vec4 v0x94d114500_0, 0, 1;
    %pushi/vec4 0, 0, 1;
    %store/vec4 v0x94d114460_0, 0, 1;
    %pushi/vec4 0, 0, 1;
    %store/vec4 v0x94d114140_0, 0, 1;
    %pushi/vec4 0, 0, 1;
    %store/vec4 v0x94d1141e0_0, 0, 1;
    %pushi/vec4 0, 0, 1;
    %store/vec4 v0x94d114280_0, 0, 1;
    %pushi/vec4 0, 0, 1;
    %store/vec4 v0x94d114320_0, 0, 1;
    %pushi/vec4 0, 0, 1;
    %store/vec4 v0x94d114000_0, 0, 1;
    %pushi/vec4 1, 0, 1;
    %store/vec4 v0x94d1146e0_0, 0, 1;
    %pushi/vec4 0, 0, 1;
    %store/vec4 v0x94d1140a0_0, 0, 1;
    %load/vec4 v0x94d114a00_0;
    %store/vec4 v0x94d114aa0_0, 0, 3;
    %load/vec4 v0x94d114a00_0;
    %dup/vec4;
    %pushi/vec4 0, 0, 3;
    %cmp/u;
    %jmp/1 T_1.0, 6;
    %dup/vec4;
    %pushi/vec4 1, 0, 3;
    %cmp/u;
    %jmp/1 T_1.1, 6;
    %dup/vec4;
    %pushi/vec4 2, 0, 3;
    %cmp/u;
    %jmp/1 T_1.2, 6;
    %dup/vec4;
    %pushi/vec4 3, 0, 3;
    %cmp/u;
    %jmp/1 T_1.3, 6;
    %dup/vec4;
    %pushi/vec4 4, 0, 3;
    %cmp/u;
    %jmp/1 T_1.4, 6;
    %jmp T_1.5;
T_1.0 ;
    %pushi/vec4 1, 0, 3;
    %store/vec4 v0x94d114aa0_0, 0, 3;
    %pushi/vec4 0, 0, 1;
    %store/vec4 v0x94d114140_0, 0, 1;
    %pushi/vec4 1, 0, 1;
    %store/vec4 v0x94d1141e0_0, 0, 1;
    %pushi/vec4 1, 0, 1;
    %store/vec4 v0x94d114000_0, 0, 1;
    %pushi/vec4 0, 0, 1;
    %store/vec4 v0x105708fc0_0, 0, 1;
    %pushi/vec4 1, 0, 2;
    %store/vec4 v0x105708e40_0, 0, 2;
    %pushi/vec4 0, 0, 4;
    %store/vec4 v0x105709140_0, 0, 4;
    %pushi/vec4 0, 0, 2;
    %store/vec4 v0x94d1143c0_0, 0, 2;
    %pushi/vec4 1, 0, 1;
    %store/vec4 v0x94d114460_0, 0, 1;
    %jmp T_1.5;
T_1.1 ;
    %load/vec4 v0x94d1148c0_0;
    %dup/vec4;
    %pushi/vec4 0, 0, 6;
    %cmp/u;
    %jmp/1 T_1.6, 6;
    %dup/vec4;
    %pushi/vec4 9, 0, 6;
    %cmp/u;
    %jmp/1 T_1.7, 6;
    %dup/vec4;
    %pushi/vec4 12, 0, 6;
    %cmp/u;
    %jmp/1 T_1.8, 6;
    %dup/vec4;
    %pushi/vec4 13, 0, 6;
    %cmp/u;
    %jmp/1 T_1.9, 6;
    %dup/vec4;
    %pushi/vec4 14, 0, 6;
    %cmp/u;
    %jmp/1 T_1.10, 6;
    %dup/vec4;
    %pushi/vec4 15, 0, 6;
    %cmp/u;
    %jmp/1 T_1.11, 6;
    %dup/vec4;
    %pushi/vec4 10, 0, 6;
    %cmp/u;
    %jmp/1 T_1.12, 6;
    %dup/vec4;
    %pushi/vec4 11, 0, 6;
    %cmp/u;
    %jmp/1 T_1.13, 6;
    %dup/vec4;
    %pushi/vec4 35, 0, 6;
    %cmp/u;
    %jmp/1 T_1.14, 6;
    %dup/vec4;
    %pushi/vec4 43, 0, 6;
    %cmp/u;
    %jmp/1 T_1.15, 6;
    %dup/vec4;
    %pushi/vec4 4, 0, 6;
    %cmp/u;
    %jmp/1 T_1.16, 6;
    %dup/vec4;
    %pushi/vec4 5, 0, 6;
    %cmp/u;
    %jmp/1 T_1.17, 6;
    %dup/vec4;
    %pushi/vec4 2, 0, 6;
    %cmp/u;
    %jmp/1 T_1.18, 6;
    %dup/vec4;
    %pushi/vec4 3, 0, 6;
    %cmp/u;
    %jmp/1 T_1.19, 6;
    %jmp T_1.21;
T_1.6 ;
    %load/vec4 v0x94d114820_0;
    %cmpi/e 8, 0, 6;
    %jmp/0xz  T_1.22, 4;
    %pushi/vec4 2, 0, 3;
    %store/vec4 v0x94d114aa0_0, 0, 3;
    %jmp T_1.23;
T_1.22 ;
    %pushi/vec4 1, 0, 2;
    %store/vec4 v0x94d1145a0_0, 0, 2;
    %pushi/vec4 2, 0, 3;
    %store/vec4 v0x94d114aa0_0, 0, 3;
T_1.23 ;
    %jmp T_1.21;
T_1.7 ;
    %pushi/vec4 2, 0, 3;
    %store/vec4 v0x94d114aa0_0, 0, 3;
    %jmp T_1.21;
T_1.8 ;
    %pushi/vec4 2, 0, 3;
    %store/vec4 v0x94d114aa0_0, 0, 3;
    %jmp T_1.21;
T_1.9 ;
    %pushi/vec4 2, 0, 3;
    %store/vec4 v0x94d114aa0_0, 0, 3;
    %jmp T_1.21;
T_1.10 ;
    %pushi/vec4 2, 0, 3;
    %store/vec4 v0x94d114aa0_0, 0, 3;
    %jmp T_1.21;
T_1.11 ;
    %pushi/vec4 2, 0, 3;
    %store/vec4 v0x94d114aa0_0, 0, 3;
    %jmp T_1.21;
T_1.12 ;
    %pushi/vec4 2, 0, 3;
    %store/vec4 v0x94d114aa0_0, 0, 3;
    %jmp T_1.21;
T_1.13 ;
    %pushi/vec4 2, 0, 3;
    %store/vec4 v0x94d114aa0_0, 0, 3;
    %jmp T_1.21;
T_1.14 ;
    %pushi/vec4 2, 0, 3;
    %store/vec4 v0x94d114aa0_0, 0, 3;
    %jmp T_1.21;
T_1.15 ;
    %pushi/vec4 2, 0, 3;
    %store/vec4 v0x94d114aa0_0, 0, 3;
    %jmp T_1.21;
T_1.16 ;
    %pushi/vec4 2, 0, 3;
    %store/vec4 v0x94d114aa0_0, 0, 3;
    %pushi/vec4 0, 0, 1;
    %store/vec4 v0x105708fc0_0, 0, 1;
    %pushi/vec4 3, 0, 2;
    %store/vec4 v0x105708e40_0, 0, 2;
    %pushi/vec4 0, 0, 4;
    %store/vec4 v0x105709140_0, 0, 4;
    %jmp T_1.21;
T_1.17 ;
    %pushi/vec4 2, 0, 3;
    %store/vec4 v0x94d114aa0_0, 0, 3;
    %pushi/vec4 0, 0, 1;
    %store/vec4 v0x105708fc0_0, 0, 1;
    %pushi/vec4 3, 0, 2;
    %store/vec4 v0x105708e40_0, 0, 2;
    %pushi/vec4 0, 0, 4;
    %store/vec4 v0x105709140_0, 0, 4;
    %jmp T_1.21;
T_1.18 ;
    %pushi/vec4 0, 0, 3;
    %store/vec4 v0x94d114aa0_0, 0, 3;
    %pushi/vec4 1, 0, 1;
    %store/vec4 v0x94d114460_0, 0, 1;
    %pushi/vec4 2, 0, 2;
    %store/vec4 v0x94d1143c0_0, 0, 2;
    %jmp T_1.21;
T_1.19 ;
    %pushi/vec4 4, 0, 3;
    %store/vec4 v0x94d114aa0_0, 0, 3;
    %pushi/vec4 1, 0, 1;
    %store/vec4 v0x94d114460_0, 0, 1;
    %pushi/vec4 2, 0, 2;
    %store/vec4 v0x94d1143c0_0, 0, 2;
    %pushi/vec4 0, 0, 1;
    %store/vec4 v0x105708fc0_0, 0, 1;
    %pushi/vec4 1, 0, 2;
    %store/vec4 v0x105708e40_0, 0, 2;
    %pushi/vec4 0, 0, 4;
    %store/vec4 v0x105709140_0, 0, 4;
    %jmp T_1.21;
T_1.21 ;
    %pop/vec4 1;
    %jmp T_1.5;
T_1.2 ;
    %load/vec4 v0x94d1148c0_0;
    %dup/vec4;
    %pushi/vec4 0, 0, 6;
    %cmp/u;
    %jmp/1 T_1.24, 6;
    %dup/vec4;
    %pushi/vec4 9, 0, 6;
    %cmp/u;
    %jmp/1 T_1.25, 6;
    %dup/vec4;
    %pushi/vec4 12, 0, 6;
    %cmp/u;
    %jmp/1 T_1.26, 6;
    %dup/vec4;
    %pushi/vec4 13, 0, 6;
    %cmp/u;
    %jmp/1 T_1.27, 6;
    %dup/vec4;
    %pushi/vec4 14, 0, 6;
    %cmp/u;
    %jmp/1 T_1.28, 6;
    %dup/vec4;
    %pushi/vec4 15, 0, 6;
    %cmp/u;
    %jmp/1 T_1.29, 6;
    %dup/vec4;
    %pushi/vec4 10, 0, 6;
    %cmp/u;
    %jmp/1 T_1.30, 6;
    %dup/vec4;
    %pushi/vec4 11, 0, 6;
    %cmp/u;
    %jmp/1 T_1.31, 6;
    %dup/vec4;
    %pushi/vec4 35, 0, 6;
    %cmp/u;
    %jmp/1 T_1.32, 6;
    %dup/vec4;
    %pushi/vec4 43, 0, 6;
    %cmp/u;
    %jmp/1 T_1.33, 6;
    %dup/vec4;
    %pushi/vec4 4, 0, 6;
    %cmp/u;
    %jmp/1 T_1.34, 6;
    %dup/vec4;
    %pushi/vec4 5, 0, 6;
    %cmp/u;
    %jmp/1 T_1.35, 6;
    %jmp T_1.36;
T_1.24 ;
    %load/vec4 v0x94d114820_0;
    %cmpi/e 8, 0, 6;
    %jmp/0xz  T_1.37, 4;
    %pushi/vec4 0, 0, 3;
    %store/vec4 v0x94d114aa0_0, 0, 3;
    %pushi/vec4 3, 0, 2;
    %store/vec4 v0x94d1143c0_0, 0, 2;
    %pushi/vec4 1, 0, 1;
    %store/vec4 v0x94d114460_0, 0, 1;
    %jmp T_1.38;
T_1.37 ;
    %pushi/vec4 4, 0, 3;
    %store/vec4 v0x94d114aa0_0, 0, 3;
    %pushi/vec4 1, 0, 1;
    %store/vec4 v0x105708fc0_0, 0, 1;
    %pushi/vec4 0, 0, 2;
    %store/vec4 v0x105708e40_0, 0, 2;
T_1.38 ;
    %load/vec4 v0x94d114820_0;
    %dup/vec4;
    %pushi/vec4 33, 0, 6;
    %cmp/u;
    %jmp/1 T_1.39, 6;
    %dup/vec4;
    %pushi/vec4 36, 0, 6;
    %cmp/u;
    %jmp/1 T_1.40, 6;
    %dup/vec4;
    %pushi/vec4 39, 0, 6;
    %cmp/u;
    %jmp/1 T_1.41, 6;
    %dup/vec4;
    %pushi/vec4 37, 0, 6;
    %cmp/u;
    %jmp/1 T_1.42, 6;
    %dup/vec4;
    %pushi/vec4 42, 0, 6;
    %cmp/u;
    %jmp/1 T_1.43, 6;
    %dup/vec4;
    %pushi/vec4 43, 0, 6;
    %cmp/u;
    %jmp/1 T_1.44, 6;
    %dup/vec4;
    %pushi/vec4 35, 0, 6;
    %cmp/u;
    %jmp/1 T_1.45, 6;
    %dup/vec4;
    %pushi/vec4 38, 0, 6;
    %cmp/u;
    %jmp/1 T_1.46, 6;
    %dup/vec4;
    %pushi/vec4 0, 0, 6;
    %cmp/u;
    %jmp/1 T_1.47, 6;
    %dup/vec4;
    %pushi/vec4 3, 0, 6;
    %cmp/u;
    %jmp/1 T_1.48, 6;
    %dup/vec4;
    %pushi/vec4 2, 0, 6;
    %cmp/u;
    %jmp/1 T_1.49, 6;
    %jmp T_1.50;
T_1.39 ;
    %pushi/vec4 0, 0, 4;
    %store/vec4 v0x105709140_0, 0, 4;
    %jmp T_1.50;
T_1.40 ;
    %pushi/vec4 1, 0, 4;
    %store/vec4 v0x105709140_0, 0, 4;
    %jmp T_1.50;
T_1.41 ;
    %pushi/vec4 2, 0, 4;
    %store/vec4 v0x105709140_0, 0, 4;
    %jmp T_1.50;
T_1.42 ;
    %pushi/vec4 3, 0, 4;
    %store/vec4 v0x105709140_0, 0, 4;
    %jmp T_1.50;
T_1.43 ;
    %pushi/vec4 9, 0, 4;
    %store/vec4 v0x105709140_0, 0, 4;
    %jmp T_1.50;
T_1.44 ;
    %pushi/vec4 10, 0, 4;
    %store/vec4 v0x105709140_0, 0, 4;
    %jmp T_1.50;
T_1.45 ;
    %pushi/vec4 7, 0, 4;
    %store/vec4 v0x105709140_0, 0, 4;
    %jmp T_1.50;
T_1.46 ;
    %pushi/vec4 8, 0, 4;
    %store/vec4 v0x105709140_0, 0, 4;
    %jmp T_1.50;
T_1.47 ;
    %pushi/vec4 4, 0, 4;
    %store/vec4 v0x105709140_0, 0, 4;
    %jmp T_1.50;
T_1.48 ;
    %pushi/vec4 5, 0, 4;
    %store/vec4 v0x105709140_0, 0, 4;
    %jmp T_1.50;
T_1.49 ;
    %pushi/vec4 6, 0, 4;
    %store/vec4 v0x105709140_0, 0, 4;
    %jmp T_1.50;
T_1.50 ;
    %pop/vec4 1;
    %jmp T_1.36;
T_1.25 ;
    %pushi/vec4 4, 0, 3;
    %store/vec4 v0x94d114aa0_0, 0, 3;
    %pushi/vec4 1, 0, 1;
    %store/vec4 v0x105708fc0_0, 0, 1;
    %pushi/vec4 2, 0, 2;
    %store/vec4 v0x105708e40_0, 0, 2;
    %pushi/vec4 0, 0, 4;
    %store/vec4 v0x105709140_0, 0, 4;
    %jmp T_1.36;
T_1.26 ;
    %pushi/vec4 4, 0, 3;
    %store/vec4 v0x94d114aa0_0, 0, 3;
    %pushi/vec4 0, 0, 1;
    %store/vec4 v0x94d1146e0_0, 0, 1;
    %pushi/vec4 1, 0, 1;
    %store/vec4 v0x105708fc0_0, 0, 1;
    %pushi/vec4 2, 0, 2;
    %store/vec4 v0x105708e40_0, 0, 2;
    %pushi/vec4 1, 0, 4;
    %store/vec4 v0x105709140_0, 0, 4;
    %jmp T_1.36;
T_1.27 ;
    %pushi/vec4 4, 0, 3;
    %store/vec4 v0x94d114aa0_0, 0, 3;
    %pushi/vec4 0, 0, 1;
    %store/vec4 v0x94d1146e0_0, 0, 1;
    %pushi/vec4 1, 0, 1;
    %store/vec4 v0x105708fc0_0, 0, 1;
    %pushi/vec4 2, 0, 2;
    %store/vec4 v0x105708e40_0, 0, 2;
    %pushi/vec4 3, 0, 4;
    %store/vec4 v0x105709140_0, 0, 4;
    %jmp T_1.36;
T_1.28 ;
    %pushi/vec4 4, 0, 3;
    %store/vec4 v0x94d114aa0_0, 0, 3;
    %pushi/vec4 0, 0, 1;
    %store/vec4 v0x94d1146e0_0, 0, 1;
    %pushi/vec4 1, 0, 1;
    %store/vec4 v0x105708fc0_0, 0, 1;
    %pushi/vec4 2, 0, 2;
    %store/vec4 v0x105708e40_0, 0, 2;
    %pushi/vec4 8, 0, 4;
    %store/vec4 v0x105709140_0, 0, 4;
    %jmp T_1.36;
T_1.29 ;
    %pushi/vec4 4, 0, 3;
    %store/vec4 v0x94d114aa0_0, 0, 3;
    %pushi/vec4 0, 0, 1;
    %store/vec4 v0x94d1146e0_0, 0, 1;
    %pushi/vec4 1, 0, 1;
    %store/vec4 v0x105708fc0_0, 0, 1;
    %pushi/vec4 2, 0, 2;
    %store/vec4 v0x105708e40_0, 0, 2;
    %pushi/vec4 13, 0, 4;
    %store/vec4 v0x105709140_0, 0, 4;
    %jmp T_1.36;
T_1.30 ;
    %pushi/vec4 4, 0, 3;
    %store/vec4 v0x94d114aa0_0, 0, 3;
    %pushi/vec4 1, 0, 1;
    %store/vec4 v0x105708fc0_0, 0, 1;
    %pushi/vec4 2, 0, 2;
    %store/vec4 v0x105708e40_0, 0, 2;
    %pushi/vec4 9, 0, 4;
    %store/vec4 v0x105709140_0, 0, 4;
    %jmp T_1.36;
T_1.31 ;
    %pushi/vec4 4, 0, 3;
    %store/vec4 v0x94d114aa0_0, 0, 3;
    %pushi/vec4 1, 0, 1;
    %store/vec4 v0x105708fc0_0, 0, 1;
    %pushi/vec4 2, 0, 2;
    %store/vec4 v0x105708e40_0, 0, 2;
    %pushi/vec4 10, 0, 4;
    %store/vec4 v0x105709140_0, 0, 4;
    %jmp T_1.36;
T_1.32 ;
    %pushi/vec4 3, 0, 3;
    %store/vec4 v0x94d114aa0_0, 0, 3;
    %pushi/vec4 1, 0, 1;
    %store/vec4 v0x94d1146e0_0, 0, 1;
    %pushi/vec4 1, 0, 1;
    %store/vec4 v0x105708fc0_0, 0, 1;
    %pushi/vec4 2, 0, 2;
    %store/vec4 v0x105708e40_0, 0, 2;
    %pushi/vec4 0, 0, 4;
    %store/vec4 v0x105709140_0, 0, 4;
    %jmp T_1.36;
T_1.33 ;
    %pushi/vec4 3, 0, 3;
    %store/vec4 v0x94d114aa0_0, 0, 3;
    %pushi/vec4 1, 0, 1;
    %store/vec4 v0x94d1146e0_0, 0, 1;
    %pushi/vec4 1, 0, 1;
    %store/vec4 v0x105708fc0_0, 0, 1;
    %pushi/vec4 2, 0, 2;
    %store/vec4 v0x105708e40_0, 0, 2;
    %pushi/vec4 0, 0, 4;
    %store/vec4 v0x105709140_0, 0, 4;
    %jmp T_1.36;
T_1.34 ;
    %pushi/vec4 0, 0, 3;
    %store/vec4 v0x94d114aa0_0, 0, 3;
    %pushi/vec4 1, 0, 1;
    %store/vec4 v0x105708fc0_0, 0, 1;
    %pushi/vec4 0, 0, 2;
    %store/vec4 v0x105708e40_0, 0, 2;
    %pushi/vec4 11, 0, 4;
    %store/vec4 v0x105709140_0, 0, 4;
    %pushi/vec4 1, 0, 1;
    %store/vec4 v0x94d114500_0, 0, 1;
    %pushi/vec4 1, 0, 2;
    %store/vec4 v0x94d1143c0_0, 0, 2;
    %jmp T_1.36;
T_1.35 ;
    %pushi/vec4 0, 0, 3;
    %store/vec4 v0x94d114aa0_0, 0, 3;
    %pushi/vec4 1, 0, 1;
    %store/vec4 v0x105708fc0_0, 0, 1;
    %pushi/vec4 0, 0, 2;
    %store/vec4 v0x105708e40_0, 0, 2;
    %pushi/vec4 12, 0, 4;
    %store/vec4 v0x105709140_0, 0, 4;
    %pushi/vec4 1, 0, 1;
    %store/vec4 v0x94d114500_0, 0, 1;
    %pushi/vec4 1, 0, 2;
    %store/vec4 v0x94d1143c0_0, 0, 2;
    %jmp T_1.36;
T_1.36 ;
    %pop/vec4 1;
    %jmp T_1.5;
T_1.3 ;
    %load/vec4 v0x94d1148c0_0;
    %dup/vec4;
    %pushi/vec4 35, 0, 6;
    %cmp/u;
    %jmp/1 T_1.51, 6;
    %dup/vec4;
    %pushi/vec4 43, 0, 6;
    %cmp/u;
    %jmp/1 T_1.52, 6;
    %jmp T_1.53;
T_1.51 ;
    %pushi/vec4 4, 0, 3;
    %store/vec4 v0x94d114aa0_0, 0, 3;
    %pushi/vec4 1, 0, 1;
    %store/vec4 v0x94d114140_0, 0, 1;
    %pushi/vec4 1, 0, 1;
    %store/vec4 v0x94d1141e0_0, 0, 1;
    %jmp T_1.53;
T_1.52 ;
    %pushi/vec4 0, 0, 3;
    %store/vec4 v0x94d114aa0_0, 0, 3;
    %pushi/vec4 1, 0, 1;
    %store/vec4 v0x94d114140_0, 0, 1;
    %pushi/vec4 1, 0, 1;
    %store/vec4 v0x94d114280_0, 0, 1;
    %jmp T_1.53;
T_1.53 ;
    %pop/vec4 1;
    %jmp T_1.5;
T_1.4 ;
    %load/vec4 v0x94d1148c0_0;
    %dup/vec4;
    %pushi/vec4 0, 0, 6;
    %cmp/u;
    %jmp/1 T_1.54, 6;
    %dup/vec4;
    %pushi/vec4 9, 0, 6;
    %cmp/u;
    %jmp/1 T_1.55, 6;
    %dup/vec4;
    %pushi/vec4 12, 0, 6;
    %cmp/u;
    %jmp/1 T_1.56, 6;
    %dup/vec4;
    %pushi/vec4 13, 0, 6;
    %cmp/u;
    %jmp/1 T_1.57, 6;
    %dup/vec4;
    %pushi/vec4 14, 0, 6;
    %cmp/u;
    %jmp/1 T_1.58, 6;
    %dup/vec4;
    %pushi/vec4 15, 0, 6;
    %cmp/u;
    %jmp/1 T_1.59, 6;
    %dup/vec4;
    %pushi/vec4 10, 0, 6;
    %cmp/u;
    %jmp/1 T_1.60, 6;
    %dup/vec4;
    %pushi/vec4 11, 0, 6;
    %cmp/u;
    %jmp/1 T_1.61, 6;
    %dup/vec4;
    %pushi/vec4 35, 0, 6;
    %cmp/u;
    %jmp/1 T_1.62, 6;
    %dup/vec4;
    %pushi/vec4 3, 0, 6;
    %cmp/u;
    %jmp/1 T_1.63, 6;
    %jmp T_1.65;
T_1.54 ;
    %pushi/vec4 0, 0, 3;
    %store/vec4 v0x94d114aa0_0, 0, 3;
    %pushi/vec4 1, 0, 2;
    %store/vec4 v0x94d1145a0_0, 0, 2;
    %pushi/vec4 0, 0, 1;
    %store/vec4 v0x94d114320_0, 0, 1;
    %pushi/vec4 1, 0, 1;
    %store/vec4 v0x94d114640_0, 0, 1;
    %jmp T_1.65;
T_1.55 ;
    %pushi/vec4 0, 0, 3;
    %store/vec4 v0x94d114aa0_0, 0, 3;
    %pushi/vec4 1, 0, 1;
    %store/vec4 v0x94d114640_0, 0, 1;
    %pushi/vec4 0, 0, 1;
    %store/vec4 v0x94d114320_0, 0, 1;
    %jmp T_1.65;
T_1.56 ;
    %pushi/vec4 0, 0, 3;
    %store/vec4 v0x94d114aa0_0, 0, 3;
    %pushi/vec4 1, 0, 1;
    %store/vec4 v0x94d114640_0, 0, 1;
    %pushi/vec4 0, 0, 1;
    %store/vec4 v0x94d114320_0, 0, 1;
    %jmp T_1.65;
T_1.57 ;
    %pushi/vec4 0, 0, 3;
    %store/vec4 v0x94d114aa0_0, 0, 3;
    %pushi/vec4 1, 0, 1;
    %store/vec4 v0x94d114640_0, 0, 1;
    %pushi/vec4 0, 0, 1;
    %store/vec4 v0x94d114320_0, 0, 1;
    %jmp T_1.65;
T_1.58 ;
    %pushi/vec4 0, 0, 3;
    %store/vec4 v0x94d114aa0_0, 0, 3;
    %pushi/vec4 1, 0, 1;
    %store/vec4 v0x94d114640_0, 0, 1;
    %pushi/vec4 0, 0, 1;
    %store/vec4 v0x94d114320_0, 0, 1;
    %jmp T_1.65;
T_1.59 ;
    %pushi/vec4 0, 0, 3;
    %store/vec4 v0x94d114aa0_0, 0, 3;
    %pushi/vec4 1, 0, 1;
    %store/vec4 v0x94d114640_0, 0, 1;
    %pushi/vec4 0, 0, 1;
    %store/vec4 v0x94d114320_0, 0, 1;
    %jmp T_1.65;
T_1.60 ;
    %pushi/vec4 0, 0, 3;
    %store/vec4 v0x94d114aa0_0, 0, 3;
    %pushi/vec4 1, 0, 1;
    %store/vec4 v0x94d114640_0, 0, 1;
    %pushi/vec4 0, 0, 1;
    %store/vec4 v0x94d114320_0, 0, 1;
    %jmp T_1.65;
T_1.61 ;
    %pushi/vec4 0, 0, 3;
    %store/vec4 v0x94d114aa0_0, 0, 3;
    %pushi/vec4 1, 0, 1;
    %store/vec4 v0x94d114640_0, 0, 1;
    %pushi/vec4 0, 0, 1;
    %store/vec4 v0x94d114320_0, 0, 1;
    %jmp T_1.65;
T_1.62 ;
    %pushi/vec4 0, 0, 3;
    %store/vec4 v0x94d114aa0_0, 0, 3;
    %pushi/vec4 1, 0, 1;
    %store/vec4 v0x94d114640_0, 0, 1;
    %pushi/vec4 1, 0, 1;
    %store/vec4 v0x94d114320_0, 0, 1;
    %pushi/vec4 0, 0, 2;
    %store/vec4 v0x94d1145a0_0, 0, 2;
    %jmp T_1.65;
T_1.63 ;
    %pushi/vec4 0, 0, 3;
    %store/vec4 v0x94d114aa0_0, 0, 3;
    %pushi/vec4 1, 0, 1;
    %store/vec4 v0x94d114640_0, 0, 1;
    %pushi/vec4 2, 0, 2;
    %store/vec4 v0x94d1145a0_0, 0, 2;
    %pushi/vec4 0, 0, 1;
    %store/vec4 v0x94d114320_0, 0, 1;
    %jmp T_1.65;
T_1.65 ;
    %pop/vec4 1;
    %jmp T_1.5;
T_1.5 ;
    %pop/vec4 1;
    %jmp T_1;
    .thread T_1, $push;
    .scope S_0x105700f10;
T_2 ;
    %wait E_0x94d065900;
    %load/vec4 v0x94d115180_0;
    %pad/u 7;
    %ix/vec4 4;
    %load/vec4a v0x94d115400, 4;
    %store/vec4 v0x94d1152c0_0, 0, 32;
    %load/vec4 v0x94d115220_0;
    %pad/u 7;
    %ix/vec4 4;
    %load/vec4a v0x94d115400, 4;
    %store/vec4 v0x94d115360_0, 0, 32;
    %jmp T_2;
    .thread T_2, $push;
    .scope S_0x105700f10;
T_3 ;
    %wait E_0x94d065840;
    %load/vec4 v0x94d1154a0_0;
    %flag_set/vec4 8;
    %jmp/0xz  T_3.0, 8;
    %vpi_call 7 29 "$readmemh", "initial_reg.mem", v0x94d115400 {0 0 0};
T_3.0 ;
    %load/vec4 v0x94d115040_0;
    %flag_set/vec4 8;
    %jmp/0xz  T_3.2, 8;
    %load/vec4 v0x94d1155e0_0;
    %load/vec4 v0x94d115540_0;
    %pad/u 7;
    %ix/vec4 3;
    %ix/load 4, 0, 0; Constant delay
    %assign/vec4/a/d v0x94d115400, 0, 4;
T_3.2 ;
    %jmp T_3;
    .thread T_3;
    .scope S_0x1056fcfb0;
T_4 ;
    %vpi_call 6 16 "$readmemh", "initial_mem.mem", v0x94d114f00 {0 0 0};
    %end;
    .thread T_4;
    .scope S_0x1056fcfb0;
T_5 ;
    %wait E_0x94d065880;
    %load/vec4 v0x94d114d20_0;
    %ix/load 5, 2, 0;
    %flag_set/imm 4, 0;
    %shiftr 5;
    %ix/vec4 4;
    %load/vec4a v0x94d114f00, 4;
    %store/vec4 v0x94d114dc0_0, 0, 32;
    %jmp T_5;
    .thread T_5, $push;
    .scope S_0x1056fcfb0;
T_6 ;
    %wait E_0x94d065840;
    %load/vec4 v0x94d114fa0_0;
    %nor/r;
    %flag_set/vec4 8;
    %jmp/0xz  T_6.0, 8;
    %load/vec4 v0x94d114be0_0;
    %flag_set/vec4 8;
    %jmp/0xz  T_6.2, 8;
    %load/vec4 v0x94d114e60_0;
    %load/vec4 v0x94d114d20_0;
    %ix/load 4, 2, 0;
    %flag_set/imm 4, 0;
    %shiftr 4;
    %ix/vec4 3;
    %ix/load 4, 0, 0; Constant delay
    %assign/vec4/a/d v0x94d114f00, 0, 4;
T_6.2 ;
T_6.0 ;
    %jmp T_6;
    .thread T_6;
    .scope S_0x105704310;
T_7 ;
    %wait E_0x94d065780;
    %load/vec4 v0x1057098c0_0;
    %dup/vec4;
    %pushi/vec4 0, 0, 4;
    %cmp/u;
    %jmp/1 T_7.0, 6;
    %dup/vec4;
    %pushi/vec4 1, 0, 4;
    %cmp/u;
    %jmp/1 T_7.1, 6;
    %dup/vec4;
    %pushi/vec4 2, 0, 4;
    %cmp/u;
    %jmp/1 T_7.2, 6;
    %dup/vec4;
    %pushi/vec4 3, 0, 4;
    %cmp/u;
    %jmp/1 T_7.3, 6;
    %dup/vec4;
    %pushi/vec4 4, 0, 4;
    %cmp/u;
    %jmp/1 T_7.4, 6;
    %dup/vec4;
    %pushi/vec4 5, 0, 4;
    %cmp/u;
    %jmp/1 T_7.5, 6;
    %dup/vec4;
    %pushi/vec4 6, 0, 4;
    %cmp/u;
    %jmp/1 T_7.6, 6;
    %dup/vec4;
    %pushi/vec4 7, 0, 4;
    %cmp/u;
    %jmp/1 T_7.7, 6;
    %dup/vec4;
    %pushi/vec4 8, 0, 4;
    %cmp/u;
    %jmp/1 T_7.8, 6;
    %dup/vec4;
    %pushi/vec4 9, 0, 4;
    %cmp/u;
    %jmp/1 T_7.9, 6;
    %dup/vec4;
    %pushi/vec4 10, 0, 4;
    %cmp/u;
    %jmp/1 T_7.10, 6;
    %dup/vec4;
    %pushi/vec4 11, 0, 4;
    %cmp/u;
    %jmp/1 T_7.11, 6;
    %dup/vec4;
    %pushi/vec4 12, 0, 4;
    %cmp/u;
    %jmp/1 T_7.12, 6;
    %dup/vec4;
    %pushi/vec4 13, 0, 4;
    %cmp/u;
    %jmp/1 T_7.13, 6;
    %jmp T_7.14;
T_7.0 ;
    %load/vec4 v0x105709740_0;
    %load/vec4 v0x1057095c0_0;
    %add;
    %store/vec4 v0x105709ae0_0, 0, 32;
    %jmp T_7.14;
T_7.1 ;
    %load/vec4 v0x105709740_0;
    %load/vec4 v0x1057095c0_0;
    %and;
    %store/vec4 v0x105709ae0_0, 0, 32;
    %jmp T_7.14;
T_7.2 ;
    %load/vec4 v0x105709740_0;
    %load/vec4 v0x1057095c0_0;
    %or;
    %inv;
    %store/vec4 v0x105709ae0_0, 0, 32;
    %jmp T_7.14;
T_7.3 ;
    %load/vec4 v0x105709740_0;
    %load/vec4 v0x1057095c0_0;
    %or;
    %store/vec4 v0x105709ae0_0, 0, 32;
    %jmp T_7.14;
T_7.4 ;
    %load/vec4 v0x1057095c0_0;
    %ix/getv 4, v0x105709440_0;
    %shiftl 4;
    %store/vec4 v0x105709ae0_0, 0, 32;
    %jmp T_7.14;
T_7.5 ;
    %load/vec4 v0x1057095c0_0;
    %ix/getv 4, v0x105709440_0;
    %shiftr/s 4;
    %store/vec4 v0x105709ae0_0, 0, 32;
    %jmp T_7.14;
T_7.6 ;
    %load/vec4 v0x1057095c0_0;
    %ix/getv 4, v0x105709440_0;
    %shiftr 4;
    %store/vec4 v0x105709ae0_0, 0, 32;
    %jmp T_7.14;
T_7.7 ;
    %load/vec4 v0x105709740_0;
    %load/vec4 v0x1057095c0_0;
    %sub;
    %store/vec4 v0x105709ae0_0, 0, 32;
    %jmp T_7.14;
T_7.8 ;
    %load/vec4 v0x105709740_0;
    %load/vec4 v0x1057095c0_0;
    %xor;
    %store/vec4 v0x105709ae0_0, 0, 32;
    %jmp T_7.14;
T_7.9 ;
    %load/vec4 v0x105709740_0;
    %load/vec4 v0x1057095c0_0;
    %cmp/s;
    %flag_get/vec4 5;
    %pad/u 32;
    %store/vec4 v0x105709ae0_0, 0, 32;
    %jmp T_7.14;
T_7.10 ;
    %load/vec4 v0x105709740_0;
    %load/vec4 v0x1057095c0_0;
    %cmp/u;
    %flag_get/vec4 5;
    %pad/u 32;
    %store/vec4 v0x105709ae0_0, 0, 32;
    %jmp T_7.14;
T_7.11 ;
    %load/vec4 v0x105709740_0;
    %load/vec4 v0x1057095c0_0;
    %cmp/e;
    %flag_get/vec4 4;
    %store/vec4 v0x1057092c0_0, 0, 1;
    %jmp T_7.14;
T_7.12 ;
    %load/vec4 v0x105709740_0;
    %load/vec4 v0x1057095c0_0;
    %cmp/ne;
    %flag_get/vec4 4;
    %store/vec4 v0x1057092c0_0, 0, 1;
    %jmp T_7.14;
T_7.13 ;
    %load/vec4 v0x1057095c0_0;
    %ix/load 4, 16, 0;
    %flag_set/imm 4, 0;
    %shiftl 4;
    %store/vec4 v0x105709ae0_0, 0, 32;
    %jmp T_7.14;
T_7.14 ;
    %pop/vec4 1;
    %jmp T_7;
    .thread T_7, $push;
    .scope S_0x105704190;
T_8 ;
    %wait E_0x94d065740;
    %load/vec4 v0x94d116260_0;
    %cmpi/e 0, 0, 2;
    %jmp/0xz  T_8.0, 4;
    %load/vec4 v0x94d117700_0;
    %store/vec4 v0x94d116440_0, 0, 32;
    %jmp T_8.1;
T_8.0 ;
    %load/vec4 v0x94d116260_0;
    %cmpi/e 1, 0, 2;
    %jmp/0xz  T_8.2, 4;
    %load/vec4 v0x94d115860_0;
    %store/vec4 v0x94d116440_0, 0, 32;
    %jmp T_8.3;
T_8.2 ;
    %load/vec4 v0x94d116260_0;
    %cmpi/e 2, 0, 2;
    %jmp/0xz  T_8.4, 4;
    %load/vec4 v0x94d1161c0_0;
    %parti/s 4, 28, 6;
    %load/vec4 v0x94d117ac0_0;
    %concat/vec4; draw_concat_vec4
    %concati/vec4 0, 0, 2;
    %store/vec4 v0x94d116440_0, 0, 32;
    %jmp T_8.5;
T_8.4 ;
    %load/vec4 v0x94d116260_0;
    %cmpi/e 3, 0, 2;
    %jmp/0xz  T_8.6, 4;
    %load/vec4 v0x94d115a40_0;
    %store/vec4 v0x94d116440_0, 0, 32;
T_8.6 ;
T_8.5 ;
T_8.3 ;
T_8.1 ;
    %jmp T_8;
    .thread T_8, $push;
    .scope S_0x105704190;
T_9 ;
    %wait E_0x94d065840;
    %vpi_call 3 138 "$display", "PC=%h IR=%h", v0x94d1161c0_0, v0x94d115c20_0 {0 0 0};
    %load/vec4 v0x94d118320_0;
    %flag_set/vec4 8;
    %jmp/0xz  T_9.0, 8;
    %pushi/vec4 0, 0, 32;
    %assign/vec4 v0x94d1161c0_0, 0;
    %jmp T_9.1;
T_9.0 ;
    %load/vec4 v0x94d116300_0;
    %flag_set/vec4 8;
    %jmp/1 T_9.4, 8;
    %load/vec4 v0x94d1163a0_0;
    %flag_set/vec4 10;
    %flag_get/vec4 10;
    %jmp/0 T_9.5, 10;
    %load/vec4 v0x94d118640_0;
    %and;
T_9.5;
    %flag_set/vec4 9;
    %flag_or 8, 9;
T_9.4;
    %jmp/0xz  T_9.2, 8;
    %load/vec4 v0x94d116440_0;
    %assign/vec4 v0x94d1161c0_0, 0;
T_9.2 ;
    %load/vec4 v0x94d115cc0_0;
    %flag_set/vec4 8;
    %jmp/0xz  T_9.6, 8;
    %load/vec4 v0x94d117c00_0;
    %assign/vec4 v0x94d115c20_0, 0;
T_9.6 ;
    %load/vec4 v0x94d115fe0_0;
    %flag_set/vec4 8;
    %jmp/0xz  T_9.8, 8;
    %load/vec4 v0x94d117c00_0;
    %assign/vec4 v0x94d115ea0_0, 0;
T_9.8 ;
    %load/vec4 v0x94d117700_0;
    %assign/vec4 v0x94d1157c0_0, 0;
    %load/vec4 v0x94d118140_0;
    %assign/vec4 v0x94d115680_0, 0;
    %load/vec4 v0x94d1181e0_0;
    %assign/vec4 v0x94d115ae0_0, 0;
T_9.1 ;
    %jmp T_9;
    .thread T_9;
    .scope S_0x105704190;
T_10 ;
    %wait E_0x94d065840;
    %jmp T_10;
    .thread T_10;
    .scope S_0x105705100;
T_11 ;
    %vpi_call 2 20 "$dumpfile", "cpu.vcd" {0 0 0};
    %vpi_call 2 21 "$dumpvars", 32'sb00000000000000000000000000000000, S_0x105705100 {0 0 0};
    %end;
    .thread T_11;
    .scope S_0x105705100;
T_12 ;
    %fork t_1, S_0x105704b40;
    %jmp t_0;
    .scope S_0x105704b40;
t_1 ;
    %vpi_call 2 25 "$readmemh", "reference_mem.mem", v0x94d118960 {0 0 0};
    %vpi_call 2 26 "$readmemh", "reference_reg.mem", v0x94d118a00 {0 0 0};
    %end;
    .scope S_0x105705100;
t_0 %join;
    %end;
    .thread T_12;
    .scope S_0x105705100;
T_13 ;
    %fork t_3, S_0x105705280;
    %jmp t_2;
    .scope S_0x105705280;
t_3 ;
    %pushi/vec4 0, 0, 1;
    %store/vec4 v0x94d118780_0, 0, 1;
T_13.0 ;
    %delay 5000, 0;
    %load/vec4 v0x94d118780_0;
    %inv;
    %store/vec4 v0x94d118780_0, 0, 1;
    %jmp T_13.0;
T_13.1 ;
    %end;
    .scope S_0x105705100;
t_2 %join;
    %end;
    .thread T_13;
    .scope S_0x105705100;
T_14 ;
    %fork t_5, S_0x105704cc0;
    %jmp t_4;
    .scope S_0x105704cc0;
t_5 ;
    %pushi/vec4 0, 0, 32;
    %store/vec4 v0x94d1186e0_0, 0, 32;
    %pushi/vec4 1, 0, 1;
    %store/vec4 v0x94d118aa0_0, 0, 1;
    %delay 15000, 0;
    %pushi/vec4 0, 0, 1;
    %store/vec4 v0x94d118aa0_0, 0, 1;
    %wait E_0x94d065700;
    %vpi_call 2 41 "$display", "Program Terminate\012" {0 0 0};
    %pushi/vec4 0, 0, 32;
    %store/vec4 v0x94d1188c0_0, 0, 32;
T_14.0 ; Top of for-loop
    %load/vec4 v0x94d1188c0_0;
    %cmpi/s 32, 0, 32;
	  %jmp/0xz T_14.1, 5;
    %ix/getv/s 4, v0x94d1188c0_0;
    %load/vec4a v0x94d115400, 4;
    %ix/getv/s 4, v0x94d1188c0_0;
    %load/vec4a v0x94d118a00, 4;
    %cmp/ne;
    %jmp/0xz  T_14.3, 4;
    %pushi/vec4 1, 0, 32;
    %store/vec4 v0x94d1186e0_0, 0, 32;
T_14.3 ;
T_14.2 ; for-loop step statement
    %load/vec4 v0x94d1188c0_0;
    %addi 1, 0, 32;
    %store/vec4 v0x94d1188c0_0, 0, 32;
    %jmp T_14.0;
T_14.1 ; for-loop exit label
    %pushi/vec4 0, 0, 32;
    %store/vec4 v0x94d1188c0_0, 0, 32;
T_14.5 ; Top of for-loop
    %load/vec4 v0x94d1188c0_0;
    %cmpi/s 8192, 0, 32;
	  %jmp/0xz T_14.6, 5;
    %ix/getv/s 4, v0x94d1188c0_0;
    %load/vec4a v0x94d114f00, 4;
    %ix/getv/s 4, v0x94d1188c0_0;
    %load/vec4a v0x94d118960, 4;
    %cmp/ne;
    %jmp/0xz  T_14.8, 4;
    %pushi/vec4 1, 0, 32;
    %store/vec4 v0x94d1186e0_0, 0, 32;
T_14.8 ;
T_14.7 ; for-loop step statement
    %load/vec4 v0x94d1188c0_0;
    %addi 1, 0, 32;
    %store/vec4 v0x94d1188c0_0, 0, 32;
    %jmp T_14.5;
T_14.6 ; for-loop exit label
    %load/vec4 v0x94d1186e0_0;
    %cmpi/ne 0, 0, 32;
    %jmp/0xz  T_14.10, 4;
    %vpi_call 2 55 "$display", "Simulation failed." {0 0 0};
    %pushi/vec4 0, 0, 32;
    %store/vec4 v0x94d1188c0_0, 0, 32;
T_14.12 ; Top of for-loop
    %load/vec4 v0x94d1188c0_0;
    %cmpi/s 32, 0, 32;
	  %jmp/0xz T_14.13, 5;
    %vpi_call 2 57 "$display", "index: %d, dat: %h, %h", v0x94d1188c0_0, &A<v0x94d115400, v0x94d1188c0_0 >, &A<v0x94d118a00, v0x94d1188c0_0 > {0 0 0};
T_14.14 ; for-loop step statement
    %load/vec4 v0x94d1188c0_0;
    %addi 1, 0, 32;
    %store/vec4 v0x94d1188c0_0, 0, 32;
    %jmp T_14.12;
T_14.13 ; for-loop exit label
    %jmp T_14.11;
T_14.10 ;
    %vpi_call 2 61 "$display", "Simulation success!!!" {0 0 0};
T_14.11 ;
    %vpi_call 2 62 "$finish" {0 0 0};
    %end;
    .scope S_0x105705100;
t_4 %join;
    %end;
    .thread T_14;
# The file index is used to find the file name in the following table.
:file_names 8;
    "N/A";
    "<interactive>";
    "CPU_tb.v";
    "CPU.v";
    "ALU.v";
    "CTRL.v";
    "MEM.v";
    "RF.v";
