#! /opt/homebrew/Cellar/icarus-verilog/13.0/bin/vvp
:ivl_version "13.0 (stable)" "(v13_0)";
:ivl_delay_selection "TYPICAL";
:vpi_time_precision - 12;
:vpi_module "/opt/homebrew/Cellar/icarus-verilog/13.0/lib/ivl/system.vpi";
:vpi_module "/opt/homebrew/Cellar/icarus-verilog/13.0/lib/ivl/vhdl_sys.vpi";
:vpi_module "/opt/homebrew/Cellar/icarus-verilog/13.0/lib/ivl/vhdl_textio.vpi";
:vpi_module "/opt/homebrew/Cellar/icarus-verilog/13.0/lib/ivl/v2005_math.vpi";
:vpi_module "/opt/homebrew/Cellar/icarus-verilog/13.0/lib/ivl/va_math.vpi";
S_0x101acf9a0 .scope module, "CPU_tb" "CPU_tb" 2 4;
 .timescale -9 -12;
v0x9b4e473e0_0 .var/i "FAILED", 31 0;
v0x9b4e47480_0 .var "clk", 0 0;
v0x9b4e47520_0 .net "halt", 0 0, L_0x9b5071cc0;  1 drivers
v0x9b4e475c0_0 .var/i "i", 31 0;
v0x9b4e47660 .array "memory", 8191 0, 31 0;
v0x9b4e47700 .array "register_file", 31 0, 31 0;
v0x9b4e477a0_0 .var "rst", 0 0;
S_0x101acfb20 .scope begin, "CLOCK_GENERATOR" "CLOCK_GENERATOR" 2 30, 2 30 0, S_0x101acf9a0;
 .timescale -9 -12;
S_0x101acf420 .scope begin, "REF_INIT" "REF_INIT" 2 24, 2 24 0, S_0x101acf9a0;
 .timescale -9 -12;
S_0x101acf5a0 .scope begin, "Settings" "Settings" 2 35, 2 35 0, S_0x101acf9a0;
 .timescale -9 -12;
E_0x9b50e6c00 .event posedge, v0x9b4e464e0_0;
S_0x101ad0a00 .scope module, "cpu" "CPU" 2 17, 3 4 0, S_0x101acf9a0;
 .timescale -9 -12;
    .port_info 0 /INPUT 1 "clk";
    .port_info 1 /INPUT 1 "rst";
    .port_info 2 /OUTPUT 1 "halt";
L_0x9b506e840 .functor BUFZ 3, v0x9b4e44140_0, C4<000>, C4<000>, C4<000>;
L_0x9b506eae0 .functor BUFZ 32, v0x9b4e44be0_0, C4<00000000000000000000000000000000>, C4<00000000000000000000000000000000>, C4<00000000000000000000000000000000>;
L_0x9b506eb50 .functor BUFZ 32, v0x9b4e445a0_0, C4<00000000000000000000000000000000>, C4<00000000000000000000000000000000>, C4<00000000000000000000000000000000>;
L_0x9b506ebc0 .functor BUFZ 32, v0x9b4c37ca0_0, C4<00000000000000000000000000000000>, C4<00000000000000000000000000000000>, C4<00000000000000000000000000000000>;
L_0x9b506edf0 .functor BUFZ 32, v0x9b4c377a0_0, C4<00000000000000000000000000000000>, C4<00000000000000000000000000000000>, C4<00000000000000000000000000000000>;
L_0x9b506ee60 .functor BUFZ 32, v0x9b4c37660_0, C4<00000000000000000000000000000000>, C4<00000000000000000000000000000000>, C4<00000000000000000000000000000000>;
L_0x9b506f090 .functor BUFZ 5, v0x9b4c37b60_0, C4<00000>, C4<00000>, C4<00000>;
L_0x9b506f170 .functor BUFZ 32, v0x9b4e46080_0, C4<00000000000000000000000000000000>, C4<00000000000000000000000000000000>, C4<00000000000000000000000000000000>;
L_0x9b506f1e0 .functor BUFZ 5, L_0x9b5071c20, C4<00000>, C4<00000>, C4<00000>;
L_0x9b506f250 .functor BUFZ 5, L_0x9b5071e00, C4<00000>, C4<00000>, C4<00000>;
L_0x9b506f2c0 .functor BUFZ 5, v0x9b4e45180_0, C4<00000>, C4<00000>, C4<00000>;
L_0x9b506f330 .functor BUFZ 32, v0x9b4e44820_0, C4<00000000000000000000000000000000>, C4<00000000000000000000000000000000>, C4<00000000000000000000000000000000>;
o0x9b5542260 .functor BUFZ 1, c4<z>; HiZ drive
L_0x9b4e48000 .functor AND 1, o0x9b5542260, v0x9b4c37e80_0, C4<1>, C4<1>;
L_0x9b506f3a0 .functor BUFZ 6, v0x9b4e44000_0, C4<000000>, C4<000000>, C4<000000>;
L_0x9b506f410 .functor BUFZ 3, v0x9b4c378e0_0, C4<000>, C4<000>, C4<000>;
L_0x9b506f480 .functor BUFZ 2, v0x9b4e45040_0, C4<00>, C4<00>, C4<00>;
v0x9b4c373e0_0 .net "ALUOp", 3 0, L_0x9b5072260;  1 drivers
v0x9b4c37480_0 .net "ALUSrc", 0 0, L_0x9b5072300;  1 drivers
v0x9b4c37520_0 .net "Branch", 0 0, L_0x9b5072440;  1 drivers
v0x9b4c375c0_0 .net "EX", 5 0, v0x9b4c354a0_0;  1 drivers
v0x9b4c37660_0 .var "EXtoMEM_ADDresult", 31 0;
v0x9b4c37700_0 .net "EXtoMEM_ADDresultWire", 31 0, L_0x9b506ee60;  1 drivers
v0x9b4c377a0_0 .var "EXtoMEM_ALUresult", 31 0;
v0x9b4c37840_0 .net "EXtoMEM_ALUresultWire", 31 0, L_0x9b506edf0;  1 drivers
v0x9b4c378e0_0 .var "EXtoMEM_MEMreg", 2 0;
v0x9b4c37980_0 .net "EXtoMEM_MEMwire", 2 0, v0x9b4c378e0_0;  1 drivers
v0x9b4c37a20_0 .var "EXtoMEM_WBreg", 1 0;
v0x9b4c37ac0_0 .net "EXtoMEM_WBwire", 1 0, v0x9b4c37a20_0;  1 drivers
v0x9b4c37b60_0 .var "EXtoMEM_destination", 4 0;
v0x9b4c37c00_0 .net "EXtoMEM_destinationWire", 4 0, L_0x9b506f090;  1 drivers
v0x9b4c37ca0_0 .var "EXtoMEM_nextPC", 31 0;
v0x9b4c37d40_0 .net "EXtoMEM_nextPCwire", 31 0, L_0x9b506ebc0;  1 drivers
v0x9b4c37de0_0 .var "EXtoMEM_wrdata", 31 0;
v0x9b4c37e80_0 .var "EXtoMEM_zero", 0 0;
v0x9b4c37f20_0 .net "EXtoMEM_zeroWire", 0 0, v0x9b4c37e80_0;  1 drivers
v0x9b4e44000_0 .var "IDtoEX_EXreg", 5 0;
v0x9b4e440a0_0 .net "IDtoEX_EXwire", 5 0, v0x9b4e44000_0;  1 drivers
v0x9b4e44140_0 .var "IDtoEX_MEMreg", 2 0;
v0x9b4e441e0_0 .net "IDtoEX_MEMwire", 2 0, L_0x9b506e840;  1 drivers
v0x9b4e44280_0 .var "IDtoEX_WBreg", 1 0;
v0x9b4e44320_0 .net "IDtoEX_WBwire", 1 0, v0x9b4e44280_0;  1 drivers
v0x9b4e443c0_0 .net "IDtoEX_destinationWire", 4 0, L_0x9b4c38c80;  1 drivers
v0x9b4e44460_0 .var "IDtoEX_ext", 31 0;
v0x9b4e44500_0 .net "IDtoEX_extWire", 31 0, v0x9b4e44460_0;  1 drivers
v0x9b4e445a0_0 .var "IDtoEX_nextPC", 31 0;
v0x9b4e44640_0 .net "IDtoEX_nextPCwire", 31 0, L_0x9b506eb50;  1 drivers
v0x9b4e446e0_0 .var "IDtoEX_rd", 4 0;
v0x9b4e44780_0 .net "IDtoEX_rdWire", 4 0, v0x9b4e446e0_0;  1 drivers
v0x9b4e44820_0 .var "IDtoEX_rd_data1", 31 0;
v0x9b4e448c0_0 .net "IDtoEX_rd_data1Wire", 31 0, v0x9b4e44820_0;  1 drivers
v0x9b4e44960_0 .var "IDtoEX_rd_data2", 31 0;
v0x9b4e44a00_0 .net "IDtoEX_rd_data2Wire", 31 0, v0x9b4e44960_0;  1 drivers
v0x9b4e44aa0_0 .var "IDtoEX_rt", 4 0;
v0x9b4e44b40_0 .net "IDtoEX_rtWire", 4 0, v0x9b4e44aa0_0;  1 drivers
v0x9b4e44be0_0 .var "IFtoID_nextPC", 31 0;
v0x9b4e44c80_0 .net "IFtoID_nextPCwire", 31 0, L_0x9b506eae0;  1 drivers
v0x9b4e44d20_0 .var "IR", 31 0;
v0x9b4e44dc0_0 .net "IRwire", 31 0, v0x9b4e44d20_0;  1 drivers
v0x9b4e44e60_0 .net "MEM", 2 0, v0x9b4c35680_0;  1 drivers
v0x9b4e44f00_0 .var "MEMtoWB_ALUresult", 31 0;
v0x9b4e44fa0_0 .net "MEMtoWB_ALUresultWire", 31 0, v0x9b4e44f00_0;  1 drivers
v0x9b4e45040_0 .var "MEMtoWB_WBreg", 1 0;
v0x9b4e450e0_0 .net "MEMtoWB_WBwire", 1 0, v0x9b4e45040_0;  1 drivers
v0x9b4e45180_0 .var "MEMtoWB_destination", 4 0;
v0x9b4e45220_0 .net "MEMtoWB_destinationWire", 4 0, v0x9b4e45180_0;  1 drivers
v0x9b4e452c0_0 .var "MEMtoWB_memorydata", 31 0;
v0x9b4e45360_0 .net "MEMtoWB_memorydataWire", 31 0, v0x9b4e452c0_0;  1 drivers
v0x9b4e45400_0 .net "MemRead", 0 0, L_0x9b50721c0;  1 drivers
v0x9b4e454a0_0 .net "MemWrite", 0 0, L_0x9b50724e0;  1 drivers
v0x9b4e45540_0 .net "MemtoReg", 0 0, L_0x9b5072620;  1 drivers
v0x9b4e455e0_0 .var "PC", 31 0;
v0x9b4e45680_0 .net "PCSrc", 0 0, L_0x9b4e48000;  1 drivers
v0x9b4e45720_0 .net "PC_plus4", 31 0, L_0x101ad4360;  1 drivers
v0x9b4e457c0_0 .net "RegDst", 0 0, L_0x9b50723a0;  1 drivers
v0x9b4e45860_0 .net "RegWrite", 0 0, L_0x9b5072580;  1 drivers
v0x9b4e45900_0 .net "SignExtend", 0 0, v0x9b4c35b80_0;  1 drivers
v0x9b4e459a0_0 .net "WB", 1 0, v0x9b4c35c20_0;  1 drivers
L_0x9b5574010 .functor BUFT 1, C4<00000000000000000000000000000100>, C4<0>, C4<0>, C4<0>;
v0x9b4e45a40_0 .net/2u *"_ivl_0", 31 0, L_0x9b5574010;  1 drivers
v0x9b4e45ae0_0 .net *"_ivl_101", 5 0, L_0x9b506f3a0;  1 drivers
v0x9b4e45b80_0 .net *"_ivl_107", 2 0, L_0x9b506f410;  1 drivers
v0x9b4e45c20_0 .net *"_ivl_11", 15 0, L_0x101ad4140;  1 drivers
v0x9b4e45cc0_0 .net *"_ivl_112", 1 0, L_0x9b506f480;  1 drivers
v0x9b4e45d60_0 .net *"_ivl_12", 31 0, L_0x9b4c38960;  1 drivers
L_0x9b55740a0 .functor BUFT 1, C4<0000000000000000>, C4<0>, C4<0>, C4<0>;
v0x9b4e45e00_0 .net/2u *"_ivl_14", 15 0, L_0x9b55740a0;  1 drivers
v0x9b4e45ea0_0 .net *"_ivl_16", 31 0, L_0x9b4c38a00;  1 drivers
L_0x9b5574058 .functor BUFT 1, C4<00000000000000000000000000000000>, C4<0>, C4<0>, C4<0>;
v0x9b4e45f40_0 .net/2u *"_ivl_4", 31 0, L_0x9b5574058;  1 drivers
v0x9b4e45fe0_0 .net *"_ivl_9", 0 0, L_0x9b5071ae0;  1 drivers
v0x9b4e46080_0 .var "addResult", 31 0;
v0x9b4e46120_0 .net "addResultWire", 31 0, L_0x9b506f170;  1 drivers
v0x9b4e461c0_0 .net "alu_result", 31 0, v0x9b4c34f00_0;  1 drivers
v0x9b4e46260_0 .net "branch", 0 0, o0x9b5542260;  0 drivers
v0x9b4e46300_0 .net "clk", 0 0, v0x9b4e47480_0;  1 drivers
v0x9b4e463a0_0 .net "ext_imm", 31 0, L_0x9b4c38aa0;  1 drivers
v0x9b4e46440_0 .net "funct", 5 0, L_0x9b5071fe0;  1 drivers
v0x9b4e464e0_0 .net "halt", 0 0, L_0x9b5071cc0;  alias, 1 drivers
v0x9b4e46580_0 .net "immi", 15 0, L_0x9b5072080;  1 drivers
v0x9b4e46620_0 .net "immj", 25 0, L_0x9b5072120;  1 drivers
v0x9b4e466c0_0 .net "inst", 31 0, v0x9b4c36940_0;  1 drivers
o0x9b54d8c70 .functor BUFZ 32, c4<zzzzzzzzzzzzzzzzzzzzzzzzzzzzzzzz>; HiZ drive
v0x9b4e46760_0 .net "inst_addr", 31 0, o0x9b54d8c70;  0 drivers
o0x9b54d8ca0 .functor BUFZ 32, c4<zzzzzzzzzzzzzzzzzzzzzzzzzzzzzzzz>; HiZ drive
v0x9b4e46800_0 .net "mem_addr", 31 0, o0x9b54d8ca0;  0 drivers
v0x9b4e468a0_0 .net "mem_read_data", 31 0, v0x9b4c36b20_0;  1 drivers
o0x9b54d8d00 .functor BUFZ 32, c4<zzzzzzzzzzzzzzzzzzzzzzzzzzzzzzzz>; HiZ drive
v0x9b4e46940_0 .net "mem_write_data", 31 0, o0x9b54d8d00;  0 drivers
v0x9b4e469e0_0 .net "opcode", 5 0, L_0x9b5071b80;  1 drivers
v0x9b4e46a80_0 .net "operand1", 31 0, L_0x9b506f330;  1 drivers
v0x9b4e46b20_0 .net "operand2", 31 0, L_0x9b4c38be0;  1 drivers
v0x9b4e46bc0_0 .net "rd", 4 0, L_0x9b5071ea0;  1 drivers
v0x9b4e46c60_0 .net "rd_addr1", 4 0, L_0x9b506f1e0;  1 drivers
v0x9b4e46d00_0 .net "rd_addr2", 4 0, L_0x9b506f250;  1 drivers
v0x9b4e46da0_0 .net "rd_data1", 31 0, v0x9b4c37020_0;  1 drivers
v0x9b4e46e40_0 .net "rd_data2", 31 0, v0x9b4c370c0_0;  1 drivers
v0x9b4e46ee0_0 .net "rs", 4 0, L_0x9b5071c20;  1 drivers
v0x9b4e46f80_0 .net "rst", 0 0, v0x9b4e477a0_0;  1 drivers
v0x9b4e47020_0 .net "rt", 4 0, L_0x9b5071e00;  1 drivers
v0x9b4e470c0_0 .net "shamt", 4 0, L_0x9b5071f40;  1 drivers
v0x9b4e47160_0 .net "stallTime", 0 0, v0x9b4c36760_0;  1 drivers
v0x9b4e47200_0 .net "wr_addr", 4 0, L_0x9b506f2c0;  1 drivers
v0x9b4e472a0_0 .net "wr_data", 31 0, L_0x9b4c38b40;  1 drivers
v0x9b4e47340_0 .net "zero", 0 0, v0x9b4c35220_0;  1 drivers
E_0x9b50e6c40 .event anyedge, v0x9b4e44640_0, v0x9b4e44500_0;
L_0x101ad4360 .arith/sum 32, v0x9b4e455e0_0, L_0x9b5574010;
L_0x9b5071cc0 .cmp/eq 32, v0x9b4e44d20_0, L_0x9b5574058;
L_0x9b5071ae0 .part L_0x9b5072080, 15, 1;
L_0x101ad4140 .repeat 16, 16, L_0x9b5071ae0;
L_0x9b4c38960 .concat [ 16 16 0 0], L_0x9b5072080, L_0x101ad4140;
L_0x9b4c38a00 .concat [ 16 16 0 0], L_0x9b5072080, L_0x9b55740a0;
L_0x9b4c38aa0 .functor MUXZ 32, L_0x9b4c38a00, L_0x9b4c38960, v0x9b4c35b80_0, C4<>;
L_0x9b5071b80 .part v0x9b4e44d20_0, 26, 6;
L_0x9b5071c20 .part v0x9b4e44d20_0, 21, 5;
L_0x9b5071e00 .part v0x9b4e44d20_0, 16, 5;
L_0x9b5071ea0 .part v0x9b4e44d20_0, 11, 5;
L_0x9b5071f40 .part v0x9b4e44d20_0, 6, 5;
L_0x9b5071fe0 .part v0x9b4e44d20_0, 0, 6;
L_0x9b5072080 .part v0x9b4e44d20_0, 0, 16;
L_0x9b5072120 .part v0x9b4e44d20_0, 0, 26;
L_0x9b4c38b40 .functor MUXZ 32, v0x9b4e452c0_0, v0x9b4e44f00_0, L_0x9b5072620, C4<>;
L_0x9b4c38be0 .functor MUXZ 32, v0x9b4e44960_0, v0x9b4e44460_0, L_0x9b5072300, C4<>;
L_0x9b5072260 .part L_0x9b506f3a0, 2, 4;
L_0x9b5072300 .part L_0x9b506f3a0, 1, 1;
L_0x9b50723a0 .part L_0x9b506f3a0, 0, 1;
L_0x9b5072440 .part L_0x9b506f410, 2, 1;
L_0x9b50721c0 .part L_0x9b506f410, 1, 1;
L_0x9b50724e0 .part L_0x9b506f410, 0, 1;
L_0x9b5072580 .part L_0x9b506f480, 1, 1;
L_0x9b5072620 .part L_0x9b506f480, 0, 1;
L_0x9b4c38c80 .functor MUXZ 5, v0x9b4e44aa0_0, v0x9b4e446e0_0, L_0x9b50723a0, C4<>;
S_0x101ad0b80 .scope module, "alu" "ALU" 3 324, 4 5 0, S_0x101ad0a00;
 .timescale -9 -12;
    .port_info 0 /INPUT 32 "operand1";
    .port_info 1 /INPUT 32 "operand2";
    .port_info 2 /INPUT 5 "shamt";
    .port_info 3 /INPUT 4 "funct";
    .port_info 4 /OUTPUT 32 "alu_result";
    .port_info 5 /OUTPUT 1 "zero";
v0x9b4c34f00_0 .var "alu_result", 31 0;
v0x9b4c34fa0_0 .net "funct", 3 0, L_0x9b5072260;  alias, 1 drivers
v0x9b4c35040_0 .net "operand1", 31 0, L_0x9b506f330;  alias, 1 drivers
v0x9b4c350e0_0 .net "operand2", 31 0, L_0x9b4c38be0;  alias, 1 drivers
v0x9b4c35180_0 .net "shamt", 4 0, L_0x9b5071f40;  alias, 1 drivers
v0x9b4c35220_0 .var "zero", 0 0;
E_0x9b50e6c80 .event anyedge, v0x9b4c34fa0_0, v0x9b4c35040_0, v0x9b4c350e0_0, v0x9b4c35180_0;
S_0x101acde80 .scope module, "ctrl" "CTRL" 3 280, 5 4 0, S_0x101ad0a00;
 .timescale -9 -12;
    .port_info 0 /INPUT 1 "clk";
    .port_info 1 /INPUT 1 "rst";
    .port_info 2 /INPUT 6 "opcode";
    .port_info 3 /INPUT 6 "funct";
    .port_info 4 /INPUT 1 "PCSrc";
    .port_info 5 /OUTPUT 2 "WB";
    .port_info 6 /OUTPUT 3 "MEM";
    .port_info 7 /OUTPUT 6 "EX";
    .port_info 8 /OUTPUT 1 "SignExtend";
v0x9b4c352c0_0 .var "ALUOp", 3 0;
v0x9b4c35360_0 .var "ALUSrc", 0 0;
v0x9b4c35400_0 .var "Branch", 0 0;
v0x9b4c354a0_0 .var "EX", 5 0;
v0x9b4c35540_0 .var "JR", 0 0;
v0x9b4c355e0_0 .var "Jump", 0 0;
v0x9b4c35680_0 .var "MEM", 2 0;
v0x9b4c35720_0 .var "MemRead", 0 0;
v0x9b4c357c0_0 .var "MemWrite", 0 0;
v0x9b4c35860_0 .var "MemtoReg", 0 0;
v0x9b4c35900_0 .net "PCSrc", 0 0, L_0x9b4e48000;  alias, 1 drivers
v0x9b4c359a0_0 .var "RegDst", 0 0;
v0x9b4c35a40_0 .var "RegWrite", 0 0;
v0x9b4c35ae0_0 .var "SavePC", 0 0;
v0x9b4c35b80_0 .var "SignExtend", 0 0;
v0x9b4c35c20_0 .var "WB", 1 0;
v0x9b4c35cc0_0 .net "clk", 0 0, v0x9b4e47480_0;  alias, 1 drivers
v0x9b4c35d60_0 .net "funct", 5 0, L_0x9b5071fe0;  alias, 1 drivers
v0x9b4c35e00_0 .net "opcode", 5 0, L_0x9b5071b80;  alias, 1 drivers
v0x9b4c35ea0_0 .net "rst", 0 0, v0x9b4e477a0_0;  alias, 1 drivers
E_0x9b50e6cc0 .event posedge, v0x9b4c35cc0_0;
E_0x9b50e6d00 .event anyedge, v0x9b4c35e00_0, v0x9b4c35d60_0;
S_0x101ace000 .scope module, "hazard" "HAZARD" 3 335, 6 1 0, S_0x101ad0a00;
 .timescale -9 -12;
    .port_info 0 /INPUT 1 "clk";
    .port_info 1 /INPUT 1 "rst";
    .port_info 2 /INPUT 5 "rd_addr1";
    .port_info 3 /INPUT 5 "rd_addr2";
    .port_info 4 /INPUT 5 "IDtoEX_destinationWire";
    .port_info 5 /INPUT 2 "IDtoEX_WBwire";
    .port_info 6 /INPUT 5 "EXtoMEM_destinationWire";
    .port_info 7 /INPUT 2 "EXtoMEM_WBwire";
    .port_info 8 /INPUT 5 "MEMtoWB_destinationWire";
    .port_info 9 /INPUT 2 "MEMtoWB_WBwire";
    .port_info 10 /OUTPUT 1 "stallTime";
v0x9b4c35f40_0 .net "EXtoMEM_RegWrite", 0 0, L_0x9b5072760;  1 drivers
v0x9b4c35fe0_0 .net "EXtoMEM_WBwire", 1 0, v0x9b4c37a20_0;  alias, 1 drivers
v0x9b4c36080_0 .net "EXtoMEM_destinationWire", 4 0, L_0x9b506f090;  alias, 1 drivers
v0x9b4c36120_0 .net "IDtoEX_RegWrite", 0 0, L_0x9b50726c0;  1 drivers
v0x9b4c361c0_0 .net "IDtoEX_WBwire", 1 0, v0x9b4e44280_0;  alias, 1 drivers
v0x9b4c36260_0 .net "IDtoEX_destinationWire", 4 0, L_0x9b4c38c80;  alias, 1 drivers
v0x9b4c36300_0 .net "MEMtoWB_RegWrite", 0 0, L_0x9b5072800;  1 drivers
v0x9b4c363a0_0 .net "MEMtoWB_WBwire", 1 0, v0x9b4e45040_0;  alias, 1 drivers
v0x9b4c36440_0 .net "MEMtoWB_destinationWire", 4 0, v0x9b4e45180_0;  alias, 1 drivers
v0x9b4c364e0_0 .net "clk", 0 0, v0x9b4e47480_0;  alias, 1 drivers
v0x9b4c36580_0 .net "rd_addr1", 4 0, L_0x9b506f1e0;  alias, 1 drivers
v0x9b4c36620_0 .net "rd_addr2", 4 0, L_0x9b506f250;  alias, 1 drivers
v0x9b4c366c0_0 .net "rst", 0 0, v0x9b4e477a0_0;  alias, 1 drivers
v0x9b4c36760_0 .var "stallTime", 0 0;
L_0x9b50726c0 .part v0x9b4e44280_0, 0, 1;
L_0x9b5072760 .part v0x9b4c37a20_0, 0, 1;
L_0x9b5072800 .part v0x9b4e45040_0, 0, 1;
S_0x101acffe0 .scope module, "mem" "MEM" 3 310, 7 3 0, S_0x101ad0a00;
 .timescale -9 -12;
    .port_info 0 /INPUT 1 "clk";
    .port_info 1 /INPUT 1 "rst";
    .port_info 2 /INPUT 32 "inst_addr";
    .port_info 3 /OUTPUT 32 "inst";
    .port_info 4 /INPUT 32 "mem_addr";
    .port_info 5 /INPUT 1 "MemWrite";
    .port_info 6 /INPUT 32 "mem_write_data";
    .port_info 7 /OUTPUT 32 "mem_read_data";
v0x9b4c36800_0 .net "MemWrite", 0 0, L_0x9b50724e0;  alias, 1 drivers
v0x9b4c368a0_0 .net "clk", 0 0, v0x9b4e47480_0;  alias, 1 drivers
v0x9b4c36940_0 .var "inst", 31 0;
v0x9b4c369e0_0 .net "inst_addr", 31 0, o0x9b54d8c70;  alias, 0 drivers
v0x9b4c36a80_0 .net "mem_addr", 31 0, o0x9b54d8ca0;  alias, 0 drivers
v0x9b4c36b20_0 .var "mem_read_data", 31 0;
v0x9b4c36bc0_0 .net "mem_write_data", 31 0, o0x9b54d8d00;  alias, 0 drivers
v0x9b4c36c60 .array "memory", 8191 0, 31 0;
v0x9b4c36d00_0 .net "rst", 0 0, v0x9b4e477a0_0;  alias, 1 drivers
v0x9b4c36c60_0 .array/port v0x9b4c36c60, 0;
v0x9b4c36c60_1 .array/port v0x9b4c36c60, 1;
v0x9b4c36c60_2 .array/port v0x9b4c36c60, 2;
E_0x9b50e6d80/0 .event anyedge, v0x9b4c369e0_0, v0x9b4c36c60_0, v0x9b4c36c60_1, v0x9b4c36c60_2;
v0x9b4c36c60_3 .array/port v0x9b4c36c60, 3;
v0x9b4c36c60_4 .array/port v0x9b4c36c60, 4;
v0x9b4c36c60_5 .array/port v0x9b4c36c60, 5;
v0x9b4c36c60_6 .array/port v0x9b4c36c60, 6;
E_0x9b50e6d80/1 .event anyedge, v0x9b4c36c60_3, v0x9b4c36c60_4, v0x9b4c36c60_5, v0x9b4c36c60_6;
v0x9b4c36c60_7 .array/port v0x9b4c36c60, 7;
v0x9b4c36c60_8 .array/port v0x9b4c36c60, 8;
v0x9b4c36c60_9 .array/port v0x9b4c36c60, 9;
v0x9b4c36c60_10 .array/port v0x9b4c36c60, 10;
E_0x9b50e6d80/2 .event anyedge, v0x9b4c36c60_7, v0x9b4c36c60_8, v0x9b4c36c60_9, v0x9b4c36c60_10;
v0x9b4c36c60_11 .array/port v0x9b4c36c60, 11;
v0x9b4c36c60_12 .array/port v0x9b4c36c60, 12;
v0x9b4c36c60_13 .array/port v0x9b4c36c60, 13;
v0x9b4c36c60_14 .array/port v0x9b4c36c60, 14;
E_0x9b50e6d80/3 .event anyedge, v0x9b4c36c60_11, v0x9b4c36c60_12, v0x9b4c36c60_13, v0x9b4c36c60_14;
v0x9b4c36c60_15 .array/port v0x9b4c36c60, 15;
v0x9b4c36c60_16 .array/port v0x9b4c36c60, 16;
v0x9b4c36c60_17 .array/port v0x9b4c36c60, 17;
v0x9b4c36c60_18 .array/port v0x9b4c36c60, 18;
E_0x9b50e6d80/4 .event anyedge, v0x9b4c36c60_15, v0x9b4c36c60_16, v0x9b4c36c60_17, v0x9b4c36c60_18;
v0x9b4c36c60_19 .array/port v0x9b4c36c60, 19;
v0x9b4c36c60_20 .array/port v0x9b4c36c60, 20;
v0x9b4c36c60_21 .array/port v0x9b4c36c60, 21;
v0x9b4c36c60_22 .array/port v0x9b4c36c60, 22;
E_0x9b50e6d80/5 .event anyedge, v0x9b4c36c60_19, v0x9b4c36c60_20, v0x9b4c36c60_21, v0x9b4c36c60_22;
v0x9b4c36c60_23 .array/port v0x9b4c36c60, 23;
v0x9b4c36c60_24 .array/port v0x9b4c36c60, 24;
v0x9b4c36c60_25 .array/port v0x9b4c36c60, 25;
v0x9b4c36c60_26 .array/port v0x9b4c36c60, 26;
E_0x9b50e6d80/6 .event anyedge, v0x9b4c36c60_23, v0x9b4c36c60_24, v0x9b4c36c60_25, v0x9b4c36c60_26;
v0x9b4c36c60_27 .array/port v0x9b4c36c60, 27;
v0x9b4c36c60_28 .array/port v0x9b4c36c60, 28;
v0x9b4c36c60_29 .array/port v0x9b4c36c60, 29;
v0x9b4c36c60_30 .array/port v0x9b4c36c60, 30;
E_0x9b50e6d80/7 .event anyedge, v0x9b4c36c60_27, v0x9b4c36c60_28, v0x9b4c36c60_29, v0x9b4c36c60_30;
v0x9b4c36c60_31 .array/port v0x9b4c36c60, 31;
v0x9b4c36c60_32 .array/port v0x9b4c36c60, 32;
v0x9b4c36c60_33 .array/port v0x9b4c36c60, 33;
v0x9b4c36c60_34 .array/port v0x9b4c36c60, 34;
E_0x9b50e6d80/8 .event anyedge, v0x9b4c36c60_31, v0x9b4c36c60_32, v0x9b4c36c60_33, v0x9b4c36c60_34;
v0x9b4c36c60_35 .array/port v0x9b4c36c60, 35;
v0x9b4c36c60_36 .array/port v0x9b4c36c60, 36;
v0x9b4c36c60_37 .array/port v0x9b4c36c60, 37;
v0x9b4c36c60_38 .array/port v0x9b4c36c60, 38;
E_0x9b50e6d80/9 .event anyedge, v0x9b4c36c60_35, v0x9b4c36c60_36, v0x9b4c36c60_37, v0x9b4c36c60_38;
v0x9b4c36c60_39 .array/port v0x9b4c36c60, 39;
v0x9b4c36c60_40 .array/port v0x9b4c36c60, 40;
v0x9b4c36c60_41 .array/port v0x9b4c36c60, 41;
v0x9b4c36c60_42 .array/port v0x9b4c36c60, 42;
E_0x9b50e6d80/10 .event anyedge, v0x9b4c36c60_39, v0x9b4c36c60_40, v0x9b4c36c60_41, v0x9b4c36c60_42;
v0x9b4c36c60_43 .array/port v0x9b4c36c60, 43;
v0x9b4c36c60_44 .array/port v0x9b4c36c60, 44;
v0x9b4c36c60_45 .array/port v0x9b4c36c60, 45;
v0x9b4c36c60_46 .array/port v0x9b4c36c60, 46;
E_0x9b50e6d80/11 .event anyedge, v0x9b4c36c60_43, v0x9b4c36c60_44, v0x9b4c36c60_45, v0x9b4c36c60_46;
v0x9b4c36c60_47 .array/port v0x9b4c36c60, 47;
v0x9b4c36c60_48 .array/port v0x9b4c36c60, 48;
v0x9b4c36c60_49 .array/port v0x9b4c36c60, 49;
v0x9b4c36c60_50 .array/port v0x9b4c36c60, 50;
E_0x9b50e6d80/12 .event anyedge, v0x9b4c36c60_47, v0x9b4c36c60_48, v0x9b4c36c60_49, v0x9b4c36c60_50;
v0x9b4c36c60_51 .array/port v0x9b4c36c60, 51;
v0x9b4c36c60_52 .array/port v0x9b4c36c60, 52;
v0x9b4c36c60_53 .array/port v0x9b4c36c60, 53;
v0x9b4c36c60_54 .array/port v0x9b4c36c60, 54;
E_0x9b50e6d80/13 .event anyedge, v0x9b4c36c60_51, v0x9b4c36c60_52, v0x9b4c36c60_53, v0x9b4c36c60_54;
v0x9b4c36c60_55 .array/port v0x9b4c36c60, 55;
v0x9b4c36c60_56 .array/port v0x9b4c36c60, 56;
v0x9b4c36c60_57 .array/port v0x9b4c36c60, 57;
v0x9b4c36c60_58 .array/port v0x9b4c36c60, 58;
E_0x9b50e6d80/14 .event anyedge, v0x9b4c36c60_55, v0x9b4c36c60_56, v0x9b4c36c60_57, v0x9b4c36c60_58;
v0x9b4c36c60_59 .array/port v0x9b4c36c60, 59;
v0x9b4c36c60_60 .array/port v0x9b4c36c60, 60;
v0x9b4c36c60_61 .array/port v0x9b4c36c60, 61;
v0x9b4c36c60_62 .array/port v0x9b4c36c60, 62;
E_0x9b50e6d80/15 .event anyedge, v0x9b4c36c60_59, v0x9b4c36c60_60, v0x9b4c36c60_61, v0x9b4c36c60_62;
v0x9b4c36c60_63 .array/port v0x9b4c36c60, 63;
v0x9b4c36c60_64 .array/port v0x9b4c36c60, 64;
v0x9b4c36c60_65 .array/port v0x9b4c36c60, 65;
v0x9b4c36c60_66 .array/port v0x9b4c36c60, 66;
E_0x9b50e6d80/16 .event anyedge, v0x9b4c36c60_63, v0x9b4c36c60_64, v0x9b4c36c60_65, v0x9b4c36c60_66;
v0x9b4c36c60_67 .array/port v0x9b4c36c60, 67;
v0x9b4c36c60_68 .array/port v0x9b4c36c60, 68;
v0x9b4c36c60_69 .array/port v0x9b4c36c60, 69;
v0x9b4c36c60_70 .array/port v0x9b4c36c60, 70;
E_0x9b50e6d80/17 .event anyedge, v0x9b4c36c60_67, v0x9b4c36c60_68, v0x9b4c36c60_69, v0x9b4c36c60_70;
v0x9b4c36c60_71 .array/port v0x9b4c36c60, 71;
v0x9b4c36c60_72 .array/port v0x9b4c36c60, 72;
v0x9b4c36c60_73 .array/port v0x9b4c36c60, 73;
v0x9b4c36c60_74 .array/port v0x9b4c36c60, 74;
E_0x9b50e6d80/18 .event anyedge, v0x9b4c36c60_71, v0x9b4c36c60_72, v0x9b4c36c60_73, v0x9b4c36c60_74;
v0x9b4c36c60_75 .array/port v0x9b4c36c60, 75;
v0x9b4c36c60_76 .array/port v0x9b4c36c60, 76;
v0x9b4c36c60_77 .array/port v0x9b4c36c60, 77;
v0x9b4c36c60_78 .array/port v0x9b4c36c60, 78;
E_0x9b50e6d80/19 .event anyedge, v0x9b4c36c60_75, v0x9b4c36c60_76, v0x9b4c36c60_77, v0x9b4c36c60_78;
v0x9b4c36c60_79 .array/port v0x9b4c36c60, 79;
v0x9b4c36c60_80 .array/port v0x9b4c36c60, 80;
v0x9b4c36c60_81 .array/port v0x9b4c36c60, 81;
v0x9b4c36c60_82 .array/port v0x9b4c36c60, 82;
E_0x9b50e6d80/20 .event anyedge, v0x9b4c36c60_79, v0x9b4c36c60_80, v0x9b4c36c60_81, v0x9b4c36c60_82;
v0x9b4c36c60_83 .array/port v0x9b4c36c60, 83;
v0x9b4c36c60_84 .array/port v0x9b4c36c60, 84;
v0x9b4c36c60_85 .array/port v0x9b4c36c60, 85;
v0x9b4c36c60_86 .array/port v0x9b4c36c60, 86;
E_0x9b50e6d80/21 .event anyedge, v0x9b4c36c60_83, v0x9b4c36c60_84, v0x9b4c36c60_85, v0x9b4c36c60_86;
v0x9b4c36c60_87 .array/port v0x9b4c36c60, 87;
v0x9b4c36c60_88 .array/port v0x9b4c36c60, 88;
v0x9b4c36c60_89 .array/port v0x9b4c36c60, 89;
v0x9b4c36c60_90 .array/port v0x9b4c36c60, 90;
E_0x9b50e6d80/22 .event anyedge, v0x9b4c36c60_87, v0x9b4c36c60_88, v0x9b4c36c60_89, v0x9b4c36c60_90;
v0x9b4c36c60_91 .array/port v0x9b4c36c60, 91;
v0x9b4c36c60_92 .array/port v0x9b4c36c60, 92;
v0x9b4c36c60_93 .array/port v0x9b4c36c60, 93;
v0x9b4c36c60_94 .array/port v0x9b4c36c60, 94;
E_0x9b50e6d80/23 .event anyedge, v0x9b4c36c60_91, v0x9b4c36c60_92, v0x9b4c36c60_93, v0x9b4c36c60_94;
v0x9b4c36c60_95 .array/port v0x9b4c36c60, 95;
v0x9b4c36c60_96 .array/port v0x9b4c36c60, 96;
v0x9b4c36c60_97 .array/port v0x9b4c36c60, 97;
v0x9b4c36c60_98 .array/port v0x9b4c36c60, 98;
E_0x9b50e6d80/24 .event anyedge, v0x9b4c36c60_95, v0x9b4c36c60_96, v0x9b4c36c60_97, v0x9b4c36c60_98;
v0x9b4c36c60_99 .array/port v0x9b4c36c60, 99;
v0x9b4c36c60_100 .array/port v0x9b4c36c60, 100;
v0x9b4c36c60_101 .array/port v0x9b4c36c60, 101;
v0x9b4c36c60_102 .array/port v0x9b4c36c60, 102;
E_0x9b50e6d80/25 .event anyedge, v0x9b4c36c60_99, v0x9b4c36c60_100, v0x9b4c36c60_101, v0x9b4c36c60_102;
v0x9b4c36c60_103 .array/port v0x9b4c36c60, 103;
v0x9b4c36c60_104 .array/port v0x9b4c36c60, 104;
v0x9b4c36c60_105 .array/port v0x9b4c36c60, 105;
v0x9b4c36c60_106 .array/port v0x9b4c36c60, 106;
E_0x9b50e6d80/26 .event anyedge, v0x9b4c36c60_103, v0x9b4c36c60_104, v0x9b4c36c60_105, v0x9b4c36c60_106;
v0x9b4c36c60_107 .array/port v0x9b4c36c60, 107;
v0x9b4c36c60_108 .array/port v0x9b4c36c60, 108;
v0x9b4c36c60_109 .array/port v0x9b4c36c60, 109;
v0x9b4c36c60_110 .array/port v0x9b4c36c60, 110;
E_0x9b50e6d80/27 .event anyedge, v0x9b4c36c60_107, v0x9b4c36c60_108, v0x9b4c36c60_109, v0x9b4c36c60_110;
v0x9b4c36c60_111 .array/port v0x9b4c36c60, 111;
v0x9b4c36c60_112 .array/port v0x9b4c36c60, 112;
v0x9b4c36c60_113 .array/port v0x9b4c36c60, 113;
v0x9b4c36c60_114 .array/port v0x9b4c36c60, 114;
E_0x9b50e6d80/28 .event anyedge, v0x9b4c36c60_111, v0x9b4c36c60_112, v0x9b4c36c60_113, v0x9b4c36c60_114;
v0x9b4c36c60_115 .array/port v0x9b4c36c60, 115;
v0x9b4c36c60_116 .array/port v0x9b4c36c60, 116;
v0x9b4c36c60_117 .array/port v0x9b4c36c60, 117;
v0x9b4c36c60_118 .array/port v0x9b4c36c60, 118;
E_0x9b50e6d80/29 .event anyedge, v0x9b4c36c60_115, v0x9b4c36c60_116, v0x9b4c36c60_117, v0x9b4c36c60_118;
v0x9b4c36c60_119 .array/port v0x9b4c36c60, 119;
v0x9b4c36c60_120 .array/port v0x9b4c36c60, 120;
v0x9b4c36c60_121 .array/port v0x9b4c36c60, 121;
v0x9b4c36c60_122 .array/port v0x9b4c36c60, 122;
E_0x9b50e6d80/30 .event anyedge, v0x9b4c36c60_119, v0x9b4c36c60_120, v0x9b4c36c60_121, v0x9b4c36c60_122;
v0x9b4c36c60_123 .array/port v0x9b4c36c60, 123;
v0x9b4c36c60_124 .array/port v0x9b4c36c60, 124;
v0x9b4c36c60_125 .array/port v0x9b4c36c60, 125;
v0x9b4c36c60_126 .array/port v0x9b4c36c60, 126;
E_0x9b50e6d80/31 .event anyedge, v0x9b4c36c60_123, v0x9b4c36c60_124, v0x9b4c36c60_125, v0x9b4c36c60_126;
v0x9b4c36c60_127 .array/port v0x9b4c36c60, 127;
v0x9b4c36c60_128 .array/port v0x9b4c36c60, 128;
v0x9b4c36c60_129 .array/port v0x9b4c36c60, 129;
v0x9b4c36c60_130 .array/port v0x9b4c36c60, 130;
E_0x9b50e6d80/32 .event anyedge, v0x9b4c36c60_127, v0x9b4c36c60_128, v0x9b4c36c60_129, v0x9b4c36c60_130;
v0x9b4c36c60_131 .array/port v0x9b4c36c60, 131;
v0x9b4c36c60_132 .array/port v0x9b4c36c60, 132;
v0x9b4c36c60_133 .array/port v0x9b4c36c60, 133;
v0x9b4c36c60_134 .array/port v0x9b4c36c60, 134;
E_0x9b50e6d80/33 .event anyedge, v0x9b4c36c60_131, v0x9b4c36c60_132, v0x9b4c36c60_133, v0x9b4c36c60_134;
v0x9b4c36c60_135 .array/port v0x9b4c36c60, 135;
v0x9b4c36c60_136 .array/port v0x9b4c36c60, 136;
v0x9b4c36c60_137 .array/port v0x9b4c36c60, 137;
v0x9b4c36c60_138 .array/port v0x9b4c36c60, 138;
E_0x9b50e6d80/34 .event anyedge, v0x9b4c36c60_135, v0x9b4c36c60_136, v0x9b4c36c60_137, v0x9b4c36c60_138;
v0x9b4c36c60_139 .array/port v0x9b4c36c60, 139;
v0x9b4c36c60_140 .array/port v0x9b4c36c60, 140;
v0x9b4c36c60_141 .array/port v0x9b4c36c60, 141;
v0x9b4c36c60_142 .array/port v0x9b4c36c60, 142;
E_0x9b50e6d80/35 .event anyedge, v0x9b4c36c60_139, v0x9b4c36c60_140, v0x9b4c36c60_141, v0x9b4c36c60_142;
v0x9b4c36c60_143 .array/port v0x9b4c36c60, 143;
v0x9b4c36c60_144 .array/port v0x9b4c36c60, 144;
v0x9b4c36c60_145 .array/port v0x9b4c36c60, 145;
v0x9b4c36c60_146 .array/port v0x9b4c36c60, 146;
E_0x9b50e6d80/36 .event anyedge, v0x9b4c36c60_143, v0x9b4c36c60_144, v0x9b4c36c60_145, v0x9b4c36c60_146;
v0x9b4c36c60_147 .array/port v0x9b4c36c60, 147;
v0x9b4c36c60_148 .array/port v0x9b4c36c60, 148;
v0x9b4c36c60_149 .array/port v0x9b4c36c60, 149;
v0x9b4c36c60_150 .array/port v0x9b4c36c60, 150;
E_0x9b50e6d80/37 .event anyedge, v0x9b4c36c60_147, v0x9b4c36c60_148, v0x9b4c36c60_149, v0x9b4c36c60_150;
v0x9b4c36c60_151 .array/port v0x9b4c36c60, 151;
v0x9b4c36c60_152 .array/port v0x9b4c36c60, 152;
v0x9b4c36c60_153 .array/port v0x9b4c36c60, 153;
v0x9b4c36c60_154 .array/port v0x9b4c36c60, 154;
E_0x9b50e6d80/38 .event anyedge, v0x9b4c36c60_151, v0x9b4c36c60_152, v0x9b4c36c60_153, v0x9b4c36c60_154;
v0x9b4c36c60_155 .array/port v0x9b4c36c60, 155;
v0x9b4c36c60_156 .array/port v0x9b4c36c60, 156;
v0x9b4c36c60_157 .array/port v0x9b4c36c60, 157;
v0x9b4c36c60_158 .array/port v0x9b4c36c60, 158;
E_0x9b50e6d80/39 .event anyedge, v0x9b4c36c60_155, v0x9b4c36c60_156, v0x9b4c36c60_157, v0x9b4c36c60_158;
v0x9b4c36c60_159 .array/port v0x9b4c36c60, 159;
v0x9b4c36c60_160 .array/port v0x9b4c36c60, 160;
v0x9b4c36c60_161 .array/port v0x9b4c36c60, 161;
v0x9b4c36c60_162 .array/port v0x9b4c36c60, 162;
E_0x9b50e6d80/40 .event anyedge, v0x9b4c36c60_159, v0x9b4c36c60_160, v0x9b4c36c60_161, v0x9b4c36c60_162;
v0x9b4c36c60_163 .array/port v0x9b4c36c60, 163;
v0x9b4c36c60_164 .array/port v0x9b4c36c60, 164;
v0x9b4c36c60_165 .array/port v0x9b4c36c60, 165;
v0x9b4c36c60_166 .array/port v0x9b4c36c60, 166;
E_0x9b50e6d80/41 .event anyedge, v0x9b4c36c60_163, v0x9b4c36c60_164, v0x9b4c36c60_165, v0x9b4c36c60_166;
v0x9b4c36c60_167 .array/port v0x9b4c36c60, 167;
v0x9b4c36c60_168 .array/port v0x9b4c36c60, 168;
v0x9b4c36c60_169 .array/port v0x9b4c36c60, 169;
v0x9b4c36c60_170 .array/port v0x9b4c36c60, 170;
E_0x9b50e6d80/42 .event anyedge, v0x9b4c36c60_167, v0x9b4c36c60_168, v0x9b4c36c60_169, v0x9b4c36c60_170;
v0x9b4c36c60_171 .array/port v0x9b4c36c60, 171;
v0x9b4c36c60_172 .array/port v0x9b4c36c60, 172;
v0x9b4c36c60_173 .array/port v0x9b4c36c60, 173;
v0x9b4c36c60_174 .array/port v0x9b4c36c60, 174;
E_0x9b50e6d80/43 .event anyedge, v0x9b4c36c60_171, v0x9b4c36c60_172, v0x9b4c36c60_173, v0x9b4c36c60_174;
v0x9b4c36c60_175 .array/port v0x9b4c36c60, 175;
v0x9b4c36c60_176 .array/port v0x9b4c36c60, 176;
v0x9b4c36c60_177 .array/port v0x9b4c36c60, 177;
v0x9b4c36c60_178 .array/port v0x9b4c36c60, 178;
E_0x9b50e6d80/44 .event anyedge, v0x9b4c36c60_175, v0x9b4c36c60_176, v0x9b4c36c60_177, v0x9b4c36c60_178;
v0x9b4c36c60_179 .array/port v0x9b4c36c60, 179;
v0x9b4c36c60_180 .array/port v0x9b4c36c60, 180;
v0x9b4c36c60_181 .array/port v0x9b4c36c60, 181;
v0x9b4c36c60_182 .array/port v0x9b4c36c60, 182;
E_0x9b50e6d80/45 .event anyedge, v0x9b4c36c60_179, v0x9b4c36c60_180, v0x9b4c36c60_181, v0x9b4c36c60_182;
v0x9b4c36c60_183 .array/port v0x9b4c36c60, 183;
v0x9b4c36c60_184 .array/port v0x9b4c36c60, 184;
v0x9b4c36c60_185 .array/port v0x9b4c36c60, 185;
v0x9b4c36c60_186 .array/port v0x9b4c36c60, 186;
E_0x9b50e6d80/46 .event anyedge, v0x9b4c36c60_183, v0x9b4c36c60_184, v0x9b4c36c60_185, v0x9b4c36c60_186;
v0x9b4c36c60_187 .array/port v0x9b4c36c60, 187;
v0x9b4c36c60_188 .array/port v0x9b4c36c60, 188;
v0x9b4c36c60_189 .array/port v0x9b4c36c60, 189;
v0x9b4c36c60_190 .array/port v0x9b4c36c60, 190;
E_0x9b50e6d80/47 .event anyedge, v0x9b4c36c60_187, v0x9b4c36c60_188, v0x9b4c36c60_189, v0x9b4c36c60_190;
v0x9b4c36c60_191 .array/port v0x9b4c36c60, 191;
v0x9b4c36c60_192 .array/port v0x9b4c36c60, 192;
v0x9b4c36c60_193 .array/port v0x9b4c36c60, 193;
v0x9b4c36c60_194 .array/port v0x9b4c36c60, 194;
E_0x9b50e6d80/48 .event anyedge, v0x9b4c36c60_191, v0x9b4c36c60_192, v0x9b4c36c60_193, v0x9b4c36c60_194;
v0x9b4c36c60_195 .array/port v0x9b4c36c60, 195;
v0x9b4c36c60_196 .array/port v0x9b4c36c60, 196;
v0x9b4c36c60_197 .array/port v0x9b4c36c60, 197;
v0x9b4c36c60_198 .array/port v0x9b4c36c60, 198;
E_0x9b50e6d80/49 .event anyedge, v0x9b4c36c60_195, v0x9b4c36c60_196, v0x9b4c36c60_197, v0x9b4c36c60_198;
v0x9b4c36c60_199 .array/port v0x9b4c36c60, 199;
v0x9b4c36c60_200 .array/port v0x9b4c36c60, 200;
v0x9b4c36c60_201 .array/port v0x9b4c36c60, 201;
v0x9b4c36c60_202 .array/port v0x9b4c36c60, 202;
E_0x9b50e6d80/50 .event anyedge, v0x9b4c36c60_199, v0x9b4c36c60_200, v0x9b4c36c60_201, v0x9b4c36c60_202;
v0x9b4c36c60_203 .array/port v0x9b4c36c60, 203;
v0x9b4c36c60_204 .array/port v0x9b4c36c60, 204;
v0x9b4c36c60_205 .array/port v0x9b4c36c60, 205;
v0x9b4c36c60_206 .array/port v0x9b4c36c60, 206;
E_0x9b50e6d80/51 .event anyedge, v0x9b4c36c60_203, v0x9b4c36c60_204, v0x9b4c36c60_205, v0x9b4c36c60_206;
v0x9b4c36c60_207 .array/port v0x9b4c36c60, 207;
v0x9b4c36c60_208 .array/port v0x9b4c36c60, 208;
v0x9b4c36c60_209 .array/port v0x9b4c36c60, 209;
v0x9b4c36c60_210 .array/port v0x9b4c36c60, 210;
E_0x9b50e6d80/52 .event anyedge, v0x9b4c36c60_207, v0x9b4c36c60_208, v0x9b4c36c60_209, v0x9b4c36c60_210;
v0x9b4c36c60_211 .array/port v0x9b4c36c60, 211;
v0x9b4c36c60_212 .array/port v0x9b4c36c60, 212;
v0x9b4c36c60_213 .array/port v0x9b4c36c60, 213;
v0x9b4c36c60_214 .array/port v0x9b4c36c60, 214;
E_0x9b50e6d80/53 .event anyedge, v0x9b4c36c60_211, v0x9b4c36c60_212, v0x9b4c36c60_213, v0x9b4c36c60_214;
v0x9b4c36c60_215 .array/port v0x9b4c36c60, 215;
v0x9b4c36c60_216 .array/port v0x9b4c36c60, 216;
v0x9b4c36c60_217 .array/port v0x9b4c36c60, 217;
v0x9b4c36c60_218 .array/port v0x9b4c36c60, 218;
E_0x9b50e6d80/54 .event anyedge, v0x9b4c36c60_215, v0x9b4c36c60_216, v0x9b4c36c60_217, v0x9b4c36c60_218;
v0x9b4c36c60_219 .array/port v0x9b4c36c60, 219;
v0x9b4c36c60_220 .array/port v0x9b4c36c60, 220;
v0x9b4c36c60_221 .array/port v0x9b4c36c60, 221;
v0x9b4c36c60_222 .array/port v0x9b4c36c60, 222;
E_0x9b50e6d80/55 .event anyedge, v0x9b4c36c60_219, v0x9b4c36c60_220, v0x9b4c36c60_221, v0x9b4c36c60_222;
v0x9b4c36c60_223 .array/port v0x9b4c36c60, 223;
v0x9b4c36c60_224 .array/port v0x9b4c36c60, 224;
v0x9b4c36c60_225 .array/port v0x9b4c36c60, 225;
v0x9b4c36c60_226 .array/port v0x9b4c36c60, 226;
E_0x9b50e6d80/56 .event anyedge, v0x9b4c36c60_223, v0x9b4c36c60_224, v0x9b4c36c60_225, v0x9b4c36c60_226;
v0x9b4c36c60_227 .array/port v0x9b4c36c60, 227;
v0x9b4c36c60_228 .array/port v0x9b4c36c60, 228;
v0x9b4c36c60_229 .array/port v0x9b4c36c60, 229;
v0x9b4c36c60_230 .array/port v0x9b4c36c60, 230;
E_0x9b50e6d80/57 .event anyedge, v0x9b4c36c60_227, v0x9b4c36c60_228, v0x9b4c36c60_229, v0x9b4c36c60_230;
v0x9b4c36c60_231 .array/port v0x9b4c36c60, 231;
v0x9b4c36c60_232 .array/port v0x9b4c36c60, 232;
v0x9b4c36c60_233 .array/port v0x9b4c36c60, 233;
v0x9b4c36c60_234 .array/port v0x9b4c36c60, 234;
E_0x9b50e6d80/58 .event anyedge, v0x9b4c36c60_231, v0x9b4c36c60_232, v0x9b4c36c60_233, v0x9b4c36c60_234;
v0x9b4c36c60_235 .array/port v0x9b4c36c60, 235;
v0x9b4c36c60_236 .array/port v0x9b4c36c60, 236;
v0x9b4c36c60_237 .array/port v0x9b4c36c60, 237;
v0x9b4c36c60_238 .array/port v0x9b4c36c60, 238;
E_0x9b50e6d80/59 .event anyedge, v0x9b4c36c60_235, v0x9b4c36c60_236, v0x9b4c36c60_237, v0x9b4c36c60_238;
v0x9b4c36c60_239 .array/port v0x9b4c36c60, 239;
v0x9b4c36c60_240 .array/port v0x9b4c36c60, 240;
v0x9b4c36c60_241 .array/port v0x9b4c36c60, 241;
v0x9b4c36c60_242 .array/port v0x9b4c36c60, 242;
E_0x9b50e6d80/60 .event anyedge, v0x9b4c36c60_239, v0x9b4c36c60_240, v0x9b4c36c60_241, v0x9b4c36c60_242;
v0x9b4c36c60_243 .array/port v0x9b4c36c60, 243;
v0x9b4c36c60_244 .array/port v0x9b4c36c60, 244;
v0x9b4c36c60_245 .array/port v0x9b4c36c60, 245;
v0x9b4c36c60_246 .array/port v0x9b4c36c60, 246;
E_0x9b50e6d80/61 .event anyedge, v0x9b4c36c60_243, v0x9b4c36c60_244, v0x9b4c36c60_245, v0x9b4c36c60_246;
v0x9b4c36c60_247 .array/port v0x9b4c36c60, 247;
v0x9b4c36c60_248 .array/port v0x9b4c36c60, 248;
v0x9b4c36c60_249 .array/port v0x9b4c36c60, 249;
v0x9b4c36c60_250 .array/port v0x9b4c36c60, 250;
E_0x9b50e6d80/62 .event anyedge, v0x9b4c36c60_247, v0x9b4c36c60_248, v0x9b4c36c60_249, v0x9b4c36c60_250;
v0x9b4c36c60_251 .array/port v0x9b4c36c60, 251;
v0x9b4c36c60_252 .array/port v0x9b4c36c60, 252;
v0x9b4c36c60_253 .array/port v0x9b4c36c60, 253;
v0x9b4c36c60_254 .array/port v0x9b4c36c60, 254;
E_0x9b50e6d80/63 .event anyedge, v0x9b4c36c60_251, v0x9b4c36c60_252, v0x9b4c36c60_253, v0x9b4c36c60_254;
v0x9b4c36c60_255 .array/port v0x9b4c36c60, 255;
v0x9b4c36c60_256 .array/port v0x9b4c36c60, 256;
v0x9b4c36c60_257 .array/port v0x9b4c36c60, 257;
v0x9b4c36c60_258 .array/port v0x9b4c36c60, 258;
E_0x9b50e6d80/64 .event anyedge, v0x9b4c36c60_255, v0x9b4c36c60_256, v0x9b4c36c60_257, v0x9b4c36c60_258;
v0x9b4c36c60_259 .array/port v0x9b4c36c60, 259;
v0x9b4c36c60_260 .array/port v0x9b4c36c60, 260;
v0x9b4c36c60_261 .array/port v0x9b4c36c60, 261;
v0x9b4c36c60_262 .array/port v0x9b4c36c60, 262;
E_0x9b50e6d80/65 .event anyedge, v0x9b4c36c60_259, v0x9b4c36c60_260, v0x9b4c36c60_261, v0x9b4c36c60_262;
v0x9b4c36c60_263 .array/port v0x9b4c36c60, 263;
v0x9b4c36c60_264 .array/port v0x9b4c36c60, 264;
v0x9b4c36c60_265 .array/port v0x9b4c36c60, 265;
v0x9b4c36c60_266 .array/port v0x9b4c36c60, 266;
E_0x9b50e6d80/66 .event anyedge, v0x9b4c36c60_263, v0x9b4c36c60_264, v0x9b4c36c60_265, v0x9b4c36c60_266;
v0x9b4c36c60_267 .array/port v0x9b4c36c60, 267;
v0x9b4c36c60_268 .array/port v0x9b4c36c60, 268;
v0x9b4c36c60_269 .array/port v0x9b4c36c60, 269;
v0x9b4c36c60_270 .array/port v0x9b4c36c60, 270;
E_0x9b50e6d80/67 .event anyedge, v0x9b4c36c60_267, v0x9b4c36c60_268, v0x9b4c36c60_269, v0x9b4c36c60_270;
v0x9b4c36c60_271 .array/port v0x9b4c36c60, 271;
v0x9b4c36c60_272 .array/port v0x9b4c36c60, 272;
v0x9b4c36c60_273 .array/port v0x9b4c36c60, 273;
v0x9b4c36c60_274 .array/port v0x9b4c36c60, 274;
E_0x9b50e6d80/68 .event anyedge, v0x9b4c36c60_271, v0x9b4c36c60_272, v0x9b4c36c60_273, v0x9b4c36c60_274;
v0x9b4c36c60_275 .array/port v0x9b4c36c60, 275;
v0x9b4c36c60_276 .array/port v0x9b4c36c60, 276;
v0x9b4c36c60_277 .array/port v0x9b4c36c60, 277;
v0x9b4c36c60_278 .array/port v0x9b4c36c60, 278;
E_0x9b50e6d80/69 .event anyedge, v0x9b4c36c60_275, v0x9b4c36c60_276, v0x9b4c36c60_277, v0x9b4c36c60_278;
v0x9b4c36c60_279 .array/port v0x9b4c36c60, 279;
v0x9b4c36c60_280 .array/port v0x9b4c36c60, 280;
v0x9b4c36c60_281 .array/port v0x9b4c36c60, 281;
v0x9b4c36c60_282 .array/port v0x9b4c36c60, 282;
E_0x9b50e6d80/70 .event anyedge, v0x9b4c36c60_279, v0x9b4c36c60_280, v0x9b4c36c60_281, v0x9b4c36c60_282;
v0x9b4c36c60_283 .array/port v0x9b4c36c60, 283;
v0x9b4c36c60_284 .array/port v0x9b4c36c60, 284;
v0x9b4c36c60_285 .array/port v0x9b4c36c60, 285;
v0x9b4c36c60_286 .array/port v0x9b4c36c60, 286;
E_0x9b50e6d80/71 .event anyedge, v0x9b4c36c60_283, v0x9b4c36c60_284, v0x9b4c36c60_285, v0x9b4c36c60_286;
v0x9b4c36c60_287 .array/port v0x9b4c36c60, 287;
v0x9b4c36c60_288 .array/port v0x9b4c36c60, 288;
v0x9b4c36c60_289 .array/port v0x9b4c36c60, 289;
v0x9b4c36c60_290 .array/port v0x9b4c36c60, 290;
E_0x9b50e6d80/72 .event anyedge, v0x9b4c36c60_287, v0x9b4c36c60_288, v0x9b4c36c60_289, v0x9b4c36c60_290;
v0x9b4c36c60_291 .array/port v0x9b4c36c60, 291;
v0x9b4c36c60_292 .array/port v0x9b4c36c60, 292;
v0x9b4c36c60_293 .array/port v0x9b4c36c60, 293;
v0x9b4c36c60_294 .array/port v0x9b4c36c60, 294;
E_0x9b50e6d80/73 .event anyedge, v0x9b4c36c60_291, v0x9b4c36c60_292, v0x9b4c36c60_293, v0x9b4c36c60_294;
v0x9b4c36c60_295 .array/port v0x9b4c36c60, 295;
v0x9b4c36c60_296 .array/port v0x9b4c36c60, 296;
v0x9b4c36c60_297 .array/port v0x9b4c36c60, 297;
v0x9b4c36c60_298 .array/port v0x9b4c36c60, 298;
E_0x9b50e6d80/74 .event anyedge, v0x9b4c36c60_295, v0x9b4c36c60_296, v0x9b4c36c60_297, v0x9b4c36c60_298;
v0x9b4c36c60_299 .array/port v0x9b4c36c60, 299;
v0x9b4c36c60_300 .array/port v0x9b4c36c60, 300;
v0x9b4c36c60_301 .array/port v0x9b4c36c60, 301;
v0x9b4c36c60_302 .array/port v0x9b4c36c60, 302;
E_0x9b50e6d80/75 .event anyedge, v0x9b4c36c60_299, v0x9b4c36c60_300, v0x9b4c36c60_301, v0x9b4c36c60_302;
v0x9b4c36c60_303 .array/port v0x9b4c36c60, 303;
v0x9b4c36c60_304 .array/port v0x9b4c36c60, 304;
v0x9b4c36c60_305 .array/port v0x9b4c36c60, 305;
v0x9b4c36c60_306 .array/port v0x9b4c36c60, 306;
E_0x9b50e6d80/76 .event anyedge, v0x9b4c36c60_303, v0x9b4c36c60_304, v0x9b4c36c60_305, v0x9b4c36c60_306;
v0x9b4c36c60_307 .array/port v0x9b4c36c60, 307;
v0x9b4c36c60_308 .array/port v0x9b4c36c60, 308;
v0x9b4c36c60_309 .array/port v0x9b4c36c60, 309;
v0x9b4c36c60_310 .array/port v0x9b4c36c60, 310;
E_0x9b50e6d80/77 .event anyedge, v0x9b4c36c60_307, v0x9b4c36c60_308, v0x9b4c36c60_309, v0x9b4c36c60_310;
v0x9b4c36c60_311 .array/port v0x9b4c36c60, 311;
v0x9b4c36c60_312 .array/port v0x9b4c36c60, 312;
v0x9b4c36c60_313 .array/port v0x9b4c36c60, 313;
v0x9b4c36c60_314 .array/port v0x9b4c36c60, 314;
E_0x9b50e6d80/78 .event anyedge, v0x9b4c36c60_311, v0x9b4c36c60_312, v0x9b4c36c60_313, v0x9b4c36c60_314;
v0x9b4c36c60_315 .array/port v0x9b4c36c60, 315;
v0x9b4c36c60_316 .array/port v0x9b4c36c60, 316;
v0x9b4c36c60_317 .array/port v0x9b4c36c60, 317;
v0x9b4c36c60_318 .array/port v0x9b4c36c60, 318;
E_0x9b50e6d80/79 .event anyedge, v0x9b4c36c60_315, v0x9b4c36c60_316, v0x9b4c36c60_317, v0x9b4c36c60_318;
v0x9b4c36c60_319 .array/port v0x9b4c36c60, 319;
v0x9b4c36c60_320 .array/port v0x9b4c36c60, 320;
v0x9b4c36c60_321 .array/port v0x9b4c36c60, 321;
v0x9b4c36c60_322 .array/port v0x9b4c36c60, 322;
E_0x9b50e6d80/80 .event anyedge, v0x9b4c36c60_319, v0x9b4c36c60_320, v0x9b4c36c60_321, v0x9b4c36c60_322;
v0x9b4c36c60_323 .array/port v0x9b4c36c60, 323;
v0x9b4c36c60_324 .array/port v0x9b4c36c60, 324;
v0x9b4c36c60_325 .array/port v0x9b4c36c60, 325;
v0x9b4c36c60_326 .array/port v0x9b4c36c60, 326;
E_0x9b50e6d80/81 .event anyedge, v0x9b4c36c60_323, v0x9b4c36c60_324, v0x9b4c36c60_325, v0x9b4c36c60_326;
v0x9b4c36c60_327 .array/port v0x9b4c36c60, 327;
v0x9b4c36c60_328 .array/port v0x9b4c36c60, 328;
v0x9b4c36c60_329 .array/port v0x9b4c36c60, 329;
v0x9b4c36c60_330 .array/port v0x9b4c36c60, 330;
E_0x9b50e6d80/82 .event anyedge, v0x9b4c36c60_327, v0x9b4c36c60_328, v0x9b4c36c60_329, v0x9b4c36c60_330;
v0x9b4c36c60_331 .array/port v0x9b4c36c60, 331;
v0x9b4c36c60_332 .array/port v0x9b4c36c60, 332;
v0x9b4c36c60_333 .array/port v0x9b4c36c60, 333;
v0x9b4c36c60_334 .array/port v0x9b4c36c60, 334;
E_0x9b50e6d80/83 .event anyedge, v0x9b4c36c60_331, v0x9b4c36c60_332, v0x9b4c36c60_333, v0x9b4c36c60_334;
v0x9b4c36c60_335 .array/port v0x9b4c36c60, 335;
v0x9b4c36c60_336 .array/port v0x9b4c36c60, 336;
v0x9b4c36c60_337 .array/port v0x9b4c36c60, 337;
v0x9b4c36c60_338 .array/port v0x9b4c36c60, 338;
E_0x9b50e6d80/84 .event anyedge, v0x9b4c36c60_335, v0x9b4c36c60_336, v0x9b4c36c60_337, v0x9b4c36c60_338;
v0x9b4c36c60_339 .array/port v0x9b4c36c60, 339;
v0x9b4c36c60_340 .array/port v0x9b4c36c60, 340;
v0x9b4c36c60_341 .array/port v0x9b4c36c60, 341;
v0x9b4c36c60_342 .array/port v0x9b4c36c60, 342;
E_0x9b50e6d80/85 .event anyedge, v0x9b4c36c60_339, v0x9b4c36c60_340, v0x9b4c36c60_341, v0x9b4c36c60_342;
v0x9b4c36c60_343 .array/port v0x9b4c36c60, 343;
v0x9b4c36c60_344 .array/port v0x9b4c36c60, 344;
v0x9b4c36c60_345 .array/port v0x9b4c36c60, 345;
v0x9b4c36c60_346 .array/port v0x9b4c36c60, 346;
E_0x9b50e6d80/86 .event anyedge, v0x9b4c36c60_343, v0x9b4c36c60_344, v0x9b4c36c60_345, v0x9b4c36c60_346;
v0x9b4c36c60_347 .array/port v0x9b4c36c60, 347;
v0x9b4c36c60_348 .array/port v0x9b4c36c60, 348;
v0x9b4c36c60_349 .array/port v0x9b4c36c60, 349;
v0x9b4c36c60_350 .array/port v0x9b4c36c60, 350;
E_0x9b50e6d80/87 .event anyedge, v0x9b4c36c60_347, v0x9b4c36c60_348, v0x9b4c36c60_349, v0x9b4c36c60_350;
v0x9b4c36c60_351 .array/port v0x9b4c36c60, 351;
v0x9b4c36c60_352 .array/port v0x9b4c36c60, 352;
v0x9b4c36c60_353 .array/port v0x9b4c36c60, 353;
v0x9b4c36c60_354 .array/port v0x9b4c36c60, 354;
E_0x9b50e6d80/88 .event anyedge, v0x9b4c36c60_351, v0x9b4c36c60_352, v0x9b4c36c60_353, v0x9b4c36c60_354;
v0x9b4c36c60_355 .array/port v0x9b4c36c60, 355;
v0x9b4c36c60_356 .array/port v0x9b4c36c60, 356;
v0x9b4c36c60_357 .array/port v0x9b4c36c60, 357;
v0x9b4c36c60_358 .array/port v0x9b4c36c60, 358;
E_0x9b50e6d80/89 .event anyedge, v0x9b4c36c60_355, v0x9b4c36c60_356, v0x9b4c36c60_357, v0x9b4c36c60_358;
v0x9b4c36c60_359 .array/port v0x9b4c36c60, 359;
v0x9b4c36c60_360 .array/port v0x9b4c36c60, 360;
v0x9b4c36c60_361 .array/port v0x9b4c36c60, 361;
v0x9b4c36c60_362 .array/port v0x9b4c36c60, 362;
E_0x9b50e6d80/90 .event anyedge, v0x9b4c36c60_359, v0x9b4c36c60_360, v0x9b4c36c60_361, v0x9b4c36c60_362;
v0x9b4c36c60_363 .array/port v0x9b4c36c60, 363;
v0x9b4c36c60_364 .array/port v0x9b4c36c60, 364;
v0x9b4c36c60_365 .array/port v0x9b4c36c60, 365;
v0x9b4c36c60_366 .array/port v0x9b4c36c60, 366;
E_0x9b50e6d80/91 .event anyedge, v0x9b4c36c60_363, v0x9b4c36c60_364, v0x9b4c36c60_365, v0x9b4c36c60_366;
v0x9b4c36c60_367 .array/port v0x9b4c36c60, 367;
v0x9b4c36c60_368 .array/port v0x9b4c36c60, 368;
v0x9b4c36c60_369 .array/port v0x9b4c36c60, 369;
v0x9b4c36c60_370 .array/port v0x9b4c36c60, 370;
E_0x9b50e6d80/92 .event anyedge, v0x9b4c36c60_367, v0x9b4c36c60_368, v0x9b4c36c60_369, v0x9b4c36c60_370;
v0x9b4c36c60_371 .array/port v0x9b4c36c60, 371;
v0x9b4c36c60_372 .array/port v0x9b4c36c60, 372;
v0x9b4c36c60_373 .array/port v0x9b4c36c60, 373;
v0x9b4c36c60_374 .array/port v0x9b4c36c60, 374;
E_0x9b50e6d80/93 .event anyedge, v0x9b4c36c60_371, v0x9b4c36c60_372, v0x9b4c36c60_373, v0x9b4c36c60_374;
v0x9b4c36c60_375 .array/port v0x9b4c36c60, 375;
v0x9b4c36c60_376 .array/port v0x9b4c36c60, 376;
v0x9b4c36c60_377 .array/port v0x9b4c36c60, 377;
v0x9b4c36c60_378 .array/port v0x9b4c36c60, 378;
E_0x9b50e6d80/94 .event anyedge, v0x9b4c36c60_375, v0x9b4c36c60_376, v0x9b4c36c60_377, v0x9b4c36c60_378;
v0x9b4c36c60_379 .array/port v0x9b4c36c60, 379;
v0x9b4c36c60_380 .array/port v0x9b4c36c60, 380;
v0x9b4c36c60_381 .array/port v0x9b4c36c60, 381;
v0x9b4c36c60_382 .array/port v0x9b4c36c60, 382;
E_0x9b50e6d80/95 .event anyedge, v0x9b4c36c60_379, v0x9b4c36c60_380, v0x9b4c36c60_381, v0x9b4c36c60_382;
v0x9b4c36c60_383 .array/port v0x9b4c36c60, 383;
v0x9b4c36c60_384 .array/port v0x9b4c36c60, 384;
v0x9b4c36c60_385 .array/port v0x9b4c36c60, 385;
v0x9b4c36c60_386 .array/port v0x9b4c36c60, 386;
E_0x9b50e6d80/96 .event anyedge, v0x9b4c36c60_383, v0x9b4c36c60_384, v0x9b4c36c60_385, v0x9b4c36c60_386;
v0x9b4c36c60_387 .array/port v0x9b4c36c60, 387;
v0x9b4c36c60_388 .array/port v0x9b4c36c60, 388;
v0x9b4c36c60_389 .array/port v0x9b4c36c60, 389;
v0x9b4c36c60_390 .array/port v0x9b4c36c60, 390;
E_0x9b50e6d80/97 .event anyedge, v0x9b4c36c60_387, v0x9b4c36c60_388, v0x9b4c36c60_389, v0x9b4c36c60_390;
v0x9b4c36c60_391 .array/port v0x9b4c36c60, 391;
v0x9b4c36c60_392 .array/port v0x9b4c36c60, 392;
v0x9b4c36c60_393 .array/port v0x9b4c36c60, 393;
v0x9b4c36c60_394 .array/port v0x9b4c36c60, 394;
E_0x9b50e6d80/98 .event anyedge, v0x9b4c36c60_391, v0x9b4c36c60_392, v0x9b4c36c60_393, v0x9b4c36c60_394;
v0x9b4c36c60_395 .array/port v0x9b4c36c60, 395;
v0x9b4c36c60_396 .array/port v0x9b4c36c60, 396;
v0x9b4c36c60_397 .array/port v0x9b4c36c60, 397;
v0x9b4c36c60_398 .array/port v0x9b4c36c60, 398;
E_0x9b50e6d80/99 .event anyedge, v0x9b4c36c60_395, v0x9b4c36c60_396, v0x9b4c36c60_397, v0x9b4c36c60_398;
v0x9b4c36c60_399 .array/port v0x9b4c36c60, 399;
v0x9b4c36c60_400 .array/port v0x9b4c36c60, 400;
v0x9b4c36c60_401 .array/port v0x9b4c36c60, 401;
v0x9b4c36c60_402 .array/port v0x9b4c36c60, 402;
E_0x9b50e6d80/100 .event anyedge, v0x9b4c36c60_399, v0x9b4c36c60_400, v0x9b4c36c60_401, v0x9b4c36c60_402;
v0x9b4c36c60_403 .array/port v0x9b4c36c60, 403;
v0x9b4c36c60_404 .array/port v0x9b4c36c60, 404;
v0x9b4c36c60_405 .array/port v0x9b4c36c60, 405;
v0x9b4c36c60_406 .array/port v0x9b4c36c60, 406;
E_0x9b50e6d80/101 .event anyedge, v0x9b4c36c60_403, v0x9b4c36c60_404, v0x9b4c36c60_405, v0x9b4c36c60_406;
v0x9b4c36c60_407 .array/port v0x9b4c36c60, 407;
v0x9b4c36c60_408 .array/port v0x9b4c36c60, 408;
v0x9b4c36c60_409 .array/port v0x9b4c36c60, 409;
v0x9b4c36c60_410 .array/port v0x9b4c36c60, 410;
E_0x9b50e6d80/102 .event anyedge, v0x9b4c36c60_407, v0x9b4c36c60_408, v0x9b4c36c60_409, v0x9b4c36c60_410;
v0x9b4c36c60_411 .array/port v0x9b4c36c60, 411;
v0x9b4c36c60_412 .array/port v0x9b4c36c60, 412;
v0x9b4c36c60_413 .array/port v0x9b4c36c60, 413;
v0x9b4c36c60_414 .array/port v0x9b4c36c60, 414;
E_0x9b50e6d80/103 .event anyedge, v0x9b4c36c60_411, v0x9b4c36c60_412, v0x9b4c36c60_413, v0x9b4c36c60_414;
v0x9b4c36c60_415 .array/port v0x9b4c36c60, 415;
v0x9b4c36c60_416 .array/port v0x9b4c36c60, 416;
v0x9b4c36c60_417 .array/port v0x9b4c36c60, 417;
v0x9b4c36c60_418 .array/port v0x9b4c36c60, 418;
E_0x9b50e6d80/104 .event anyedge, v0x9b4c36c60_415, v0x9b4c36c60_416, v0x9b4c36c60_417, v0x9b4c36c60_418;
v0x9b4c36c60_419 .array/port v0x9b4c36c60, 419;
v0x9b4c36c60_420 .array/port v0x9b4c36c60, 420;
v0x9b4c36c60_421 .array/port v0x9b4c36c60, 421;
v0x9b4c36c60_422 .array/port v0x9b4c36c60, 422;
E_0x9b50e6d80/105 .event anyedge, v0x9b4c36c60_419, v0x9b4c36c60_420, v0x9b4c36c60_421, v0x9b4c36c60_422;
v0x9b4c36c60_423 .array/port v0x9b4c36c60, 423;
v0x9b4c36c60_424 .array/port v0x9b4c36c60, 424;
v0x9b4c36c60_425 .array/port v0x9b4c36c60, 425;
v0x9b4c36c60_426 .array/port v0x9b4c36c60, 426;
E_0x9b50e6d80/106 .event anyedge, v0x9b4c36c60_423, v0x9b4c36c60_424, v0x9b4c36c60_425, v0x9b4c36c60_426;
v0x9b4c36c60_427 .array/port v0x9b4c36c60, 427;
v0x9b4c36c60_428 .array/port v0x9b4c36c60, 428;
v0x9b4c36c60_429 .array/port v0x9b4c36c60, 429;
v0x9b4c36c60_430 .array/port v0x9b4c36c60, 430;
E_0x9b50e6d80/107 .event anyedge, v0x9b4c36c60_427, v0x9b4c36c60_428, v0x9b4c36c60_429, v0x9b4c36c60_430;
v0x9b4c36c60_431 .array/port v0x9b4c36c60, 431;
v0x9b4c36c60_432 .array/port v0x9b4c36c60, 432;
v0x9b4c36c60_433 .array/port v0x9b4c36c60, 433;
v0x9b4c36c60_434 .array/port v0x9b4c36c60, 434;
E_0x9b50e6d80/108 .event anyedge, v0x9b4c36c60_431, v0x9b4c36c60_432, v0x9b4c36c60_433, v0x9b4c36c60_434;
v0x9b4c36c60_435 .array/port v0x9b4c36c60, 435;
v0x9b4c36c60_436 .array/port v0x9b4c36c60, 436;
v0x9b4c36c60_437 .array/port v0x9b4c36c60, 437;
v0x9b4c36c60_438 .array/port v0x9b4c36c60, 438;
E_0x9b50e6d80/109 .event anyedge, v0x9b4c36c60_435, v0x9b4c36c60_436, v0x9b4c36c60_437, v0x9b4c36c60_438;
v0x9b4c36c60_439 .array/port v0x9b4c36c60, 439;
v0x9b4c36c60_440 .array/port v0x9b4c36c60, 440;
v0x9b4c36c60_441 .array/port v0x9b4c36c60, 441;
v0x9b4c36c60_442 .array/port v0x9b4c36c60, 442;
E_0x9b50e6d80/110 .event anyedge, v0x9b4c36c60_439, v0x9b4c36c60_440, v0x9b4c36c60_441, v0x9b4c36c60_442;
v0x9b4c36c60_443 .array/port v0x9b4c36c60, 443;
v0x9b4c36c60_444 .array/port v0x9b4c36c60, 444;
v0x9b4c36c60_445 .array/port v0x9b4c36c60, 445;
v0x9b4c36c60_446 .array/port v0x9b4c36c60, 446;
E_0x9b50e6d80/111 .event anyedge, v0x9b4c36c60_443, v0x9b4c36c60_444, v0x9b4c36c60_445, v0x9b4c36c60_446;
v0x9b4c36c60_447 .array/port v0x9b4c36c60, 447;
v0x9b4c36c60_448 .array/port v0x9b4c36c60, 448;
v0x9b4c36c60_449 .array/port v0x9b4c36c60, 449;
v0x9b4c36c60_450 .array/port v0x9b4c36c60, 450;
E_0x9b50e6d80/112 .event anyedge, v0x9b4c36c60_447, v0x9b4c36c60_448, v0x9b4c36c60_449, v0x9b4c36c60_450;
v0x9b4c36c60_451 .array/port v0x9b4c36c60, 451;
v0x9b4c36c60_452 .array/port v0x9b4c36c60, 452;
v0x9b4c36c60_453 .array/port v0x9b4c36c60, 453;
v0x9b4c36c60_454 .array/port v0x9b4c36c60, 454;
E_0x9b50e6d80/113 .event anyedge, v0x9b4c36c60_451, v0x9b4c36c60_452, v0x9b4c36c60_453, v0x9b4c36c60_454;
v0x9b4c36c60_455 .array/port v0x9b4c36c60, 455;
v0x9b4c36c60_456 .array/port v0x9b4c36c60, 456;
v0x9b4c36c60_457 .array/port v0x9b4c36c60, 457;
v0x9b4c36c60_458 .array/port v0x9b4c36c60, 458;
E_0x9b50e6d80/114 .event anyedge, v0x9b4c36c60_455, v0x9b4c36c60_456, v0x9b4c36c60_457, v0x9b4c36c60_458;
v0x9b4c36c60_459 .array/port v0x9b4c36c60, 459;
v0x9b4c36c60_460 .array/port v0x9b4c36c60, 460;
v0x9b4c36c60_461 .array/port v0x9b4c36c60, 461;
v0x9b4c36c60_462 .array/port v0x9b4c36c60, 462;
E_0x9b50e6d80/115 .event anyedge, v0x9b4c36c60_459, v0x9b4c36c60_460, v0x9b4c36c60_461, v0x9b4c36c60_462;
v0x9b4c36c60_463 .array/port v0x9b4c36c60, 463;
v0x9b4c36c60_464 .array/port v0x9b4c36c60, 464;
v0x9b4c36c60_465 .array/port v0x9b4c36c60, 465;
v0x9b4c36c60_466 .array/port v0x9b4c36c60, 466;
E_0x9b50e6d80/116 .event anyedge, v0x9b4c36c60_463, v0x9b4c36c60_464, v0x9b4c36c60_465, v0x9b4c36c60_466;
v0x9b4c36c60_467 .array/port v0x9b4c36c60, 467;
v0x9b4c36c60_468 .array/port v0x9b4c36c60, 468;
v0x9b4c36c60_469 .array/port v0x9b4c36c60, 469;
v0x9b4c36c60_470 .array/port v0x9b4c36c60, 470;
E_0x9b50e6d80/117 .event anyedge, v0x9b4c36c60_467, v0x9b4c36c60_468, v0x9b4c36c60_469, v0x9b4c36c60_470;
v0x9b4c36c60_471 .array/port v0x9b4c36c60, 471;
v0x9b4c36c60_472 .array/port v0x9b4c36c60, 472;
v0x9b4c36c60_473 .array/port v0x9b4c36c60, 473;
v0x9b4c36c60_474 .array/port v0x9b4c36c60, 474;
E_0x9b50e6d80/118 .event anyedge, v0x9b4c36c60_471, v0x9b4c36c60_472, v0x9b4c36c60_473, v0x9b4c36c60_474;
v0x9b4c36c60_475 .array/port v0x9b4c36c60, 475;
v0x9b4c36c60_476 .array/port v0x9b4c36c60, 476;
v0x9b4c36c60_477 .array/port v0x9b4c36c60, 477;
v0x9b4c36c60_478 .array/port v0x9b4c36c60, 478;
E_0x9b50e6d80/119 .event anyedge, v0x9b4c36c60_475, v0x9b4c36c60_476, v0x9b4c36c60_477, v0x9b4c36c60_478;
v0x9b4c36c60_479 .array/port v0x9b4c36c60, 479;
v0x9b4c36c60_480 .array/port v0x9b4c36c60, 480;
v0x9b4c36c60_481 .array/port v0x9b4c36c60, 481;
v0x9b4c36c60_482 .array/port v0x9b4c36c60, 482;
E_0x9b50e6d80/120 .event anyedge, v0x9b4c36c60_479, v0x9b4c36c60_480, v0x9b4c36c60_481, v0x9b4c36c60_482;
v0x9b4c36c60_483 .array/port v0x9b4c36c60, 483;
v0x9b4c36c60_484 .array/port v0x9b4c36c60, 484;
v0x9b4c36c60_485 .array/port v0x9b4c36c60, 485;
v0x9b4c36c60_486 .array/port v0x9b4c36c60, 486;
E_0x9b50e6d80/121 .event anyedge, v0x9b4c36c60_483, v0x9b4c36c60_484, v0x9b4c36c60_485, v0x9b4c36c60_486;
v0x9b4c36c60_487 .array/port v0x9b4c36c60, 487;
v0x9b4c36c60_488 .array/port v0x9b4c36c60, 488;
v0x9b4c36c60_489 .array/port v0x9b4c36c60, 489;
v0x9b4c36c60_490 .array/port v0x9b4c36c60, 490;
E_0x9b50e6d80/122 .event anyedge, v0x9b4c36c60_487, v0x9b4c36c60_488, v0x9b4c36c60_489, v0x9b4c36c60_490;
v0x9b4c36c60_491 .array/port v0x9b4c36c60, 491;
v0x9b4c36c60_492 .array/port v0x9b4c36c60, 492;
v0x9b4c36c60_493 .array/port v0x9b4c36c60, 493;
v0x9b4c36c60_494 .array/port v0x9b4c36c60, 494;
E_0x9b50e6d80/123 .event anyedge, v0x9b4c36c60_491, v0x9b4c36c60_492, v0x9b4c36c60_493, v0x9b4c36c60_494;
v0x9b4c36c60_495 .array/port v0x9b4c36c60, 495;
v0x9b4c36c60_496 .array/port v0x9b4c36c60, 496;
v0x9b4c36c60_497 .array/port v0x9b4c36c60, 497;
v0x9b4c36c60_498 .array/port v0x9b4c36c60, 498;
E_0x9b50e6d80/124 .event anyedge, v0x9b4c36c60_495, v0x9b4c36c60_496, v0x9b4c36c60_497, v0x9b4c36c60_498;
v0x9b4c36c60_499 .array/port v0x9b4c36c60, 499;
v0x9b4c36c60_500 .array/port v0x9b4c36c60, 500;
v0x9b4c36c60_501 .array/port v0x9b4c36c60, 501;
v0x9b4c36c60_502 .array/port v0x9b4c36c60, 502;
E_0x9b50e6d80/125 .event anyedge, v0x9b4c36c60_499, v0x9b4c36c60_500, v0x9b4c36c60_501, v0x9b4c36c60_502;
v0x9b4c36c60_503 .array/port v0x9b4c36c60, 503;
v0x9b4c36c60_504 .array/port v0x9b4c36c60, 504;
v0x9b4c36c60_505 .array/port v0x9b4c36c60, 505;
v0x9b4c36c60_506 .array/port v0x9b4c36c60, 506;
E_0x9b50e6d80/126 .event anyedge, v0x9b4c36c60_503, v0x9b4c36c60_504, v0x9b4c36c60_505, v0x9b4c36c60_506;
v0x9b4c36c60_507 .array/port v0x9b4c36c60, 507;
v0x9b4c36c60_508 .array/port v0x9b4c36c60, 508;
v0x9b4c36c60_509 .array/port v0x9b4c36c60, 509;
v0x9b4c36c60_510 .array/port v0x9b4c36c60, 510;
E_0x9b50e6d80/127 .event anyedge, v0x9b4c36c60_507, v0x9b4c36c60_508, v0x9b4c36c60_509, v0x9b4c36c60_510;
v0x9b4c36c60_511 .array/port v0x9b4c36c60, 511;
v0x9b4c36c60_512 .array/port v0x9b4c36c60, 512;
v0x9b4c36c60_513 .array/port v0x9b4c36c60, 513;
v0x9b4c36c60_514 .array/port v0x9b4c36c60, 514;
E_0x9b50e6d80/128 .event anyedge, v0x9b4c36c60_511, v0x9b4c36c60_512, v0x9b4c36c60_513, v0x9b4c36c60_514;
v0x9b4c36c60_515 .array/port v0x9b4c36c60, 515;
v0x9b4c36c60_516 .array/port v0x9b4c36c60, 516;
v0x9b4c36c60_517 .array/port v0x9b4c36c60, 517;
v0x9b4c36c60_518 .array/port v0x9b4c36c60, 518;
E_0x9b50e6d80/129 .event anyedge, v0x9b4c36c60_515, v0x9b4c36c60_516, v0x9b4c36c60_517, v0x9b4c36c60_518;
v0x9b4c36c60_519 .array/port v0x9b4c36c60, 519;
v0x9b4c36c60_520 .array/port v0x9b4c36c60, 520;
v0x9b4c36c60_521 .array/port v0x9b4c36c60, 521;
v0x9b4c36c60_522 .array/port v0x9b4c36c60, 522;
E_0x9b50e6d80/130 .event anyedge, v0x9b4c36c60_519, v0x9b4c36c60_520, v0x9b4c36c60_521, v0x9b4c36c60_522;
v0x9b4c36c60_523 .array/port v0x9b4c36c60, 523;
v0x9b4c36c60_524 .array/port v0x9b4c36c60, 524;
v0x9b4c36c60_525 .array/port v0x9b4c36c60, 525;
v0x9b4c36c60_526 .array/port v0x9b4c36c60, 526;
E_0x9b50e6d80/131 .event anyedge, v0x9b4c36c60_523, v0x9b4c36c60_524, v0x9b4c36c60_525, v0x9b4c36c60_526;
v0x9b4c36c60_527 .array/port v0x9b4c36c60, 527;
v0x9b4c36c60_528 .array/port v0x9b4c36c60, 528;
v0x9b4c36c60_529 .array/port v0x9b4c36c60, 529;
v0x9b4c36c60_530 .array/port v0x9b4c36c60, 530;
E_0x9b50e6d80/132 .event anyedge, v0x9b4c36c60_527, v0x9b4c36c60_528, v0x9b4c36c60_529, v0x9b4c36c60_530;
v0x9b4c36c60_531 .array/port v0x9b4c36c60, 531;
v0x9b4c36c60_532 .array/port v0x9b4c36c60, 532;
v0x9b4c36c60_533 .array/port v0x9b4c36c60, 533;
v0x9b4c36c60_534 .array/port v0x9b4c36c60, 534;
E_0x9b50e6d80/133 .event anyedge, v0x9b4c36c60_531, v0x9b4c36c60_532, v0x9b4c36c60_533, v0x9b4c36c60_534;
v0x9b4c36c60_535 .array/port v0x9b4c36c60, 535;
v0x9b4c36c60_536 .array/port v0x9b4c36c60, 536;
v0x9b4c36c60_537 .array/port v0x9b4c36c60, 537;
v0x9b4c36c60_538 .array/port v0x9b4c36c60, 538;
E_0x9b50e6d80/134 .event anyedge, v0x9b4c36c60_535, v0x9b4c36c60_536, v0x9b4c36c60_537, v0x9b4c36c60_538;
v0x9b4c36c60_539 .array/port v0x9b4c36c60, 539;
v0x9b4c36c60_540 .array/port v0x9b4c36c60, 540;
v0x9b4c36c60_541 .array/port v0x9b4c36c60, 541;
v0x9b4c36c60_542 .array/port v0x9b4c36c60, 542;
E_0x9b50e6d80/135 .event anyedge, v0x9b4c36c60_539, v0x9b4c36c60_540, v0x9b4c36c60_541, v0x9b4c36c60_542;
v0x9b4c36c60_543 .array/port v0x9b4c36c60, 543;
v0x9b4c36c60_544 .array/port v0x9b4c36c60, 544;
v0x9b4c36c60_545 .array/port v0x9b4c36c60, 545;
v0x9b4c36c60_546 .array/port v0x9b4c36c60, 546;
E_0x9b50e6d80/136 .event anyedge, v0x9b4c36c60_543, v0x9b4c36c60_544, v0x9b4c36c60_545, v0x9b4c36c60_546;
v0x9b4c36c60_547 .array/port v0x9b4c36c60, 547;
v0x9b4c36c60_548 .array/port v0x9b4c36c60, 548;
v0x9b4c36c60_549 .array/port v0x9b4c36c60, 549;
v0x9b4c36c60_550 .array/port v0x9b4c36c60, 550;
E_0x9b50e6d80/137 .event anyedge, v0x9b4c36c60_547, v0x9b4c36c60_548, v0x9b4c36c60_549, v0x9b4c36c60_550;
v0x9b4c36c60_551 .array/port v0x9b4c36c60, 551;
v0x9b4c36c60_552 .array/port v0x9b4c36c60, 552;
v0x9b4c36c60_553 .array/port v0x9b4c36c60, 553;
v0x9b4c36c60_554 .array/port v0x9b4c36c60, 554;
E_0x9b50e6d80/138 .event anyedge, v0x9b4c36c60_551, v0x9b4c36c60_552, v0x9b4c36c60_553, v0x9b4c36c60_554;
v0x9b4c36c60_555 .array/port v0x9b4c36c60, 555;
v0x9b4c36c60_556 .array/port v0x9b4c36c60, 556;
v0x9b4c36c60_557 .array/port v0x9b4c36c60, 557;
v0x9b4c36c60_558 .array/port v0x9b4c36c60, 558;
E_0x9b50e6d80/139 .event anyedge, v0x9b4c36c60_555, v0x9b4c36c60_556, v0x9b4c36c60_557, v0x9b4c36c60_558;
v0x9b4c36c60_559 .array/port v0x9b4c36c60, 559;
v0x9b4c36c60_560 .array/port v0x9b4c36c60, 560;
v0x9b4c36c60_561 .array/port v0x9b4c36c60, 561;
v0x9b4c36c60_562 .array/port v0x9b4c36c60, 562;
E_0x9b50e6d80/140 .event anyedge, v0x9b4c36c60_559, v0x9b4c36c60_560, v0x9b4c36c60_561, v0x9b4c36c60_562;
v0x9b4c36c60_563 .array/port v0x9b4c36c60, 563;
v0x9b4c36c60_564 .array/port v0x9b4c36c60, 564;
v0x9b4c36c60_565 .array/port v0x9b4c36c60, 565;
v0x9b4c36c60_566 .array/port v0x9b4c36c60, 566;
E_0x9b50e6d80/141 .event anyedge, v0x9b4c36c60_563, v0x9b4c36c60_564, v0x9b4c36c60_565, v0x9b4c36c60_566;
v0x9b4c36c60_567 .array/port v0x9b4c36c60, 567;
v0x9b4c36c60_568 .array/port v0x9b4c36c60, 568;
v0x9b4c36c60_569 .array/port v0x9b4c36c60, 569;
v0x9b4c36c60_570 .array/port v0x9b4c36c60, 570;
E_0x9b50e6d80/142 .event anyedge, v0x9b4c36c60_567, v0x9b4c36c60_568, v0x9b4c36c60_569, v0x9b4c36c60_570;
v0x9b4c36c60_571 .array/port v0x9b4c36c60, 571;
v0x9b4c36c60_572 .array/port v0x9b4c36c60, 572;
v0x9b4c36c60_573 .array/port v0x9b4c36c60, 573;
v0x9b4c36c60_574 .array/port v0x9b4c36c60, 574;
E_0x9b50e6d80/143 .event anyedge, v0x9b4c36c60_571, v0x9b4c36c60_572, v0x9b4c36c60_573, v0x9b4c36c60_574;
v0x9b4c36c60_575 .array/port v0x9b4c36c60, 575;
v0x9b4c36c60_576 .array/port v0x9b4c36c60, 576;
v0x9b4c36c60_577 .array/port v0x9b4c36c60, 577;
v0x9b4c36c60_578 .array/port v0x9b4c36c60, 578;
E_0x9b50e6d80/144 .event anyedge, v0x9b4c36c60_575, v0x9b4c36c60_576, v0x9b4c36c60_577, v0x9b4c36c60_578;
v0x9b4c36c60_579 .array/port v0x9b4c36c60, 579;
v0x9b4c36c60_580 .array/port v0x9b4c36c60, 580;
v0x9b4c36c60_581 .array/port v0x9b4c36c60, 581;
v0x9b4c36c60_582 .array/port v0x9b4c36c60, 582;
E_0x9b50e6d80/145 .event anyedge, v0x9b4c36c60_579, v0x9b4c36c60_580, v0x9b4c36c60_581, v0x9b4c36c60_582;
v0x9b4c36c60_583 .array/port v0x9b4c36c60, 583;
v0x9b4c36c60_584 .array/port v0x9b4c36c60, 584;
v0x9b4c36c60_585 .array/port v0x9b4c36c60, 585;
v0x9b4c36c60_586 .array/port v0x9b4c36c60, 586;
E_0x9b50e6d80/146 .event anyedge, v0x9b4c36c60_583, v0x9b4c36c60_584, v0x9b4c36c60_585, v0x9b4c36c60_586;
v0x9b4c36c60_587 .array/port v0x9b4c36c60, 587;
v0x9b4c36c60_588 .array/port v0x9b4c36c60, 588;
v0x9b4c36c60_589 .array/port v0x9b4c36c60, 589;
v0x9b4c36c60_590 .array/port v0x9b4c36c60, 590;
E_0x9b50e6d80/147 .event anyedge, v0x9b4c36c60_587, v0x9b4c36c60_588, v0x9b4c36c60_589, v0x9b4c36c60_590;
v0x9b4c36c60_591 .array/port v0x9b4c36c60, 591;
v0x9b4c36c60_592 .array/port v0x9b4c36c60, 592;
v0x9b4c36c60_593 .array/port v0x9b4c36c60, 593;
v0x9b4c36c60_594 .array/port v0x9b4c36c60, 594;
E_0x9b50e6d80/148 .event anyedge, v0x9b4c36c60_591, v0x9b4c36c60_592, v0x9b4c36c60_593, v0x9b4c36c60_594;
v0x9b4c36c60_595 .array/port v0x9b4c36c60, 595;
v0x9b4c36c60_596 .array/port v0x9b4c36c60, 596;
v0x9b4c36c60_597 .array/port v0x9b4c36c60, 597;
v0x9b4c36c60_598 .array/port v0x9b4c36c60, 598;
E_0x9b50e6d80/149 .event anyedge, v0x9b4c36c60_595, v0x9b4c36c60_596, v0x9b4c36c60_597, v0x9b4c36c60_598;
v0x9b4c36c60_599 .array/port v0x9b4c36c60, 599;
v0x9b4c36c60_600 .array/port v0x9b4c36c60, 600;
v0x9b4c36c60_601 .array/port v0x9b4c36c60, 601;
v0x9b4c36c60_602 .array/port v0x9b4c36c60, 602;
E_0x9b50e6d80/150 .event anyedge, v0x9b4c36c60_599, v0x9b4c36c60_600, v0x9b4c36c60_601, v0x9b4c36c60_602;
v0x9b4c36c60_603 .array/port v0x9b4c36c60, 603;
v0x9b4c36c60_604 .array/port v0x9b4c36c60, 604;
v0x9b4c36c60_605 .array/port v0x9b4c36c60, 605;
v0x9b4c36c60_606 .array/port v0x9b4c36c60, 606;
E_0x9b50e6d80/151 .event anyedge, v0x9b4c36c60_603, v0x9b4c36c60_604, v0x9b4c36c60_605, v0x9b4c36c60_606;
v0x9b4c36c60_607 .array/port v0x9b4c36c60, 607;
v0x9b4c36c60_608 .array/port v0x9b4c36c60, 608;
v0x9b4c36c60_609 .array/port v0x9b4c36c60, 609;
v0x9b4c36c60_610 .array/port v0x9b4c36c60, 610;
E_0x9b50e6d80/152 .event anyedge, v0x9b4c36c60_607, v0x9b4c36c60_608, v0x9b4c36c60_609, v0x9b4c36c60_610;
v0x9b4c36c60_611 .array/port v0x9b4c36c60, 611;
v0x9b4c36c60_612 .array/port v0x9b4c36c60, 612;
v0x9b4c36c60_613 .array/port v0x9b4c36c60, 613;
v0x9b4c36c60_614 .array/port v0x9b4c36c60, 614;
E_0x9b50e6d80/153 .event anyedge, v0x9b4c36c60_611, v0x9b4c36c60_612, v0x9b4c36c60_613, v0x9b4c36c60_614;
v0x9b4c36c60_615 .array/port v0x9b4c36c60, 615;
v0x9b4c36c60_616 .array/port v0x9b4c36c60, 616;
v0x9b4c36c60_617 .array/port v0x9b4c36c60, 617;
v0x9b4c36c60_618 .array/port v0x9b4c36c60, 618;
E_0x9b50e6d80/154 .event anyedge, v0x9b4c36c60_615, v0x9b4c36c60_616, v0x9b4c36c60_617, v0x9b4c36c60_618;
v0x9b4c36c60_619 .array/port v0x9b4c36c60, 619;
v0x9b4c36c60_620 .array/port v0x9b4c36c60, 620;
v0x9b4c36c60_621 .array/port v0x9b4c36c60, 621;
v0x9b4c36c60_622 .array/port v0x9b4c36c60, 622;
E_0x9b50e6d80/155 .event anyedge, v0x9b4c36c60_619, v0x9b4c36c60_620, v0x9b4c36c60_621, v0x9b4c36c60_622;
v0x9b4c36c60_623 .array/port v0x9b4c36c60, 623;
v0x9b4c36c60_624 .array/port v0x9b4c36c60, 624;
v0x9b4c36c60_625 .array/port v0x9b4c36c60, 625;
v0x9b4c36c60_626 .array/port v0x9b4c36c60, 626;
E_0x9b50e6d80/156 .event anyedge, v0x9b4c36c60_623, v0x9b4c36c60_624, v0x9b4c36c60_625, v0x9b4c36c60_626;
v0x9b4c36c60_627 .array/port v0x9b4c36c60, 627;
v0x9b4c36c60_628 .array/port v0x9b4c36c60, 628;
v0x9b4c36c60_629 .array/port v0x9b4c36c60, 629;
v0x9b4c36c60_630 .array/port v0x9b4c36c60, 630;
E_0x9b50e6d80/157 .event anyedge, v0x9b4c36c60_627, v0x9b4c36c60_628, v0x9b4c36c60_629, v0x9b4c36c60_630;
v0x9b4c36c60_631 .array/port v0x9b4c36c60, 631;
v0x9b4c36c60_632 .array/port v0x9b4c36c60, 632;
v0x9b4c36c60_633 .array/port v0x9b4c36c60, 633;
v0x9b4c36c60_634 .array/port v0x9b4c36c60, 634;
E_0x9b50e6d80/158 .event anyedge, v0x9b4c36c60_631, v0x9b4c36c60_632, v0x9b4c36c60_633, v0x9b4c36c60_634;
v0x9b4c36c60_635 .array/port v0x9b4c36c60, 635;
v0x9b4c36c60_636 .array/port v0x9b4c36c60, 636;
v0x9b4c36c60_637 .array/port v0x9b4c36c60, 637;
v0x9b4c36c60_638 .array/port v0x9b4c36c60, 638;
E_0x9b50e6d80/159 .event anyedge, v0x9b4c36c60_635, v0x9b4c36c60_636, v0x9b4c36c60_637, v0x9b4c36c60_638;
v0x9b4c36c60_639 .array/port v0x9b4c36c60, 639;
v0x9b4c36c60_640 .array/port v0x9b4c36c60, 640;
v0x9b4c36c60_641 .array/port v0x9b4c36c60, 641;
v0x9b4c36c60_642 .array/port v0x9b4c36c60, 642;
E_0x9b50e6d80/160 .event anyedge, v0x9b4c36c60_639, v0x9b4c36c60_640, v0x9b4c36c60_641, v0x9b4c36c60_642;
v0x9b4c36c60_643 .array/port v0x9b4c36c60, 643;
v0x9b4c36c60_644 .array/port v0x9b4c36c60, 644;
v0x9b4c36c60_645 .array/port v0x9b4c36c60, 645;
v0x9b4c36c60_646 .array/port v0x9b4c36c60, 646;
E_0x9b50e6d80/161 .event anyedge, v0x9b4c36c60_643, v0x9b4c36c60_644, v0x9b4c36c60_645, v0x9b4c36c60_646;
v0x9b4c36c60_647 .array/port v0x9b4c36c60, 647;
v0x9b4c36c60_648 .array/port v0x9b4c36c60, 648;
v0x9b4c36c60_649 .array/port v0x9b4c36c60, 649;
v0x9b4c36c60_650 .array/port v0x9b4c36c60, 650;
E_0x9b50e6d80/162 .event anyedge, v0x9b4c36c60_647, v0x9b4c36c60_648, v0x9b4c36c60_649, v0x9b4c36c60_650;
v0x9b4c36c60_651 .array/port v0x9b4c36c60, 651;
v0x9b4c36c60_652 .array/port v0x9b4c36c60, 652;
v0x9b4c36c60_653 .array/port v0x9b4c36c60, 653;
v0x9b4c36c60_654 .array/port v0x9b4c36c60, 654;
E_0x9b50e6d80/163 .event anyedge, v0x9b4c36c60_651, v0x9b4c36c60_652, v0x9b4c36c60_653, v0x9b4c36c60_654;
v0x9b4c36c60_655 .array/port v0x9b4c36c60, 655;
v0x9b4c36c60_656 .array/port v0x9b4c36c60, 656;
v0x9b4c36c60_657 .array/port v0x9b4c36c60, 657;
v0x9b4c36c60_658 .array/port v0x9b4c36c60, 658;
E_0x9b50e6d80/164 .event anyedge, v0x9b4c36c60_655, v0x9b4c36c60_656, v0x9b4c36c60_657, v0x9b4c36c60_658;
v0x9b4c36c60_659 .array/port v0x9b4c36c60, 659;
v0x9b4c36c60_660 .array/port v0x9b4c36c60, 660;
v0x9b4c36c60_661 .array/port v0x9b4c36c60, 661;
v0x9b4c36c60_662 .array/port v0x9b4c36c60, 662;
E_0x9b50e6d80/165 .event anyedge, v0x9b4c36c60_659, v0x9b4c36c60_660, v0x9b4c36c60_661, v0x9b4c36c60_662;
v0x9b4c36c60_663 .array/port v0x9b4c36c60, 663;
v0x9b4c36c60_664 .array/port v0x9b4c36c60, 664;
v0x9b4c36c60_665 .array/port v0x9b4c36c60, 665;
v0x9b4c36c60_666 .array/port v0x9b4c36c60, 666;
E_0x9b50e6d80/166 .event anyedge, v0x9b4c36c60_663, v0x9b4c36c60_664, v0x9b4c36c60_665, v0x9b4c36c60_666;
v0x9b4c36c60_667 .array/port v0x9b4c36c60, 667;
v0x9b4c36c60_668 .array/port v0x9b4c36c60, 668;
v0x9b4c36c60_669 .array/port v0x9b4c36c60, 669;
v0x9b4c36c60_670 .array/port v0x9b4c36c60, 670;
E_0x9b50e6d80/167 .event anyedge, v0x9b4c36c60_667, v0x9b4c36c60_668, v0x9b4c36c60_669, v0x9b4c36c60_670;
v0x9b4c36c60_671 .array/port v0x9b4c36c60, 671;
v0x9b4c36c60_672 .array/port v0x9b4c36c60, 672;
v0x9b4c36c60_673 .array/port v0x9b4c36c60, 673;
v0x9b4c36c60_674 .array/port v0x9b4c36c60, 674;
E_0x9b50e6d80/168 .event anyedge, v0x9b4c36c60_671, v0x9b4c36c60_672, v0x9b4c36c60_673, v0x9b4c36c60_674;
v0x9b4c36c60_675 .array/port v0x9b4c36c60, 675;
v0x9b4c36c60_676 .array/port v0x9b4c36c60, 676;
v0x9b4c36c60_677 .array/port v0x9b4c36c60, 677;
v0x9b4c36c60_678 .array/port v0x9b4c36c60, 678;
E_0x9b50e6d80/169 .event anyedge, v0x9b4c36c60_675, v0x9b4c36c60_676, v0x9b4c36c60_677, v0x9b4c36c60_678;
v0x9b4c36c60_679 .array/port v0x9b4c36c60, 679;
v0x9b4c36c60_680 .array/port v0x9b4c36c60, 680;
v0x9b4c36c60_681 .array/port v0x9b4c36c60, 681;
v0x9b4c36c60_682 .array/port v0x9b4c36c60, 682;
E_0x9b50e6d80/170 .event anyedge, v0x9b4c36c60_679, v0x9b4c36c60_680, v0x9b4c36c60_681, v0x9b4c36c60_682;
v0x9b4c36c60_683 .array/port v0x9b4c36c60, 683;
v0x9b4c36c60_684 .array/port v0x9b4c36c60, 684;
v0x9b4c36c60_685 .array/port v0x9b4c36c60, 685;
v0x9b4c36c60_686 .array/port v0x9b4c36c60, 686;
E_0x9b50e6d80/171 .event anyedge, v0x9b4c36c60_683, v0x9b4c36c60_684, v0x9b4c36c60_685, v0x9b4c36c60_686;
v0x9b4c36c60_687 .array/port v0x9b4c36c60, 687;
v0x9b4c36c60_688 .array/port v0x9b4c36c60, 688;
v0x9b4c36c60_689 .array/port v0x9b4c36c60, 689;
v0x9b4c36c60_690 .array/port v0x9b4c36c60, 690;
E_0x9b50e6d80/172 .event anyedge, v0x9b4c36c60_687, v0x9b4c36c60_688, v0x9b4c36c60_689, v0x9b4c36c60_690;
v0x9b4c36c60_691 .array/port v0x9b4c36c60, 691;
v0x9b4c36c60_692 .array/port v0x9b4c36c60, 692;
v0x9b4c36c60_693 .array/port v0x9b4c36c60, 693;
v0x9b4c36c60_694 .array/port v0x9b4c36c60, 694;
E_0x9b50e6d80/173 .event anyedge, v0x9b4c36c60_691, v0x9b4c36c60_692, v0x9b4c36c60_693, v0x9b4c36c60_694;
v0x9b4c36c60_695 .array/port v0x9b4c36c60, 695;
v0x9b4c36c60_696 .array/port v0x9b4c36c60, 696;
v0x9b4c36c60_697 .array/port v0x9b4c36c60, 697;
v0x9b4c36c60_698 .array/port v0x9b4c36c60, 698;
E_0x9b50e6d80/174 .event anyedge, v0x9b4c36c60_695, v0x9b4c36c60_696, v0x9b4c36c60_697, v0x9b4c36c60_698;
v0x9b4c36c60_699 .array/port v0x9b4c36c60, 699;
v0x9b4c36c60_700 .array/port v0x9b4c36c60, 700;
v0x9b4c36c60_701 .array/port v0x9b4c36c60, 701;
v0x9b4c36c60_702 .array/port v0x9b4c36c60, 702;
E_0x9b50e6d80/175 .event anyedge, v0x9b4c36c60_699, v0x9b4c36c60_700, v0x9b4c36c60_701, v0x9b4c36c60_702;
v0x9b4c36c60_703 .array/port v0x9b4c36c60, 703;
v0x9b4c36c60_704 .array/port v0x9b4c36c60, 704;
v0x9b4c36c60_705 .array/port v0x9b4c36c60, 705;
v0x9b4c36c60_706 .array/port v0x9b4c36c60, 706;
E_0x9b50e6d80/176 .event anyedge, v0x9b4c36c60_703, v0x9b4c36c60_704, v0x9b4c36c60_705, v0x9b4c36c60_706;
v0x9b4c36c60_707 .array/port v0x9b4c36c60, 707;
v0x9b4c36c60_708 .array/port v0x9b4c36c60, 708;
v0x9b4c36c60_709 .array/port v0x9b4c36c60, 709;
v0x9b4c36c60_710 .array/port v0x9b4c36c60, 710;
E_0x9b50e6d80/177 .event anyedge, v0x9b4c36c60_707, v0x9b4c36c60_708, v0x9b4c36c60_709, v0x9b4c36c60_710;
v0x9b4c36c60_711 .array/port v0x9b4c36c60, 711;
v0x9b4c36c60_712 .array/port v0x9b4c36c60, 712;
v0x9b4c36c60_713 .array/port v0x9b4c36c60, 713;
v0x9b4c36c60_714 .array/port v0x9b4c36c60, 714;
E_0x9b50e6d80/178 .event anyedge, v0x9b4c36c60_711, v0x9b4c36c60_712, v0x9b4c36c60_713, v0x9b4c36c60_714;
v0x9b4c36c60_715 .array/port v0x9b4c36c60, 715;
v0x9b4c36c60_716 .array/port v0x9b4c36c60, 716;
v0x9b4c36c60_717 .array/port v0x9b4c36c60, 717;
v0x9b4c36c60_718 .array/port v0x9b4c36c60, 718;
E_0x9b50e6d80/179 .event anyedge, v0x9b4c36c60_715, v0x9b4c36c60_716, v0x9b4c36c60_717, v0x9b4c36c60_718;
v0x9b4c36c60_719 .array/port v0x9b4c36c60, 719;
v0x9b4c36c60_720 .array/port v0x9b4c36c60, 720;
v0x9b4c36c60_721 .array/port v0x9b4c36c60, 721;
v0x9b4c36c60_722 .array/port v0x9b4c36c60, 722;
E_0x9b50e6d80/180 .event anyedge, v0x9b4c36c60_719, v0x9b4c36c60_720, v0x9b4c36c60_721, v0x9b4c36c60_722;
v0x9b4c36c60_723 .array/port v0x9b4c36c60, 723;
v0x9b4c36c60_724 .array/port v0x9b4c36c60, 724;
v0x9b4c36c60_725 .array/port v0x9b4c36c60, 725;
v0x9b4c36c60_726 .array/port v0x9b4c36c60, 726;
E_0x9b50e6d80/181 .event anyedge, v0x9b4c36c60_723, v0x9b4c36c60_724, v0x9b4c36c60_725, v0x9b4c36c60_726;
v0x9b4c36c60_727 .array/port v0x9b4c36c60, 727;
v0x9b4c36c60_728 .array/port v0x9b4c36c60, 728;
v0x9b4c36c60_729 .array/port v0x9b4c36c60, 729;
v0x9b4c36c60_730 .array/port v0x9b4c36c60, 730;
E_0x9b50e6d80/182 .event anyedge, v0x9b4c36c60_727, v0x9b4c36c60_728, v0x9b4c36c60_729, v0x9b4c36c60_730;
v0x9b4c36c60_731 .array/port v0x9b4c36c60, 731;
v0x9b4c36c60_732 .array/port v0x9b4c36c60, 732;
v0x9b4c36c60_733 .array/port v0x9b4c36c60, 733;
v0x9b4c36c60_734 .array/port v0x9b4c36c60, 734;
E_0x9b50e6d80/183 .event anyedge, v0x9b4c36c60_731, v0x9b4c36c60_732, v0x9b4c36c60_733, v0x9b4c36c60_734;
v0x9b4c36c60_735 .array/port v0x9b4c36c60, 735;
v0x9b4c36c60_736 .array/port v0x9b4c36c60, 736;
v0x9b4c36c60_737 .array/port v0x9b4c36c60, 737;
v0x9b4c36c60_738 .array/port v0x9b4c36c60, 738;
E_0x9b50e6d80/184 .event anyedge, v0x9b4c36c60_735, v0x9b4c36c60_736, v0x9b4c36c60_737, v0x9b4c36c60_738;
v0x9b4c36c60_739 .array/port v0x9b4c36c60, 739;
v0x9b4c36c60_740 .array/port v0x9b4c36c60, 740;
v0x9b4c36c60_741 .array/port v0x9b4c36c60, 741;
v0x9b4c36c60_742 .array/port v0x9b4c36c60, 742;
E_0x9b50e6d80/185 .event anyedge, v0x9b4c36c60_739, v0x9b4c36c60_740, v0x9b4c36c60_741, v0x9b4c36c60_742;
v0x9b4c36c60_743 .array/port v0x9b4c36c60, 743;
v0x9b4c36c60_744 .array/port v0x9b4c36c60, 744;
v0x9b4c36c60_745 .array/port v0x9b4c36c60, 745;
v0x9b4c36c60_746 .array/port v0x9b4c36c60, 746;
E_0x9b50e6d80/186 .event anyedge, v0x9b4c36c60_743, v0x9b4c36c60_744, v0x9b4c36c60_745, v0x9b4c36c60_746;
v0x9b4c36c60_747 .array/port v0x9b4c36c60, 747;
v0x9b4c36c60_748 .array/port v0x9b4c36c60, 748;
v0x9b4c36c60_749 .array/port v0x9b4c36c60, 749;
v0x9b4c36c60_750 .array/port v0x9b4c36c60, 750;
E_0x9b50e6d80/187 .event anyedge, v0x9b4c36c60_747, v0x9b4c36c60_748, v0x9b4c36c60_749, v0x9b4c36c60_750;
v0x9b4c36c60_751 .array/port v0x9b4c36c60, 751;
v0x9b4c36c60_752 .array/port v0x9b4c36c60, 752;
v0x9b4c36c60_753 .array/port v0x9b4c36c60, 753;
v0x9b4c36c60_754 .array/port v0x9b4c36c60, 754;
E_0x9b50e6d80/188 .event anyedge, v0x9b4c36c60_751, v0x9b4c36c60_752, v0x9b4c36c60_753, v0x9b4c36c60_754;
v0x9b4c36c60_755 .array/port v0x9b4c36c60, 755;
v0x9b4c36c60_756 .array/port v0x9b4c36c60, 756;
v0x9b4c36c60_757 .array/port v0x9b4c36c60, 757;
v0x9b4c36c60_758 .array/port v0x9b4c36c60, 758;
E_0x9b50e6d80/189 .event anyedge, v0x9b4c36c60_755, v0x9b4c36c60_756, v0x9b4c36c60_757, v0x9b4c36c60_758;
v0x9b4c36c60_759 .array/port v0x9b4c36c60, 759;
v0x9b4c36c60_760 .array/port v0x9b4c36c60, 760;
v0x9b4c36c60_761 .array/port v0x9b4c36c60, 761;
v0x9b4c36c60_762 .array/port v0x9b4c36c60, 762;
E_0x9b50e6d80/190 .event anyedge, v0x9b4c36c60_759, v0x9b4c36c60_760, v0x9b4c36c60_761, v0x9b4c36c60_762;
v0x9b4c36c60_763 .array/port v0x9b4c36c60, 763;
v0x9b4c36c60_764 .array/port v0x9b4c36c60, 764;
v0x9b4c36c60_765 .array/port v0x9b4c36c60, 765;
v0x9b4c36c60_766 .array/port v0x9b4c36c60, 766;
E_0x9b50e6d80/191 .event anyedge, v0x9b4c36c60_763, v0x9b4c36c60_764, v0x9b4c36c60_765, v0x9b4c36c60_766;
v0x9b4c36c60_767 .array/port v0x9b4c36c60, 767;
v0x9b4c36c60_768 .array/port v0x9b4c36c60, 768;
v0x9b4c36c60_769 .array/port v0x9b4c36c60, 769;
v0x9b4c36c60_770 .array/port v0x9b4c36c60, 770;
E_0x9b50e6d80/192 .event anyedge, v0x9b4c36c60_767, v0x9b4c36c60_768, v0x9b4c36c60_769, v0x9b4c36c60_770;
v0x9b4c36c60_771 .array/port v0x9b4c36c60, 771;
v0x9b4c36c60_772 .array/port v0x9b4c36c60, 772;
v0x9b4c36c60_773 .array/port v0x9b4c36c60, 773;
v0x9b4c36c60_774 .array/port v0x9b4c36c60, 774;
E_0x9b50e6d80/193 .event anyedge, v0x9b4c36c60_771, v0x9b4c36c60_772, v0x9b4c36c60_773, v0x9b4c36c60_774;
v0x9b4c36c60_775 .array/port v0x9b4c36c60, 775;
v0x9b4c36c60_776 .array/port v0x9b4c36c60, 776;
v0x9b4c36c60_777 .array/port v0x9b4c36c60, 777;
v0x9b4c36c60_778 .array/port v0x9b4c36c60, 778;
E_0x9b50e6d80/194 .event anyedge, v0x9b4c36c60_775, v0x9b4c36c60_776, v0x9b4c36c60_777, v0x9b4c36c60_778;
v0x9b4c36c60_779 .array/port v0x9b4c36c60, 779;
v0x9b4c36c60_780 .array/port v0x9b4c36c60, 780;
v0x9b4c36c60_781 .array/port v0x9b4c36c60, 781;
v0x9b4c36c60_782 .array/port v0x9b4c36c60, 782;
E_0x9b50e6d80/195 .event anyedge, v0x9b4c36c60_779, v0x9b4c36c60_780, v0x9b4c36c60_781, v0x9b4c36c60_782;
v0x9b4c36c60_783 .array/port v0x9b4c36c60, 783;
v0x9b4c36c60_784 .array/port v0x9b4c36c60, 784;
v0x9b4c36c60_785 .array/port v0x9b4c36c60, 785;
v0x9b4c36c60_786 .array/port v0x9b4c36c60, 786;
E_0x9b50e6d80/196 .event anyedge, v0x9b4c36c60_783, v0x9b4c36c60_784, v0x9b4c36c60_785, v0x9b4c36c60_786;
v0x9b4c36c60_787 .array/port v0x9b4c36c60, 787;
v0x9b4c36c60_788 .array/port v0x9b4c36c60, 788;
v0x9b4c36c60_789 .array/port v0x9b4c36c60, 789;
v0x9b4c36c60_790 .array/port v0x9b4c36c60, 790;
E_0x9b50e6d80/197 .event anyedge, v0x9b4c36c60_787, v0x9b4c36c60_788, v0x9b4c36c60_789, v0x9b4c36c60_790;
v0x9b4c36c60_791 .array/port v0x9b4c36c60, 791;
v0x9b4c36c60_792 .array/port v0x9b4c36c60, 792;
v0x9b4c36c60_793 .array/port v0x9b4c36c60, 793;
v0x9b4c36c60_794 .array/port v0x9b4c36c60, 794;
E_0x9b50e6d80/198 .event anyedge, v0x9b4c36c60_791, v0x9b4c36c60_792, v0x9b4c36c60_793, v0x9b4c36c60_794;
v0x9b4c36c60_795 .array/port v0x9b4c36c60, 795;
v0x9b4c36c60_796 .array/port v0x9b4c36c60, 796;
v0x9b4c36c60_797 .array/port v0x9b4c36c60, 797;
v0x9b4c36c60_798 .array/port v0x9b4c36c60, 798;
E_0x9b50e6d80/199 .event anyedge, v0x9b4c36c60_795, v0x9b4c36c60_796, v0x9b4c36c60_797, v0x9b4c36c60_798;
v0x9b4c36c60_799 .array/port v0x9b4c36c60, 799;
v0x9b4c36c60_800 .array/port v0x9b4c36c60, 800;
v0x9b4c36c60_801 .array/port v0x9b4c36c60, 801;
v0x9b4c36c60_802 .array/port v0x9b4c36c60, 802;
E_0x9b50e6d80/200 .event anyedge, v0x9b4c36c60_799, v0x9b4c36c60_800, v0x9b4c36c60_801, v0x9b4c36c60_802;
v0x9b4c36c60_803 .array/port v0x9b4c36c60, 803;
v0x9b4c36c60_804 .array/port v0x9b4c36c60, 804;
v0x9b4c36c60_805 .array/port v0x9b4c36c60, 805;
v0x9b4c36c60_806 .array/port v0x9b4c36c60, 806;
E_0x9b50e6d80/201 .event anyedge, v0x9b4c36c60_803, v0x9b4c36c60_804, v0x9b4c36c60_805, v0x9b4c36c60_806;
v0x9b4c36c60_807 .array/port v0x9b4c36c60, 807;
v0x9b4c36c60_808 .array/port v0x9b4c36c60, 808;
v0x9b4c36c60_809 .array/port v0x9b4c36c60, 809;
v0x9b4c36c60_810 .array/port v0x9b4c36c60, 810;
E_0x9b50e6d80/202 .event anyedge, v0x9b4c36c60_807, v0x9b4c36c60_808, v0x9b4c36c60_809, v0x9b4c36c60_810;
v0x9b4c36c60_811 .array/port v0x9b4c36c60, 811;
v0x9b4c36c60_812 .array/port v0x9b4c36c60, 812;
v0x9b4c36c60_813 .array/port v0x9b4c36c60, 813;
v0x9b4c36c60_814 .array/port v0x9b4c36c60, 814;
E_0x9b50e6d80/203 .event anyedge, v0x9b4c36c60_811, v0x9b4c36c60_812, v0x9b4c36c60_813, v0x9b4c36c60_814;
v0x9b4c36c60_815 .array/port v0x9b4c36c60, 815;
v0x9b4c36c60_816 .array/port v0x9b4c36c60, 816;
v0x9b4c36c60_817 .array/port v0x9b4c36c60, 817;
v0x9b4c36c60_818 .array/port v0x9b4c36c60, 818;
E_0x9b50e6d80/204 .event anyedge, v0x9b4c36c60_815, v0x9b4c36c60_816, v0x9b4c36c60_817, v0x9b4c36c60_818;
v0x9b4c36c60_819 .array/port v0x9b4c36c60, 819;
v0x9b4c36c60_820 .array/port v0x9b4c36c60, 820;
v0x9b4c36c60_821 .array/port v0x9b4c36c60, 821;
v0x9b4c36c60_822 .array/port v0x9b4c36c60, 822;
E_0x9b50e6d80/205 .event anyedge, v0x9b4c36c60_819, v0x9b4c36c60_820, v0x9b4c36c60_821, v0x9b4c36c60_822;
v0x9b4c36c60_823 .array/port v0x9b4c36c60, 823;
v0x9b4c36c60_824 .array/port v0x9b4c36c60, 824;
v0x9b4c36c60_825 .array/port v0x9b4c36c60, 825;
v0x9b4c36c60_826 .array/port v0x9b4c36c60, 826;
E_0x9b50e6d80/206 .event anyedge, v0x9b4c36c60_823, v0x9b4c36c60_824, v0x9b4c36c60_825, v0x9b4c36c60_826;
v0x9b4c36c60_827 .array/port v0x9b4c36c60, 827;
v0x9b4c36c60_828 .array/port v0x9b4c36c60, 828;
v0x9b4c36c60_829 .array/port v0x9b4c36c60, 829;
v0x9b4c36c60_830 .array/port v0x9b4c36c60, 830;
E_0x9b50e6d80/207 .event anyedge, v0x9b4c36c60_827, v0x9b4c36c60_828, v0x9b4c36c60_829, v0x9b4c36c60_830;
v0x9b4c36c60_831 .array/port v0x9b4c36c60, 831;
v0x9b4c36c60_832 .array/port v0x9b4c36c60, 832;
v0x9b4c36c60_833 .array/port v0x9b4c36c60, 833;
v0x9b4c36c60_834 .array/port v0x9b4c36c60, 834;
E_0x9b50e6d80/208 .event anyedge, v0x9b4c36c60_831, v0x9b4c36c60_832, v0x9b4c36c60_833, v0x9b4c36c60_834;
v0x9b4c36c60_835 .array/port v0x9b4c36c60, 835;
v0x9b4c36c60_836 .array/port v0x9b4c36c60, 836;
v0x9b4c36c60_837 .array/port v0x9b4c36c60, 837;
v0x9b4c36c60_838 .array/port v0x9b4c36c60, 838;
E_0x9b50e6d80/209 .event anyedge, v0x9b4c36c60_835, v0x9b4c36c60_836, v0x9b4c36c60_837, v0x9b4c36c60_838;
v0x9b4c36c60_839 .array/port v0x9b4c36c60, 839;
v0x9b4c36c60_840 .array/port v0x9b4c36c60, 840;
v0x9b4c36c60_841 .array/port v0x9b4c36c60, 841;
v0x9b4c36c60_842 .array/port v0x9b4c36c60, 842;
E_0x9b50e6d80/210 .event anyedge, v0x9b4c36c60_839, v0x9b4c36c60_840, v0x9b4c36c60_841, v0x9b4c36c60_842;
v0x9b4c36c60_843 .array/port v0x9b4c36c60, 843;
v0x9b4c36c60_844 .array/port v0x9b4c36c60, 844;
v0x9b4c36c60_845 .array/port v0x9b4c36c60, 845;
v0x9b4c36c60_846 .array/port v0x9b4c36c60, 846;
E_0x9b50e6d80/211 .event anyedge, v0x9b4c36c60_843, v0x9b4c36c60_844, v0x9b4c36c60_845, v0x9b4c36c60_846;
v0x9b4c36c60_847 .array/port v0x9b4c36c60, 847;
v0x9b4c36c60_848 .array/port v0x9b4c36c60, 848;
v0x9b4c36c60_849 .array/port v0x9b4c36c60, 849;
v0x9b4c36c60_850 .array/port v0x9b4c36c60, 850;
E_0x9b50e6d80/212 .event anyedge, v0x9b4c36c60_847, v0x9b4c36c60_848, v0x9b4c36c60_849, v0x9b4c36c60_850;
v0x9b4c36c60_851 .array/port v0x9b4c36c60, 851;
v0x9b4c36c60_852 .array/port v0x9b4c36c60, 852;
v0x9b4c36c60_853 .array/port v0x9b4c36c60, 853;
v0x9b4c36c60_854 .array/port v0x9b4c36c60, 854;
E_0x9b50e6d80/213 .event anyedge, v0x9b4c36c60_851, v0x9b4c36c60_852, v0x9b4c36c60_853, v0x9b4c36c60_854;
v0x9b4c36c60_855 .array/port v0x9b4c36c60, 855;
v0x9b4c36c60_856 .array/port v0x9b4c36c60, 856;
v0x9b4c36c60_857 .array/port v0x9b4c36c60, 857;
v0x9b4c36c60_858 .array/port v0x9b4c36c60, 858;
E_0x9b50e6d80/214 .event anyedge, v0x9b4c36c60_855, v0x9b4c36c60_856, v0x9b4c36c60_857, v0x9b4c36c60_858;
v0x9b4c36c60_859 .array/port v0x9b4c36c60, 859;
v0x9b4c36c60_860 .array/port v0x9b4c36c60, 860;
v0x9b4c36c60_861 .array/port v0x9b4c36c60, 861;
v0x9b4c36c60_862 .array/port v0x9b4c36c60, 862;
E_0x9b50e6d80/215 .event anyedge, v0x9b4c36c60_859, v0x9b4c36c60_860, v0x9b4c36c60_861, v0x9b4c36c60_862;
v0x9b4c36c60_863 .array/port v0x9b4c36c60, 863;
v0x9b4c36c60_864 .array/port v0x9b4c36c60, 864;
v0x9b4c36c60_865 .array/port v0x9b4c36c60, 865;
v0x9b4c36c60_866 .array/port v0x9b4c36c60, 866;
E_0x9b50e6d80/216 .event anyedge, v0x9b4c36c60_863, v0x9b4c36c60_864, v0x9b4c36c60_865, v0x9b4c36c60_866;
v0x9b4c36c60_867 .array/port v0x9b4c36c60, 867;
v0x9b4c36c60_868 .array/port v0x9b4c36c60, 868;
v0x9b4c36c60_869 .array/port v0x9b4c36c60, 869;
v0x9b4c36c60_870 .array/port v0x9b4c36c60, 870;
E_0x9b50e6d80/217 .event anyedge, v0x9b4c36c60_867, v0x9b4c36c60_868, v0x9b4c36c60_869, v0x9b4c36c60_870;
v0x9b4c36c60_871 .array/port v0x9b4c36c60, 871;
v0x9b4c36c60_872 .array/port v0x9b4c36c60, 872;
v0x9b4c36c60_873 .array/port v0x9b4c36c60, 873;
v0x9b4c36c60_874 .array/port v0x9b4c36c60, 874;
E_0x9b50e6d80/218 .event anyedge, v0x9b4c36c60_871, v0x9b4c36c60_872, v0x9b4c36c60_873, v0x9b4c36c60_874;
v0x9b4c36c60_875 .array/port v0x9b4c36c60, 875;
v0x9b4c36c60_876 .array/port v0x9b4c36c60, 876;
v0x9b4c36c60_877 .array/port v0x9b4c36c60, 877;
v0x9b4c36c60_878 .array/port v0x9b4c36c60, 878;
E_0x9b50e6d80/219 .event anyedge, v0x9b4c36c60_875, v0x9b4c36c60_876, v0x9b4c36c60_877, v0x9b4c36c60_878;
v0x9b4c36c60_879 .array/port v0x9b4c36c60, 879;
v0x9b4c36c60_880 .array/port v0x9b4c36c60, 880;
v0x9b4c36c60_881 .array/port v0x9b4c36c60, 881;
v0x9b4c36c60_882 .array/port v0x9b4c36c60, 882;
E_0x9b50e6d80/220 .event anyedge, v0x9b4c36c60_879, v0x9b4c36c60_880, v0x9b4c36c60_881, v0x9b4c36c60_882;
v0x9b4c36c60_883 .array/port v0x9b4c36c60, 883;
v0x9b4c36c60_884 .array/port v0x9b4c36c60, 884;
v0x9b4c36c60_885 .array/port v0x9b4c36c60, 885;
v0x9b4c36c60_886 .array/port v0x9b4c36c60, 886;
E_0x9b50e6d80/221 .event anyedge, v0x9b4c36c60_883, v0x9b4c36c60_884, v0x9b4c36c60_885, v0x9b4c36c60_886;
v0x9b4c36c60_887 .array/port v0x9b4c36c60, 887;
v0x9b4c36c60_888 .array/port v0x9b4c36c60, 888;
v0x9b4c36c60_889 .array/port v0x9b4c36c60, 889;
v0x9b4c36c60_890 .array/port v0x9b4c36c60, 890;
E_0x9b50e6d80/222 .event anyedge, v0x9b4c36c60_887, v0x9b4c36c60_888, v0x9b4c36c60_889, v0x9b4c36c60_890;
v0x9b4c36c60_891 .array/port v0x9b4c36c60, 891;
v0x9b4c36c60_892 .array/port v0x9b4c36c60, 892;
v0x9b4c36c60_893 .array/port v0x9b4c36c60, 893;
v0x9b4c36c60_894 .array/port v0x9b4c36c60, 894;
E_0x9b50e6d80/223 .event anyedge, v0x9b4c36c60_891, v0x9b4c36c60_892, v0x9b4c36c60_893, v0x9b4c36c60_894;
v0x9b4c36c60_895 .array/port v0x9b4c36c60, 895;
v0x9b4c36c60_896 .array/port v0x9b4c36c60, 896;
v0x9b4c36c60_897 .array/port v0x9b4c36c60, 897;
v0x9b4c36c60_898 .array/port v0x9b4c36c60, 898;
E_0x9b50e6d80/224 .event anyedge, v0x9b4c36c60_895, v0x9b4c36c60_896, v0x9b4c36c60_897, v0x9b4c36c60_898;
v0x9b4c36c60_899 .array/port v0x9b4c36c60, 899;
v0x9b4c36c60_900 .array/port v0x9b4c36c60, 900;
v0x9b4c36c60_901 .array/port v0x9b4c36c60, 901;
v0x9b4c36c60_902 .array/port v0x9b4c36c60, 902;
E_0x9b50e6d80/225 .event anyedge, v0x9b4c36c60_899, v0x9b4c36c60_900, v0x9b4c36c60_901, v0x9b4c36c60_902;
v0x9b4c36c60_903 .array/port v0x9b4c36c60, 903;
v0x9b4c36c60_904 .array/port v0x9b4c36c60, 904;
v0x9b4c36c60_905 .array/port v0x9b4c36c60, 905;
v0x9b4c36c60_906 .array/port v0x9b4c36c60, 906;
E_0x9b50e6d80/226 .event anyedge, v0x9b4c36c60_903, v0x9b4c36c60_904, v0x9b4c36c60_905, v0x9b4c36c60_906;
v0x9b4c36c60_907 .array/port v0x9b4c36c60, 907;
v0x9b4c36c60_908 .array/port v0x9b4c36c60, 908;
v0x9b4c36c60_909 .array/port v0x9b4c36c60, 909;
v0x9b4c36c60_910 .array/port v0x9b4c36c60, 910;
E_0x9b50e6d80/227 .event anyedge, v0x9b4c36c60_907, v0x9b4c36c60_908, v0x9b4c36c60_909, v0x9b4c36c60_910;
v0x9b4c36c60_911 .array/port v0x9b4c36c60, 911;
v0x9b4c36c60_912 .array/port v0x9b4c36c60, 912;
v0x9b4c36c60_913 .array/port v0x9b4c36c60, 913;
v0x9b4c36c60_914 .array/port v0x9b4c36c60, 914;
E_0x9b50e6d80/228 .event anyedge, v0x9b4c36c60_911, v0x9b4c36c60_912, v0x9b4c36c60_913, v0x9b4c36c60_914;
v0x9b4c36c60_915 .array/port v0x9b4c36c60, 915;
v0x9b4c36c60_916 .array/port v0x9b4c36c60, 916;
v0x9b4c36c60_917 .array/port v0x9b4c36c60, 917;
v0x9b4c36c60_918 .array/port v0x9b4c36c60, 918;
E_0x9b50e6d80/229 .event anyedge, v0x9b4c36c60_915, v0x9b4c36c60_916, v0x9b4c36c60_917, v0x9b4c36c60_918;
v0x9b4c36c60_919 .array/port v0x9b4c36c60, 919;
v0x9b4c36c60_920 .array/port v0x9b4c36c60, 920;
v0x9b4c36c60_921 .array/port v0x9b4c36c60, 921;
v0x9b4c36c60_922 .array/port v0x9b4c36c60, 922;
E_0x9b50e6d80/230 .event anyedge, v0x9b4c36c60_919, v0x9b4c36c60_920, v0x9b4c36c60_921, v0x9b4c36c60_922;
v0x9b4c36c60_923 .array/port v0x9b4c36c60, 923;
v0x9b4c36c60_924 .array/port v0x9b4c36c60, 924;
v0x9b4c36c60_925 .array/port v0x9b4c36c60, 925;
v0x9b4c36c60_926 .array/port v0x9b4c36c60, 926;
E_0x9b50e6d80/231 .event anyedge, v0x9b4c36c60_923, v0x9b4c36c60_924, v0x9b4c36c60_925, v0x9b4c36c60_926;
v0x9b4c36c60_927 .array/port v0x9b4c36c60, 927;
v0x9b4c36c60_928 .array/port v0x9b4c36c60, 928;
v0x9b4c36c60_929 .array/port v0x9b4c36c60, 929;
v0x9b4c36c60_930 .array/port v0x9b4c36c60, 930;
E_0x9b50e6d80/232 .event anyedge, v0x9b4c36c60_927, v0x9b4c36c60_928, v0x9b4c36c60_929, v0x9b4c36c60_930;
v0x9b4c36c60_931 .array/port v0x9b4c36c60, 931;
v0x9b4c36c60_932 .array/port v0x9b4c36c60, 932;
v0x9b4c36c60_933 .array/port v0x9b4c36c60, 933;
v0x9b4c36c60_934 .array/port v0x9b4c36c60, 934;
E_0x9b50e6d80/233 .event anyedge, v0x9b4c36c60_931, v0x9b4c36c60_932, v0x9b4c36c60_933, v0x9b4c36c60_934;
v0x9b4c36c60_935 .array/port v0x9b4c36c60, 935;
v0x9b4c36c60_936 .array/port v0x9b4c36c60, 936;
v0x9b4c36c60_937 .array/port v0x9b4c36c60, 937;
v0x9b4c36c60_938 .array/port v0x9b4c36c60, 938;
E_0x9b50e6d80/234 .event anyedge, v0x9b4c36c60_935, v0x9b4c36c60_936, v0x9b4c36c60_937, v0x9b4c36c60_938;
v0x9b4c36c60_939 .array/port v0x9b4c36c60, 939;
v0x9b4c36c60_940 .array/port v0x9b4c36c60, 940;
v0x9b4c36c60_941 .array/port v0x9b4c36c60, 941;
v0x9b4c36c60_942 .array/port v0x9b4c36c60, 942;
E_0x9b50e6d80/235 .event anyedge, v0x9b4c36c60_939, v0x9b4c36c60_940, v0x9b4c36c60_941, v0x9b4c36c60_942;
v0x9b4c36c60_943 .array/port v0x9b4c36c60, 943;
v0x9b4c36c60_944 .array/port v0x9b4c36c60, 944;
v0x9b4c36c60_945 .array/port v0x9b4c36c60, 945;
v0x9b4c36c60_946 .array/port v0x9b4c36c60, 946;
E_0x9b50e6d80/236 .event anyedge, v0x9b4c36c60_943, v0x9b4c36c60_944, v0x9b4c36c60_945, v0x9b4c36c60_946;
v0x9b4c36c60_947 .array/port v0x9b4c36c60, 947;
v0x9b4c36c60_948 .array/port v0x9b4c36c60, 948;
v0x9b4c36c60_949 .array/port v0x9b4c36c60, 949;
v0x9b4c36c60_950 .array/port v0x9b4c36c60, 950;
E_0x9b50e6d80/237 .event anyedge, v0x9b4c36c60_947, v0x9b4c36c60_948, v0x9b4c36c60_949, v0x9b4c36c60_950;
v0x9b4c36c60_951 .array/port v0x9b4c36c60, 951;
v0x9b4c36c60_952 .array/port v0x9b4c36c60, 952;
v0x9b4c36c60_953 .array/port v0x9b4c36c60, 953;
v0x9b4c36c60_954 .array/port v0x9b4c36c60, 954;
E_0x9b50e6d80/238 .event anyedge, v0x9b4c36c60_951, v0x9b4c36c60_952, v0x9b4c36c60_953, v0x9b4c36c60_954;
v0x9b4c36c60_955 .array/port v0x9b4c36c60, 955;
v0x9b4c36c60_956 .array/port v0x9b4c36c60, 956;
v0x9b4c36c60_957 .array/port v0x9b4c36c60, 957;
v0x9b4c36c60_958 .array/port v0x9b4c36c60, 958;
E_0x9b50e6d80/239 .event anyedge, v0x9b4c36c60_955, v0x9b4c36c60_956, v0x9b4c36c60_957, v0x9b4c36c60_958;
v0x9b4c36c60_959 .array/port v0x9b4c36c60, 959;
v0x9b4c36c60_960 .array/port v0x9b4c36c60, 960;
v0x9b4c36c60_961 .array/port v0x9b4c36c60, 961;
v0x9b4c36c60_962 .array/port v0x9b4c36c60, 962;
E_0x9b50e6d80/240 .event anyedge, v0x9b4c36c60_959, v0x9b4c36c60_960, v0x9b4c36c60_961, v0x9b4c36c60_962;
v0x9b4c36c60_963 .array/port v0x9b4c36c60, 963;
v0x9b4c36c60_964 .array/port v0x9b4c36c60, 964;
v0x9b4c36c60_965 .array/port v0x9b4c36c60, 965;
v0x9b4c36c60_966 .array/port v0x9b4c36c60, 966;
E_0x9b50e6d80/241 .event anyedge, v0x9b4c36c60_963, v0x9b4c36c60_964, v0x9b4c36c60_965, v0x9b4c36c60_966;
v0x9b4c36c60_967 .array/port v0x9b4c36c60, 967;
v0x9b4c36c60_968 .array/port v0x9b4c36c60, 968;
v0x9b4c36c60_969 .array/port v0x9b4c36c60, 969;
v0x9b4c36c60_970 .array/port v0x9b4c36c60, 970;
E_0x9b50e6d80/242 .event anyedge, v0x9b4c36c60_967, v0x9b4c36c60_968, v0x9b4c36c60_969, v0x9b4c36c60_970;
v0x9b4c36c60_971 .array/port v0x9b4c36c60, 971;
v0x9b4c36c60_972 .array/port v0x9b4c36c60, 972;
v0x9b4c36c60_973 .array/port v0x9b4c36c60, 973;
v0x9b4c36c60_974 .array/port v0x9b4c36c60, 974;
E_0x9b50e6d80/243 .event anyedge, v0x9b4c36c60_971, v0x9b4c36c60_972, v0x9b4c36c60_973, v0x9b4c36c60_974;
v0x9b4c36c60_975 .array/port v0x9b4c36c60, 975;
v0x9b4c36c60_976 .array/port v0x9b4c36c60, 976;
v0x9b4c36c60_977 .array/port v0x9b4c36c60, 977;
v0x9b4c36c60_978 .array/port v0x9b4c36c60, 978;
E_0x9b50e6d80/244 .event anyedge, v0x9b4c36c60_975, v0x9b4c36c60_976, v0x9b4c36c60_977, v0x9b4c36c60_978;
v0x9b4c36c60_979 .array/port v0x9b4c36c60, 979;
v0x9b4c36c60_980 .array/port v0x9b4c36c60, 980;
v0x9b4c36c60_981 .array/port v0x9b4c36c60, 981;
v0x9b4c36c60_982 .array/port v0x9b4c36c60, 982;
E_0x9b50e6d80/245 .event anyedge, v0x9b4c36c60_979, v0x9b4c36c60_980, v0x9b4c36c60_981, v0x9b4c36c60_982;
v0x9b4c36c60_983 .array/port v0x9b4c36c60, 983;
v0x9b4c36c60_984 .array/port v0x9b4c36c60, 984;
v0x9b4c36c60_985 .array/port v0x9b4c36c60, 985;
v0x9b4c36c60_986 .array/port v0x9b4c36c60, 986;
E_0x9b50e6d80/246 .event anyedge, v0x9b4c36c60_983, v0x9b4c36c60_984, v0x9b4c36c60_985, v0x9b4c36c60_986;
v0x9b4c36c60_987 .array/port v0x9b4c36c60, 987;
v0x9b4c36c60_988 .array/port v0x9b4c36c60, 988;
v0x9b4c36c60_989 .array/port v0x9b4c36c60, 989;
v0x9b4c36c60_990 .array/port v0x9b4c36c60, 990;
E_0x9b50e6d80/247 .event anyedge, v0x9b4c36c60_987, v0x9b4c36c60_988, v0x9b4c36c60_989, v0x9b4c36c60_990;
v0x9b4c36c60_991 .array/port v0x9b4c36c60, 991;
v0x9b4c36c60_992 .array/port v0x9b4c36c60, 992;
v0x9b4c36c60_993 .array/port v0x9b4c36c60, 993;
v0x9b4c36c60_994 .array/port v0x9b4c36c60, 994;
E_0x9b50e6d80/248 .event anyedge, v0x9b4c36c60_991, v0x9b4c36c60_992, v0x9b4c36c60_993, v0x9b4c36c60_994;
v0x9b4c36c60_995 .array/port v0x9b4c36c60, 995;
v0x9b4c36c60_996 .array/port v0x9b4c36c60, 996;
v0x9b4c36c60_997 .array/port v0x9b4c36c60, 997;
v0x9b4c36c60_998 .array/port v0x9b4c36c60, 998;
E_0x9b50e6d80/249 .event anyedge, v0x9b4c36c60_995, v0x9b4c36c60_996, v0x9b4c36c60_997, v0x9b4c36c60_998;
v0x9b4c36c60_999 .array/port v0x9b4c36c60, 999;
v0x9b4c36c60_1000 .array/port v0x9b4c36c60, 1000;
v0x9b4c36c60_1001 .array/port v0x9b4c36c60, 1001;
v0x9b4c36c60_1002 .array/port v0x9b4c36c60, 1002;
E_0x9b50e6d80/250 .event anyedge, v0x9b4c36c60_999, v0x9b4c36c60_1000, v0x9b4c36c60_1001, v0x9b4c36c60_1002;
v0x9b4c36c60_1003 .array/port v0x9b4c36c60, 1003;
v0x9b4c36c60_1004 .array/port v0x9b4c36c60, 1004;
v0x9b4c36c60_1005 .array/port v0x9b4c36c60, 1005;
v0x9b4c36c60_1006 .array/port v0x9b4c36c60, 1006;
E_0x9b50e6d80/251 .event anyedge, v0x9b4c36c60_1003, v0x9b4c36c60_1004, v0x9b4c36c60_1005, v0x9b4c36c60_1006;
v0x9b4c36c60_1007 .array/port v0x9b4c36c60, 1007;
v0x9b4c36c60_1008 .array/port v0x9b4c36c60, 1008;
v0x9b4c36c60_1009 .array/port v0x9b4c36c60, 1009;
v0x9b4c36c60_1010 .array/port v0x9b4c36c60, 1010;
E_0x9b50e6d80/252 .event anyedge, v0x9b4c36c60_1007, v0x9b4c36c60_1008, v0x9b4c36c60_1009, v0x9b4c36c60_1010;
v0x9b4c36c60_1011 .array/port v0x9b4c36c60, 1011;
v0x9b4c36c60_1012 .array/port v0x9b4c36c60, 1012;
v0x9b4c36c60_1013 .array/port v0x9b4c36c60, 1013;
v0x9b4c36c60_1014 .array/port v0x9b4c36c60, 1014;
E_0x9b50e6d80/253 .event anyedge, v0x9b4c36c60_1011, v0x9b4c36c60_1012, v0x9b4c36c60_1013, v0x9b4c36c60_1014;
v0x9b4c36c60_1015 .array/port v0x9b4c36c60, 1015;
v0x9b4c36c60_1016 .array/port v0x9b4c36c60, 1016;
v0x9b4c36c60_1017 .array/port v0x9b4c36c60, 1017;
v0x9b4c36c60_1018 .array/port v0x9b4c36c60, 1018;
E_0x9b50e6d80/254 .event anyedge, v0x9b4c36c60_1015, v0x9b4c36c60_1016, v0x9b4c36c60_1017, v0x9b4c36c60_1018;
v0x9b4c36c60_1019 .array/port v0x9b4c36c60, 1019;
v0x9b4c36c60_1020 .array/port v0x9b4c36c60, 1020;
v0x9b4c36c60_1021 .array/port v0x9b4c36c60, 1021;
v0x9b4c36c60_1022 .array/port v0x9b4c36c60, 1022;
E_0x9b50e6d80/255 .event anyedge, v0x9b4c36c60_1019, v0x9b4c36c60_1020, v0x9b4c36c60_1021, v0x9b4c36c60_1022;
v0x9b4c36c60_1023 .array/port v0x9b4c36c60, 1023;
v0x9b4c36c60_1024 .array/port v0x9b4c36c60, 1024;
v0x9b4c36c60_1025 .array/port v0x9b4c36c60, 1025;
v0x9b4c36c60_1026 .array/port v0x9b4c36c60, 1026;
E_0x9b50e6d80/256 .event anyedge, v0x9b4c36c60_1023, v0x9b4c36c60_1024, v0x9b4c36c60_1025, v0x9b4c36c60_1026;
v0x9b4c36c60_1027 .array/port v0x9b4c36c60, 1027;
v0x9b4c36c60_1028 .array/port v0x9b4c36c60, 1028;
v0x9b4c36c60_1029 .array/port v0x9b4c36c60, 1029;
v0x9b4c36c60_1030 .array/port v0x9b4c36c60, 1030;
E_0x9b50e6d80/257 .event anyedge, v0x9b4c36c60_1027, v0x9b4c36c60_1028, v0x9b4c36c60_1029, v0x9b4c36c60_1030;
v0x9b4c36c60_1031 .array/port v0x9b4c36c60, 1031;
v0x9b4c36c60_1032 .array/port v0x9b4c36c60, 1032;
v0x9b4c36c60_1033 .array/port v0x9b4c36c60, 1033;
v0x9b4c36c60_1034 .array/port v0x9b4c36c60, 1034;
E_0x9b50e6d80/258 .event anyedge, v0x9b4c36c60_1031, v0x9b4c36c60_1032, v0x9b4c36c60_1033, v0x9b4c36c60_1034;
v0x9b4c36c60_1035 .array/port v0x9b4c36c60, 1035;
v0x9b4c36c60_1036 .array/port v0x9b4c36c60, 1036;
v0x9b4c36c60_1037 .array/port v0x9b4c36c60, 1037;
v0x9b4c36c60_1038 .array/port v0x9b4c36c60, 1038;
E_0x9b50e6d80/259 .event anyedge, v0x9b4c36c60_1035, v0x9b4c36c60_1036, v0x9b4c36c60_1037, v0x9b4c36c60_1038;
v0x9b4c36c60_1039 .array/port v0x9b4c36c60, 1039;
v0x9b4c36c60_1040 .array/port v0x9b4c36c60, 1040;
v0x9b4c36c60_1041 .array/port v0x9b4c36c60, 1041;
v0x9b4c36c60_1042 .array/port v0x9b4c36c60, 1042;
E_0x9b50e6d80/260 .event anyedge, v0x9b4c36c60_1039, v0x9b4c36c60_1040, v0x9b4c36c60_1041, v0x9b4c36c60_1042;
v0x9b4c36c60_1043 .array/port v0x9b4c36c60, 1043;
v0x9b4c36c60_1044 .array/port v0x9b4c36c60, 1044;
v0x9b4c36c60_1045 .array/port v0x9b4c36c60, 1045;
v0x9b4c36c60_1046 .array/port v0x9b4c36c60, 1046;
E_0x9b50e6d80/261 .event anyedge, v0x9b4c36c60_1043, v0x9b4c36c60_1044, v0x9b4c36c60_1045, v0x9b4c36c60_1046;
v0x9b4c36c60_1047 .array/port v0x9b4c36c60, 1047;
v0x9b4c36c60_1048 .array/port v0x9b4c36c60, 1048;
v0x9b4c36c60_1049 .array/port v0x9b4c36c60, 1049;
v0x9b4c36c60_1050 .array/port v0x9b4c36c60, 1050;
E_0x9b50e6d80/262 .event anyedge, v0x9b4c36c60_1047, v0x9b4c36c60_1048, v0x9b4c36c60_1049, v0x9b4c36c60_1050;
v0x9b4c36c60_1051 .array/port v0x9b4c36c60, 1051;
v0x9b4c36c60_1052 .array/port v0x9b4c36c60, 1052;
v0x9b4c36c60_1053 .array/port v0x9b4c36c60, 1053;
v0x9b4c36c60_1054 .array/port v0x9b4c36c60, 1054;
E_0x9b50e6d80/263 .event anyedge, v0x9b4c36c60_1051, v0x9b4c36c60_1052, v0x9b4c36c60_1053, v0x9b4c36c60_1054;
v0x9b4c36c60_1055 .array/port v0x9b4c36c60, 1055;
v0x9b4c36c60_1056 .array/port v0x9b4c36c60, 1056;
v0x9b4c36c60_1057 .array/port v0x9b4c36c60, 1057;
v0x9b4c36c60_1058 .array/port v0x9b4c36c60, 1058;
E_0x9b50e6d80/264 .event anyedge, v0x9b4c36c60_1055, v0x9b4c36c60_1056, v0x9b4c36c60_1057, v0x9b4c36c60_1058;
v0x9b4c36c60_1059 .array/port v0x9b4c36c60, 1059;
v0x9b4c36c60_1060 .array/port v0x9b4c36c60, 1060;
v0x9b4c36c60_1061 .array/port v0x9b4c36c60, 1061;
v0x9b4c36c60_1062 .array/port v0x9b4c36c60, 1062;
E_0x9b50e6d80/265 .event anyedge, v0x9b4c36c60_1059, v0x9b4c36c60_1060, v0x9b4c36c60_1061, v0x9b4c36c60_1062;
v0x9b4c36c60_1063 .array/port v0x9b4c36c60, 1063;
v0x9b4c36c60_1064 .array/port v0x9b4c36c60, 1064;
v0x9b4c36c60_1065 .array/port v0x9b4c36c60, 1065;
v0x9b4c36c60_1066 .array/port v0x9b4c36c60, 1066;
E_0x9b50e6d80/266 .event anyedge, v0x9b4c36c60_1063, v0x9b4c36c60_1064, v0x9b4c36c60_1065, v0x9b4c36c60_1066;
v0x9b4c36c60_1067 .array/port v0x9b4c36c60, 1067;
v0x9b4c36c60_1068 .array/port v0x9b4c36c60, 1068;
v0x9b4c36c60_1069 .array/port v0x9b4c36c60, 1069;
v0x9b4c36c60_1070 .array/port v0x9b4c36c60, 1070;
E_0x9b50e6d80/267 .event anyedge, v0x9b4c36c60_1067, v0x9b4c36c60_1068, v0x9b4c36c60_1069, v0x9b4c36c60_1070;
v0x9b4c36c60_1071 .array/port v0x9b4c36c60, 1071;
v0x9b4c36c60_1072 .array/port v0x9b4c36c60, 1072;
v0x9b4c36c60_1073 .array/port v0x9b4c36c60, 1073;
v0x9b4c36c60_1074 .array/port v0x9b4c36c60, 1074;
E_0x9b50e6d80/268 .event anyedge, v0x9b4c36c60_1071, v0x9b4c36c60_1072, v0x9b4c36c60_1073, v0x9b4c36c60_1074;
v0x9b4c36c60_1075 .array/port v0x9b4c36c60, 1075;
v0x9b4c36c60_1076 .array/port v0x9b4c36c60, 1076;
v0x9b4c36c60_1077 .array/port v0x9b4c36c60, 1077;
v0x9b4c36c60_1078 .array/port v0x9b4c36c60, 1078;
E_0x9b50e6d80/269 .event anyedge, v0x9b4c36c60_1075, v0x9b4c36c60_1076, v0x9b4c36c60_1077, v0x9b4c36c60_1078;
v0x9b4c36c60_1079 .array/port v0x9b4c36c60, 1079;
v0x9b4c36c60_1080 .array/port v0x9b4c36c60, 1080;
v0x9b4c36c60_1081 .array/port v0x9b4c36c60, 1081;
v0x9b4c36c60_1082 .array/port v0x9b4c36c60, 1082;
E_0x9b50e6d80/270 .event anyedge, v0x9b4c36c60_1079, v0x9b4c36c60_1080, v0x9b4c36c60_1081, v0x9b4c36c60_1082;
v0x9b4c36c60_1083 .array/port v0x9b4c36c60, 1083;
v0x9b4c36c60_1084 .array/port v0x9b4c36c60, 1084;
v0x9b4c36c60_1085 .array/port v0x9b4c36c60, 1085;
v0x9b4c36c60_1086 .array/port v0x9b4c36c60, 1086;
E_0x9b50e6d80/271 .event anyedge, v0x9b4c36c60_1083, v0x9b4c36c60_1084, v0x9b4c36c60_1085, v0x9b4c36c60_1086;
v0x9b4c36c60_1087 .array/port v0x9b4c36c60, 1087;
v0x9b4c36c60_1088 .array/port v0x9b4c36c60, 1088;
v0x9b4c36c60_1089 .array/port v0x9b4c36c60, 1089;
v0x9b4c36c60_1090 .array/port v0x9b4c36c60, 1090;
E_0x9b50e6d80/272 .event anyedge, v0x9b4c36c60_1087, v0x9b4c36c60_1088, v0x9b4c36c60_1089, v0x9b4c36c60_1090;
v0x9b4c36c60_1091 .array/port v0x9b4c36c60, 1091;
v0x9b4c36c60_1092 .array/port v0x9b4c36c60, 1092;
v0x9b4c36c60_1093 .array/port v0x9b4c36c60, 1093;
v0x9b4c36c60_1094 .array/port v0x9b4c36c60, 1094;
E_0x9b50e6d80/273 .event anyedge, v0x9b4c36c60_1091, v0x9b4c36c60_1092, v0x9b4c36c60_1093, v0x9b4c36c60_1094;
v0x9b4c36c60_1095 .array/port v0x9b4c36c60, 1095;
v0x9b4c36c60_1096 .array/port v0x9b4c36c60, 1096;
v0x9b4c36c60_1097 .array/port v0x9b4c36c60, 1097;
v0x9b4c36c60_1098 .array/port v0x9b4c36c60, 1098;
E_0x9b50e6d80/274 .event anyedge, v0x9b4c36c60_1095, v0x9b4c36c60_1096, v0x9b4c36c60_1097, v0x9b4c36c60_1098;
v0x9b4c36c60_1099 .array/port v0x9b4c36c60, 1099;
v0x9b4c36c60_1100 .array/port v0x9b4c36c60, 1100;
v0x9b4c36c60_1101 .array/port v0x9b4c36c60, 1101;
v0x9b4c36c60_1102 .array/port v0x9b4c36c60, 1102;
E_0x9b50e6d80/275 .event anyedge, v0x9b4c36c60_1099, v0x9b4c36c60_1100, v0x9b4c36c60_1101, v0x9b4c36c60_1102;
v0x9b4c36c60_1103 .array/port v0x9b4c36c60, 1103;
v0x9b4c36c60_1104 .array/port v0x9b4c36c60, 1104;
v0x9b4c36c60_1105 .array/port v0x9b4c36c60, 1105;
v0x9b4c36c60_1106 .array/port v0x9b4c36c60, 1106;
E_0x9b50e6d80/276 .event anyedge, v0x9b4c36c60_1103, v0x9b4c36c60_1104, v0x9b4c36c60_1105, v0x9b4c36c60_1106;
v0x9b4c36c60_1107 .array/port v0x9b4c36c60, 1107;
v0x9b4c36c60_1108 .array/port v0x9b4c36c60, 1108;
v0x9b4c36c60_1109 .array/port v0x9b4c36c60, 1109;
v0x9b4c36c60_1110 .array/port v0x9b4c36c60, 1110;
E_0x9b50e6d80/277 .event anyedge, v0x9b4c36c60_1107, v0x9b4c36c60_1108, v0x9b4c36c60_1109, v0x9b4c36c60_1110;
v0x9b4c36c60_1111 .array/port v0x9b4c36c60, 1111;
v0x9b4c36c60_1112 .array/port v0x9b4c36c60, 1112;
v0x9b4c36c60_1113 .array/port v0x9b4c36c60, 1113;
v0x9b4c36c60_1114 .array/port v0x9b4c36c60, 1114;
E_0x9b50e6d80/278 .event anyedge, v0x9b4c36c60_1111, v0x9b4c36c60_1112, v0x9b4c36c60_1113, v0x9b4c36c60_1114;
v0x9b4c36c60_1115 .array/port v0x9b4c36c60, 1115;
v0x9b4c36c60_1116 .array/port v0x9b4c36c60, 1116;
v0x9b4c36c60_1117 .array/port v0x9b4c36c60, 1117;
v0x9b4c36c60_1118 .array/port v0x9b4c36c60, 1118;
E_0x9b50e6d80/279 .event anyedge, v0x9b4c36c60_1115, v0x9b4c36c60_1116, v0x9b4c36c60_1117, v0x9b4c36c60_1118;
v0x9b4c36c60_1119 .array/port v0x9b4c36c60, 1119;
v0x9b4c36c60_1120 .array/port v0x9b4c36c60, 1120;
v0x9b4c36c60_1121 .array/port v0x9b4c36c60, 1121;
v0x9b4c36c60_1122 .array/port v0x9b4c36c60, 1122;
E_0x9b50e6d80/280 .event anyedge, v0x9b4c36c60_1119, v0x9b4c36c60_1120, v0x9b4c36c60_1121, v0x9b4c36c60_1122;
v0x9b4c36c60_1123 .array/port v0x9b4c36c60, 1123;
v0x9b4c36c60_1124 .array/port v0x9b4c36c60, 1124;
v0x9b4c36c60_1125 .array/port v0x9b4c36c60, 1125;
v0x9b4c36c60_1126 .array/port v0x9b4c36c60, 1126;
E_0x9b50e6d80/281 .event anyedge, v0x9b4c36c60_1123, v0x9b4c36c60_1124, v0x9b4c36c60_1125, v0x9b4c36c60_1126;
v0x9b4c36c60_1127 .array/port v0x9b4c36c60, 1127;
v0x9b4c36c60_1128 .array/port v0x9b4c36c60, 1128;
v0x9b4c36c60_1129 .array/port v0x9b4c36c60, 1129;
v0x9b4c36c60_1130 .array/port v0x9b4c36c60, 1130;
E_0x9b50e6d80/282 .event anyedge, v0x9b4c36c60_1127, v0x9b4c36c60_1128, v0x9b4c36c60_1129, v0x9b4c36c60_1130;
v0x9b4c36c60_1131 .array/port v0x9b4c36c60, 1131;
v0x9b4c36c60_1132 .array/port v0x9b4c36c60, 1132;
v0x9b4c36c60_1133 .array/port v0x9b4c36c60, 1133;
v0x9b4c36c60_1134 .array/port v0x9b4c36c60, 1134;
E_0x9b50e6d80/283 .event anyedge, v0x9b4c36c60_1131, v0x9b4c36c60_1132, v0x9b4c36c60_1133, v0x9b4c36c60_1134;
v0x9b4c36c60_1135 .array/port v0x9b4c36c60, 1135;
v0x9b4c36c60_1136 .array/port v0x9b4c36c60, 1136;
v0x9b4c36c60_1137 .array/port v0x9b4c36c60, 1137;
v0x9b4c36c60_1138 .array/port v0x9b4c36c60, 1138;
E_0x9b50e6d80/284 .event anyedge, v0x9b4c36c60_1135, v0x9b4c36c60_1136, v0x9b4c36c60_1137, v0x9b4c36c60_1138;
v0x9b4c36c60_1139 .array/port v0x9b4c36c60, 1139;
v0x9b4c36c60_1140 .array/port v0x9b4c36c60, 1140;
v0x9b4c36c60_1141 .array/port v0x9b4c36c60, 1141;
v0x9b4c36c60_1142 .array/port v0x9b4c36c60, 1142;
E_0x9b50e6d80/285 .event anyedge, v0x9b4c36c60_1139, v0x9b4c36c60_1140, v0x9b4c36c60_1141, v0x9b4c36c60_1142;
v0x9b4c36c60_1143 .array/port v0x9b4c36c60, 1143;
v0x9b4c36c60_1144 .array/port v0x9b4c36c60, 1144;
v0x9b4c36c60_1145 .array/port v0x9b4c36c60, 1145;
v0x9b4c36c60_1146 .array/port v0x9b4c36c60, 1146;
E_0x9b50e6d80/286 .event anyedge, v0x9b4c36c60_1143, v0x9b4c36c60_1144, v0x9b4c36c60_1145, v0x9b4c36c60_1146;
v0x9b4c36c60_1147 .array/port v0x9b4c36c60, 1147;
v0x9b4c36c60_1148 .array/port v0x9b4c36c60, 1148;
v0x9b4c36c60_1149 .array/port v0x9b4c36c60, 1149;
v0x9b4c36c60_1150 .array/port v0x9b4c36c60, 1150;
E_0x9b50e6d80/287 .event anyedge, v0x9b4c36c60_1147, v0x9b4c36c60_1148, v0x9b4c36c60_1149, v0x9b4c36c60_1150;
v0x9b4c36c60_1151 .array/port v0x9b4c36c60, 1151;
v0x9b4c36c60_1152 .array/port v0x9b4c36c60, 1152;
v0x9b4c36c60_1153 .array/port v0x9b4c36c60, 1153;
v0x9b4c36c60_1154 .array/port v0x9b4c36c60, 1154;
E_0x9b50e6d80/288 .event anyedge, v0x9b4c36c60_1151, v0x9b4c36c60_1152, v0x9b4c36c60_1153, v0x9b4c36c60_1154;
v0x9b4c36c60_1155 .array/port v0x9b4c36c60, 1155;
v0x9b4c36c60_1156 .array/port v0x9b4c36c60, 1156;
v0x9b4c36c60_1157 .array/port v0x9b4c36c60, 1157;
v0x9b4c36c60_1158 .array/port v0x9b4c36c60, 1158;
E_0x9b50e6d80/289 .event anyedge, v0x9b4c36c60_1155, v0x9b4c36c60_1156, v0x9b4c36c60_1157, v0x9b4c36c60_1158;
v0x9b4c36c60_1159 .array/port v0x9b4c36c60, 1159;
v0x9b4c36c60_1160 .array/port v0x9b4c36c60, 1160;
v0x9b4c36c60_1161 .array/port v0x9b4c36c60, 1161;
v0x9b4c36c60_1162 .array/port v0x9b4c36c60, 1162;
E_0x9b50e6d80/290 .event anyedge, v0x9b4c36c60_1159, v0x9b4c36c60_1160, v0x9b4c36c60_1161, v0x9b4c36c60_1162;
v0x9b4c36c60_1163 .array/port v0x9b4c36c60, 1163;
v0x9b4c36c60_1164 .array/port v0x9b4c36c60, 1164;
v0x9b4c36c60_1165 .array/port v0x9b4c36c60, 1165;
v0x9b4c36c60_1166 .array/port v0x9b4c36c60, 1166;
E_0x9b50e6d80/291 .event anyedge, v0x9b4c36c60_1163, v0x9b4c36c60_1164, v0x9b4c36c60_1165, v0x9b4c36c60_1166;
v0x9b4c36c60_1167 .array/port v0x9b4c36c60, 1167;
v0x9b4c36c60_1168 .array/port v0x9b4c36c60, 1168;
v0x9b4c36c60_1169 .array/port v0x9b4c36c60, 1169;
v0x9b4c36c60_1170 .array/port v0x9b4c36c60, 1170;
E_0x9b50e6d80/292 .event anyedge, v0x9b4c36c60_1167, v0x9b4c36c60_1168, v0x9b4c36c60_1169, v0x9b4c36c60_1170;
v0x9b4c36c60_1171 .array/port v0x9b4c36c60, 1171;
v0x9b4c36c60_1172 .array/port v0x9b4c36c60, 1172;
v0x9b4c36c60_1173 .array/port v0x9b4c36c60, 1173;
v0x9b4c36c60_1174 .array/port v0x9b4c36c60, 1174;
E_0x9b50e6d80/293 .event anyedge, v0x9b4c36c60_1171, v0x9b4c36c60_1172, v0x9b4c36c60_1173, v0x9b4c36c60_1174;
v0x9b4c36c60_1175 .array/port v0x9b4c36c60, 1175;
v0x9b4c36c60_1176 .array/port v0x9b4c36c60, 1176;
v0x9b4c36c60_1177 .array/port v0x9b4c36c60, 1177;
v0x9b4c36c60_1178 .array/port v0x9b4c36c60, 1178;
E_0x9b50e6d80/294 .event anyedge, v0x9b4c36c60_1175, v0x9b4c36c60_1176, v0x9b4c36c60_1177, v0x9b4c36c60_1178;
v0x9b4c36c60_1179 .array/port v0x9b4c36c60, 1179;
v0x9b4c36c60_1180 .array/port v0x9b4c36c60, 1180;
v0x9b4c36c60_1181 .array/port v0x9b4c36c60, 1181;
v0x9b4c36c60_1182 .array/port v0x9b4c36c60, 1182;
E_0x9b50e6d80/295 .event anyedge, v0x9b4c36c60_1179, v0x9b4c36c60_1180, v0x9b4c36c60_1181, v0x9b4c36c60_1182;
v0x9b4c36c60_1183 .array/port v0x9b4c36c60, 1183;
v0x9b4c36c60_1184 .array/port v0x9b4c36c60, 1184;
v0x9b4c36c60_1185 .array/port v0x9b4c36c60, 1185;
v0x9b4c36c60_1186 .array/port v0x9b4c36c60, 1186;
E_0x9b50e6d80/296 .event anyedge, v0x9b4c36c60_1183, v0x9b4c36c60_1184, v0x9b4c36c60_1185, v0x9b4c36c60_1186;
v0x9b4c36c60_1187 .array/port v0x9b4c36c60, 1187;
v0x9b4c36c60_1188 .array/port v0x9b4c36c60, 1188;
v0x9b4c36c60_1189 .array/port v0x9b4c36c60, 1189;
v0x9b4c36c60_1190 .array/port v0x9b4c36c60, 1190;
E_0x9b50e6d80/297 .event anyedge, v0x9b4c36c60_1187, v0x9b4c36c60_1188, v0x9b4c36c60_1189, v0x9b4c36c60_1190;
v0x9b4c36c60_1191 .array/port v0x9b4c36c60, 1191;
v0x9b4c36c60_1192 .array/port v0x9b4c36c60, 1192;
v0x9b4c36c60_1193 .array/port v0x9b4c36c60, 1193;
v0x9b4c36c60_1194 .array/port v0x9b4c36c60, 1194;
E_0x9b50e6d80/298 .event anyedge, v0x9b4c36c60_1191, v0x9b4c36c60_1192, v0x9b4c36c60_1193, v0x9b4c36c60_1194;
v0x9b4c36c60_1195 .array/port v0x9b4c36c60, 1195;
v0x9b4c36c60_1196 .array/port v0x9b4c36c60, 1196;
v0x9b4c36c60_1197 .array/port v0x9b4c36c60, 1197;
v0x9b4c36c60_1198 .array/port v0x9b4c36c60, 1198;
E_0x9b50e6d80/299 .event anyedge, v0x9b4c36c60_1195, v0x9b4c36c60_1196, v0x9b4c36c60_1197, v0x9b4c36c60_1198;
v0x9b4c36c60_1199 .array/port v0x9b4c36c60, 1199;
v0x9b4c36c60_1200 .array/port v0x9b4c36c60, 1200;
v0x9b4c36c60_1201 .array/port v0x9b4c36c60, 1201;
v0x9b4c36c60_1202 .array/port v0x9b4c36c60, 1202;
E_0x9b50e6d80/300 .event anyedge, v0x9b4c36c60_1199, v0x9b4c36c60_1200, v0x9b4c36c60_1201, v0x9b4c36c60_1202;
v0x9b4c36c60_1203 .array/port v0x9b4c36c60, 1203;
v0x9b4c36c60_1204 .array/port v0x9b4c36c60, 1204;
v0x9b4c36c60_1205 .array/port v0x9b4c36c60, 1205;
v0x9b4c36c60_1206 .array/port v0x9b4c36c60, 1206;
E_0x9b50e6d80/301 .event anyedge, v0x9b4c36c60_1203, v0x9b4c36c60_1204, v0x9b4c36c60_1205, v0x9b4c36c60_1206;
v0x9b4c36c60_1207 .array/port v0x9b4c36c60, 1207;
v0x9b4c36c60_1208 .array/port v0x9b4c36c60, 1208;
v0x9b4c36c60_1209 .array/port v0x9b4c36c60, 1209;
v0x9b4c36c60_1210 .array/port v0x9b4c36c60, 1210;
E_0x9b50e6d80/302 .event anyedge, v0x9b4c36c60_1207, v0x9b4c36c60_1208, v0x9b4c36c60_1209, v0x9b4c36c60_1210;
v0x9b4c36c60_1211 .array/port v0x9b4c36c60, 1211;
v0x9b4c36c60_1212 .array/port v0x9b4c36c60, 1212;
v0x9b4c36c60_1213 .array/port v0x9b4c36c60, 1213;
v0x9b4c36c60_1214 .array/port v0x9b4c36c60, 1214;
E_0x9b50e6d80/303 .event anyedge, v0x9b4c36c60_1211, v0x9b4c36c60_1212, v0x9b4c36c60_1213, v0x9b4c36c60_1214;
v0x9b4c36c60_1215 .array/port v0x9b4c36c60, 1215;
v0x9b4c36c60_1216 .array/port v0x9b4c36c60, 1216;
v0x9b4c36c60_1217 .array/port v0x9b4c36c60, 1217;
v0x9b4c36c60_1218 .array/port v0x9b4c36c60, 1218;
E_0x9b50e6d80/304 .event anyedge, v0x9b4c36c60_1215, v0x9b4c36c60_1216, v0x9b4c36c60_1217, v0x9b4c36c60_1218;
v0x9b4c36c60_1219 .array/port v0x9b4c36c60, 1219;
v0x9b4c36c60_1220 .array/port v0x9b4c36c60, 1220;
v0x9b4c36c60_1221 .array/port v0x9b4c36c60, 1221;
v0x9b4c36c60_1222 .array/port v0x9b4c36c60, 1222;
E_0x9b50e6d80/305 .event anyedge, v0x9b4c36c60_1219, v0x9b4c36c60_1220, v0x9b4c36c60_1221, v0x9b4c36c60_1222;
v0x9b4c36c60_1223 .array/port v0x9b4c36c60, 1223;
v0x9b4c36c60_1224 .array/port v0x9b4c36c60, 1224;
v0x9b4c36c60_1225 .array/port v0x9b4c36c60, 1225;
v0x9b4c36c60_1226 .array/port v0x9b4c36c60, 1226;
E_0x9b50e6d80/306 .event anyedge, v0x9b4c36c60_1223, v0x9b4c36c60_1224, v0x9b4c36c60_1225, v0x9b4c36c60_1226;
v0x9b4c36c60_1227 .array/port v0x9b4c36c60, 1227;
v0x9b4c36c60_1228 .array/port v0x9b4c36c60, 1228;
v0x9b4c36c60_1229 .array/port v0x9b4c36c60, 1229;
v0x9b4c36c60_1230 .array/port v0x9b4c36c60, 1230;
E_0x9b50e6d80/307 .event anyedge, v0x9b4c36c60_1227, v0x9b4c36c60_1228, v0x9b4c36c60_1229, v0x9b4c36c60_1230;
v0x9b4c36c60_1231 .array/port v0x9b4c36c60, 1231;
v0x9b4c36c60_1232 .array/port v0x9b4c36c60, 1232;
v0x9b4c36c60_1233 .array/port v0x9b4c36c60, 1233;
v0x9b4c36c60_1234 .array/port v0x9b4c36c60, 1234;
E_0x9b50e6d80/308 .event anyedge, v0x9b4c36c60_1231, v0x9b4c36c60_1232, v0x9b4c36c60_1233, v0x9b4c36c60_1234;
v0x9b4c36c60_1235 .array/port v0x9b4c36c60, 1235;
v0x9b4c36c60_1236 .array/port v0x9b4c36c60, 1236;
v0x9b4c36c60_1237 .array/port v0x9b4c36c60, 1237;
v0x9b4c36c60_1238 .array/port v0x9b4c36c60, 1238;
E_0x9b50e6d80/309 .event anyedge, v0x9b4c36c60_1235, v0x9b4c36c60_1236, v0x9b4c36c60_1237, v0x9b4c36c60_1238;
v0x9b4c36c60_1239 .array/port v0x9b4c36c60, 1239;
v0x9b4c36c60_1240 .array/port v0x9b4c36c60, 1240;
v0x9b4c36c60_1241 .array/port v0x9b4c36c60, 1241;
v0x9b4c36c60_1242 .array/port v0x9b4c36c60, 1242;
E_0x9b50e6d80/310 .event anyedge, v0x9b4c36c60_1239, v0x9b4c36c60_1240, v0x9b4c36c60_1241, v0x9b4c36c60_1242;
v0x9b4c36c60_1243 .array/port v0x9b4c36c60, 1243;
v0x9b4c36c60_1244 .array/port v0x9b4c36c60, 1244;
v0x9b4c36c60_1245 .array/port v0x9b4c36c60, 1245;
v0x9b4c36c60_1246 .array/port v0x9b4c36c60, 1246;
E_0x9b50e6d80/311 .event anyedge, v0x9b4c36c60_1243, v0x9b4c36c60_1244, v0x9b4c36c60_1245, v0x9b4c36c60_1246;
v0x9b4c36c60_1247 .array/port v0x9b4c36c60, 1247;
v0x9b4c36c60_1248 .array/port v0x9b4c36c60, 1248;
v0x9b4c36c60_1249 .array/port v0x9b4c36c60, 1249;
v0x9b4c36c60_1250 .array/port v0x9b4c36c60, 1250;
E_0x9b50e6d80/312 .event anyedge, v0x9b4c36c60_1247, v0x9b4c36c60_1248, v0x9b4c36c60_1249, v0x9b4c36c60_1250;
v0x9b4c36c60_1251 .array/port v0x9b4c36c60, 1251;
v0x9b4c36c60_1252 .array/port v0x9b4c36c60, 1252;
v0x9b4c36c60_1253 .array/port v0x9b4c36c60, 1253;
v0x9b4c36c60_1254 .array/port v0x9b4c36c60, 1254;
E_0x9b50e6d80/313 .event anyedge, v0x9b4c36c60_1251, v0x9b4c36c60_1252, v0x9b4c36c60_1253, v0x9b4c36c60_1254;
v0x9b4c36c60_1255 .array/port v0x9b4c36c60, 1255;
v0x9b4c36c60_1256 .array/port v0x9b4c36c60, 1256;
v0x9b4c36c60_1257 .array/port v0x9b4c36c60, 1257;
v0x9b4c36c60_1258 .array/port v0x9b4c36c60, 1258;
E_0x9b50e6d80/314 .event anyedge, v0x9b4c36c60_1255, v0x9b4c36c60_1256, v0x9b4c36c60_1257, v0x9b4c36c60_1258;
v0x9b4c36c60_1259 .array/port v0x9b4c36c60, 1259;
v0x9b4c36c60_1260 .array/port v0x9b4c36c60, 1260;
v0x9b4c36c60_1261 .array/port v0x9b4c36c60, 1261;
v0x9b4c36c60_1262 .array/port v0x9b4c36c60, 1262;
E_0x9b50e6d80/315 .event anyedge, v0x9b4c36c60_1259, v0x9b4c36c60_1260, v0x9b4c36c60_1261, v0x9b4c36c60_1262;
v0x9b4c36c60_1263 .array/port v0x9b4c36c60, 1263;
v0x9b4c36c60_1264 .array/port v0x9b4c36c60, 1264;
v0x9b4c36c60_1265 .array/port v0x9b4c36c60, 1265;
v0x9b4c36c60_1266 .array/port v0x9b4c36c60, 1266;
E_0x9b50e6d80/316 .event anyedge, v0x9b4c36c60_1263, v0x9b4c36c60_1264, v0x9b4c36c60_1265, v0x9b4c36c60_1266;
v0x9b4c36c60_1267 .array/port v0x9b4c36c60, 1267;
v0x9b4c36c60_1268 .array/port v0x9b4c36c60, 1268;
v0x9b4c36c60_1269 .array/port v0x9b4c36c60, 1269;
v0x9b4c36c60_1270 .array/port v0x9b4c36c60, 1270;
E_0x9b50e6d80/317 .event anyedge, v0x9b4c36c60_1267, v0x9b4c36c60_1268, v0x9b4c36c60_1269, v0x9b4c36c60_1270;
v0x9b4c36c60_1271 .array/port v0x9b4c36c60, 1271;
v0x9b4c36c60_1272 .array/port v0x9b4c36c60, 1272;
v0x9b4c36c60_1273 .array/port v0x9b4c36c60, 1273;
v0x9b4c36c60_1274 .array/port v0x9b4c36c60, 1274;
E_0x9b50e6d80/318 .event anyedge, v0x9b4c36c60_1271, v0x9b4c36c60_1272, v0x9b4c36c60_1273, v0x9b4c36c60_1274;
v0x9b4c36c60_1275 .array/port v0x9b4c36c60, 1275;
v0x9b4c36c60_1276 .array/port v0x9b4c36c60, 1276;
v0x9b4c36c60_1277 .array/port v0x9b4c36c60, 1277;
v0x9b4c36c60_1278 .array/port v0x9b4c36c60, 1278;
E_0x9b50e6d80/319 .event anyedge, v0x9b4c36c60_1275, v0x9b4c36c60_1276, v0x9b4c36c60_1277, v0x9b4c36c60_1278;
v0x9b4c36c60_1279 .array/port v0x9b4c36c60, 1279;
v0x9b4c36c60_1280 .array/port v0x9b4c36c60, 1280;
v0x9b4c36c60_1281 .array/port v0x9b4c36c60, 1281;
v0x9b4c36c60_1282 .array/port v0x9b4c36c60, 1282;
E_0x9b50e6d80/320 .event anyedge, v0x9b4c36c60_1279, v0x9b4c36c60_1280, v0x9b4c36c60_1281, v0x9b4c36c60_1282;
v0x9b4c36c60_1283 .array/port v0x9b4c36c60, 1283;
v0x9b4c36c60_1284 .array/port v0x9b4c36c60, 1284;
v0x9b4c36c60_1285 .array/port v0x9b4c36c60, 1285;
v0x9b4c36c60_1286 .array/port v0x9b4c36c60, 1286;
E_0x9b50e6d80/321 .event anyedge, v0x9b4c36c60_1283, v0x9b4c36c60_1284, v0x9b4c36c60_1285, v0x9b4c36c60_1286;
v0x9b4c36c60_1287 .array/port v0x9b4c36c60, 1287;
v0x9b4c36c60_1288 .array/port v0x9b4c36c60, 1288;
v0x9b4c36c60_1289 .array/port v0x9b4c36c60, 1289;
v0x9b4c36c60_1290 .array/port v0x9b4c36c60, 1290;
E_0x9b50e6d80/322 .event anyedge, v0x9b4c36c60_1287, v0x9b4c36c60_1288, v0x9b4c36c60_1289, v0x9b4c36c60_1290;
v0x9b4c36c60_1291 .array/port v0x9b4c36c60, 1291;
v0x9b4c36c60_1292 .array/port v0x9b4c36c60, 1292;
v0x9b4c36c60_1293 .array/port v0x9b4c36c60, 1293;
v0x9b4c36c60_1294 .array/port v0x9b4c36c60, 1294;
E_0x9b50e6d80/323 .event anyedge, v0x9b4c36c60_1291, v0x9b4c36c60_1292, v0x9b4c36c60_1293, v0x9b4c36c60_1294;
v0x9b4c36c60_1295 .array/port v0x9b4c36c60, 1295;
v0x9b4c36c60_1296 .array/port v0x9b4c36c60, 1296;
v0x9b4c36c60_1297 .array/port v0x9b4c36c60, 1297;
v0x9b4c36c60_1298 .array/port v0x9b4c36c60, 1298;
E_0x9b50e6d80/324 .event anyedge, v0x9b4c36c60_1295, v0x9b4c36c60_1296, v0x9b4c36c60_1297, v0x9b4c36c60_1298;
v0x9b4c36c60_1299 .array/port v0x9b4c36c60, 1299;
v0x9b4c36c60_1300 .array/port v0x9b4c36c60, 1300;
v0x9b4c36c60_1301 .array/port v0x9b4c36c60, 1301;
v0x9b4c36c60_1302 .array/port v0x9b4c36c60, 1302;
E_0x9b50e6d80/325 .event anyedge, v0x9b4c36c60_1299, v0x9b4c36c60_1300, v0x9b4c36c60_1301, v0x9b4c36c60_1302;
v0x9b4c36c60_1303 .array/port v0x9b4c36c60, 1303;
v0x9b4c36c60_1304 .array/port v0x9b4c36c60, 1304;
v0x9b4c36c60_1305 .array/port v0x9b4c36c60, 1305;
v0x9b4c36c60_1306 .array/port v0x9b4c36c60, 1306;
E_0x9b50e6d80/326 .event anyedge, v0x9b4c36c60_1303, v0x9b4c36c60_1304, v0x9b4c36c60_1305, v0x9b4c36c60_1306;
v0x9b4c36c60_1307 .array/port v0x9b4c36c60, 1307;
v0x9b4c36c60_1308 .array/port v0x9b4c36c60, 1308;
v0x9b4c36c60_1309 .array/port v0x9b4c36c60, 1309;
v0x9b4c36c60_1310 .array/port v0x9b4c36c60, 1310;
E_0x9b50e6d80/327 .event anyedge, v0x9b4c36c60_1307, v0x9b4c36c60_1308, v0x9b4c36c60_1309, v0x9b4c36c60_1310;
v0x9b4c36c60_1311 .array/port v0x9b4c36c60, 1311;
v0x9b4c36c60_1312 .array/port v0x9b4c36c60, 1312;
v0x9b4c36c60_1313 .array/port v0x9b4c36c60, 1313;
v0x9b4c36c60_1314 .array/port v0x9b4c36c60, 1314;
E_0x9b50e6d80/328 .event anyedge, v0x9b4c36c60_1311, v0x9b4c36c60_1312, v0x9b4c36c60_1313, v0x9b4c36c60_1314;
v0x9b4c36c60_1315 .array/port v0x9b4c36c60, 1315;
v0x9b4c36c60_1316 .array/port v0x9b4c36c60, 1316;
v0x9b4c36c60_1317 .array/port v0x9b4c36c60, 1317;
v0x9b4c36c60_1318 .array/port v0x9b4c36c60, 1318;
E_0x9b50e6d80/329 .event anyedge, v0x9b4c36c60_1315, v0x9b4c36c60_1316, v0x9b4c36c60_1317, v0x9b4c36c60_1318;
v0x9b4c36c60_1319 .array/port v0x9b4c36c60, 1319;
v0x9b4c36c60_1320 .array/port v0x9b4c36c60, 1320;
v0x9b4c36c60_1321 .array/port v0x9b4c36c60, 1321;
v0x9b4c36c60_1322 .array/port v0x9b4c36c60, 1322;
E_0x9b50e6d80/330 .event anyedge, v0x9b4c36c60_1319, v0x9b4c36c60_1320, v0x9b4c36c60_1321, v0x9b4c36c60_1322;
v0x9b4c36c60_1323 .array/port v0x9b4c36c60, 1323;
v0x9b4c36c60_1324 .array/port v0x9b4c36c60, 1324;
v0x9b4c36c60_1325 .array/port v0x9b4c36c60, 1325;
v0x9b4c36c60_1326 .array/port v0x9b4c36c60, 1326;
E_0x9b50e6d80/331 .event anyedge, v0x9b4c36c60_1323, v0x9b4c36c60_1324, v0x9b4c36c60_1325, v0x9b4c36c60_1326;
v0x9b4c36c60_1327 .array/port v0x9b4c36c60, 1327;
v0x9b4c36c60_1328 .array/port v0x9b4c36c60, 1328;
v0x9b4c36c60_1329 .array/port v0x9b4c36c60, 1329;
v0x9b4c36c60_1330 .array/port v0x9b4c36c60, 1330;
E_0x9b50e6d80/332 .event anyedge, v0x9b4c36c60_1327, v0x9b4c36c60_1328, v0x9b4c36c60_1329, v0x9b4c36c60_1330;
v0x9b4c36c60_1331 .array/port v0x9b4c36c60, 1331;
v0x9b4c36c60_1332 .array/port v0x9b4c36c60, 1332;
v0x9b4c36c60_1333 .array/port v0x9b4c36c60, 1333;
v0x9b4c36c60_1334 .array/port v0x9b4c36c60, 1334;
E_0x9b50e6d80/333 .event anyedge, v0x9b4c36c60_1331, v0x9b4c36c60_1332, v0x9b4c36c60_1333, v0x9b4c36c60_1334;
v0x9b4c36c60_1335 .array/port v0x9b4c36c60, 1335;
v0x9b4c36c60_1336 .array/port v0x9b4c36c60, 1336;
v0x9b4c36c60_1337 .array/port v0x9b4c36c60, 1337;
v0x9b4c36c60_1338 .array/port v0x9b4c36c60, 1338;
E_0x9b50e6d80/334 .event anyedge, v0x9b4c36c60_1335, v0x9b4c36c60_1336, v0x9b4c36c60_1337, v0x9b4c36c60_1338;
v0x9b4c36c60_1339 .array/port v0x9b4c36c60, 1339;
v0x9b4c36c60_1340 .array/port v0x9b4c36c60, 1340;
v0x9b4c36c60_1341 .array/port v0x9b4c36c60, 1341;
v0x9b4c36c60_1342 .array/port v0x9b4c36c60, 1342;
E_0x9b50e6d80/335 .event anyedge, v0x9b4c36c60_1339, v0x9b4c36c60_1340, v0x9b4c36c60_1341, v0x9b4c36c60_1342;
v0x9b4c36c60_1343 .array/port v0x9b4c36c60, 1343;
v0x9b4c36c60_1344 .array/port v0x9b4c36c60, 1344;
v0x9b4c36c60_1345 .array/port v0x9b4c36c60, 1345;
v0x9b4c36c60_1346 .array/port v0x9b4c36c60, 1346;
E_0x9b50e6d80/336 .event anyedge, v0x9b4c36c60_1343, v0x9b4c36c60_1344, v0x9b4c36c60_1345, v0x9b4c36c60_1346;
v0x9b4c36c60_1347 .array/port v0x9b4c36c60, 1347;
v0x9b4c36c60_1348 .array/port v0x9b4c36c60, 1348;
v0x9b4c36c60_1349 .array/port v0x9b4c36c60, 1349;
v0x9b4c36c60_1350 .array/port v0x9b4c36c60, 1350;
E_0x9b50e6d80/337 .event anyedge, v0x9b4c36c60_1347, v0x9b4c36c60_1348, v0x9b4c36c60_1349, v0x9b4c36c60_1350;
v0x9b4c36c60_1351 .array/port v0x9b4c36c60, 1351;
v0x9b4c36c60_1352 .array/port v0x9b4c36c60, 1352;
v0x9b4c36c60_1353 .array/port v0x9b4c36c60, 1353;
v0x9b4c36c60_1354 .array/port v0x9b4c36c60, 1354;
E_0x9b50e6d80/338 .event anyedge, v0x9b4c36c60_1351, v0x9b4c36c60_1352, v0x9b4c36c60_1353, v0x9b4c36c60_1354;
v0x9b4c36c60_1355 .array/port v0x9b4c36c60, 1355;
v0x9b4c36c60_1356 .array/port v0x9b4c36c60, 1356;
v0x9b4c36c60_1357 .array/port v0x9b4c36c60, 1357;
v0x9b4c36c60_1358 .array/port v0x9b4c36c60, 1358;
E_0x9b50e6d80/339 .event anyedge, v0x9b4c36c60_1355, v0x9b4c36c60_1356, v0x9b4c36c60_1357, v0x9b4c36c60_1358;
v0x9b4c36c60_1359 .array/port v0x9b4c36c60, 1359;
v0x9b4c36c60_1360 .array/port v0x9b4c36c60, 1360;
v0x9b4c36c60_1361 .array/port v0x9b4c36c60, 1361;
v0x9b4c36c60_1362 .array/port v0x9b4c36c60, 1362;
E_0x9b50e6d80/340 .event anyedge, v0x9b4c36c60_1359, v0x9b4c36c60_1360, v0x9b4c36c60_1361, v0x9b4c36c60_1362;
v0x9b4c36c60_1363 .array/port v0x9b4c36c60, 1363;
v0x9b4c36c60_1364 .array/port v0x9b4c36c60, 1364;
v0x9b4c36c60_1365 .array/port v0x9b4c36c60, 1365;
v0x9b4c36c60_1366 .array/port v0x9b4c36c60, 1366;
E_0x9b50e6d80/341 .event anyedge, v0x9b4c36c60_1363, v0x9b4c36c60_1364, v0x9b4c36c60_1365, v0x9b4c36c60_1366;
v0x9b4c36c60_1367 .array/port v0x9b4c36c60, 1367;
v0x9b4c36c60_1368 .array/port v0x9b4c36c60, 1368;
v0x9b4c36c60_1369 .array/port v0x9b4c36c60, 1369;
v0x9b4c36c60_1370 .array/port v0x9b4c36c60, 1370;
E_0x9b50e6d80/342 .event anyedge, v0x9b4c36c60_1367, v0x9b4c36c60_1368, v0x9b4c36c60_1369, v0x9b4c36c60_1370;
v0x9b4c36c60_1371 .array/port v0x9b4c36c60, 1371;
v0x9b4c36c60_1372 .array/port v0x9b4c36c60, 1372;
v0x9b4c36c60_1373 .array/port v0x9b4c36c60, 1373;
v0x9b4c36c60_1374 .array/port v0x9b4c36c60, 1374;
E_0x9b50e6d80/343 .event anyedge, v0x9b4c36c60_1371, v0x9b4c36c60_1372, v0x9b4c36c60_1373, v0x9b4c36c60_1374;
v0x9b4c36c60_1375 .array/port v0x9b4c36c60, 1375;
v0x9b4c36c60_1376 .array/port v0x9b4c36c60, 1376;
v0x9b4c36c60_1377 .array/port v0x9b4c36c60, 1377;
v0x9b4c36c60_1378 .array/port v0x9b4c36c60, 1378;
E_0x9b50e6d80/344 .event anyedge, v0x9b4c36c60_1375, v0x9b4c36c60_1376, v0x9b4c36c60_1377, v0x9b4c36c60_1378;
v0x9b4c36c60_1379 .array/port v0x9b4c36c60, 1379;
v0x9b4c36c60_1380 .array/port v0x9b4c36c60, 1380;
v0x9b4c36c60_1381 .array/port v0x9b4c36c60, 1381;
v0x9b4c36c60_1382 .array/port v0x9b4c36c60, 1382;
E_0x9b50e6d80/345 .event anyedge, v0x9b4c36c60_1379, v0x9b4c36c60_1380, v0x9b4c36c60_1381, v0x9b4c36c60_1382;
v0x9b4c36c60_1383 .array/port v0x9b4c36c60, 1383;
v0x9b4c36c60_1384 .array/port v0x9b4c36c60, 1384;
v0x9b4c36c60_1385 .array/port v0x9b4c36c60, 1385;
v0x9b4c36c60_1386 .array/port v0x9b4c36c60, 1386;
E_0x9b50e6d80/346 .event anyedge, v0x9b4c36c60_1383, v0x9b4c36c60_1384, v0x9b4c36c60_1385, v0x9b4c36c60_1386;
v0x9b4c36c60_1387 .array/port v0x9b4c36c60, 1387;
v0x9b4c36c60_1388 .array/port v0x9b4c36c60, 1388;
v0x9b4c36c60_1389 .array/port v0x9b4c36c60, 1389;
v0x9b4c36c60_1390 .array/port v0x9b4c36c60, 1390;
E_0x9b50e6d80/347 .event anyedge, v0x9b4c36c60_1387, v0x9b4c36c60_1388, v0x9b4c36c60_1389, v0x9b4c36c60_1390;
v0x9b4c36c60_1391 .array/port v0x9b4c36c60, 1391;
v0x9b4c36c60_1392 .array/port v0x9b4c36c60, 1392;
v0x9b4c36c60_1393 .array/port v0x9b4c36c60, 1393;
v0x9b4c36c60_1394 .array/port v0x9b4c36c60, 1394;
E_0x9b50e6d80/348 .event anyedge, v0x9b4c36c60_1391, v0x9b4c36c60_1392, v0x9b4c36c60_1393, v0x9b4c36c60_1394;
v0x9b4c36c60_1395 .array/port v0x9b4c36c60, 1395;
v0x9b4c36c60_1396 .array/port v0x9b4c36c60, 1396;
v0x9b4c36c60_1397 .array/port v0x9b4c36c60, 1397;
v0x9b4c36c60_1398 .array/port v0x9b4c36c60, 1398;
E_0x9b50e6d80/349 .event anyedge, v0x9b4c36c60_1395, v0x9b4c36c60_1396, v0x9b4c36c60_1397, v0x9b4c36c60_1398;
v0x9b4c36c60_1399 .array/port v0x9b4c36c60, 1399;
v0x9b4c36c60_1400 .array/port v0x9b4c36c60, 1400;
v0x9b4c36c60_1401 .array/port v0x9b4c36c60, 1401;
v0x9b4c36c60_1402 .array/port v0x9b4c36c60, 1402;
E_0x9b50e6d80/350 .event anyedge, v0x9b4c36c60_1399, v0x9b4c36c60_1400, v0x9b4c36c60_1401, v0x9b4c36c60_1402;
v0x9b4c36c60_1403 .array/port v0x9b4c36c60, 1403;
v0x9b4c36c60_1404 .array/port v0x9b4c36c60, 1404;
v0x9b4c36c60_1405 .array/port v0x9b4c36c60, 1405;
v0x9b4c36c60_1406 .array/port v0x9b4c36c60, 1406;
E_0x9b50e6d80/351 .event anyedge, v0x9b4c36c60_1403, v0x9b4c36c60_1404, v0x9b4c36c60_1405, v0x9b4c36c60_1406;
v0x9b4c36c60_1407 .array/port v0x9b4c36c60, 1407;
v0x9b4c36c60_1408 .array/port v0x9b4c36c60, 1408;
v0x9b4c36c60_1409 .array/port v0x9b4c36c60, 1409;
v0x9b4c36c60_1410 .array/port v0x9b4c36c60, 1410;
E_0x9b50e6d80/352 .event anyedge, v0x9b4c36c60_1407, v0x9b4c36c60_1408, v0x9b4c36c60_1409, v0x9b4c36c60_1410;
v0x9b4c36c60_1411 .array/port v0x9b4c36c60, 1411;
v0x9b4c36c60_1412 .array/port v0x9b4c36c60, 1412;
v0x9b4c36c60_1413 .array/port v0x9b4c36c60, 1413;
v0x9b4c36c60_1414 .array/port v0x9b4c36c60, 1414;
E_0x9b50e6d80/353 .event anyedge, v0x9b4c36c60_1411, v0x9b4c36c60_1412, v0x9b4c36c60_1413, v0x9b4c36c60_1414;
v0x9b4c36c60_1415 .array/port v0x9b4c36c60, 1415;
v0x9b4c36c60_1416 .array/port v0x9b4c36c60, 1416;
v0x9b4c36c60_1417 .array/port v0x9b4c36c60, 1417;
v0x9b4c36c60_1418 .array/port v0x9b4c36c60, 1418;
E_0x9b50e6d80/354 .event anyedge, v0x9b4c36c60_1415, v0x9b4c36c60_1416, v0x9b4c36c60_1417, v0x9b4c36c60_1418;
v0x9b4c36c60_1419 .array/port v0x9b4c36c60, 1419;
v0x9b4c36c60_1420 .array/port v0x9b4c36c60, 1420;
v0x9b4c36c60_1421 .array/port v0x9b4c36c60, 1421;
v0x9b4c36c60_1422 .array/port v0x9b4c36c60, 1422;
E_0x9b50e6d80/355 .event anyedge, v0x9b4c36c60_1419, v0x9b4c36c60_1420, v0x9b4c36c60_1421, v0x9b4c36c60_1422;
v0x9b4c36c60_1423 .array/port v0x9b4c36c60, 1423;
v0x9b4c36c60_1424 .array/port v0x9b4c36c60, 1424;
v0x9b4c36c60_1425 .array/port v0x9b4c36c60, 1425;
v0x9b4c36c60_1426 .array/port v0x9b4c36c60, 1426;
E_0x9b50e6d80/356 .event anyedge, v0x9b4c36c60_1423, v0x9b4c36c60_1424, v0x9b4c36c60_1425, v0x9b4c36c60_1426;
v0x9b4c36c60_1427 .array/port v0x9b4c36c60, 1427;
v0x9b4c36c60_1428 .array/port v0x9b4c36c60, 1428;
v0x9b4c36c60_1429 .array/port v0x9b4c36c60, 1429;
v0x9b4c36c60_1430 .array/port v0x9b4c36c60, 1430;
E_0x9b50e6d80/357 .event anyedge, v0x9b4c36c60_1427, v0x9b4c36c60_1428, v0x9b4c36c60_1429, v0x9b4c36c60_1430;
v0x9b4c36c60_1431 .array/port v0x9b4c36c60, 1431;
v0x9b4c36c60_1432 .array/port v0x9b4c36c60, 1432;
v0x9b4c36c60_1433 .array/port v0x9b4c36c60, 1433;
v0x9b4c36c60_1434 .array/port v0x9b4c36c60, 1434;
E_0x9b50e6d80/358 .event anyedge, v0x9b4c36c60_1431, v0x9b4c36c60_1432, v0x9b4c36c60_1433, v0x9b4c36c60_1434;
v0x9b4c36c60_1435 .array/port v0x9b4c36c60, 1435;
v0x9b4c36c60_1436 .array/port v0x9b4c36c60, 1436;
v0x9b4c36c60_1437 .array/port v0x9b4c36c60, 1437;
v0x9b4c36c60_1438 .array/port v0x9b4c36c60, 1438;
E_0x9b50e6d80/359 .event anyedge, v0x9b4c36c60_1435, v0x9b4c36c60_1436, v0x9b4c36c60_1437, v0x9b4c36c60_1438;
v0x9b4c36c60_1439 .array/port v0x9b4c36c60, 1439;
v0x9b4c36c60_1440 .array/port v0x9b4c36c60, 1440;
v0x9b4c36c60_1441 .array/port v0x9b4c36c60, 1441;
v0x9b4c36c60_1442 .array/port v0x9b4c36c60, 1442;
E_0x9b50e6d80/360 .event anyedge, v0x9b4c36c60_1439, v0x9b4c36c60_1440, v0x9b4c36c60_1441, v0x9b4c36c60_1442;
v0x9b4c36c60_1443 .array/port v0x9b4c36c60, 1443;
v0x9b4c36c60_1444 .array/port v0x9b4c36c60, 1444;
v0x9b4c36c60_1445 .array/port v0x9b4c36c60, 1445;
v0x9b4c36c60_1446 .array/port v0x9b4c36c60, 1446;
E_0x9b50e6d80/361 .event anyedge, v0x9b4c36c60_1443, v0x9b4c36c60_1444, v0x9b4c36c60_1445, v0x9b4c36c60_1446;
v0x9b4c36c60_1447 .array/port v0x9b4c36c60, 1447;
v0x9b4c36c60_1448 .array/port v0x9b4c36c60, 1448;
v0x9b4c36c60_1449 .array/port v0x9b4c36c60, 1449;
v0x9b4c36c60_1450 .array/port v0x9b4c36c60, 1450;
E_0x9b50e6d80/362 .event anyedge, v0x9b4c36c60_1447, v0x9b4c36c60_1448, v0x9b4c36c60_1449, v0x9b4c36c60_1450;
v0x9b4c36c60_1451 .array/port v0x9b4c36c60, 1451;
v0x9b4c36c60_1452 .array/port v0x9b4c36c60, 1452;
v0x9b4c36c60_1453 .array/port v0x9b4c36c60, 1453;
v0x9b4c36c60_1454 .array/port v0x9b4c36c60, 1454;
E_0x9b50e6d80/363 .event anyedge, v0x9b4c36c60_1451, v0x9b4c36c60_1452, v0x9b4c36c60_1453, v0x9b4c36c60_1454;
v0x9b4c36c60_1455 .array/port v0x9b4c36c60, 1455;
v0x9b4c36c60_1456 .array/port v0x9b4c36c60, 1456;
v0x9b4c36c60_1457 .array/port v0x9b4c36c60, 1457;
v0x9b4c36c60_1458 .array/port v0x9b4c36c60, 1458;
E_0x9b50e6d80/364 .event anyedge, v0x9b4c36c60_1455, v0x9b4c36c60_1456, v0x9b4c36c60_1457, v0x9b4c36c60_1458;
v0x9b4c36c60_1459 .array/port v0x9b4c36c60, 1459;
v0x9b4c36c60_1460 .array/port v0x9b4c36c60, 1460;
v0x9b4c36c60_1461 .array/port v0x9b4c36c60, 1461;
v0x9b4c36c60_1462 .array/port v0x9b4c36c60, 1462;
E_0x9b50e6d80/365 .event anyedge, v0x9b4c36c60_1459, v0x9b4c36c60_1460, v0x9b4c36c60_1461, v0x9b4c36c60_1462;
v0x9b4c36c60_1463 .array/port v0x9b4c36c60, 1463;
v0x9b4c36c60_1464 .array/port v0x9b4c36c60, 1464;
v0x9b4c36c60_1465 .array/port v0x9b4c36c60, 1465;
v0x9b4c36c60_1466 .array/port v0x9b4c36c60, 1466;
E_0x9b50e6d80/366 .event anyedge, v0x9b4c36c60_1463, v0x9b4c36c60_1464, v0x9b4c36c60_1465, v0x9b4c36c60_1466;
v0x9b4c36c60_1467 .array/port v0x9b4c36c60, 1467;
v0x9b4c36c60_1468 .array/port v0x9b4c36c60, 1468;
v0x9b4c36c60_1469 .array/port v0x9b4c36c60, 1469;
v0x9b4c36c60_1470 .array/port v0x9b4c36c60, 1470;
E_0x9b50e6d80/367 .event anyedge, v0x9b4c36c60_1467, v0x9b4c36c60_1468, v0x9b4c36c60_1469, v0x9b4c36c60_1470;
v0x9b4c36c60_1471 .array/port v0x9b4c36c60, 1471;
v0x9b4c36c60_1472 .array/port v0x9b4c36c60, 1472;
v0x9b4c36c60_1473 .array/port v0x9b4c36c60, 1473;
v0x9b4c36c60_1474 .array/port v0x9b4c36c60, 1474;
E_0x9b50e6d80/368 .event anyedge, v0x9b4c36c60_1471, v0x9b4c36c60_1472, v0x9b4c36c60_1473, v0x9b4c36c60_1474;
v0x9b4c36c60_1475 .array/port v0x9b4c36c60, 1475;
v0x9b4c36c60_1476 .array/port v0x9b4c36c60, 1476;
v0x9b4c36c60_1477 .array/port v0x9b4c36c60, 1477;
v0x9b4c36c60_1478 .array/port v0x9b4c36c60, 1478;
E_0x9b50e6d80/369 .event anyedge, v0x9b4c36c60_1475, v0x9b4c36c60_1476, v0x9b4c36c60_1477, v0x9b4c36c60_1478;
v0x9b4c36c60_1479 .array/port v0x9b4c36c60, 1479;
v0x9b4c36c60_1480 .array/port v0x9b4c36c60, 1480;
v0x9b4c36c60_1481 .array/port v0x9b4c36c60, 1481;
v0x9b4c36c60_1482 .array/port v0x9b4c36c60, 1482;
E_0x9b50e6d80/370 .event anyedge, v0x9b4c36c60_1479, v0x9b4c36c60_1480, v0x9b4c36c60_1481, v0x9b4c36c60_1482;
v0x9b4c36c60_1483 .array/port v0x9b4c36c60, 1483;
v0x9b4c36c60_1484 .array/port v0x9b4c36c60, 1484;
v0x9b4c36c60_1485 .array/port v0x9b4c36c60, 1485;
v0x9b4c36c60_1486 .array/port v0x9b4c36c60, 1486;
E_0x9b50e6d80/371 .event anyedge, v0x9b4c36c60_1483, v0x9b4c36c60_1484, v0x9b4c36c60_1485, v0x9b4c36c60_1486;
v0x9b4c36c60_1487 .array/port v0x9b4c36c60, 1487;
v0x9b4c36c60_1488 .array/port v0x9b4c36c60, 1488;
v0x9b4c36c60_1489 .array/port v0x9b4c36c60, 1489;
v0x9b4c36c60_1490 .array/port v0x9b4c36c60, 1490;
E_0x9b50e6d80/372 .event anyedge, v0x9b4c36c60_1487, v0x9b4c36c60_1488, v0x9b4c36c60_1489, v0x9b4c36c60_1490;
v0x9b4c36c60_1491 .array/port v0x9b4c36c60, 1491;
v0x9b4c36c60_1492 .array/port v0x9b4c36c60, 1492;
v0x9b4c36c60_1493 .array/port v0x9b4c36c60, 1493;
v0x9b4c36c60_1494 .array/port v0x9b4c36c60, 1494;
E_0x9b50e6d80/373 .event anyedge, v0x9b4c36c60_1491, v0x9b4c36c60_1492, v0x9b4c36c60_1493, v0x9b4c36c60_1494;
v0x9b4c36c60_1495 .array/port v0x9b4c36c60, 1495;
v0x9b4c36c60_1496 .array/port v0x9b4c36c60, 1496;
v0x9b4c36c60_1497 .array/port v0x9b4c36c60, 1497;
v0x9b4c36c60_1498 .array/port v0x9b4c36c60, 1498;
E_0x9b50e6d80/374 .event anyedge, v0x9b4c36c60_1495, v0x9b4c36c60_1496, v0x9b4c36c60_1497, v0x9b4c36c60_1498;
v0x9b4c36c60_1499 .array/port v0x9b4c36c60, 1499;
v0x9b4c36c60_1500 .array/port v0x9b4c36c60, 1500;
v0x9b4c36c60_1501 .array/port v0x9b4c36c60, 1501;
v0x9b4c36c60_1502 .array/port v0x9b4c36c60, 1502;
E_0x9b50e6d80/375 .event anyedge, v0x9b4c36c60_1499, v0x9b4c36c60_1500, v0x9b4c36c60_1501, v0x9b4c36c60_1502;
v0x9b4c36c60_1503 .array/port v0x9b4c36c60, 1503;
v0x9b4c36c60_1504 .array/port v0x9b4c36c60, 1504;
v0x9b4c36c60_1505 .array/port v0x9b4c36c60, 1505;
v0x9b4c36c60_1506 .array/port v0x9b4c36c60, 1506;
E_0x9b50e6d80/376 .event anyedge, v0x9b4c36c60_1503, v0x9b4c36c60_1504, v0x9b4c36c60_1505, v0x9b4c36c60_1506;
v0x9b4c36c60_1507 .array/port v0x9b4c36c60, 1507;
v0x9b4c36c60_1508 .array/port v0x9b4c36c60, 1508;
v0x9b4c36c60_1509 .array/port v0x9b4c36c60, 1509;
v0x9b4c36c60_1510 .array/port v0x9b4c36c60, 1510;
E_0x9b50e6d80/377 .event anyedge, v0x9b4c36c60_1507, v0x9b4c36c60_1508, v0x9b4c36c60_1509, v0x9b4c36c60_1510;
v0x9b4c36c60_1511 .array/port v0x9b4c36c60, 1511;
v0x9b4c36c60_1512 .array/port v0x9b4c36c60, 1512;
v0x9b4c36c60_1513 .array/port v0x9b4c36c60, 1513;
v0x9b4c36c60_1514 .array/port v0x9b4c36c60, 1514;
E_0x9b50e6d80/378 .event anyedge, v0x9b4c36c60_1511, v0x9b4c36c60_1512, v0x9b4c36c60_1513, v0x9b4c36c60_1514;
v0x9b4c36c60_1515 .array/port v0x9b4c36c60, 1515;
v0x9b4c36c60_1516 .array/port v0x9b4c36c60, 1516;
v0x9b4c36c60_1517 .array/port v0x9b4c36c60, 1517;
v0x9b4c36c60_1518 .array/port v0x9b4c36c60, 1518;
E_0x9b50e6d80/379 .event anyedge, v0x9b4c36c60_1515, v0x9b4c36c60_1516, v0x9b4c36c60_1517, v0x9b4c36c60_1518;
v0x9b4c36c60_1519 .array/port v0x9b4c36c60, 1519;
v0x9b4c36c60_1520 .array/port v0x9b4c36c60, 1520;
v0x9b4c36c60_1521 .array/port v0x9b4c36c60, 1521;
v0x9b4c36c60_1522 .array/port v0x9b4c36c60, 1522;
E_0x9b50e6d80/380 .event anyedge, v0x9b4c36c60_1519, v0x9b4c36c60_1520, v0x9b4c36c60_1521, v0x9b4c36c60_1522;
v0x9b4c36c60_1523 .array/port v0x9b4c36c60, 1523;
v0x9b4c36c60_1524 .array/port v0x9b4c36c60, 1524;
v0x9b4c36c60_1525 .array/port v0x9b4c36c60, 1525;
v0x9b4c36c60_1526 .array/port v0x9b4c36c60, 1526;
E_0x9b50e6d80/381 .event anyedge, v0x9b4c36c60_1523, v0x9b4c36c60_1524, v0x9b4c36c60_1525, v0x9b4c36c60_1526;
v0x9b4c36c60_1527 .array/port v0x9b4c36c60, 1527;
v0x9b4c36c60_1528 .array/port v0x9b4c36c60, 1528;
v0x9b4c36c60_1529 .array/port v0x9b4c36c60, 1529;
v0x9b4c36c60_1530 .array/port v0x9b4c36c60, 1530;
E_0x9b50e6d80/382 .event anyedge, v0x9b4c36c60_1527, v0x9b4c36c60_1528, v0x9b4c36c60_1529, v0x9b4c36c60_1530;
v0x9b4c36c60_1531 .array/port v0x9b4c36c60, 1531;
v0x9b4c36c60_1532 .array/port v0x9b4c36c60, 1532;
v0x9b4c36c60_1533 .array/port v0x9b4c36c60, 1533;
v0x9b4c36c60_1534 .array/port v0x9b4c36c60, 1534;
E_0x9b50e6d80/383 .event anyedge, v0x9b4c36c60_1531, v0x9b4c36c60_1532, v0x9b4c36c60_1533, v0x9b4c36c60_1534;
v0x9b4c36c60_1535 .array/port v0x9b4c36c60, 1535;
v0x9b4c36c60_1536 .array/port v0x9b4c36c60, 1536;
v0x9b4c36c60_1537 .array/port v0x9b4c36c60, 1537;
v0x9b4c36c60_1538 .array/port v0x9b4c36c60, 1538;
E_0x9b50e6d80/384 .event anyedge, v0x9b4c36c60_1535, v0x9b4c36c60_1536, v0x9b4c36c60_1537, v0x9b4c36c60_1538;
v0x9b4c36c60_1539 .array/port v0x9b4c36c60, 1539;
v0x9b4c36c60_1540 .array/port v0x9b4c36c60, 1540;
v0x9b4c36c60_1541 .array/port v0x9b4c36c60, 1541;
v0x9b4c36c60_1542 .array/port v0x9b4c36c60, 1542;
E_0x9b50e6d80/385 .event anyedge, v0x9b4c36c60_1539, v0x9b4c36c60_1540, v0x9b4c36c60_1541, v0x9b4c36c60_1542;
v0x9b4c36c60_1543 .array/port v0x9b4c36c60, 1543;
v0x9b4c36c60_1544 .array/port v0x9b4c36c60, 1544;
v0x9b4c36c60_1545 .array/port v0x9b4c36c60, 1545;
v0x9b4c36c60_1546 .array/port v0x9b4c36c60, 1546;
E_0x9b50e6d80/386 .event anyedge, v0x9b4c36c60_1543, v0x9b4c36c60_1544, v0x9b4c36c60_1545, v0x9b4c36c60_1546;
v0x9b4c36c60_1547 .array/port v0x9b4c36c60, 1547;
v0x9b4c36c60_1548 .array/port v0x9b4c36c60, 1548;
v0x9b4c36c60_1549 .array/port v0x9b4c36c60, 1549;
v0x9b4c36c60_1550 .array/port v0x9b4c36c60, 1550;
E_0x9b50e6d80/387 .event anyedge, v0x9b4c36c60_1547, v0x9b4c36c60_1548, v0x9b4c36c60_1549, v0x9b4c36c60_1550;
v0x9b4c36c60_1551 .array/port v0x9b4c36c60, 1551;
v0x9b4c36c60_1552 .array/port v0x9b4c36c60, 1552;
v0x9b4c36c60_1553 .array/port v0x9b4c36c60, 1553;
v0x9b4c36c60_1554 .array/port v0x9b4c36c60, 1554;
E_0x9b50e6d80/388 .event anyedge, v0x9b4c36c60_1551, v0x9b4c36c60_1552, v0x9b4c36c60_1553, v0x9b4c36c60_1554;
v0x9b4c36c60_1555 .array/port v0x9b4c36c60, 1555;
v0x9b4c36c60_1556 .array/port v0x9b4c36c60, 1556;
v0x9b4c36c60_1557 .array/port v0x9b4c36c60, 1557;
v0x9b4c36c60_1558 .array/port v0x9b4c36c60, 1558;
E_0x9b50e6d80/389 .event anyedge, v0x9b4c36c60_1555, v0x9b4c36c60_1556, v0x9b4c36c60_1557, v0x9b4c36c60_1558;
v0x9b4c36c60_1559 .array/port v0x9b4c36c60, 1559;
v0x9b4c36c60_1560 .array/port v0x9b4c36c60, 1560;
v0x9b4c36c60_1561 .array/port v0x9b4c36c60, 1561;
v0x9b4c36c60_1562 .array/port v0x9b4c36c60, 1562;
E_0x9b50e6d80/390 .event anyedge, v0x9b4c36c60_1559, v0x9b4c36c60_1560, v0x9b4c36c60_1561, v0x9b4c36c60_1562;
v0x9b4c36c60_1563 .array/port v0x9b4c36c60, 1563;
v0x9b4c36c60_1564 .array/port v0x9b4c36c60, 1564;
v0x9b4c36c60_1565 .array/port v0x9b4c36c60, 1565;
v0x9b4c36c60_1566 .array/port v0x9b4c36c60, 1566;
E_0x9b50e6d80/391 .event anyedge, v0x9b4c36c60_1563, v0x9b4c36c60_1564, v0x9b4c36c60_1565, v0x9b4c36c60_1566;
v0x9b4c36c60_1567 .array/port v0x9b4c36c60, 1567;
v0x9b4c36c60_1568 .array/port v0x9b4c36c60, 1568;
v0x9b4c36c60_1569 .array/port v0x9b4c36c60, 1569;
v0x9b4c36c60_1570 .array/port v0x9b4c36c60, 1570;
E_0x9b50e6d80/392 .event anyedge, v0x9b4c36c60_1567, v0x9b4c36c60_1568, v0x9b4c36c60_1569, v0x9b4c36c60_1570;
v0x9b4c36c60_1571 .array/port v0x9b4c36c60, 1571;
v0x9b4c36c60_1572 .array/port v0x9b4c36c60, 1572;
v0x9b4c36c60_1573 .array/port v0x9b4c36c60, 1573;
v0x9b4c36c60_1574 .array/port v0x9b4c36c60, 1574;
E_0x9b50e6d80/393 .event anyedge, v0x9b4c36c60_1571, v0x9b4c36c60_1572, v0x9b4c36c60_1573, v0x9b4c36c60_1574;
v0x9b4c36c60_1575 .array/port v0x9b4c36c60, 1575;
v0x9b4c36c60_1576 .array/port v0x9b4c36c60, 1576;
v0x9b4c36c60_1577 .array/port v0x9b4c36c60, 1577;
v0x9b4c36c60_1578 .array/port v0x9b4c36c60, 1578;
E_0x9b50e6d80/394 .event anyedge, v0x9b4c36c60_1575, v0x9b4c36c60_1576, v0x9b4c36c60_1577, v0x9b4c36c60_1578;
v0x9b4c36c60_1579 .array/port v0x9b4c36c60, 1579;
v0x9b4c36c60_1580 .array/port v0x9b4c36c60, 1580;
v0x9b4c36c60_1581 .array/port v0x9b4c36c60, 1581;
v0x9b4c36c60_1582 .array/port v0x9b4c36c60, 1582;
E_0x9b50e6d80/395 .event anyedge, v0x9b4c36c60_1579, v0x9b4c36c60_1580, v0x9b4c36c60_1581, v0x9b4c36c60_1582;
v0x9b4c36c60_1583 .array/port v0x9b4c36c60, 1583;
v0x9b4c36c60_1584 .array/port v0x9b4c36c60, 1584;
v0x9b4c36c60_1585 .array/port v0x9b4c36c60, 1585;
v0x9b4c36c60_1586 .array/port v0x9b4c36c60, 1586;
E_0x9b50e6d80/396 .event anyedge, v0x9b4c36c60_1583, v0x9b4c36c60_1584, v0x9b4c36c60_1585, v0x9b4c36c60_1586;
v0x9b4c36c60_1587 .array/port v0x9b4c36c60, 1587;
v0x9b4c36c60_1588 .array/port v0x9b4c36c60, 1588;
v0x9b4c36c60_1589 .array/port v0x9b4c36c60, 1589;
v0x9b4c36c60_1590 .array/port v0x9b4c36c60, 1590;
E_0x9b50e6d80/397 .event anyedge, v0x9b4c36c60_1587, v0x9b4c36c60_1588, v0x9b4c36c60_1589, v0x9b4c36c60_1590;
v0x9b4c36c60_1591 .array/port v0x9b4c36c60, 1591;
v0x9b4c36c60_1592 .array/port v0x9b4c36c60, 1592;
v0x9b4c36c60_1593 .array/port v0x9b4c36c60, 1593;
v0x9b4c36c60_1594 .array/port v0x9b4c36c60, 1594;
E_0x9b50e6d80/398 .event anyedge, v0x9b4c36c60_1591, v0x9b4c36c60_1592, v0x9b4c36c60_1593, v0x9b4c36c60_1594;
v0x9b4c36c60_1595 .array/port v0x9b4c36c60, 1595;
v0x9b4c36c60_1596 .array/port v0x9b4c36c60, 1596;
v0x9b4c36c60_1597 .array/port v0x9b4c36c60, 1597;
v0x9b4c36c60_1598 .array/port v0x9b4c36c60, 1598;
E_0x9b50e6d80/399 .event anyedge, v0x9b4c36c60_1595, v0x9b4c36c60_1596, v0x9b4c36c60_1597, v0x9b4c36c60_1598;
v0x9b4c36c60_1599 .array/port v0x9b4c36c60, 1599;
v0x9b4c36c60_1600 .array/port v0x9b4c36c60, 1600;
v0x9b4c36c60_1601 .array/port v0x9b4c36c60, 1601;
v0x9b4c36c60_1602 .array/port v0x9b4c36c60, 1602;
E_0x9b50e6d80/400 .event anyedge, v0x9b4c36c60_1599, v0x9b4c36c60_1600, v0x9b4c36c60_1601, v0x9b4c36c60_1602;
v0x9b4c36c60_1603 .array/port v0x9b4c36c60, 1603;
v0x9b4c36c60_1604 .array/port v0x9b4c36c60, 1604;
v0x9b4c36c60_1605 .array/port v0x9b4c36c60, 1605;
v0x9b4c36c60_1606 .array/port v0x9b4c36c60, 1606;
E_0x9b50e6d80/401 .event anyedge, v0x9b4c36c60_1603, v0x9b4c36c60_1604, v0x9b4c36c60_1605, v0x9b4c36c60_1606;
v0x9b4c36c60_1607 .array/port v0x9b4c36c60, 1607;
v0x9b4c36c60_1608 .array/port v0x9b4c36c60, 1608;
v0x9b4c36c60_1609 .array/port v0x9b4c36c60, 1609;
v0x9b4c36c60_1610 .array/port v0x9b4c36c60, 1610;
E_0x9b50e6d80/402 .event anyedge, v0x9b4c36c60_1607, v0x9b4c36c60_1608, v0x9b4c36c60_1609, v0x9b4c36c60_1610;
v0x9b4c36c60_1611 .array/port v0x9b4c36c60, 1611;
v0x9b4c36c60_1612 .array/port v0x9b4c36c60, 1612;
v0x9b4c36c60_1613 .array/port v0x9b4c36c60, 1613;
v0x9b4c36c60_1614 .array/port v0x9b4c36c60, 1614;
E_0x9b50e6d80/403 .event anyedge, v0x9b4c36c60_1611, v0x9b4c36c60_1612, v0x9b4c36c60_1613, v0x9b4c36c60_1614;
v0x9b4c36c60_1615 .array/port v0x9b4c36c60, 1615;
v0x9b4c36c60_1616 .array/port v0x9b4c36c60, 1616;
v0x9b4c36c60_1617 .array/port v0x9b4c36c60, 1617;
v0x9b4c36c60_1618 .array/port v0x9b4c36c60, 1618;
E_0x9b50e6d80/404 .event anyedge, v0x9b4c36c60_1615, v0x9b4c36c60_1616, v0x9b4c36c60_1617, v0x9b4c36c60_1618;
v0x9b4c36c60_1619 .array/port v0x9b4c36c60, 1619;
v0x9b4c36c60_1620 .array/port v0x9b4c36c60, 1620;
v0x9b4c36c60_1621 .array/port v0x9b4c36c60, 1621;
v0x9b4c36c60_1622 .array/port v0x9b4c36c60, 1622;
E_0x9b50e6d80/405 .event anyedge, v0x9b4c36c60_1619, v0x9b4c36c60_1620, v0x9b4c36c60_1621, v0x9b4c36c60_1622;
v0x9b4c36c60_1623 .array/port v0x9b4c36c60, 1623;
v0x9b4c36c60_1624 .array/port v0x9b4c36c60, 1624;
v0x9b4c36c60_1625 .array/port v0x9b4c36c60, 1625;
v0x9b4c36c60_1626 .array/port v0x9b4c36c60, 1626;
E_0x9b50e6d80/406 .event anyedge, v0x9b4c36c60_1623, v0x9b4c36c60_1624, v0x9b4c36c60_1625, v0x9b4c36c60_1626;
v0x9b4c36c60_1627 .array/port v0x9b4c36c60, 1627;
v0x9b4c36c60_1628 .array/port v0x9b4c36c60, 1628;
v0x9b4c36c60_1629 .array/port v0x9b4c36c60, 1629;
v0x9b4c36c60_1630 .array/port v0x9b4c36c60, 1630;
E_0x9b50e6d80/407 .event anyedge, v0x9b4c36c60_1627, v0x9b4c36c60_1628, v0x9b4c36c60_1629, v0x9b4c36c60_1630;
v0x9b4c36c60_1631 .array/port v0x9b4c36c60, 1631;
v0x9b4c36c60_1632 .array/port v0x9b4c36c60, 1632;
v0x9b4c36c60_1633 .array/port v0x9b4c36c60, 1633;
v0x9b4c36c60_1634 .array/port v0x9b4c36c60, 1634;
E_0x9b50e6d80/408 .event anyedge, v0x9b4c36c60_1631, v0x9b4c36c60_1632, v0x9b4c36c60_1633, v0x9b4c36c60_1634;
v0x9b4c36c60_1635 .array/port v0x9b4c36c60, 1635;
v0x9b4c36c60_1636 .array/port v0x9b4c36c60, 1636;
v0x9b4c36c60_1637 .array/port v0x9b4c36c60, 1637;
v0x9b4c36c60_1638 .array/port v0x9b4c36c60, 1638;
E_0x9b50e6d80/409 .event anyedge, v0x9b4c36c60_1635, v0x9b4c36c60_1636, v0x9b4c36c60_1637, v0x9b4c36c60_1638;
v0x9b4c36c60_1639 .array/port v0x9b4c36c60, 1639;
v0x9b4c36c60_1640 .array/port v0x9b4c36c60, 1640;
v0x9b4c36c60_1641 .array/port v0x9b4c36c60, 1641;
v0x9b4c36c60_1642 .array/port v0x9b4c36c60, 1642;
E_0x9b50e6d80/410 .event anyedge, v0x9b4c36c60_1639, v0x9b4c36c60_1640, v0x9b4c36c60_1641, v0x9b4c36c60_1642;
v0x9b4c36c60_1643 .array/port v0x9b4c36c60, 1643;
v0x9b4c36c60_1644 .array/port v0x9b4c36c60, 1644;
v0x9b4c36c60_1645 .array/port v0x9b4c36c60, 1645;
v0x9b4c36c60_1646 .array/port v0x9b4c36c60, 1646;
E_0x9b50e6d80/411 .event anyedge, v0x9b4c36c60_1643, v0x9b4c36c60_1644, v0x9b4c36c60_1645, v0x9b4c36c60_1646;
v0x9b4c36c60_1647 .array/port v0x9b4c36c60, 1647;
v0x9b4c36c60_1648 .array/port v0x9b4c36c60, 1648;
v0x9b4c36c60_1649 .array/port v0x9b4c36c60, 1649;
v0x9b4c36c60_1650 .array/port v0x9b4c36c60, 1650;
E_0x9b50e6d80/412 .event anyedge, v0x9b4c36c60_1647, v0x9b4c36c60_1648, v0x9b4c36c60_1649, v0x9b4c36c60_1650;
v0x9b4c36c60_1651 .array/port v0x9b4c36c60, 1651;
v0x9b4c36c60_1652 .array/port v0x9b4c36c60, 1652;
v0x9b4c36c60_1653 .array/port v0x9b4c36c60, 1653;
v0x9b4c36c60_1654 .array/port v0x9b4c36c60, 1654;
E_0x9b50e6d80/413 .event anyedge, v0x9b4c36c60_1651, v0x9b4c36c60_1652, v0x9b4c36c60_1653, v0x9b4c36c60_1654;
v0x9b4c36c60_1655 .array/port v0x9b4c36c60, 1655;
v0x9b4c36c60_1656 .array/port v0x9b4c36c60, 1656;
v0x9b4c36c60_1657 .array/port v0x9b4c36c60, 1657;
v0x9b4c36c60_1658 .array/port v0x9b4c36c60, 1658;
E_0x9b50e6d80/414 .event anyedge, v0x9b4c36c60_1655, v0x9b4c36c60_1656, v0x9b4c36c60_1657, v0x9b4c36c60_1658;
v0x9b4c36c60_1659 .array/port v0x9b4c36c60, 1659;
v0x9b4c36c60_1660 .array/port v0x9b4c36c60, 1660;
v0x9b4c36c60_1661 .array/port v0x9b4c36c60, 1661;
v0x9b4c36c60_1662 .array/port v0x9b4c36c60, 1662;
E_0x9b50e6d80/415 .event anyedge, v0x9b4c36c60_1659, v0x9b4c36c60_1660, v0x9b4c36c60_1661, v0x9b4c36c60_1662;
v0x9b4c36c60_1663 .array/port v0x9b4c36c60, 1663;
v0x9b4c36c60_1664 .array/port v0x9b4c36c60, 1664;
v0x9b4c36c60_1665 .array/port v0x9b4c36c60, 1665;
v0x9b4c36c60_1666 .array/port v0x9b4c36c60, 1666;
E_0x9b50e6d80/416 .event anyedge, v0x9b4c36c60_1663, v0x9b4c36c60_1664, v0x9b4c36c60_1665, v0x9b4c36c60_1666;
v0x9b4c36c60_1667 .array/port v0x9b4c36c60, 1667;
v0x9b4c36c60_1668 .array/port v0x9b4c36c60, 1668;
v0x9b4c36c60_1669 .array/port v0x9b4c36c60, 1669;
v0x9b4c36c60_1670 .array/port v0x9b4c36c60, 1670;
E_0x9b50e6d80/417 .event anyedge, v0x9b4c36c60_1667, v0x9b4c36c60_1668, v0x9b4c36c60_1669, v0x9b4c36c60_1670;
v0x9b4c36c60_1671 .array/port v0x9b4c36c60, 1671;
v0x9b4c36c60_1672 .array/port v0x9b4c36c60, 1672;
v0x9b4c36c60_1673 .array/port v0x9b4c36c60, 1673;
v0x9b4c36c60_1674 .array/port v0x9b4c36c60, 1674;
E_0x9b50e6d80/418 .event anyedge, v0x9b4c36c60_1671, v0x9b4c36c60_1672, v0x9b4c36c60_1673, v0x9b4c36c60_1674;
v0x9b4c36c60_1675 .array/port v0x9b4c36c60, 1675;
v0x9b4c36c60_1676 .array/port v0x9b4c36c60, 1676;
v0x9b4c36c60_1677 .array/port v0x9b4c36c60, 1677;
v0x9b4c36c60_1678 .array/port v0x9b4c36c60, 1678;
E_0x9b50e6d80/419 .event anyedge, v0x9b4c36c60_1675, v0x9b4c36c60_1676, v0x9b4c36c60_1677, v0x9b4c36c60_1678;
v0x9b4c36c60_1679 .array/port v0x9b4c36c60, 1679;
v0x9b4c36c60_1680 .array/port v0x9b4c36c60, 1680;
v0x9b4c36c60_1681 .array/port v0x9b4c36c60, 1681;
v0x9b4c36c60_1682 .array/port v0x9b4c36c60, 1682;
E_0x9b50e6d80/420 .event anyedge, v0x9b4c36c60_1679, v0x9b4c36c60_1680, v0x9b4c36c60_1681, v0x9b4c36c60_1682;
v0x9b4c36c60_1683 .array/port v0x9b4c36c60, 1683;
v0x9b4c36c60_1684 .array/port v0x9b4c36c60, 1684;
v0x9b4c36c60_1685 .array/port v0x9b4c36c60, 1685;
v0x9b4c36c60_1686 .array/port v0x9b4c36c60, 1686;
E_0x9b50e6d80/421 .event anyedge, v0x9b4c36c60_1683, v0x9b4c36c60_1684, v0x9b4c36c60_1685, v0x9b4c36c60_1686;
v0x9b4c36c60_1687 .array/port v0x9b4c36c60, 1687;
v0x9b4c36c60_1688 .array/port v0x9b4c36c60, 1688;
v0x9b4c36c60_1689 .array/port v0x9b4c36c60, 1689;
v0x9b4c36c60_1690 .array/port v0x9b4c36c60, 1690;
E_0x9b50e6d80/422 .event anyedge, v0x9b4c36c60_1687, v0x9b4c36c60_1688, v0x9b4c36c60_1689, v0x9b4c36c60_1690;
v0x9b4c36c60_1691 .array/port v0x9b4c36c60, 1691;
v0x9b4c36c60_1692 .array/port v0x9b4c36c60, 1692;
v0x9b4c36c60_1693 .array/port v0x9b4c36c60, 1693;
v0x9b4c36c60_1694 .array/port v0x9b4c36c60, 1694;
E_0x9b50e6d80/423 .event anyedge, v0x9b4c36c60_1691, v0x9b4c36c60_1692, v0x9b4c36c60_1693, v0x9b4c36c60_1694;
v0x9b4c36c60_1695 .array/port v0x9b4c36c60, 1695;
v0x9b4c36c60_1696 .array/port v0x9b4c36c60, 1696;
v0x9b4c36c60_1697 .array/port v0x9b4c36c60, 1697;
v0x9b4c36c60_1698 .array/port v0x9b4c36c60, 1698;
E_0x9b50e6d80/424 .event anyedge, v0x9b4c36c60_1695, v0x9b4c36c60_1696, v0x9b4c36c60_1697, v0x9b4c36c60_1698;
v0x9b4c36c60_1699 .array/port v0x9b4c36c60, 1699;
v0x9b4c36c60_1700 .array/port v0x9b4c36c60, 1700;
v0x9b4c36c60_1701 .array/port v0x9b4c36c60, 1701;
v0x9b4c36c60_1702 .array/port v0x9b4c36c60, 1702;
E_0x9b50e6d80/425 .event anyedge, v0x9b4c36c60_1699, v0x9b4c36c60_1700, v0x9b4c36c60_1701, v0x9b4c36c60_1702;
v0x9b4c36c60_1703 .array/port v0x9b4c36c60, 1703;
v0x9b4c36c60_1704 .array/port v0x9b4c36c60, 1704;
v0x9b4c36c60_1705 .array/port v0x9b4c36c60, 1705;
v0x9b4c36c60_1706 .array/port v0x9b4c36c60, 1706;
E_0x9b50e6d80/426 .event anyedge, v0x9b4c36c60_1703, v0x9b4c36c60_1704, v0x9b4c36c60_1705, v0x9b4c36c60_1706;
v0x9b4c36c60_1707 .array/port v0x9b4c36c60, 1707;
v0x9b4c36c60_1708 .array/port v0x9b4c36c60, 1708;
v0x9b4c36c60_1709 .array/port v0x9b4c36c60, 1709;
v0x9b4c36c60_1710 .array/port v0x9b4c36c60, 1710;
E_0x9b50e6d80/427 .event anyedge, v0x9b4c36c60_1707, v0x9b4c36c60_1708, v0x9b4c36c60_1709, v0x9b4c36c60_1710;
v0x9b4c36c60_1711 .array/port v0x9b4c36c60, 1711;
v0x9b4c36c60_1712 .array/port v0x9b4c36c60, 1712;
v0x9b4c36c60_1713 .array/port v0x9b4c36c60, 1713;
v0x9b4c36c60_1714 .array/port v0x9b4c36c60, 1714;
E_0x9b50e6d80/428 .event anyedge, v0x9b4c36c60_1711, v0x9b4c36c60_1712, v0x9b4c36c60_1713, v0x9b4c36c60_1714;
v0x9b4c36c60_1715 .array/port v0x9b4c36c60, 1715;
v0x9b4c36c60_1716 .array/port v0x9b4c36c60, 1716;
v0x9b4c36c60_1717 .array/port v0x9b4c36c60, 1717;
v0x9b4c36c60_1718 .array/port v0x9b4c36c60, 1718;
E_0x9b50e6d80/429 .event anyedge, v0x9b4c36c60_1715, v0x9b4c36c60_1716, v0x9b4c36c60_1717, v0x9b4c36c60_1718;
v0x9b4c36c60_1719 .array/port v0x9b4c36c60, 1719;
v0x9b4c36c60_1720 .array/port v0x9b4c36c60, 1720;
v0x9b4c36c60_1721 .array/port v0x9b4c36c60, 1721;
v0x9b4c36c60_1722 .array/port v0x9b4c36c60, 1722;
E_0x9b50e6d80/430 .event anyedge, v0x9b4c36c60_1719, v0x9b4c36c60_1720, v0x9b4c36c60_1721, v0x9b4c36c60_1722;
v0x9b4c36c60_1723 .array/port v0x9b4c36c60, 1723;
v0x9b4c36c60_1724 .array/port v0x9b4c36c60, 1724;
v0x9b4c36c60_1725 .array/port v0x9b4c36c60, 1725;
v0x9b4c36c60_1726 .array/port v0x9b4c36c60, 1726;
E_0x9b50e6d80/431 .event anyedge, v0x9b4c36c60_1723, v0x9b4c36c60_1724, v0x9b4c36c60_1725, v0x9b4c36c60_1726;
v0x9b4c36c60_1727 .array/port v0x9b4c36c60, 1727;
v0x9b4c36c60_1728 .array/port v0x9b4c36c60, 1728;
v0x9b4c36c60_1729 .array/port v0x9b4c36c60, 1729;
v0x9b4c36c60_1730 .array/port v0x9b4c36c60, 1730;
E_0x9b50e6d80/432 .event anyedge, v0x9b4c36c60_1727, v0x9b4c36c60_1728, v0x9b4c36c60_1729, v0x9b4c36c60_1730;
v0x9b4c36c60_1731 .array/port v0x9b4c36c60, 1731;
v0x9b4c36c60_1732 .array/port v0x9b4c36c60, 1732;
v0x9b4c36c60_1733 .array/port v0x9b4c36c60, 1733;
v0x9b4c36c60_1734 .array/port v0x9b4c36c60, 1734;
E_0x9b50e6d80/433 .event anyedge, v0x9b4c36c60_1731, v0x9b4c36c60_1732, v0x9b4c36c60_1733, v0x9b4c36c60_1734;
v0x9b4c36c60_1735 .array/port v0x9b4c36c60, 1735;
v0x9b4c36c60_1736 .array/port v0x9b4c36c60, 1736;
v0x9b4c36c60_1737 .array/port v0x9b4c36c60, 1737;
v0x9b4c36c60_1738 .array/port v0x9b4c36c60, 1738;
E_0x9b50e6d80/434 .event anyedge, v0x9b4c36c60_1735, v0x9b4c36c60_1736, v0x9b4c36c60_1737, v0x9b4c36c60_1738;
v0x9b4c36c60_1739 .array/port v0x9b4c36c60, 1739;
v0x9b4c36c60_1740 .array/port v0x9b4c36c60, 1740;
v0x9b4c36c60_1741 .array/port v0x9b4c36c60, 1741;
v0x9b4c36c60_1742 .array/port v0x9b4c36c60, 1742;
E_0x9b50e6d80/435 .event anyedge, v0x9b4c36c60_1739, v0x9b4c36c60_1740, v0x9b4c36c60_1741, v0x9b4c36c60_1742;
v0x9b4c36c60_1743 .array/port v0x9b4c36c60, 1743;
v0x9b4c36c60_1744 .array/port v0x9b4c36c60, 1744;
v0x9b4c36c60_1745 .array/port v0x9b4c36c60, 1745;
v0x9b4c36c60_1746 .array/port v0x9b4c36c60, 1746;
E_0x9b50e6d80/436 .event anyedge, v0x9b4c36c60_1743, v0x9b4c36c60_1744, v0x9b4c36c60_1745, v0x9b4c36c60_1746;
v0x9b4c36c60_1747 .array/port v0x9b4c36c60, 1747;
v0x9b4c36c60_1748 .array/port v0x9b4c36c60, 1748;
v0x9b4c36c60_1749 .array/port v0x9b4c36c60, 1749;
v0x9b4c36c60_1750 .array/port v0x9b4c36c60, 1750;
E_0x9b50e6d80/437 .event anyedge, v0x9b4c36c60_1747, v0x9b4c36c60_1748, v0x9b4c36c60_1749, v0x9b4c36c60_1750;
v0x9b4c36c60_1751 .array/port v0x9b4c36c60, 1751;
v0x9b4c36c60_1752 .array/port v0x9b4c36c60, 1752;
v0x9b4c36c60_1753 .array/port v0x9b4c36c60, 1753;
v0x9b4c36c60_1754 .array/port v0x9b4c36c60, 1754;
E_0x9b50e6d80/438 .event anyedge, v0x9b4c36c60_1751, v0x9b4c36c60_1752, v0x9b4c36c60_1753, v0x9b4c36c60_1754;
v0x9b4c36c60_1755 .array/port v0x9b4c36c60, 1755;
v0x9b4c36c60_1756 .array/port v0x9b4c36c60, 1756;
v0x9b4c36c60_1757 .array/port v0x9b4c36c60, 1757;
v0x9b4c36c60_1758 .array/port v0x9b4c36c60, 1758;
E_0x9b50e6d80/439 .event anyedge, v0x9b4c36c60_1755, v0x9b4c36c60_1756, v0x9b4c36c60_1757, v0x9b4c36c60_1758;
v0x9b4c36c60_1759 .array/port v0x9b4c36c60, 1759;
v0x9b4c36c60_1760 .array/port v0x9b4c36c60, 1760;
v0x9b4c36c60_1761 .array/port v0x9b4c36c60, 1761;
v0x9b4c36c60_1762 .array/port v0x9b4c36c60, 1762;
E_0x9b50e6d80/440 .event anyedge, v0x9b4c36c60_1759, v0x9b4c36c60_1760, v0x9b4c36c60_1761, v0x9b4c36c60_1762;
v0x9b4c36c60_1763 .array/port v0x9b4c36c60, 1763;
v0x9b4c36c60_1764 .array/port v0x9b4c36c60, 1764;
v0x9b4c36c60_1765 .array/port v0x9b4c36c60, 1765;
v0x9b4c36c60_1766 .array/port v0x9b4c36c60, 1766;
E_0x9b50e6d80/441 .event anyedge, v0x9b4c36c60_1763, v0x9b4c36c60_1764, v0x9b4c36c60_1765, v0x9b4c36c60_1766;
v0x9b4c36c60_1767 .array/port v0x9b4c36c60, 1767;
v0x9b4c36c60_1768 .array/port v0x9b4c36c60, 1768;
v0x9b4c36c60_1769 .array/port v0x9b4c36c60, 1769;
v0x9b4c36c60_1770 .array/port v0x9b4c36c60, 1770;
E_0x9b50e6d80/442 .event anyedge, v0x9b4c36c60_1767, v0x9b4c36c60_1768, v0x9b4c36c60_1769, v0x9b4c36c60_1770;
v0x9b4c36c60_1771 .array/port v0x9b4c36c60, 1771;
v0x9b4c36c60_1772 .array/port v0x9b4c36c60, 1772;
v0x9b4c36c60_1773 .array/port v0x9b4c36c60, 1773;
v0x9b4c36c60_1774 .array/port v0x9b4c36c60, 1774;
E_0x9b50e6d80/443 .event anyedge, v0x9b4c36c60_1771, v0x9b4c36c60_1772, v0x9b4c36c60_1773, v0x9b4c36c60_1774;
v0x9b4c36c60_1775 .array/port v0x9b4c36c60, 1775;
v0x9b4c36c60_1776 .array/port v0x9b4c36c60, 1776;
v0x9b4c36c60_1777 .array/port v0x9b4c36c60, 1777;
v0x9b4c36c60_1778 .array/port v0x9b4c36c60, 1778;
E_0x9b50e6d80/444 .event anyedge, v0x9b4c36c60_1775, v0x9b4c36c60_1776, v0x9b4c36c60_1777, v0x9b4c36c60_1778;
v0x9b4c36c60_1779 .array/port v0x9b4c36c60, 1779;
v0x9b4c36c60_1780 .array/port v0x9b4c36c60, 1780;
v0x9b4c36c60_1781 .array/port v0x9b4c36c60, 1781;
v0x9b4c36c60_1782 .array/port v0x9b4c36c60, 1782;
E_0x9b50e6d80/445 .event anyedge, v0x9b4c36c60_1779, v0x9b4c36c60_1780, v0x9b4c36c60_1781, v0x9b4c36c60_1782;
v0x9b4c36c60_1783 .array/port v0x9b4c36c60, 1783;
v0x9b4c36c60_1784 .array/port v0x9b4c36c60, 1784;
v0x9b4c36c60_1785 .array/port v0x9b4c36c60, 1785;
v0x9b4c36c60_1786 .array/port v0x9b4c36c60, 1786;
E_0x9b50e6d80/446 .event anyedge, v0x9b4c36c60_1783, v0x9b4c36c60_1784, v0x9b4c36c60_1785, v0x9b4c36c60_1786;
v0x9b4c36c60_1787 .array/port v0x9b4c36c60, 1787;
v0x9b4c36c60_1788 .array/port v0x9b4c36c60, 1788;
v0x9b4c36c60_1789 .array/port v0x9b4c36c60, 1789;
v0x9b4c36c60_1790 .array/port v0x9b4c36c60, 1790;
E_0x9b50e6d80/447 .event anyedge, v0x9b4c36c60_1787, v0x9b4c36c60_1788, v0x9b4c36c60_1789, v0x9b4c36c60_1790;
v0x9b4c36c60_1791 .array/port v0x9b4c36c60, 1791;
v0x9b4c36c60_1792 .array/port v0x9b4c36c60, 1792;
v0x9b4c36c60_1793 .array/port v0x9b4c36c60, 1793;
v0x9b4c36c60_1794 .array/port v0x9b4c36c60, 1794;
E_0x9b50e6d80/448 .event anyedge, v0x9b4c36c60_1791, v0x9b4c36c60_1792, v0x9b4c36c60_1793, v0x9b4c36c60_1794;
v0x9b4c36c60_1795 .array/port v0x9b4c36c60, 1795;
v0x9b4c36c60_1796 .array/port v0x9b4c36c60, 1796;
v0x9b4c36c60_1797 .array/port v0x9b4c36c60, 1797;
v0x9b4c36c60_1798 .array/port v0x9b4c36c60, 1798;
E_0x9b50e6d80/449 .event anyedge, v0x9b4c36c60_1795, v0x9b4c36c60_1796, v0x9b4c36c60_1797, v0x9b4c36c60_1798;
v0x9b4c36c60_1799 .array/port v0x9b4c36c60, 1799;
v0x9b4c36c60_1800 .array/port v0x9b4c36c60, 1800;
v0x9b4c36c60_1801 .array/port v0x9b4c36c60, 1801;
v0x9b4c36c60_1802 .array/port v0x9b4c36c60, 1802;
E_0x9b50e6d80/450 .event anyedge, v0x9b4c36c60_1799, v0x9b4c36c60_1800, v0x9b4c36c60_1801, v0x9b4c36c60_1802;
v0x9b4c36c60_1803 .array/port v0x9b4c36c60, 1803;
v0x9b4c36c60_1804 .array/port v0x9b4c36c60, 1804;
v0x9b4c36c60_1805 .array/port v0x9b4c36c60, 1805;
v0x9b4c36c60_1806 .array/port v0x9b4c36c60, 1806;
E_0x9b50e6d80/451 .event anyedge, v0x9b4c36c60_1803, v0x9b4c36c60_1804, v0x9b4c36c60_1805, v0x9b4c36c60_1806;
v0x9b4c36c60_1807 .array/port v0x9b4c36c60, 1807;
v0x9b4c36c60_1808 .array/port v0x9b4c36c60, 1808;
v0x9b4c36c60_1809 .array/port v0x9b4c36c60, 1809;
v0x9b4c36c60_1810 .array/port v0x9b4c36c60, 1810;
E_0x9b50e6d80/452 .event anyedge, v0x9b4c36c60_1807, v0x9b4c36c60_1808, v0x9b4c36c60_1809, v0x9b4c36c60_1810;
v0x9b4c36c60_1811 .array/port v0x9b4c36c60, 1811;
v0x9b4c36c60_1812 .array/port v0x9b4c36c60, 1812;
v0x9b4c36c60_1813 .array/port v0x9b4c36c60, 1813;
v0x9b4c36c60_1814 .array/port v0x9b4c36c60, 1814;
E_0x9b50e6d80/453 .event anyedge, v0x9b4c36c60_1811, v0x9b4c36c60_1812, v0x9b4c36c60_1813, v0x9b4c36c60_1814;
v0x9b4c36c60_1815 .array/port v0x9b4c36c60, 1815;
v0x9b4c36c60_1816 .array/port v0x9b4c36c60, 1816;
v0x9b4c36c60_1817 .array/port v0x9b4c36c60, 1817;
v0x9b4c36c60_1818 .array/port v0x9b4c36c60, 1818;
E_0x9b50e6d80/454 .event anyedge, v0x9b4c36c60_1815, v0x9b4c36c60_1816, v0x9b4c36c60_1817, v0x9b4c36c60_1818;
v0x9b4c36c60_1819 .array/port v0x9b4c36c60, 1819;
v0x9b4c36c60_1820 .array/port v0x9b4c36c60, 1820;
v0x9b4c36c60_1821 .array/port v0x9b4c36c60, 1821;
v0x9b4c36c60_1822 .array/port v0x9b4c36c60, 1822;
E_0x9b50e6d80/455 .event anyedge, v0x9b4c36c60_1819, v0x9b4c36c60_1820, v0x9b4c36c60_1821, v0x9b4c36c60_1822;
v0x9b4c36c60_1823 .array/port v0x9b4c36c60, 1823;
v0x9b4c36c60_1824 .array/port v0x9b4c36c60, 1824;
v0x9b4c36c60_1825 .array/port v0x9b4c36c60, 1825;
v0x9b4c36c60_1826 .array/port v0x9b4c36c60, 1826;
E_0x9b50e6d80/456 .event anyedge, v0x9b4c36c60_1823, v0x9b4c36c60_1824, v0x9b4c36c60_1825, v0x9b4c36c60_1826;
v0x9b4c36c60_1827 .array/port v0x9b4c36c60, 1827;
v0x9b4c36c60_1828 .array/port v0x9b4c36c60, 1828;
v0x9b4c36c60_1829 .array/port v0x9b4c36c60, 1829;
v0x9b4c36c60_1830 .array/port v0x9b4c36c60, 1830;
E_0x9b50e6d80/457 .event anyedge, v0x9b4c36c60_1827, v0x9b4c36c60_1828, v0x9b4c36c60_1829, v0x9b4c36c60_1830;
v0x9b4c36c60_1831 .array/port v0x9b4c36c60, 1831;
v0x9b4c36c60_1832 .array/port v0x9b4c36c60, 1832;
v0x9b4c36c60_1833 .array/port v0x9b4c36c60, 1833;
v0x9b4c36c60_1834 .array/port v0x9b4c36c60, 1834;
E_0x9b50e6d80/458 .event anyedge, v0x9b4c36c60_1831, v0x9b4c36c60_1832, v0x9b4c36c60_1833, v0x9b4c36c60_1834;
v0x9b4c36c60_1835 .array/port v0x9b4c36c60, 1835;
v0x9b4c36c60_1836 .array/port v0x9b4c36c60, 1836;
v0x9b4c36c60_1837 .array/port v0x9b4c36c60, 1837;
v0x9b4c36c60_1838 .array/port v0x9b4c36c60, 1838;
E_0x9b50e6d80/459 .event anyedge, v0x9b4c36c60_1835, v0x9b4c36c60_1836, v0x9b4c36c60_1837, v0x9b4c36c60_1838;
v0x9b4c36c60_1839 .array/port v0x9b4c36c60, 1839;
v0x9b4c36c60_1840 .array/port v0x9b4c36c60, 1840;
v0x9b4c36c60_1841 .array/port v0x9b4c36c60, 1841;
v0x9b4c36c60_1842 .array/port v0x9b4c36c60, 1842;
E_0x9b50e6d80/460 .event anyedge, v0x9b4c36c60_1839, v0x9b4c36c60_1840, v0x9b4c36c60_1841, v0x9b4c36c60_1842;
v0x9b4c36c60_1843 .array/port v0x9b4c36c60, 1843;
v0x9b4c36c60_1844 .array/port v0x9b4c36c60, 1844;
v0x9b4c36c60_1845 .array/port v0x9b4c36c60, 1845;
v0x9b4c36c60_1846 .array/port v0x9b4c36c60, 1846;
E_0x9b50e6d80/461 .event anyedge, v0x9b4c36c60_1843, v0x9b4c36c60_1844, v0x9b4c36c60_1845, v0x9b4c36c60_1846;
v0x9b4c36c60_1847 .array/port v0x9b4c36c60, 1847;
v0x9b4c36c60_1848 .array/port v0x9b4c36c60, 1848;
v0x9b4c36c60_1849 .array/port v0x9b4c36c60, 1849;
v0x9b4c36c60_1850 .array/port v0x9b4c36c60, 1850;
E_0x9b50e6d80/462 .event anyedge, v0x9b4c36c60_1847, v0x9b4c36c60_1848, v0x9b4c36c60_1849, v0x9b4c36c60_1850;
v0x9b4c36c60_1851 .array/port v0x9b4c36c60, 1851;
v0x9b4c36c60_1852 .array/port v0x9b4c36c60, 1852;
v0x9b4c36c60_1853 .array/port v0x9b4c36c60, 1853;
v0x9b4c36c60_1854 .array/port v0x9b4c36c60, 1854;
E_0x9b50e6d80/463 .event anyedge, v0x9b4c36c60_1851, v0x9b4c36c60_1852, v0x9b4c36c60_1853, v0x9b4c36c60_1854;
v0x9b4c36c60_1855 .array/port v0x9b4c36c60, 1855;
v0x9b4c36c60_1856 .array/port v0x9b4c36c60, 1856;
v0x9b4c36c60_1857 .array/port v0x9b4c36c60, 1857;
v0x9b4c36c60_1858 .array/port v0x9b4c36c60, 1858;
E_0x9b50e6d80/464 .event anyedge, v0x9b4c36c60_1855, v0x9b4c36c60_1856, v0x9b4c36c60_1857, v0x9b4c36c60_1858;
v0x9b4c36c60_1859 .array/port v0x9b4c36c60, 1859;
v0x9b4c36c60_1860 .array/port v0x9b4c36c60, 1860;
v0x9b4c36c60_1861 .array/port v0x9b4c36c60, 1861;
v0x9b4c36c60_1862 .array/port v0x9b4c36c60, 1862;
E_0x9b50e6d80/465 .event anyedge, v0x9b4c36c60_1859, v0x9b4c36c60_1860, v0x9b4c36c60_1861, v0x9b4c36c60_1862;
v0x9b4c36c60_1863 .array/port v0x9b4c36c60, 1863;
v0x9b4c36c60_1864 .array/port v0x9b4c36c60, 1864;
v0x9b4c36c60_1865 .array/port v0x9b4c36c60, 1865;
v0x9b4c36c60_1866 .array/port v0x9b4c36c60, 1866;
E_0x9b50e6d80/466 .event anyedge, v0x9b4c36c60_1863, v0x9b4c36c60_1864, v0x9b4c36c60_1865, v0x9b4c36c60_1866;
v0x9b4c36c60_1867 .array/port v0x9b4c36c60, 1867;
v0x9b4c36c60_1868 .array/port v0x9b4c36c60, 1868;
v0x9b4c36c60_1869 .array/port v0x9b4c36c60, 1869;
v0x9b4c36c60_1870 .array/port v0x9b4c36c60, 1870;
E_0x9b50e6d80/467 .event anyedge, v0x9b4c36c60_1867, v0x9b4c36c60_1868, v0x9b4c36c60_1869, v0x9b4c36c60_1870;
v0x9b4c36c60_1871 .array/port v0x9b4c36c60, 1871;
v0x9b4c36c60_1872 .array/port v0x9b4c36c60, 1872;
v0x9b4c36c60_1873 .array/port v0x9b4c36c60, 1873;
v0x9b4c36c60_1874 .array/port v0x9b4c36c60, 1874;
E_0x9b50e6d80/468 .event anyedge, v0x9b4c36c60_1871, v0x9b4c36c60_1872, v0x9b4c36c60_1873, v0x9b4c36c60_1874;
v0x9b4c36c60_1875 .array/port v0x9b4c36c60, 1875;
v0x9b4c36c60_1876 .array/port v0x9b4c36c60, 1876;
v0x9b4c36c60_1877 .array/port v0x9b4c36c60, 1877;
v0x9b4c36c60_1878 .array/port v0x9b4c36c60, 1878;
E_0x9b50e6d80/469 .event anyedge, v0x9b4c36c60_1875, v0x9b4c36c60_1876, v0x9b4c36c60_1877, v0x9b4c36c60_1878;
v0x9b4c36c60_1879 .array/port v0x9b4c36c60, 1879;
v0x9b4c36c60_1880 .array/port v0x9b4c36c60, 1880;
v0x9b4c36c60_1881 .array/port v0x9b4c36c60, 1881;
v0x9b4c36c60_1882 .array/port v0x9b4c36c60, 1882;
E_0x9b50e6d80/470 .event anyedge, v0x9b4c36c60_1879, v0x9b4c36c60_1880, v0x9b4c36c60_1881, v0x9b4c36c60_1882;
v0x9b4c36c60_1883 .array/port v0x9b4c36c60, 1883;
v0x9b4c36c60_1884 .array/port v0x9b4c36c60, 1884;
v0x9b4c36c60_1885 .array/port v0x9b4c36c60, 1885;
v0x9b4c36c60_1886 .array/port v0x9b4c36c60, 1886;
E_0x9b50e6d80/471 .event anyedge, v0x9b4c36c60_1883, v0x9b4c36c60_1884, v0x9b4c36c60_1885, v0x9b4c36c60_1886;
v0x9b4c36c60_1887 .array/port v0x9b4c36c60, 1887;
v0x9b4c36c60_1888 .array/port v0x9b4c36c60, 1888;
v0x9b4c36c60_1889 .array/port v0x9b4c36c60, 1889;
v0x9b4c36c60_1890 .array/port v0x9b4c36c60, 1890;
E_0x9b50e6d80/472 .event anyedge, v0x9b4c36c60_1887, v0x9b4c36c60_1888, v0x9b4c36c60_1889, v0x9b4c36c60_1890;
v0x9b4c36c60_1891 .array/port v0x9b4c36c60, 1891;
v0x9b4c36c60_1892 .array/port v0x9b4c36c60, 1892;
v0x9b4c36c60_1893 .array/port v0x9b4c36c60, 1893;
v0x9b4c36c60_1894 .array/port v0x9b4c36c60, 1894;
E_0x9b50e6d80/473 .event anyedge, v0x9b4c36c60_1891, v0x9b4c36c60_1892, v0x9b4c36c60_1893, v0x9b4c36c60_1894;
v0x9b4c36c60_1895 .array/port v0x9b4c36c60, 1895;
v0x9b4c36c60_1896 .array/port v0x9b4c36c60, 1896;
v0x9b4c36c60_1897 .array/port v0x9b4c36c60, 1897;
v0x9b4c36c60_1898 .array/port v0x9b4c36c60, 1898;
E_0x9b50e6d80/474 .event anyedge, v0x9b4c36c60_1895, v0x9b4c36c60_1896, v0x9b4c36c60_1897, v0x9b4c36c60_1898;
v0x9b4c36c60_1899 .array/port v0x9b4c36c60, 1899;
v0x9b4c36c60_1900 .array/port v0x9b4c36c60, 1900;
v0x9b4c36c60_1901 .array/port v0x9b4c36c60, 1901;
v0x9b4c36c60_1902 .array/port v0x9b4c36c60, 1902;
E_0x9b50e6d80/475 .event anyedge, v0x9b4c36c60_1899, v0x9b4c36c60_1900, v0x9b4c36c60_1901, v0x9b4c36c60_1902;
v0x9b4c36c60_1903 .array/port v0x9b4c36c60, 1903;
v0x9b4c36c60_1904 .array/port v0x9b4c36c60, 1904;
v0x9b4c36c60_1905 .array/port v0x9b4c36c60, 1905;
v0x9b4c36c60_1906 .array/port v0x9b4c36c60, 1906;
E_0x9b50e6d80/476 .event anyedge, v0x9b4c36c60_1903, v0x9b4c36c60_1904, v0x9b4c36c60_1905, v0x9b4c36c60_1906;
v0x9b4c36c60_1907 .array/port v0x9b4c36c60, 1907;
v0x9b4c36c60_1908 .array/port v0x9b4c36c60, 1908;
v0x9b4c36c60_1909 .array/port v0x9b4c36c60, 1909;
v0x9b4c36c60_1910 .array/port v0x9b4c36c60, 1910;
E_0x9b50e6d80/477 .event anyedge, v0x9b4c36c60_1907, v0x9b4c36c60_1908, v0x9b4c36c60_1909, v0x9b4c36c60_1910;
v0x9b4c36c60_1911 .array/port v0x9b4c36c60, 1911;
v0x9b4c36c60_1912 .array/port v0x9b4c36c60, 1912;
v0x9b4c36c60_1913 .array/port v0x9b4c36c60, 1913;
v0x9b4c36c60_1914 .array/port v0x9b4c36c60, 1914;
E_0x9b50e6d80/478 .event anyedge, v0x9b4c36c60_1911, v0x9b4c36c60_1912, v0x9b4c36c60_1913, v0x9b4c36c60_1914;
v0x9b4c36c60_1915 .array/port v0x9b4c36c60, 1915;
v0x9b4c36c60_1916 .array/port v0x9b4c36c60, 1916;
v0x9b4c36c60_1917 .array/port v0x9b4c36c60, 1917;
v0x9b4c36c60_1918 .array/port v0x9b4c36c60, 1918;
E_0x9b50e6d80/479 .event anyedge, v0x9b4c36c60_1915, v0x9b4c36c60_1916, v0x9b4c36c60_1917, v0x9b4c36c60_1918;
v0x9b4c36c60_1919 .array/port v0x9b4c36c60, 1919;
v0x9b4c36c60_1920 .array/port v0x9b4c36c60, 1920;
v0x9b4c36c60_1921 .array/port v0x9b4c36c60, 1921;
v0x9b4c36c60_1922 .array/port v0x9b4c36c60, 1922;
E_0x9b50e6d80/480 .event anyedge, v0x9b4c36c60_1919, v0x9b4c36c60_1920, v0x9b4c36c60_1921, v0x9b4c36c60_1922;
v0x9b4c36c60_1923 .array/port v0x9b4c36c60, 1923;
v0x9b4c36c60_1924 .array/port v0x9b4c36c60, 1924;
v0x9b4c36c60_1925 .array/port v0x9b4c36c60, 1925;
v0x9b4c36c60_1926 .array/port v0x9b4c36c60, 1926;
E_0x9b50e6d80/481 .event anyedge, v0x9b4c36c60_1923, v0x9b4c36c60_1924, v0x9b4c36c60_1925, v0x9b4c36c60_1926;
v0x9b4c36c60_1927 .array/port v0x9b4c36c60, 1927;
v0x9b4c36c60_1928 .array/port v0x9b4c36c60, 1928;
v0x9b4c36c60_1929 .array/port v0x9b4c36c60, 1929;
v0x9b4c36c60_1930 .array/port v0x9b4c36c60, 1930;
E_0x9b50e6d80/482 .event anyedge, v0x9b4c36c60_1927, v0x9b4c36c60_1928, v0x9b4c36c60_1929, v0x9b4c36c60_1930;
v0x9b4c36c60_1931 .array/port v0x9b4c36c60, 1931;
v0x9b4c36c60_1932 .array/port v0x9b4c36c60, 1932;
v0x9b4c36c60_1933 .array/port v0x9b4c36c60, 1933;
v0x9b4c36c60_1934 .array/port v0x9b4c36c60, 1934;
E_0x9b50e6d80/483 .event anyedge, v0x9b4c36c60_1931, v0x9b4c36c60_1932, v0x9b4c36c60_1933, v0x9b4c36c60_1934;
v0x9b4c36c60_1935 .array/port v0x9b4c36c60, 1935;
v0x9b4c36c60_1936 .array/port v0x9b4c36c60, 1936;
v0x9b4c36c60_1937 .array/port v0x9b4c36c60, 1937;
v0x9b4c36c60_1938 .array/port v0x9b4c36c60, 1938;
E_0x9b50e6d80/484 .event anyedge, v0x9b4c36c60_1935, v0x9b4c36c60_1936, v0x9b4c36c60_1937, v0x9b4c36c60_1938;
v0x9b4c36c60_1939 .array/port v0x9b4c36c60, 1939;
v0x9b4c36c60_1940 .array/port v0x9b4c36c60, 1940;
v0x9b4c36c60_1941 .array/port v0x9b4c36c60, 1941;
v0x9b4c36c60_1942 .array/port v0x9b4c36c60, 1942;
E_0x9b50e6d80/485 .event anyedge, v0x9b4c36c60_1939, v0x9b4c36c60_1940, v0x9b4c36c60_1941, v0x9b4c36c60_1942;
v0x9b4c36c60_1943 .array/port v0x9b4c36c60, 1943;
v0x9b4c36c60_1944 .array/port v0x9b4c36c60, 1944;
v0x9b4c36c60_1945 .array/port v0x9b4c36c60, 1945;
v0x9b4c36c60_1946 .array/port v0x9b4c36c60, 1946;
E_0x9b50e6d80/486 .event anyedge, v0x9b4c36c60_1943, v0x9b4c36c60_1944, v0x9b4c36c60_1945, v0x9b4c36c60_1946;
v0x9b4c36c60_1947 .array/port v0x9b4c36c60, 1947;
v0x9b4c36c60_1948 .array/port v0x9b4c36c60, 1948;
v0x9b4c36c60_1949 .array/port v0x9b4c36c60, 1949;
v0x9b4c36c60_1950 .array/port v0x9b4c36c60, 1950;
E_0x9b50e6d80/487 .event anyedge, v0x9b4c36c60_1947, v0x9b4c36c60_1948, v0x9b4c36c60_1949, v0x9b4c36c60_1950;
v0x9b4c36c60_1951 .array/port v0x9b4c36c60, 1951;
v0x9b4c36c60_1952 .array/port v0x9b4c36c60, 1952;
v0x9b4c36c60_1953 .array/port v0x9b4c36c60, 1953;
v0x9b4c36c60_1954 .array/port v0x9b4c36c60, 1954;
E_0x9b50e6d80/488 .event anyedge, v0x9b4c36c60_1951, v0x9b4c36c60_1952, v0x9b4c36c60_1953, v0x9b4c36c60_1954;
v0x9b4c36c60_1955 .array/port v0x9b4c36c60, 1955;
v0x9b4c36c60_1956 .array/port v0x9b4c36c60, 1956;
v0x9b4c36c60_1957 .array/port v0x9b4c36c60, 1957;
v0x9b4c36c60_1958 .array/port v0x9b4c36c60, 1958;
E_0x9b50e6d80/489 .event anyedge, v0x9b4c36c60_1955, v0x9b4c36c60_1956, v0x9b4c36c60_1957, v0x9b4c36c60_1958;
v0x9b4c36c60_1959 .array/port v0x9b4c36c60, 1959;
v0x9b4c36c60_1960 .array/port v0x9b4c36c60, 1960;
v0x9b4c36c60_1961 .array/port v0x9b4c36c60, 1961;
v0x9b4c36c60_1962 .array/port v0x9b4c36c60, 1962;
E_0x9b50e6d80/490 .event anyedge, v0x9b4c36c60_1959, v0x9b4c36c60_1960, v0x9b4c36c60_1961, v0x9b4c36c60_1962;
v0x9b4c36c60_1963 .array/port v0x9b4c36c60, 1963;
v0x9b4c36c60_1964 .array/port v0x9b4c36c60, 1964;
v0x9b4c36c60_1965 .array/port v0x9b4c36c60, 1965;
v0x9b4c36c60_1966 .array/port v0x9b4c36c60, 1966;
E_0x9b50e6d80/491 .event anyedge, v0x9b4c36c60_1963, v0x9b4c36c60_1964, v0x9b4c36c60_1965, v0x9b4c36c60_1966;
v0x9b4c36c60_1967 .array/port v0x9b4c36c60, 1967;
v0x9b4c36c60_1968 .array/port v0x9b4c36c60, 1968;
v0x9b4c36c60_1969 .array/port v0x9b4c36c60, 1969;
v0x9b4c36c60_1970 .array/port v0x9b4c36c60, 1970;
E_0x9b50e6d80/492 .event anyedge, v0x9b4c36c60_1967, v0x9b4c36c60_1968, v0x9b4c36c60_1969, v0x9b4c36c60_1970;
v0x9b4c36c60_1971 .array/port v0x9b4c36c60, 1971;
v0x9b4c36c60_1972 .array/port v0x9b4c36c60, 1972;
v0x9b4c36c60_1973 .array/port v0x9b4c36c60, 1973;
v0x9b4c36c60_1974 .array/port v0x9b4c36c60, 1974;
E_0x9b50e6d80/493 .event anyedge, v0x9b4c36c60_1971, v0x9b4c36c60_1972, v0x9b4c36c60_1973, v0x9b4c36c60_1974;
v0x9b4c36c60_1975 .array/port v0x9b4c36c60, 1975;
v0x9b4c36c60_1976 .array/port v0x9b4c36c60, 1976;
v0x9b4c36c60_1977 .array/port v0x9b4c36c60, 1977;
v0x9b4c36c60_1978 .array/port v0x9b4c36c60, 1978;
E_0x9b50e6d80/494 .event anyedge, v0x9b4c36c60_1975, v0x9b4c36c60_1976, v0x9b4c36c60_1977, v0x9b4c36c60_1978;
v0x9b4c36c60_1979 .array/port v0x9b4c36c60, 1979;
v0x9b4c36c60_1980 .array/port v0x9b4c36c60, 1980;
v0x9b4c36c60_1981 .array/port v0x9b4c36c60, 1981;
v0x9b4c36c60_1982 .array/port v0x9b4c36c60, 1982;
E_0x9b50e6d80/495 .event anyedge, v0x9b4c36c60_1979, v0x9b4c36c60_1980, v0x9b4c36c60_1981, v0x9b4c36c60_1982;
v0x9b4c36c60_1983 .array/port v0x9b4c36c60, 1983;
v0x9b4c36c60_1984 .array/port v0x9b4c36c60, 1984;
v0x9b4c36c60_1985 .array/port v0x9b4c36c60, 1985;
v0x9b4c36c60_1986 .array/port v0x9b4c36c60, 1986;
E_0x9b50e6d80/496 .event anyedge, v0x9b4c36c60_1983, v0x9b4c36c60_1984, v0x9b4c36c60_1985, v0x9b4c36c60_1986;
v0x9b4c36c60_1987 .array/port v0x9b4c36c60, 1987;
v0x9b4c36c60_1988 .array/port v0x9b4c36c60, 1988;
v0x9b4c36c60_1989 .array/port v0x9b4c36c60, 1989;
v0x9b4c36c60_1990 .array/port v0x9b4c36c60, 1990;
E_0x9b50e6d80/497 .event anyedge, v0x9b4c36c60_1987, v0x9b4c36c60_1988, v0x9b4c36c60_1989, v0x9b4c36c60_1990;
v0x9b4c36c60_1991 .array/port v0x9b4c36c60, 1991;
v0x9b4c36c60_1992 .array/port v0x9b4c36c60, 1992;
v0x9b4c36c60_1993 .array/port v0x9b4c36c60, 1993;
v0x9b4c36c60_1994 .array/port v0x9b4c36c60, 1994;
E_0x9b50e6d80/498 .event anyedge, v0x9b4c36c60_1991, v0x9b4c36c60_1992, v0x9b4c36c60_1993, v0x9b4c36c60_1994;
v0x9b4c36c60_1995 .array/port v0x9b4c36c60, 1995;
v0x9b4c36c60_1996 .array/port v0x9b4c36c60, 1996;
v0x9b4c36c60_1997 .array/port v0x9b4c36c60, 1997;
v0x9b4c36c60_1998 .array/port v0x9b4c36c60, 1998;
E_0x9b50e6d80/499 .event anyedge, v0x9b4c36c60_1995, v0x9b4c36c60_1996, v0x9b4c36c60_1997, v0x9b4c36c60_1998;
v0x9b4c36c60_1999 .array/port v0x9b4c36c60, 1999;
v0x9b4c36c60_2000 .array/port v0x9b4c36c60, 2000;
v0x9b4c36c60_2001 .array/port v0x9b4c36c60, 2001;
v0x9b4c36c60_2002 .array/port v0x9b4c36c60, 2002;
E_0x9b50e6d80/500 .event anyedge, v0x9b4c36c60_1999, v0x9b4c36c60_2000, v0x9b4c36c60_2001, v0x9b4c36c60_2002;
v0x9b4c36c60_2003 .array/port v0x9b4c36c60, 2003;
v0x9b4c36c60_2004 .array/port v0x9b4c36c60, 2004;
v0x9b4c36c60_2005 .array/port v0x9b4c36c60, 2005;
v0x9b4c36c60_2006 .array/port v0x9b4c36c60, 2006;
E_0x9b50e6d80/501 .event anyedge, v0x9b4c36c60_2003, v0x9b4c36c60_2004, v0x9b4c36c60_2005, v0x9b4c36c60_2006;
v0x9b4c36c60_2007 .array/port v0x9b4c36c60, 2007;
v0x9b4c36c60_2008 .array/port v0x9b4c36c60, 2008;
v0x9b4c36c60_2009 .array/port v0x9b4c36c60, 2009;
v0x9b4c36c60_2010 .array/port v0x9b4c36c60, 2010;
E_0x9b50e6d80/502 .event anyedge, v0x9b4c36c60_2007, v0x9b4c36c60_2008, v0x9b4c36c60_2009, v0x9b4c36c60_2010;
v0x9b4c36c60_2011 .array/port v0x9b4c36c60, 2011;
v0x9b4c36c60_2012 .array/port v0x9b4c36c60, 2012;
v0x9b4c36c60_2013 .array/port v0x9b4c36c60, 2013;
v0x9b4c36c60_2014 .array/port v0x9b4c36c60, 2014;
E_0x9b50e6d80/503 .event anyedge, v0x9b4c36c60_2011, v0x9b4c36c60_2012, v0x9b4c36c60_2013, v0x9b4c36c60_2014;
v0x9b4c36c60_2015 .array/port v0x9b4c36c60, 2015;
v0x9b4c36c60_2016 .array/port v0x9b4c36c60, 2016;
v0x9b4c36c60_2017 .array/port v0x9b4c36c60, 2017;
v0x9b4c36c60_2018 .array/port v0x9b4c36c60, 2018;
E_0x9b50e6d80/504 .event anyedge, v0x9b4c36c60_2015, v0x9b4c36c60_2016, v0x9b4c36c60_2017, v0x9b4c36c60_2018;
v0x9b4c36c60_2019 .array/port v0x9b4c36c60, 2019;
v0x9b4c36c60_2020 .array/port v0x9b4c36c60, 2020;
v0x9b4c36c60_2021 .array/port v0x9b4c36c60, 2021;
v0x9b4c36c60_2022 .array/port v0x9b4c36c60, 2022;
E_0x9b50e6d80/505 .event anyedge, v0x9b4c36c60_2019, v0x9b4c36c60_2020, v0x9b4c36c60_2021, v0x9b4c36c60_2022;
v0x9b4c36c60_2023 .array/port v0x9b4c36c60, 2023;
v0x9b4c36c60_2024 .array/port v0x9b4c36c60, 2024;
v0x9b4c36c60_2025 .array/port v0x9b4c36c60, 2025;
v0x9b4c36c60_2026 .array/port v0x9b4c36c60, 2026;
E_0x9b50e6d80/506 .event anyedge, v0x9b4c36c60_2023, v0x9b4c36c60_2024, v0x9b4c36c60_2025, v0x9b4c36c60_2026;
v0x9b4c36c60_2027 .array/port v0x9b4c36c60, 2027;
v0x9b4c36c60_2028 .array/port v0x9b4c36c60, 2028;
v0x9b4c36c60_2029 .array/port v0x9b4c36c60, 2029;
v0x9b4c36c60_2030 .array/port v0x9b4c36c60, 2030;
E_0x9b50e6d80/507 .event anyedge, v0x9b4c36c60_2027, v0x9b4c36c60_2028, v0x9b4c36c60_2029, v0x9b4c36c60_2030;
v0x9b4c36c60_2031 .array/port v0x9b4c36c60, 2031;
v0x9b4c36c60_2032 .array/port v0x9b4c36c60, 2032;
v0x9b4c36c60_2033 .array/port v0x9b4c36c60, 2033;
v0x9b4c36c60_2034 .array/port v0x9b4c36c60, 2034;
E_0x9b50e6d80/508 .event anyedge, v0x9b4c36c60_2031, v0x9b4c36c60_2032, v0x9b4c36c60_2033, v0x9b4c36c60_2034;
v0x9b4c36c60_2035 .array/port v0x9b4c36c60, 2035;
v0x9b4c36c60_2036 .array/port v0x9b4c36c60, 2036;
v0x9b4c36c60_2037 .array/port v0x9b4c36c60, 2037;
v0x9b4c36c60_2038 .array/port v0x9b4c36c60, 2038;
E_0x9b50e6d80/509 .event anyedge, v0x9b4c36c60_2035, v0x9b4c36c60_2036, v0x9b4c36c60_2037, v0x9b4c36c60_2038;
v0x9b4c36c60_2039 .array/port v0x9b4c36c60, 2039;
v0x9b4c36c60_2040 .array/port v0x9b4c36c60, 2040;
v0x9b4c36c60_2041 .array/port v0x9b4c36c60, 2041;
v0x9b4c36c60_2042 .array/port v0x9b4c36c60, 2042;
E_0x9b50e6d80/510 .event anyedge, v0x9b4c36c60_2039, v0x9b4c36c60_2040, v0x9b4c36c60_2041, v0x9b4c36c60_2042;
v0x9b4c36c60_2043 .array/port v0x9b4c36c60, 2043;
v0x9b4c36c60_2044 .array/port v0x9b4c36c60, 2044;
v0x9b4c36c60_2045 .array/port v0x9b4c36c60, 2045;
v0x9b4c36c60_2046 .array/port v0x9b4c36c60, 2046;
E_0x9b50e6d80/511 .event anyedge, v0x9b4c36c60_2043, v0x9b4c36c60_2044, v0x9b4c36c60_2045, v0x9b4c36c60_2046;
v0x9b4c36c60_2047 .array/port v0x9b4c36c60, 2047;
v0x9b4c36c60_2048 .array/port v0x9b4c36c60, 2048;
v0x9b4c36c60_2049 .array/port v0x9b4c36c60, 2049;
v0x9b4c36c60_2050 .array/port v0x9b4c36c60, 2050;
E_0x9b50e6d80/512 .event anyedge, v0x9b4c36c60_2047, v0x9b4c36c60_2048, v0x9b4c36c60_2049, v0x9b4c36c60_2050;
v0x9b4c36c60_2051 .array/port v0x9b4c36c60, 2051;
v0x9b4c36c60_2052 .array/port v0x9b4c36c60, 2052;
v0x9b4c36c60_2053 .array/port v0x9b4c36c60, 2053;
v0x9b4c36c60_2054 .array/port v0x9b4c36c60, 2054;
E_0x9b50e6d80/513 .event anyedge, v0x9b4c36c60_2051, v0x9b4c36c60_2052, v0x9b4c36c60_2053, v0x9b4c36c60_2054;
v0x9b4c36c60_2055 .array/port v0x9b4c36c60, 2055;
v0x9b4c36c60_2056 .array/port v0x9b4c36c60, 2056;
v0x9b4c36c60_2057 .array/port v0x9b4c36c60, 2057;
v0x9b4c36c60_2058 .array/port v0x9b4c36c60, 2058;
E_0x9b50e6d80/514 .event anyedge, v0x9b4c36c60_2055, v0x9b4c36c60_2056, v0x9b4c36c60_2057, v0x9b4c36c60_2058;
v0x9b4c36c60_2059 .array/port v0x9b4c36c60, 2059;
v0x9b4c36c60_2060 .array/port v0x9b4c36c60, 2060;
v0x9b4c36c60_2061 .array/port v0x9b4c36c60, 2061;
v0x9b4c36c60_2062 .array/port v0x9b4c36c60, 2062;
E_0x9b50e6d80/515 .event anyedge, v0x9b4c36c60_2059, v0x9b4c36c60_2060, v0x9b4c36c60_2061, v0x9b4c36c60_2062;
v0x9b4c36c60_2063 .array/port v0x9b4c36c60, 2063;
v0x9b4c36c60_2064 .array/port v0x9b4c36c60, 2064;
v0x9b4c36c60_2065 .array/port v0x9b4c36c60, 2065;
v0x9b4c36c60_2066 .array/port v0x9b4c36c60, 2066;
E_0x9b50e6d80/516 .event anyedge, v0x9b4c36c60_2063, v0x9b4c36c60_2064, v0x9b4c36c60_2065, v0x9b4c36c60_2066;
v0x9b4c36c60_2067 .array/port v0x9b4c36c60, 2067;
v0x9b4c36c60_2068 .array/port v0x9b4c36c60, 2068;
v0x9b4c36c60_2069 .array/port v0x9b4c36c60, 2069;
v0x9b4c36c60_2070 .array/port v0x9b4c36c60, 2070;
E_0x9b50e6d80/517 .event anyedge, v0x9b4c36c60_2067, v0x9b4c36c60_2068, v0x9b4c36c60_2069, v0x9b4c36c60_2070;
v0x9b4c36c60_2071 .array/port v0x9b4c36c60, 2071;
v0x9b4c36c60_2072 .array/port v0x9b4c36c60, 2072;
v0x9b4c36c60_2073 .array/port v0x9b4c36c60, 2073;
v0x9b4c36c60_2074 .array/port v0x9b4c36c60, 2074;
E_0x9b50e6d80/518 .event anyedge, v0x9b4c36c60_2071, v0x9b4c36c60_2072, v0x9b4c36c60_2073, v0x9b4c36c60_2074;
v0x9b4c36c60_2075 .array/port v0x9b4c36c60, 2075;
v0x9b4c36c60_2076 .array/port v0x9b4c36c60, 2076;
v0x9b4c36c60_2077 .array/port v0x9b4c36c60, 2077;
v0x9b4c36c60_2078 .array/port v0x9b4c36c60, 2078;
E_0x9b50e6d80/519 .event anyedge, v0x9b4c36c60_2075, v0x9b4c36c60_2076, v0x9b4c36c60_2077, v0x9b4c36c60_2078;
v0x9b4c36c60_2079 .array/port v0x9b4c36c60, 2079;
v0x9b4c36c60_2080 .array/port v0x9b4c36c60, 2080;
v0x9b4c36c60_2081 .array/port v0x9b4c36c60, 2081;
v0x9b4c36c60_2082 .array/port v0x9b4c36c60, 2082;
E_0x9b50e6d80/520 .event anyedge, v0x9b4c36c60_2079, v0x9b4c36c60_2080, v0x9b4c36c60_2081, v0x9b4c36c60_2082;
v0x9b4c36c60_2083 .array/port v0x9b4c36c60, 2083;
v0x9b4c36c60_2084 .array/port v0x9b4c36c60, 2084;
v0x9b4c36c60_2085 .array/port v0x9b4c36c60, 2085;
v0x9b4c36c60_2086 .array/port v0x9b4c36c60, 2086;
E_0x9b50e6d80/521 .event anyedge, v0x9b4c36c60_2083, v0x9b4c36c60_2084, v0x9b4c36c60_2085, v0x9b4c36c60_2086;
v0x9b4c36c60_2087 .array/port v0x9b4c36c60, 2087;
v0x9b4c36c60_2088 .array/port v0x9b4c36c60, 2088;
v0x9b4c36c60_2089 .array/port v0x9b4c36c60, 2089;
v0x9b4c36c60_2090 .array/port v0x9b4c36c60, 2090;
E_0x9b50e6d80/522 .event anyedge, v0x9b4c36c60_2087, v0x9b4c36c60_2088, v0x9b4c36c60_2089, v0x9b4c36c60_2090;
v0x9b4c36c60_2091 .array/port v0x9b4c36c60, 2091;
v0x9b4c36c60_2092 .array/port v0x9b4c36c60, 2092;
v0x9b4c36c60_2093 .array/port v0x9b4c36c60, 2093;
v0x9b4c36c60_2094 .array/port v0x9b4c36c60, 2094;
E_0x9b50e6d80/523 .event anyedge, v0x9b4c36c60_2091, v0x9b4c36c60_2092, v0x9b4c36c60_2093, v0x9b4c36c60_2094;
v0x9b4c36c60_2095 .array/port v0x9b4c36c60, 2095;
v0x9b4c36c60_2096 .array/port v0x9b4c36c60, 2096;
v0x9b4c36c60_2097 .array/port v0x9b4c36c60, 2097;
v0x9b4c36c60_2098 .array/port v0x9b4c36c60, 2098;
E_0x9b50e6d80/524 .event anyedge, v0x9b4c36c60_2095, v0x9b4c36c60_2096, v0x9b4c36c60_2097, v0x9b4c36c60_2098;
v0x9b4c36c60_2099 .array/port v0x9b4c36c60, 2099;
v0x9b4c36c60_2100 .array/port v0x9b4c36c60, 2100;
v0x9b4c36c60_2101 .array/port v0x9b4c36c60, 2101;
v0x9b4c36c60_2102 .array/port v0x9b4c36c60, 2102;
E_0x9b50e6d80/525 .event anyedge, v0x9b4c36c60_2099, v0x9b4c36c60_2100, v0x9b4c36c60_2101, v0x9b4c36c60_2102;
v0x9b4c36c60_2103 .array/port v0x9b4c36c60, 2103;
v0x9b4c36c60_2104 .array/port v0x9b4c36c60, 2104;
v0x9b4c36c60_2105 .array/port v0x9b4c36c60, 2105;
v0x9b4c36c60_2106 .array/port v0x9b4c36c60, 2106;
E_0x9b50e6d80/526 .event anyedge, v0x9b4c36c60_2103, v0x9b4c36c60_2104, v0x9b4c36c60_2105, v0x9b4c36c60_2106;
v0x9b4c36c60_2107 .array/port v0x9b4c36c60, 2107;
v0x9b4c36c60_2108 .array/port v0x9b4c36c60, 2108;
v0x9b4c36c60_2109 .array/port v0x9b4c36c60, 2109;
v0x9b4c36c60_2110 .array/port v0x9b4c36c60, 2110;
E_0x9b50e6d80/527 .event anyedge, v0x9b4c36c60_2107, v0x9b4c36c60_2108, v0x9b4c36c60_2109, v0x9b4c36c60_2110;
v0x9b4c36c60_2111 .array/port v0x9b4c36c60, 2111;
v0x9b4c36c60_2112 .array/port v0x9b4c36c60, 2112;
v0x9b4c36c60_2113 .array/port v0x9b4c36c60, 2113;
v0x9b4c36c60_2114 .array/port v0x9b4c36c60, 2114;
E_0x9b50e6d80/528 .event anyedge, v0x9b4c36c60_2111, v0x9b4c36c60_2112, v0x9b4c36c60_2113, v0x9b4c36c60_2114;
v0x9b4c36c60_2115 .array/port v0x9b4c36c60, 2115;
v0x9b4c36c60_2116 .array/port v0x9b4c36c60, 2116;
v0x9b4c36c60_2117 .array/port v0x9b4c36c60, 2117;
v0x9b4c36c60_2118 .array/port v0x9b4c36c60, 2118;
E_0x9b50e6d80/529 .event anyedge, v0x9b4c36c60_2115, v0x9b4c36c60_2116, v0x9b4c36c60_2117, v0x9b4c36c60_2118;
v0x9b4c36c60_2119 .array/port v0x9b4c36c60, 2119;
v0x9b4c36c60_2120 .array/port v0x9b4c36c60, 2120;
v0x9b4c36c60_2121 .array/port v0x9b4c36c60, 2121;
v0x9b4c36c60_2122 .array/port v0x9b4c36c60, 2122;
E_0x9b50e6d80/530 .event anyedge, v0x9b4c36c60_2119, v0x9b4c36c60_2120, v0x9b4c36c60_2121, v0x9b4c36c60_2122;
v0x9b4c36c60_2123 .array/port v0x9b4c36c60, 2123;
v0x9b4c36c60_2124 .array/port v0x9b4c36c60, 2124;
v0x9b4c36c60_2125 .array/port v0x9b4c36c60, 2125;
v0x9b4c36c60_2126 .array/port v0x9b4c36c60, 2126;
E_0x9b50e6d80/531 .event anyedge, v0x9b4c36c60_2123, v0x9b4c36c60_2124, v0x9b4c36c60_2125, v0x9b4c36c60_2126;
v0x9b4c36c60_2127 .array/port v0x9b4c36c60, 2127;
v0x9b4c36c60_2128 .array/port v0x9b4c36c60, 2128;
v0x9b4c36c60_2129 .array/port v0x9b4c36c60, 2129;
v0x9b4c36c60_2130 .array/port v0x9b4c36c60, 2130;
E_0x9b50e6d80/532 .event anyedge, v0x9b4c36c60_2127, v0x9b4c36c60_2128, v0x9b4c36c60_2129, v0x9b4c36c60_2130;
v0x9b4c36c60_2131 .array/port v0x9b4c36c60, 2131;
v0x9b4c36c60_2132 .array/port v0x9b4c36c60, 2132;
v0x9b4c36c60_2133 .array/port v0x9b4c36c60, 2133;
v0x9b4c36c60_2134 .array/port v0x9b4c36c60, 2134;
E_0x9b50e6d80/533 .event anyedge, v0x9b4c36c60_2131, v0x9b4c36c60_2132, v0x9b4c36c60_2133, v0x9b4c36c60_2134;
v0x9b4c36c60_2135 .array/port v0x9b4c36c60, 2135;
v0x9b4c36c60_2136 .array/port v0x9b4c36c60, 2136;
v0x9b4c36c60_2137 .array/port v0x9b4c36c60, 2137;
v0x9b4c36c60_2138 .array/port v0x9b4c36c60, 2138;
E_0x9b50e6d80/534 .event anyedge, v0x9b4c36c60_2135, v0x9b4c36c60_2136, v0x9b4c36c60_2137, v0x9b4c36c60_2138;
v0x9b4c36c60_2139 .array/port v0x9b4c36c60, 2139;
v0x9b4c36c60_2140 .array/port v0x9b4c36c60, 2140;
v0x9b4c36c60_2141 .array/port v0x9b4c36c60, 2141;
v0x9b4c36c60_2142 .array/port v0x9b4c36c60, 2142;
E_0x9b50e6d80/535 .event anyedge, v0x9b4c36c60_2139, v0x9b4c36c60_2140, v0x9b4c36c60_2141, v0x9b4c36c60_2142;
v0x9b4c36c60_2143 .array/port v0x9b4c36c60, 2143;
v0x9b4c36c60_2144 .array/port v0x9b4c36c60, 2144;
v0x9b4c36c60_2145 .array/port v0x9b4c36c60, 2145;
v0x9b4c36c60_2146 .array/port v0x9b4c36c60, 2146;
E_0x9b50e6d80/536 .event anyedge, v0x9b4c36c60_2143, v0x9b4c36c60_2144, v0x9b4c36c60_2145, v0x9b4c36c60_2146;
v0x9b4c36c60_2147 .array/port v0x9b4c36c60, 2147;
v0x9b4c36c60_2148 .array/port v0x9b4c36c60, 2148;
v0x9b4c36c60_2149 .array/port v0x9b4c36c60, 2149;
v0x9b4c36c60_2150 .array/port v0x9b4c36c60, 2150;
E_0x9b50e6d80/537 .event anyedge, v0x9b4c36c60_2147, v0x9b4c36c60_2148, v0x9b4c36c60_2149, v0x9b4c36c60_2150;
v0x9b4c36c60_2151 .array/port v0x9b4c36c60, 2151;
v0x9b4c36c60_2152 .array/port v0x9b4c36c60, 2152;
v0x9b4c36c60_2153 .array/port v0x9b4c36c60, 2153;
v0x9b4c36c60_2154 .array/port v0x9b4c36c60, 2154;
E_0x9b50e6d80/538 .event anyedge, v0x9b4c36c60_2151, v0x9b4c36c60_2152, v0x9b4c36c60_2153, v0x9b4c36c60_2154;
v0x9b4c36c60_2155 .array/port v0x9b4c36c60, 2155;
v0x9b4c36c60_2156 .array/port v0x9b4c36c60, 2156;
v0x9b4c36c60_2157 .array/port v0x9b4c36c60, 2157;
v0x9b4c36c60_2158 .array/port v0x9b4c36c60, 2158;
E_0x9b50e6d80/539 .event anyedge, v0x9b4c36c60_2155, v0x9b4c36c60_2156, v0x9b4c36c60_2157, v0x9b4c36c60_2158;
v0x9b4c36c60_2159 .array/port v0x9b4c36c60, 2159;
v0x9b4c36c60_2160 .array/port v0x9b4c36c60, 2160;
v0x9b4c36c60_2161 .array/port v0x9b4c36c60, 2161;
v0x9b4c36c60_2162 .array/port v0x9b4c36c60, 2162;
E_0x9b50e6d80/540 .event anyedge, v0x9b4c36c60_2159, v0x9b4c36c60_2160, v0x9b4c36c60_2161, v0x9b4c36c60_2162;
v0x9b4c36c60_2163 .array/port v0x9b4c36c60, 2163;
v0x9b4c36c60_2164 .array/port v0x9b4c36c60, 2164;
v0x9b4c36c60_2165 .array/port v0x9b4c36c60, 2165;
v0x9b4c36c60_2166 .array/port v0x9b4c36c60, 2166;
E_0x9b50e6d80/541 .event anyedge, v0x9b4c36c60_2163, v0x9b4c36c60_2164, v0x9b4c36c60_2165, v0x9b4c36c60_2166;
v0x9b4c36c60_2167 .array/port v0x9b4c36c60, 2167;
v0x9b4c36c60_2168 .array/port v0x9b4c36c60, 2168;
v0x9b4c36c60_2169 .array/port v0x9b4c36c60, 2169;
v0x9b4c36c60_2170 .array/port v0x9b4c36c60, 2170;
E_0x9b50e6d80/542 .event anyedge, v0x9b4c36c60_2167, v0x9b4c36c60_2168, v0x9b4c36c60_2169, v0x9b4c36c60_2170;
v0x9b4c36c60_2171 .array/port v0x9b4c36c60, 2171;
v0x9b4c36c60_2172 .array/port v0x9b4c36c60, 2172;
v0x9b4c36c60_2173 .array/port v0x9b4c36c60, 2173;
v0x9b4c36c60_2174 .array/port v0x9b4c36c60, 2174;
E_0x9b50e6d80/543 .event anyedge, v0x9b4c36c60_2171, v0x9b4c36c60_2172, v0x9b4c36c60_2173, v0x9b4c36c60_2174;
v0x9b4c36c60_2175 .array/port v0x9b4c36c60, 2175;
v0x9b4c36c60_2176 .array/port v0x9b4c36c60, 2176;
v0x9b4c36c60_2177 .array/port v0x9b4c36c60, 2177;
v0x9b4c36c60_2178 .array/port v0x9b4c36c60, 2178;
E_0x9b50e6d80/544 .event anyedge, v0x9b4c36c60_2175, v0x9b4c36c60_2176, v0x9b4c36c60_2177, v0x9b4c36c60_2178;
v0x9b4c36c60_2179 .array/port v0x9b4c36c60, 2179;
v0x9b4c36c60_2180 .array/port v0x9b4c36c60, 2180;
v0x9b4c36c60_2181 .array/port v0x9b4c36c60, 2181;
v0x9b4c36c60_2182 .array/port v0x9b4c36c60, 2182;
E_0x9b50e6d80/545 .event anyedge, v0x9b4c36c60_2179, v0x9b4c36c60_2180, v0x9b4c36c60_2181, v0x9b4c36c60_2182;
v0x9b4c36c60_2183 .array/port v0x9b4c36c60, 2183;
v0x9b4c36c60_2184 .array/port v0x9b4c36c60, 2184;
v0x9b4c36c60_2185 .array/port v0x9b4c36c60, 2185;
v0x9b4c36c60_2186 .array/port v0x9b4c36c60, 2186;
E_0x9b50e6d80/546 .event anyedge, v0x9b4c36c60_2183, v0x9b4c36c60_2184, v0x9b4c36c60_2185, v0x9b4c36c60_2186;
v0x9b4c36c60_2187 .array/port v0x9b4c36c60, 2187;
v0x9b4c36c60_2188 .array/port v0x9b4c36c60, 2188;
v0x9b4c36c60_2189 .array/port v0x9b4c36c60, 2189;
v0x9b4c36c60_2190 .array/port v0x9b4c36c60, 2190;
E_0x9b50e6d80/547 .event anyedge, v0x9b4c36c60_2187, v0x9b4c36c60_2188, v0x9b4c36c60_2189, v0x9b4c36c60_2190;
v0x9b4c36c60_2191 .array/port v0x9b4c36c60, 2191;
v0x9b4c36c60_2192 .array/port v0x9b4c36c60, 2192;
v0x9b4c36c60_2193 .array/port v0x9b4c36c60, 2193;
v0x9b4c36c60_2194 .array/port v0x9b4c36c60, 2194;
E_0x9b50e6d80/548 .event anyedge, v0x9b4c36c60_2191, v0x9b4c36c60_2192, v0x9b4c36c60_2193, v0x9b4c36c60_2194;
v0x9b4c36c60_2195 .array/port v0x9b4c36c60, 2195;
v0x9b4c36c60_2196 .array/port v0x9b4c36c60, 2196;
v0x9b4c36c60_2197 .array/port v0x9b4c36c60, 2197;
v0x9b4c36c60_2198 .array/port v0x9b4c36c60, 2198;
E_0x9b50e6d80/549 .event anyedge, v0x9b4c36c60_2195, v0x9b4c36c60_2196, v0x9b4c36c60_2197, v0x9b4c36c60_2198;
v0x9b4c36c60_2199 .array/port v0x9b4c36c60, 2199;
v0x9b4c36c60_2200 .array/port v0x9b4c36c60, 2200;
v0x9b4c36c60_2201 .array/port v0x9b4c36c60, 2201;
v0x9b4c36c60_2202 .array/port v0x9b4c36c60, 2202;
E_0x9b50e6d80/550 .event anyedge, v0x9b4c36c60_2199, v0x9b4c36c60_2200, v0x9b4c36c60_2201, v0x9b4c36c60_2202;
v0x9b4c36c60_2203 .array/port v0x9b4c36c60, 2203;
v0x9b4c36c60_2204 .array/port v0x9b4c36c60, 2204;
v0x9b4c36c60_2205 .array/port v0x9b4c36c60, 2205;
v0x9b4c36c60_2206 .array/port v0x9b4c36c60, 2206;
E_0x9b50e6d80/551 .event anyedge, v0x9b4c36c60_2203, v0x9b4c36c60_2204, v0x9b4c36c60_2205, v0x9b4c36c60_2206;
v0x9b4c36c60_2207 .array/port v0x9b4c36c60, 2207;
v0x9b4c36c60_2208 .array/port v0x9b4c36c60, 2208;
v0x9b4c36c60_2209 .array/port v0x9b4c36c60, 2209;
v0x9b4c36c60_2210 .array/port v0x9b4c36c60, 2210;
E_0x9b50e6d80/552 .event anyedge, v0x9b4c36c60_2207, v0x9b4c36c60_2208, v0x9b4c36c60_2209, v0x9b4c36c60_2210;
v0x9b4c36c60_2211 .array/port v0x9b4c36c60, 2211;
v0x9b4c36c60_2212 .array/port v0x9b4c36c60, 2212;
v0x9b4c36c60_2213 .array/port v0x9b4c36c60, 2213;
v0x9b4c36c60_2214 .array/port v0x9b4c36c60, 2214;
E_0x9b50e6d80/553 .event anyedge, v0x9b4c36c60_2211, v0x9b4c36c60_2212, v0x9b4c36c60_2213, v0x9b4c36c60_2214;
v0x9b4c36c60_2215 .array/port v0x9b4c36c60, 2215;
v0x9b4c36c60_2216 .array/port v0x9b4c36c60, 2216;
v0x9b4c36c60_2217 .array/port v0x9b4c36c60, 2217;
v0x9b4c36c60_2218 .array/port v0x9b4c36c60, 2218;
E_0x9b50e6d80/554 .event anyedge, v0x9b4c36c60_2215, v0x9b4c36c60_2216, v0x9b4c36c60_2217, v0x9b4c36c60_2218;
v0x9b4c36c60_2219 .array/port v0x9b4c36c60, 2219;
v0x9b4c36c60_2220 .array/port v0x9b4c36c60, 2220;
v0x9b4c36c60_2221 .array/port v0x9b4c36c60, 2221;
v0x9b4c36c60_2222 .array/port v0x9b4c36c60, 2222;
E_0x9b50e6d80/555 .event anyedge, v0x9b4c36c60_2219, v0x9b4c36c60_2220, v0x9b4c36c60_2221, v0x9b4c36c60_2222;
v0x9b4c36c60_2223 .array/port v0x9b4c36c60, 2223;
v0x9b4c36c60_2224 .array/port v0x9b4c36c60, 2224;
v0x9b4c36c60_2225 .array/port v0x9b4c36c60, 2225;
v0x9b4c36c60_2226 .array/port v0x9b4c36c60, 2226;
E_0x9b50e6d80/556 .event anyedge, v0x9b4c36c60_2223, v0x9b4c36c60_2224, v0x9b4c36c60_2225, v0x9b4c36c60_2226;
v0x9b4c36c60_2227 .array/port v0x9b4c36c60, 2227;
v0x9b4c36c60_2228 .array/port v0x9b4c36c60, 2228;
v0x9b4c36c60_2229 .array/port v0x9b4c36c60, 2229;
v0x9b4c36c60_2230 .array/port v0x9b4c36c60, 2230;
E_0x9b50e6d80/557 .event anyedge, v0x9b4c36c60_2227, v0x9b4c36c60_2228, v0x9b4c36c60_2229, v0x9b4c36c60_2230;
v0x9b4c36c60_2231 .array/port v0x9b4c36c60, 2231;
v0x9b4c36c60_2232 .array/port v0x9b4c36c60, 2232;
v0x9b4c36c60_2233 .array/port v0x9b4c36c60, 2233;
v0x9b4c36c60_2234 .array/port v0x9b4c36c60, 2234;
E_0x9b50e6d80/558 .event anyedge, v0x9b4c36c60_2231, v0x9b4c36c60_2232, v0x9b4c36c60_2233, v0x9b4c36c60_2234;
v0x9b4c36c60_2235 .array/port v0x9b4c36c60, 2235;
v0x9b4c36c60_2236 .array/port v0x9b4c36c60, 2236;
v0x9b4c36c60_2237 .array/port v0x9b4c36c60, 2237;
v0x9b4c36c60_2238 .array/port v0x9b4c36c60, 2238;
E_0x9b50e6d80/559 .event anyedge, v0x9b4c36c60_2235, v0x9b4c36c60_2236, v0x9b4c36c60_2237, v0x9b4c36c60_2238;
v0x9b4c36c60_2239 .array/port v0x9b4c36c60, 2239;
v0x9b4c36c60_2240 .array/port v0x9b4c36c60, 2240;
v0x9b4c36c60_2241 .array/port v0x9b4c36c60, 2241;
v0x9b4c36c60_2242 .array/port v0x9b4c36c60, 2242;
E_0x9b50e6d80/560 .event anyedge, v0x9b4c36c60_2239, v0x9b4c36c60_2240, v0x9b4c36c60_2241, v0x9b4c36c60_2242;
v0x9b4c36c60_2243 .array/port v0x9b4c36c60, 2243;
v0x9b4c36c60_2244 .array/port v0x9b4c36c60, 2244;
v0x9b4c36c60_2245 .array/port v0x9b4c36c60, 2245;
v0x9b4c36c60_2246 .array/port v0x9b4c36c60, 2246;
E_0x9b50e6d80/561 .event anyedge, v0x9b4c36c60_2243, v0x9b4c36c60_2244, v0x9b4c36c60_2245, v0x9b4c36c60_2246;
v0x9b4c36c60_2247 .array/port v0x9b4c36c60, 2247;
v0x9b4c36c60_2248 .array/port v0x9b4c36c60, 2248;
v0x9b4c36c60_2249 .array/port v0x9b4c36c60, 2249;
v0x9b4c36c60_2250 .array/port v0x9b4c36c60, 2250;
E_0x9b50e6d80/562 .event anyedge, v0x9b4c36c60_2247, v0x9b4c36c60_2248, v0x9b4c36c60_2249, v0x9b4c36c60_2250;
v0x9b4c36c60_2251 .array/port v0x9b4c36c60, 2251;
v0x9b4c36c60_2252 .array/port v0x9b4c36c60, 2252;
v0x9b4c36c60_2253 .array/port v0x9b4c36c60, 2253;
v0x9b4c36c60_2254 .array/port v0x9b4c36c60, 2254;
E_0x9b50e6d80/563 .event anyedge, v0x9b4c36c60_2251, v0x9b4c36c60_2252, v0x9b4c36c60_2253, v0x9b4c36c60_2254;
v0x9b4c36c60_2255 .array/port v0x9b4c36c60, 2255;
v0x9b4c36c60_2256 .array/port v0x9b4c36c60, 2256;
v0x9b4c36c60_2257 .array/port v0x9b4c36c60, 2257;
v0x9b4c36c60_2258 .array/port v0x9b4c36c60, 2258;
E_0x9b50e6d80/564 .event anyedge, v0x9b4c36c60_2255, v0x9b4c36c60_2256, v0x9b4c36c60_2257, v0x9b4c36c60_2258;
v0x9b4c36c60_2259 .array/port v0x9b4c36c60, 2259;
v0x9b4c36c60_2260 .array/port v0x9b4c36c60, 2260;
v0x9b4c36c60_2261 .array/port v0x9b4c36c60, 2261;
v0x9b4c36c60_2262 .array/port v0x9b4c36c60, 2262;
E_0x9b50e6d80/565 .event anyedge, v0x9b4c36c60_2259, v0x9b4c36c60_2260, v0x9b4c36c60_2261, v0x9b4c36c60_2262;
v0x9b4c36c60_2263 .array/port v0x9b4c36c60, 2263;
v0x9b4c36c60_2264 .array/port v0x9b4c36c60, 2264;
v0x9b4c36c60_2265 .array/port v0x9b4c36c60, 2265;
v0x9b4c36c60_2266 .array/port v0x9b4c36c60, 2266;
E_0x9b50e6d80/566 .event anyedge, v0x9b4c36c60_2263, v0x9b4c36c60_2264, v0x9b4c36c60_2265, v0x9b4c36c60_2266;
v0x9b4c36c60_2267 .array/port v0x9b4c36c60, 2267;
v0x9b4c36c60_2268 .array/port v0x9b4c36c60, 2268;
v0x9b4c36c60_2269 .array/port v0x9b4c36c60, 2269;
v0x9b4c36c60_2270 .array/port v0x9b4c36c60, 2270;
E_0x9b50e6d80/567 .event anyedge, v0x9b4c36c60_2267, v0x9b4c36c60_2268, v0x9b4c36c60_2269, v0x9b4c36c60_2270;
v0x9b4c36c60_2271 .array/port v0x9b4c36c60, 2271;
v0x9b4c36c60_2272 .array/port v0x9b4c36c60, 2272;
v0x9b4c36c60_2273 .array/port v0x9b4c36c60, 2273;
v0x9b4c36c60_2274 .array/port v0x9b4c36c60, 2274;
E_0x9b50e6d80/568 .event anyedge, v0x9b4c36c60_2271, v0x9b4c36c60_2272, v0x9b4c36c60_2273, v0x9b4c36c60_2274;
v0x9b4c36c60_2275 .array/port v0x9b4c36c60, 2275;
v0x9b4c36c60_2276 .array/port v0x9b4c36c60, 2276;
v0x9b4c36c60_2277 .array/port v0x9b4c36c60, 2277;
v0x9b4c36c60_2278 .array/port v0x9b4c36c60, 2278;
E_0x9b50e6d80/569 .event anyedge, v0x9b4c36c60_2275, v0x9b4c36c60_2276, v0x9b4c36c60_2277, v0x9b4c36c60_2278;
v0x9b4c36c60_2279 .array/port v0x9b4c36c60, 2279;
v0x9b4c36c60_2280 .array/port v0x9b4c36c60, 2280;
v0x9b4c36c60_2281 .array/port v0x9b4c36c60, 2281;
v0x9b4c36c60_2282 .array/port v0x9b4c36c60, 2282;
E_0x9b50e6d80/570 .event anyedge, v0x9b4c36c60_2279, v0x9b4c36c60_2280, v0x9b4c36c60_2281, v0x9b4c36c60_2282;
v0x9b4c36c60_2283 .array/port v0x9b4c36c60, 2283;
v0x9b4c36c60_2284 .array/port v0x9b4c36c60, 2284;
v0x9b4c36c60_2285 .array/port v0x9b4c36c60, 2285;
v0x9b4c36c60_2286 .array/port v0x9b4c36c60, 2286;
E_0x9b50e6d80/571 .event anyedge, v0x9b4c36c60_2283, v0x9b4c36c60_2284, v0x9b4c36c60_2285, v0x9b4c36c60_2286;
v0x9b4c36c60_2287 .array/port v0x9b4c36c60, 2287;
v0x9b4c36c60_2288 .array/port v0x9b4c36c60, 2288;
v0x9b4c36c60_2289 .array/port v0x9b4c36c60, 2289;
v0x9b4c36c60_2290 .array/port v0x9b4c36c60, 2290;
E_0x9b50e6d80/572 .event anyedge, v0x9b4c36c60_2287, v0x9b4c36c60_2288, v0x9b4c36c60_2289, v0x9b4c36c60_2290;
v0x9b4c36c60_2291 .array/port v0x9b4c36c60, 2291;
v0x9b4c36c60_2292 .array/port v0x9b4c36c60, 2292;
v0x9b4c36c60_2293 .array/port v0x9b4c36c60, 2293;
v0x9b4c36c60_2294 .array/port v0x9b4c36c60, 2294;
E_0x9b50e6d80/573 .event anyedge, v0x9b4c36c60_2291, v0x9b4c36c60_2292, v0x9b4c36c60_2293, v0x9b4c36c60_2294;
v0x9b4c36c60_2295 .array/port v0x9b4c36c60, 2295;
v0x9b4c36c60_2296 .array/port v0x9b4c36c60, 2296;
v0x9b4c36c60_2297 .array/port v0x9b4c36c60, 2297;
v0x9b4c36c60_2298 .array/port v0x9b4c36c60, 2298;
E_0x9b50e6d80/574 .event anyedge, v0x9b4c36c60_2295, v0x9b4c36c60_2296, v0x9b4c36c60_2297, v0x9b4c36c60_2298;
v0x9b4c36c60_2299 .array/port v0x9b4c36c60, 2299;
v0x9b4c36c60_2300 .array/port v0x9b4c36c60, 2300;
v0x9b4c36c60_2301 .array/port v0x9b4c36c60, 2301;
v0x9b4c36c60_2302 .array/port v0x9b4c36c60, 2302;
E_0x9b50e6d80/575 .event anyedge, v0x9b4c36c60_2299, v0x9b4c36c60_2300, v0x9b4c36c60_2301, v0x9b4c36c60_2302;
v0x9b4c36c60_2303 .array/port v0x9b4c36c60, 2303;
v0x9b4c36c60_2304 .array/port v0x9b4c36c60, 2304;
v0x9b4c36c60_2305 .array/port v0x9b4c36c60, 2305;
v0x9b4c36c60_2306 .array/port v0x9b4c36c60, 2306;
E_0x9b50e6d80/576 .event anyedge, v0x9b4c36c60_2303, v0x9b4c36c60_2304, v0x9b4c36c60_2305, v0x9b4c36c60_2306;
v0x9b4c36c60_2307 .array/port v0x9b4c36c60, 2307;
v0x9b4c36c60_2308 .array/port v0x9b4c36c60, 2308;
v0x9b4c36c60_2309 .array/port v0x9b4c36c60, 2309;
v0x9b4c36c60_2310 .array/port v0x9b4c36c60, 2310;
E_0x9b50e6d80/577 .event anyedge, v0x9b4c36c60_2307, v0x9b4c36c60_2308, v0x9b4c36c60_2309, v0x9b4c36c60_2310;
v0x9b4c36c60_2311 .array/port v0x9b4c36c60, 2311;
v0x9b4c36c60_2312 .array/port v0x9b4c36c60, 2312;
v0x9b4c36c60_2313 .array/port v0x9b4c36c60, 2313;
v0x9b4c36c60_2314 .array/port v0x9b4c36c60, 2314;
E_0x9b50e6d80/578 .event anyedge, v0x9b4c36c60_2311, v0x9b4c36c60_2312, v0x9b4c36c60_2313, v0x9b4c36c60_2314;
v0x9b4c36c60_2315 .array/port v0x9b4c36c60, 2315;
v0x9b4c36c60_2316 .array/port v0x9b4c36c60, 2316;
v0x9b4c36c60_2317 .array/port v0x9b4c36c60, 2317;
v0x9b4c36c60_2318 .array/port v0x9b4c36c60, 2318;
E_0x9b50e6d80/579 .event anyedge, v0x9b4c36c60_2315, v0x9b4c36c60_2316, v0x9b4c36c60_2317, v0x9b4c36c60_2318;
v0x9b4c36c60_2319 .array/port v0x9b4c36c60, 2319;
v0x9b4c36c60_2320 .array/port v0x9b4c36c60, 2320;
v0x9b4c36c60_2321 .array/port v0x9b4c36c60, 2321;
v0x9b4c36c60_2322 .array/port v0x9b4c36c60, 2322;
E_0x9b50e6d80/580 .event anyedge, v0x9b4c36c60_2319, v0x9b4c36c60_2320, v0x9b4c36c60_2321, v0x9b4c36c60_2322;
v0x9b4c36c60_2323 .array/port v0x9b4c36c60, 2323;
v0x9b4c36c60_2324 .array/port v0x9b4c36c60, 2324;
v0x9b4c36c60_2325 .array/port v0x9b4c36c60, 2325;
v0x9b4c36c60_2326 .array/port v0x9b4c36c60, 2326;
E_0x9b50e6d80/581 .event anyedge, v0x9b4c36c60_2323, v0x9b4c36c60_2324, v0x9b4c36c60_2325, v0x9b4c36c60_2326;
v0x9b4c36c60_2327 .array/port v0x9b4c36c60, 2327;
v0x9b4c36c60_2328 .array/port v0x9b4c36c60, 2328;
v0x9b4c36c60_2329 .array/port v0x9b4c36c60, 2329;
v0x9b4c36c60_2330 .array/port v0x9b4c36c60, 2330;
E_0x9b50e6d80/582 .event anyedge, v0x9b4c36c60_2327, v0x9b4c36c60_2328, v0x9b4c36c60_2329, v0x9b4c36c60_2330;
v0x9b4c36c60_2331 .array/port v0x9b4c36c60, 2331;
v0x9b4c36c60_2332 .array/port v0x9b4c36c60, 2332;
v0x9b4c36c60_2333 .array/port v0x9b4c36c60, 2333;
v0x9b4c36c60_2334 .array/port v0x9b4c36c60, 2334;
E_0x9b50e6d80/583 .event anyedge, v0x9b4c36c60_2331, v0x9b4c36c60_2332, v0x9b4c36c60_2333, v0x9b4c36c60_2334;
v0x9b4c36c60_2335 .array/port v0x9b4c36c60, 2335;
v0x9b4c36c60_2336 .array/port v0x9b4c36c60, 2336;
v0x9b4c36c60_2337 .array/port v0x9b4c36c60, 2337;
v0x9b4c36c60_2338 .array/port v0x9b4c36c60, 2338;
E_0x9b50e6d80/584 .event anyedge, v0x9b4c36c60_2335, v0x9b4c36c60_2336, v0x9b4c36c60_2337, v0x9b4c36c60_2338;
v0x9b4c36c60_2339 .array/port v0x9b4c36c60, 2339;
v0x9b4c36c60_2340 .array/port v0x9b4c36c60, 2340;
v0x9b4c36c60_2341 .array/port v0x9b4c36c60, 2341;
v0x9b4c36c60_2342 .array/port v0x9b4c36c60, 2342;
E_0x9b50e6d80/585 .event anyedge, v0x9b4c36c60_2339, v0x9b4c36c60_2340, v0x9b4c36c60_2341, v0x9b4c36c60_2342;
v0x9b4c36c60_2343 .array/port v0x9b4c36c60, 2343;
v0x9b4c36c60_2344 .array/port v0x9b4c36c60, 2344;
v0x9b4c36c60_2345 .array/port v0x9b4c36c60, 2345;
v0x9b4c36c60_2346 .array/port v0x9b4c36c60, 2346;
E_0x9b50e6d80/586 .event anyedge, v0x9b4c36c60_2343, v0x9b4c36c60_2344, v0x9b4c36c60_2345, v0x9b4c36c60_2346;
v0x9b4c36c60_2347 .array/port v0x9b4c36c60, 2347;
v0x9b4c36c60_2348 .array/port v0x9b4c36c60, 2348;
v0x9b4c36c60_2349 .array/port v0x9b4c36c60, 2349;
v0x9b4c36c60_2350 .array/port v0x9b4c36c60, 2350;
E_0x9b50e6d80/587 .event anyedge, v0x9b4c36c60_2347, v0x9b4c36c60_2348, v0x9b4c36c60_2349, v0x9b4c36c60_2350;
v0x9b4c36c60_2351 .array/port v0x9b4c36c60, 2351;
v0x9b4c36c60_2352 .array/port v0x9b4c36c60, 2352;
v0x9b4c36c60_2353 .array/port v0x9b4c36c60, 2353;
v0x9b4c36c60_2354 .array/port v0x9b4c36c60, 2354;
E_0x9b50e6d80/588 .event anyedge, v0x9b4c36c60_2351, v0x9b4c36c60_2352, v0x9b4c36c60_2353, v0x9b4c36c60_2354;
v0x9b4c36c60_2355 .array/port v0x9b4c36c60, 2355;
v0x9b4c36c60_2356 .array/port v0x9b4c36c60, 2356;
v0x9b4c36c60_2357 .array/port v0x9b4c36c60, 2357;
v0x9b4c36c60_2358 .array/port v0x9b4c36c60, 2358;
E_0x9b50e6d80/589 .event anyedge, v0x9b4c36c60_2355, v0x9b4c36c60_2356, v0x9b4c36c60_2357, v0x9b4c36c60_2358;
v0x9b4c36c60_2359 .array/port v0x9b4c36c60, 2359;
v0x9b4c36c60_2360 .array/port v0x9b4c36c60, 2360;
v0x9b4c36c60_2361 .array/port v0x9b4c36c60, 2361;
v0x9b4c36c60_2362 .array/port v0x9b4c36c60, 2362;
E_0x9b50e6d80/590 .event anyedge, v0x9b4c36c60_2359, v0x9b4c36c60_2360, v0x9b4c36c60_2361, v0x9b4c36c60_2362;
v0x9b4c36c60_2363 .array/port v0x9b4c36c60, 2363;
v0x9b4c36c60_2364 .array/port v0x9b4c36c60, 2364;
v0x9b4c36c60_2365 .array/port v0x9b4c36c60, 2365;
v0x9b4c36c60_2366 .array/port v0x9b4c36c60, 2366;
E_0x9b50e6d80/591 .event anyedge, v0x9b4c36c60_2363, v0x9b4c36c60_2364, v0x9b4c36c60_2365, v0x9b4c36c60_2366;
v0x9b4c36c60_2367 .array/port v0x9b4c36c60, 2367;
v0x9b4c36c60_2368 .array/port v0x9b4c36c60, 2368;
v0x9b4c36c60_2369 .array/port v0x9b4c36c60, 2369;
v0x9b4c36c60_2370 .array/port v0x9b4c36c60, 2370;
E_0x9b50e6d80/592 .event anyedge, v0x9b4c36c60_2367, v0x9b4c36c60_2368, v0x9b4c36c60_2369, v0x9b4c36c60_2370;
v0x9b4c36c60_2371 .array/port v0x9b4c36c60, 2371;
v0x9b4c36c60_2372 .array/port v0x9b4c36c60, 2372;
v0x9b4c36c60_2373 .array/port v0x9b4c36c60, 2373;
v0x9b4c36c60_2374 .array/port v0x9b4c36c60, 2374;
E_0x9b50e6d80/593 .event anyedge, v0x9b4c36c60_2371, v0x9b4c36c60_2372, v0x9b4c36c60_2373, v0x9b4c36c60_2374;
v0x9b4c36c60_2375 .array/port v0x9b4c36c60, 2375;
v0x9b4c36c60_2376 .array/port v0x9b4c36c60, 2376;
v0x9b4c36c60_2377 .array/port v0x9b4c36c60, 2377;
v0x9b4c36c60_2378 .array/port v0x9b4c36c60, 2378;
E_0x9b50e6d80/594 .event anyedge, v0x9b4c36c60_2375, v0x9b4c36c60_2376, v0x9b4c36c60_2377, v0x9b4c36c60_2378;
v0x9b4c36c60_2379 .array/port v0x9b4c36c60, 2379;
v0x9b4c36c60_2380 .array/port v0x9b4c36c60, 2380;
v0x9b4c36c60_2381 .array/port v0x9b4c36c60, 2381;
v0x9b4c36c60_2382 .array/port v0x9b4c36c60, 2382;
E_0x9b50e6d80/595 .event anyedge, v0x9b4c36c60_2379, v0x9b4c36c60_2380, v0x9b4c36c60_2381, v0x9b4c36c60_2382;
v0x9b4c36c60_2383 .array/port v0x9b4c36c60, 2383;
v0x9b4c36c60_2384 .array/port v0x9b4c36c60, 2384;
v0x9b4c36c60_2385 .array/port v0x9b4c36c60, 2385;
v0x9b4c36c60_2386 .array/port v0x9b4c36c60, 2386;
E_0x9b50e6d80/596 .event anyedge, v0x9b4c36c60_2383, v0x9b4c36c60_2384, v0x9b4c36c60_2385, v0x9b4c36c60_2386;
v0x9b4c36c60_2387 .array/port v0x9b4c36c60, 2387;
v0x9b4c36c60_2388 .array/port v0x9b4c36c60, 2388;
v0x9b4c36c60_2389 .array/port v0x9b4c36c60, 2389;
v0x9b4c36c60_2390 .array/port v0x9b4c36c60, 2390;
E_0x9b50e6d80/597 .event anyedge, v0x9b4c36c60_2387, v0x9b4c36c60_2388, v0x9b4c36c60_2389, v0x9b4c36c60_2390;
v0x9b4c36c60_2391 .array/port v0x9b4c36c60, 2391;
v0x9b4c36c60_2392 .array/port v0x9b4c36c60, 2392;
v0x9b4c36c60_2393 .array/port v0x9b4c36c60, 2393;
v0x9b4c36c60_2394 .array/port v0x9b4c36c60, 2394;
E_0x9b50e6d80/598 .event anyedge, v0x9b4c36c60_2391, v0x9b4c36c60_2392, v0x9b4c36c60_2393, v0x9b4c36c60_2394;
v0x9b4c36c60_2395 .array/port v0x9b4c36c60, 2395;
v0x9b4c36c60_2396 .array/port v0x9b4c36c60, 2396;
v0x9b4c36c60_2397 .array/port v0x9b4c36c60, 2397;
v0x9b4c36c60_2398 .array/port v0x9b4c36c60, 2398;
E_0x9b50e6d80/599 .event anyedge, v0x9b4c36c60_2395, v0x9b4c36c60_2396, v0x9b4c36c60_2397, v0x9b4c36c60_2398;
v0x9b4c36c60_2399 .array/port v0x9b4c36c60, 2399;
v0x9b4c36c60_2400 .array/port v0x9b4c36c60, 2400;
v0x9b4c36c60_2401 .array/port v0x9b4c36c60, 2401;
v0x9b4c36c60_2402 .array/port v0x9b4c36c60, 2402;
E_0x9b50e6d80/600 .event anyedge, v0x9b4c36c60_2399, v0x9b4c36c60_2400, v0x9b4c36c60_2401, v0x9b4c36c60_2402;
v0x9b4c36c60_2403 .array/port v0x9b4c36c60, 2403;
v0x9b4c36c60_2404 .array/port v0x9b4c36c60, 2404;
v0x9b4c36c60_2405 .array/port v0x9b4c36c60, 2405;
v0x9b4c36c60_2406 .array/port v0x9b4c36c60, 2406;
E_0x9b50e6d80/601 .event anyedge, v0x9b4c36c60_2403, v0x9b4c36c60_2404, v0x9b4c36c60_2405, v0x9b4c36c60_2406;
v0x9b4c36c60_2407 .array/port v0x9b4c36c60, 2407;
v0x9b4c36c60_2408 .array/port v0x9b4c36c60, 2408;
v0x9b4c36c60_2409 .array/port v0x9b4c36c60, 2409;
v0x9b4c36c60_2410 .array/port v0x9b4c36c60, 2410;
E_0x9b50e6d80/602 .event anyedge, v0x9b4c36c60_2407, v0x9b4c36c60_2408, v0x9b4c36c60_2409, v0x9b4c36c60_2410;
v0x9b4c36c60_2411 .array/port v0x9b4c36c60, 2411;
v0x9b4c36c60_2412 .array/port v0x9b4c36c60, 2412;
v0x9b4c36c60_2413 .array/port v0x9b4c36c60, 2413;
v0x9b4c36c60_2414 .array/port v0x9b4c36c60, 2414;
E_0x9b50e6d80/603 .event anyedge, v0x9b4c36c60_2411, v0x9b4c36c60_2412, v0x9b4c36c60_2413, v0x9b4c36c60_2414;
v0x9b4c36c60_2415 .array/port v0x9b4c36c60, 2415;
v0x9b4c36c60_2416 .array/port v0x9b4c36c60, 2416;
v0x9b4c36c60_2417 .array/port v0x9b4c36c60, 2417;
v0x9b4c36c60_2418 .array/port v0x9b4c36c60, 2418;
E_0x9b50e6d80/604 .event anyedge, v0x9b4c36c60_2415, v0x9b4c36c60_2416, v0x9b4c36c60_2417, v0x9b4c36c60_2418;
v0x9b4c36c60_2419 .array/port v0x9b4c36c60, 2419;
v0x9b4c36c60_2420 .array/port v0x9b4c36c60, 2420;
v0x9b4c36c60_2421 .array/port v0x9b4c36c60, 2421;
v0x9b4c36c60_2422 .array/port v0x9b4c36c60, 2422;
E_0x9b50e6d80/605 .event anyedge, v0x9b4c36c60_2419, v0x9b4c36c60_2420, v0x9b4c36c60_2421, v0x9b4c36c60_2422;
v0x9b4c36c60_2423 .array/port v0x9b4c36c60, 2423;
v0x9b4c36c60_2424 .array/port v0x9b4c36c60, 2424;
v0x9b4c36c60_2425 .array/port v0x9b4c36c60, 2425;
v0x9b4c36c60_2426 .array/port v0x9b4c36c60, 2426;
E_0x9b50e6d80/606 .event anyedge, v0x9b4c36c60_2423, v0x9b4c36c60_2424, v0x9b4c36c60_2425, v0x9b4c36c60_2426;
v0x9b4c36c60_2427 .array/port v0x9b4c36c60, 2427;
v0x9b4c36c60_2428 .array/port v0x9b4c36c60, 2428;
v0x9b4c36c60_2429 .array/port v0x9b4c36c60, 2429;
v0x9b4c36c60_2430 .array/port v0x9b4c36c60, 2430;
E_0x9b50e6d80/607 .event anyedge, v0x9b4c36c60_2427, v0x9b4c36c60_2428, v0x9b4c36c60_2429, v0x9b4c36c60_2430;
v0x9b4c36c60_2431 .array/port v0x9b4c36c60, 2431;
v0x9b4c36c60_2432 .array/port v0x9b4c36c60, 2432;
v0x9b4c36c60_2433 .array/port v0x9b4c36c60, 2433;
v0x9b4c36c60_2434 .array/port v0x9b4c36c60, 2434;
E_0x9b50e6d80/608 .event anyedge, v0x9b4c36c60_2431, v0x9b4c36c60_2432, v0x9b4c36c60_2433, v0x9b4c36c60_2434;
v0x9b4c36c60_2435 .array/port v0x9b4c36c60, 2435;
v0x9b4c36c60_2436 .array/port v0x9b4c36c60, 2436;
v0x9b4c36c60_2437 .array/port v0x9b4c36c60, 2437;
v0x9b4c36c60_2438 .array/port v0x9b4c36c60, 2438;
E_0x9b50e6d80/609 .event anyedge, v0x9b4c36c60_2435, v0x9b4c36c60_2436, v0x9b4c36c60_2437, v0x9b4c36c60_2438;
v0x9b4c36c60_2439 .array/port v0x9b4c36c60, 2439;
v0x9b4c36c60_2440 .array/port v0x9b4c36c60, 2440;
v0x9b4c36c60_2441 .array/port v0x9b4c36c60, 2441;
v0x9b4c36c60_2442 .array/port v0x9b4c36c60, 2442;
E_0x9b50e6d80/610 .event anyedge, v0x9b4c36c60_2439, v0x9b4c36c60_2440, v0x9b4c36c60_2441, v0x9b4c36c60_2442;
v0x9b4c36c60_2443 .array/port v0x9b4c36c60, 2443;
v0x9b4c36c60_2444 .array/port v0x9b4c36c60, 2444;
v0x9b4c36c60_2445 .array/port v0x9b4c36c60, 2445;
v0x9b4c36c60_2446 .array/port v0x9b4c36c60, 2446;
E_0x9b50e6d80/611 .event anyedge, v0x9b4c36c60_2443, v0x9b4c36c60_2444, v0x9b4c36c60_2445, v0x9b4c36c60_2446;
v0x9b4c36c60_2447 .array/port v0x9b4c36c60, 2447;
v0x9b4c36c60_2448 .array/port v0x9b4c36c60, 2448;
v0x9b4c36c60_2449 .array/port v0x9b4c36c60, 2449;
v0x9b4c36c60_2450 .array/port v0x9b4c36c60, 2450;
E_0x9b50e6d80/612 .event anyedge, v0x9b4c36c60_2447, v0x9b4c36c60_2448, v0x9b4c36c60_2449, v0x9b4c36c60_2450;
v0x9b4c36c60_2451 .array/port v0x9b4c36c60, 2451;
v0x9b4c36c60_2452 .array/port v0x9b4c36c60, 2452;
v0x9b4c36c60_2453 .array/port v0x9b4c36c60, 2453;
v0x9b4c36c60_2454 .array/port v0x9b4c36c60, 2454;
E_0x9b50e6d80/613 .event anyedge, v0x9b4c36c60_2451, v0x9b4c36c60_2452, v0x9b4c36c60_2453, v0x9b4c36c60_2454;
v0x9b4c36c60_2455 .array/port v0x9b4c36c60, 2455;
v0x9b4c36c60_2456 .array/port v0x9b4c36c60, 2456;
v0x9b4c36c60_2457 .array/port v0x9b4c36c60, 2457;
v0x9b4c36c60_2458 .array/port v0x9b4c36c60, 2458;
E_0x9b50e6d80/614 .event anyedge, v0x9b4c36c60_2455, v0x9b4c36c60_2456, v0x9b4c36c60_2457, v0x9b4c36c60_2458;
v0x9b4c36c60_2459 .array/port v0x9b4c36c60, 2459;
v0x9b4c36c60_2460 .array/port v0x9b4c36c60, 2460;
v0x9b4c36c60_2461 .array/port v0x9b4c36c60, 2461;
v0x9b4c36c60_2462 .array/port v0x9b4c36c60, 2462;
E_0x9b50e6d80/615 .event anyedge, v0x9b4c36c60_2459, v0x9b4c36c60_2460, v0x9b4c36c60_2461, v0x9b4c36c60_2462;
v0x9b4c36c60_2463 .array/port v0x9b4c36c60, 2463;
v0x9b4c36c60_2464 .array/port v0x9b4c36c60, 2464;
v0x9b4c36c60_2465 .array/port v0x9b4c36c60, 2465;
v0x9b4c36c60_2466 .array/port v0x9b4c36c60, 2466;
E_0x9b50e6d80/616 .event anyedge, v0x9b4c36c60_2463, v0x9b4c36c60_2464, v0x9b4c36c60_2465, v0x9b4c36c60_2466;
v0x9b4c36c60_2467 .array/port v0x9b4c36c60, 2467;
v0x9b4c36c60_2468 .array/port v0x9b4c36c60, 2468;
v0x9b4c36c60_2469 .array/port v0x9b4c36c60, 2469;
v0x9b4c36c60_2470 .array/port v0x9b4c36c60, 2470;
E_0x9b50e6d80/617 .event anyedge, v0x9b4c36c60_2467, v0x9b4c36c60_2468, v0x9b4c36c60_2469, v0x9b4c36c60_2470;
v0x9b4c36c60_2471 .array/port v0x9b4c36c60, 2471;
v0x9b4c36c60_2472 .array/port v0x9b4c36c60, 2472;
v0x9b4c36c60_2473 .array/port v0x9b4c36c60, 2473;
v0x9b4c36c60_2474 .array/port v0x9b4c36c60, 2474;
E_0x9b50e6d80/618 .event anyedge, v0x9b4c36c60_2471, v0x9b4c36c60_2472, v0x9b4c36c60_2473, v0x9b4c36c60_2474;
v0x9b4c36c60_2475 .array/port v0x9b4c36c60, 2475;
v0x9b4c36c60_2476 .array/port v0x9b4c36c60, 2476;
v0x9b4c36c60_2477 .array/port v0x9b4c36c60, 2477;
v0x9b4c36c60_2478 .array/port v0x9b4c36c60, 2478;
E_0x9b50e6d80/619 .event anyedge, v0x9b4c36c60_2475, v0x9b4c36c60_2476, v0x9b4c36c60_2477, v0x9b4c36c60_2478;
v0x9b4c36c60_2479 .array/port v0x9b4c36c60, 2479;
v0x9b4c36c60_2480 .array/port v0x9b4c36c60, 2480;
v0x9b4c36c60_2481 .array/port v0x9b4c36c60, 2481;
v0x9b4c36c60_2482 .array/port v0x9b4c36c60, 2482;
E_0x9b50e6d80/620 .event anyedge, v0x9b4c36c60_2479, v0x9b4c36c60_2480, v0x9b4c36c60_2481, v0x9b4c36c60_2482;
v0x9b4c36c60_2483 .array/port v0x9b4c36c60, 2483;
v0x9b4c36c60_2484 .array/port v0x9b4c36c60, 2484;
v0x9b4c36c60_2485 .array/port v0x9b4c36c60, 2485;
v0x9b4c36c60_2486 .array/port v0x9b4c36c60, 2486;
E_0x9b50e6d80/621 .event anyedge, v0x9b4c36c60_2483, v0x9b4c36c60_2484, v0x9b4c36c60_2485, v0x9b4c36c60_2486;
v0x9b4c36c60_2487 .array/port v0x9b4c36c60, 2487;
v0x9b4c36c60_2488 .array/port v0x9b4c36c60, 2488;
v0x9b4c36c60_2489 .array/port v0x9b4c36c60, 2489;
v0x9b4c36c60_2490 .array/port v0x9b4c36c60, 2490;
E_0x9b50e6d80/622 .event anyedge, v0x9b4c36c60_2487, v0x9b4c36c60_2488, v0x9b4c36c60_2489, v0x9b4c36c60_2490;
v0x9b4c36c60_2491 .array/port v0x9b4c36c60, 2491;
v0x9b4c36c60_2492 .array/port v0x9b4c36c60, 2492;
v0x9b4c36c60_2493 .array/port v0x9b4c36c60, 2493;
v0x9b4c36c60_2494 .array/port v0x9b4c36c60, 2494;
E_0x9b50e6d80/623 .event anyedge, v0x9b4c36c60_2491, v0x9b4c36c60_2492, v0x9b4c36c60_2493, v0x9b4c36c60_2494;
v0x9b4c36c60_2495 .array/port v0x9b4c36c60, 2495;
v0x9b4c36c60_2496 .array/port v0x9b4c36c60, 2496;
v0x9b4c36c60_2497 .array/port v0x9b4c36c60, 2497;
v0x9b4c36c60_2498 .array/port v0x9b4c36c60, 2498;
E_0x9b50e6d80/624 .event anyedge, v0x9b4c36c60_2495, v0x9b4c36c60_2496, v0x9b4c36c60_2497, v0x9b4c36c60_2498;
v0x9b4c36c60_2499 .array/port v0x9b4c36c60, 2499;
v0x9b4c36c60_2500 .array/port v0x9b4c36c60, 2500;
v0x9b4c36c60_2501 .array/port v0x9b4c36c60, 2501;
v0x9b4c36c60_2502 .array/port v0x9b4c36c60, 2502;
E_0x9b50e6d80/625 .event anyedge, v0x9b4c36c60_2499, v0x9b4c36c60_2500, v0x9b4c36c60_2501, v0x9b4c36c60_2502;
v0x9b4c36c60_2503 .array/port v0x9b4c36c60, 2503;
v0x9b4c36c60_2504 .array/port v0x9b4c36c60, 2504;
v0x9b4c36c60_2505 .array/port v0x9b4c36c60, 2505;
v0x9b4c36c60_2506 .array/port v0x9b4c36c60, 2506;
E_0x9b50e6d80/626 .event anyedge, v0x9b4c36c60_2503, v0x9b4c36c60_2504, v0x9b4c36c60_2505, v0x9b4c36c60_2506;
v0x9b4c36c60_2507 .array/port v0x9b4c36c60, 2507;
v0x9b4c36c60_2508 .array/port v0x9b4c36c60, 2508;
v0x9b4c36c60_2509 .array/port v0x9b4c36c60, 2509;
v0x9b4c36c60_2510 .array/port v0x9b4c36c60, 2510;
E_0x9b50e6d80/627 .event anyedge, v0x9b4c36c60_2507, v0x9b4c36c60_2508, v0x9b4c36c60_2509, v0x9b4c36c60_2510;
v0x9b4c36c60_2511 .array/port v0x9b4c36c60, 2511;
v0x9b4c36c60_2512 .array/port v0x9b4c36c60, 2512;
v0x9b4c36c60_2513 .array/port v0x9b4c36c60, 2513;
v0x9b4c36c60_2514 .array/port v0x9b4c36c60, 2514;
E_0x9b50e6d80/628 .event anyedge, v0x9b4c36c60_2511, v0x9b4c36c60_2512, v0x9b4c36c60_2513, v0x9b4c36c60_2514;
v0x9b4c36c60_2515 .array/port v0x9b4c36c60, 2515;
v0x9b4c36c60_2516 .array/port v0x9b4c36c60, 2516;
v0x9b4c36c60_2517 .array/port v0x9b4c36c60, 2517;
v0x9b4c36c60_2518 .array/port v0x9b4c36c60, 2518;
E_0x9b50e6d80/629 .event anyedge, v0x9b4c36c60_2515, v0x9b4c36c60_2516, v0x9b4c36c60_2517, v0x9b4c36c60_2518;
v0x9b4c36c60_2519 .array/port v0x9b4c36c60, 2519;
v0x9b4c36c60_2520 .array/port v0x9b4c36c60, 2520;
v0x9b4c36c60_2521 .array/port v0x9b4c36c60, 2521;
v0x9b4c36c60_2522 .array/port v0x9b4c36c60, 2522;
E_0x9b50e6d80/630 .event anyedge, v0x9b4c36c60_2519, v0x9b4c36c60_2520, v0x9b4c36c60_2521, v0x9b4c36c60_2522;
v0x9b4c36c60_2523 .array/port v0x9b4c36c60, 2523;
v0x9b4c36c60_2524 .array/port v0x9b4c36c60, 2524;
v0x9b4c36c60_2525 .array/port v0x9b4c36c60, 2525;
v0x9b4c36c60_2526 .array/port v0x9b4c36c60, 2526;
E_0x9b50e6d80/631 .event anyedge, v0x9b4c36c60_2523, v0x9b4c36c60_2524, v0x9b4c36c60_2525, v0x9b4c36c60_2526;
v0x9b4c36c60_2527 .array/port v0x9b4c36c60, 2527;
v0x9b4c36c60_2528 .array/port v0x9b4c36c60, 2528;
v0x9b4c36c60_2529 .array/port v0x9b4c36c60, 2529;
v0x9b4c36c60_2530 .array/port v0x9b4c36c60, 2530;
E_0x9b50e6d80/632 .event anyedge, v0x9b4c36c60_2527, v0x9b4c36c60_2528, v0x9b4c36c60_2529, v0x9b4c36c60_2530;
v0x9b4c36c60_2531 .array/port v0x9b4c36c60, 2531;
v0x9b4c36c60_2532 .array/port v0x9b4c36c60, 2532;
v0x9b4c36c60_2533 .array/port v0x9b4c36c60, 2533;
v0x9b4c36c60_2534 .array/port v0x9b4c36c60, 2534;
E_0x9b50e6d80/633 .event anyedge, v0x9b4c36c60_2531, v0x9b4c36c60_2532, v0x9b4c36c60_2533, v0x9b4c36c60_2534;
v0x9b4c36c60_2535 .array/port v0x9b4c36c60, 2535;
v0x9b4c36c60_2536 .array/port v0x9b4c36c60, 2536;
v0x9b4c36c60_2537 .array/port v0x9b4c36c60, 2537;
v0x9b4c36c60_2538 .array/port v0x9b4c36c60, 2538;
E_0x9b50e6d80/634 .event anyedge, v0x9b4c36c60_2535, v0x9b4c36c60_2536, v0x9b4c36c60_2537, v0x9b4c36c60_2538;
v0x9b4c36c60_2539 .array/port v0x9b4c36c60, 2539;
v0x9b4c36c60_2540 .array/port v0x9b4c36c60, 2540;
v0x9b4c36c60_2541 .array/port v0x9b4c36c60, 2541;
v0x9b4c36c60_2542 .array/port v0x9b4c36c60, 2542;
E_0x9b50e6d80/635 .event anyedge, v0x9b4c36c60_2539, v0x9b4c36c60_2540, v0x9b4c36c60_2541, v0x9b4c36c60_2542;
v0x9b4c36c60_2543 .array/port v0x9b4c36c60, 2543;
v0x9b4c36c60_2544 .array/port v0x9b4c36c60, 2544;
v0x9b4c36c60_2545 .array/port v0x9b4c36c60, 2545;
v0x9b4c36c60_2546 .array/port v0x9b4c36c60, 2546;
E_0x9b50e6d80/636 .event anyedge, v0x9b4c36c60_2543, v0x9b4c36c60_2544, v0x9b4c36c60_2545, v0x9b4c36c60_2546;
v0x9b4c36c60_2547 .array/port v0x9b4c36c60, 2547;
v0x9b4c36c60_2548 .array/port v0x9b4c36c60, 2548;
v0x9b4c36c60_2549 .array/port v0x9b4c36c60, 2549;
v0x9b4c36c60_2550 .array/port v0x9b4c36c60, 2550;
E_0x9b50e6d80/637 .event anyedge, v0x9b4c36c60_2547, v0x9b4c36c60_2548, v0x9b4c36c60_2549, v0x9b4c36c60_2550;
v0x9b4c36c60_2551 .array/port v0x9b4c36c60, 2551;
v0x9b4c36c60_2552 .array/port v0x9b4c36c60, 2552;
v0x9b4c36c60_2553 .array/port v0x9b4c36c60, 2553;
v0x9b4c36c60_2554 .array/port v0x9b4c36c60, 2554;
E_0x9b50e6d80/638 .event anyedge, v0x9b4c36c60_2551, v0x9b4c36c60_2552, v0x9b4c36c60_2553, v0x9b4c36c60_2554;
v0x9b4c36c60_2555 .array/port v0x9b4c36c60, 2555;
v0x9b4c36c60_2556 .array/port v0x9b4c36c60, 2556;
v0x9b4c36c60_2557 .array/port v0x9b4c36c60, 2557;
v0x9b4c36c60_2558 .array/port v0x9b4c36c60, 2558;
E_0x9b50e6d80/639 .event anyedge, v0x9b4c36c60_2555, v0x9b4c36c60_2556, v0x9b4c36c60_2557, v0x9b4c36c60_2558;
v0x9b4c36c60_2559 .array/port v0x9b4c36c60, 2559;
v0x9b4c36c60_2560 .array/port v0x9b4c36c60, 2560;
v0x9b4c36c60_2561 .array/port v0x9b4c36c60, 2561;
v0x9b4c36c60_2562 .array/port v0x9b4c36c60, 2562;
E_0x9b50e6d80/640 .event anyedge, v0x9b4c36c60_2559, v0x9b4c36c60_2560, v0x9b4c36c60_2561, v0x9b4c36c60_2562;
v0x9b4c36c60_2563 .array/port v0x9b4c36c60, 2563;
v0x9b4c36c60_2564 .array/port v0x9b4c36c60, 2564;
v0x9b4c36c60_2565 .array/port v0x9b4c36c60, 2565;
v0x9b4c36c60_2566 .array/port v0x9b4c36c60, 2566;
E_0x9b50e6d80/641 .event anyedge, v0x9b4c36c60_2563, v0x9b4c36c60_2564, v0x9b4c36c60_2565, v0x9b4c36c60_2566;
v0x9b4c36c60_2567 .array/port v0x9b4c36c60, 2567;
v0x9b4c36c60_2568 .array/port v0x9b4c36c60, 2568;
v0x9b4c36c60_2569 .array/port v0x9b4c36c60, 2569;
v0x9b4c36c60_2570 .array/port v0x9b4c36c60, 2570;
E_0x9b50e6d80/642 .event anyedge, v0x9b4c36c60_2567, v0x9b4c36c60_2568, v0x9b4c36c60_2569, v0x9b4c36c60_2570;
v0x9b4c36c60_2571 .array/port v0x9b4c36c60, 2571;
v0x9b4c36c60_2572 .array/port v0x9b4c36c60, 2572;
v0x9b4c36c60_2573 .array/port v0x9b4c36c60, 2573;
v0x9b4c36c60_2574 .array/port v0x9b4c36c60, 2574;
E_0x9b50e6d80/643 .event anyedge, v0x9b4c36c60_2571, v0x9b4c36c60_2572, v0x9b4c36c60_2573, v0x9b4c36c60_2574;
v0x9b4c36c60_2575 .array/port v0x9b4c36c60, 2575;
v0x9b4c36c60_2576 .array/port v0x9b4c36c60, 2576;
v0x9b4c36c60_2577 .array/port v0x9b4c36c60, 2577;
v0x9b4c36c60_2578 .array/port v0x9b4c36c60, 2578;
E_0x9b50e6d80/644 .event anyedge, v0x9b4c36c60_2575, v0x9b4c36c60_2576, v0x9b4c36c60_2577, v0x9b4c36c60_2578;
v0x9b4c36c60_2579 .array/port v0x9b4c36c60, 2579;
v0x9b4c36c60_2580 .array/port v0x9b4c36c60, 2580;
v0x9b4c36c60_2581 .array/port v0x9b4c36c60, 2581;
v0x9b4c36c60_2582 .array/port v0x9b4c36c60, 2582;
E_0x9b50e6d80/645 .event anyedge, v0x9b4c36c60_2579, v0x9b4c36c60_2580, v0x9b4c36c60_2581, v0x9b4c36c60_2582;
v0x9b4c36c60_2583 .array/port v0x9b4c36c60, 2583;
v0x9b4c36c60_2584 .array/port v0x9b4c36c60, 2584;
v0x9b4c36c60_2585 .array/port v0x9b4c36c60, 2585;
v0x9b4c36c60_2586 .array/port v0x9b4c36c60, 2586;
E_0x9b50e6d80/646 .event anyedge, v0x9b4c36c60_2583, v0x9b4c36c60_2584, v0x9b4c36c60_2585, v0x9b4c36c60_2586;
v0x9b4c36c60_2587 .array/port v0x9b4c36c60, 2587;
v0x9b4c36c60_2588 .array/port v0x9b4c36c60, 2588;
v0x9b4c36c60_2589 .array/port v0x9b4c36c60, 2589;
v0x9b4c36c60_2590 .array/port v0x9b4c36c60, 2590;
E_0x9b50e6d80/647 .event anyedge, v0x9b4c36c60_2587, v0x9b4c36c60_2588, v0x9b4c36c60_2589, v0x9b4c36c60_2590;
v0x9b4c36c60_2591 .array/port v0x9b4c36c60, 2591;
v0x9b4c36c60_2592 .array/port v0x9b4c36c60, 2592;
v0x9b4c36c60_2593 .array/port v0x9b4c36c60, 2593;
v0x9b4c36c60_2594 .array/port v0x9b4c36c60, 2594;
E_0x9b50e6d80/648 .event anyedge, v0x9b4c36c60_2591, v0x9b4c36c60_2592, v0x9b4c36c60_2593, v0x9b4c36c60_2594;
v0x9b4c36c60_2595 .array/port v0x9b4c36c60, 2595;
v0x9b4c36c60_2596 .array/port v0x9b4c36c60, 2596;
v0x9b4c36c60_2597 .array/port v0x9b4c36c60, 2597;
v0x9b4c36c60_2598 .array/port v0x9b4c36c60, 2598;
E_0x9b50e6d80/649 .event anyedge, v0x9b4c36c60_2595, v0x9b4c36c60_2596, v0x9b4c36c60_2597, v0x9b4c36c60_2598;
v0x9b4c36c60_2599 .array/port v0x9b4c36c60, 2599;
v0x9b4c36c60_2600 .array/port v0x9b4c36c60, 2600;
v0x9b4c36c60_2601 .array/port v0x9b4c36c60, 2601;
v0x9b4c36c60_2602 .array/port v0x9b4c36c60, 2602;
E_0x9b50e6d80/650 .event anyedge, v0x9b4c36c60_2599, v0x9b4c36c60_2600, v0x9b4c36c60_2601, v0x9b4c36c60_2602;
v0x9b4c36c60_2603 .array/port v0x9b4c36c60, 2603;
v0x9b4c36c60_2604 .array/port v0x9b4c36c60, 2604;
v0x9b4c36c60_2605 .array/port v0x9b4c36c60, 2605;
v0x9b4c36c60_2606 .array/port v0x9b4c36c60, 2606;
E_0x9b50e6d80/651 .event anyedge, v0x9b4c36c60_2603, v0x9b4c36c60_2604, v0x9b4c36c60_2605, v0x9b4c36c60_2606;
v0x9b4c36c60_2607 .array/port v0x9b4c36c60, 2607;
v0x9b4c36c60_2608 .array/port v0x9b4c36c60, 2608;
v0x9b4c36c60_2609 .array/port v0x9b4c36c60, 2609;
v0x9b4c36c60_2610 .array/port v0x9b4c36c60, 2610;
E_0x9b50e6d80/652 .event anyedge, v0x9b4c36c60_2607, v0x9b4c36c60_2608, v0x9b4c36c60_2609, v0x9b4c36c60_2610;
v0x9b4c36c60_2611 .array/port v0x9b4c36c60, 2611;
v0x9b4c36c60_2612 .array/port v0x9b4c36c60, 2612;
v0x9b4c36c60_2613 .array/port v0x9b4c36c60, 2613;
v0x9b4c36c60_2614 .array/port v0x9b4c36c60, 2614;
E_0x9b50e6d80/653 .event anyedge, v0x9b4c36c60_2611, v0x9b4c36c60_2612, v0x9b4c36c60_2613, v0x9b4c36c60_2614;
v0x9b4c36c60_2615 .array/port v0x9b4c36c60, 2615;
v0x9b4c36c60_2616 .array/port v0x9b4c36c60, 2616;
v0x9b4c36c60_2617 .array/port v0x9b4c36c60, 2617;
v0x9b4c36c60_2618 .array/port v0x9b4c36c60, 2618;
E_0x9b50e6d80/654 .event anyedge, v0x9b4c36c60_2615, v0x9b4c36c60_2616, v0x9b4c36c60_2617, v0x9b4c36c60_2618;
v0x9b4c36c60_2619 .array/port v0x9b4c36c60, 2619;
v0x9b4c36c60_2620 .array/port v0x9b4c36c60, 2620;
v0x9b4c36c60_2621 .array/port v0x9b4c36c60, 2621;
v0x9b4c36c60_2622 .array/port v0x9b4c36c60, 2622;
E_0x9b50e6d80/655 .event anyedge, v0x9b4c36c60_2619, v0x9b4c36c60_2620, v0x9b4c36c60_2621, v0x9b4c36c60_2622;
v0x9b4c36c60_2623 .array/port v0x9b4c36c60, 2623;
v0x9b4c36c60_2624 .array/port v0x9b4c36c60, 2624;
v0x9b4c36c60_2625 .array/port v0x9b4c36c60, 2625;
v0x9b4c36c60_2626 .array/port v0x9b4c36c60, 2626;
E_0x9b50e6d80/656 .event anyedge, v0x9b4c36c60_2623, v0x9b4c36c60_2624, v0x9b4c36c60_2625, v0x9b4c36c60_2626;
v0x9b4c36c60_2627 .array/port v0x9b4c36c60, 2627;
v0x9b4c36c60_2628 .array/port v0x9b4c36c60, 2628;
v0x9b4c36c60_2629 .array/port v0x9b4c36c60, 2629;
v0x9b4c36c60_2630 .array/port v0x9b4c36c60, 2630;
E_0x9b50e6d80/657 .event anyedge, v0x9b4c36c60_2627, v0x9b4c36c60_2628, v0x9b4c36c60_2629, v0x9b4c36c60_2630;
v0x9b4c36c60_2631 .array/port v0x9b4c36c60, 2631;
v0x9b4c36c60_2632 .array/port v0x9b4c36c60, 2632;
v0x9b4c36c60_2633 .array/port v0x9b4c36c60, 2633;
v0x9b4c36c60_2634 .array/port v0x9b4c36c60, 2634;
E_0x9b50e6d80/658 .event anyedge, v0x9b4c36c60_2631, v0x9b4c36c60_2632, v0x9b4c36c60_2633, v0x9b4c36c60_2634;
v0x9b4c36c60_2635 .array/port v0x9b4c36c60, 2635;
v0x9b4c36c60_2636 .array/port v0x9b4c36c60, 2636;
v0x9b4c36c60_2637 .array/port v0x9b4c36c60, 2637;
v0x9b4c36c60_2638 .array/port v0x9b4c36c60, 2638;
E_0x9b50e6d80/659 .event anyedge, v0x9b4c36c60_2635, v0x9b4c36c60_2636, v0x9b4c36c60_2637, v0x9b4c36c60_2638;
v0x9b4c36c60_2639 .array/port v0x9b4c36c60, 2639;
v0x9b4c36c60_2640 .array/port v0x9b4c36c60, 2640;
v0x9b4c36c60_2641 .array/port v0x9b4c36c60, 2641;
v0x9b4c36c60_2642 .array/port v0x9b4c36c60, 2642;
E_0x9b50e6d80/660 .event anyedge, v0x9b4c36c60_2639, v0x9b4c36c60_2640, v0x9b4c36c60_2641, v0x9b4c36c60_2642;
v0x9b4c36c60_2643 .array/port v0x9b4c36c60, 2643;
v0x9b4c36c60_2644 .array/port v0x9b4c36c60, 2644;
v0x9b4c36c60_2645 .array/port v0x9b4c36c60, 2645;
v0x9b4c36c60_2646 .array/port v0x9b4c36c60, 2646;
E_0x9b50e6d80/661 .event anyedge, v0x9b4c36c60_2643, v0x9b4c36c60_2644, v0x9b4c36c60_2645, v0x9b4c36c60_2646;
v0x9b4c36c60_2647 .array/port v0x9b4c36c60, 2647;
v0x9b4c36c60_2648 .array/port v0x9b4c36c60, 2648;
v0x9b4c36c60_2649 .array/port v0x9b4c36c60, 2649;
v0x9b4c36c60_2650 .array/port v0x9b4c36c60, 2650;
E_0x9b50e6d80/662 .event anyedge, v0x9b4c36c60_2647, v0x9b4c36c60_2648, v0x9b4c36c60_2649, v0x9b4c36c60_2650;
v0x9b4c36c60_2651 .array/port v0x9b4c36c60, 2651;
v0x9b4c36c60_2652 .array/port v0x9b4c36c60, 2652;
v0x9b4c36c60_2653 .array/port v0x9b4c36c60, 2653;
v0x9b4c36c60_2654 .array/port v0x9b4c36c60, 2654;
E_0x9b50e6d80/663 .event anyedge, v0x9b4c36c60_2651, v0x9b4c36c60_2652, v0x9b4c36c60_2653, v0x9b4c36c60_2654;
v0x9b4c36c60_2655 .array/port v0x9b4c36c60, 2655;
v0x9b4c36c60_2656 .array/port v0x9b4c36c60, 2656;
v0x9b4c36c60_2657 .array/port v0x9b4c36c60, 2657;
v0x9b4c36c60_2658 .array/port v0x9b4c36c60, 2658;
E_0x9b50e6d80/664 .event anyedge, v0x9b4c36c60_2655, v0x9b4c36c60_2656, v0x9b4c36c60_2657, v0x9b4c36c60_2658;
v0x9b4c36c60_2659 .array/port v0x9b4c36c60, 2659;
v0x9b4c36c60_2660 .array/port v0x9b4c36c60, 2660;
v0x9b4c36c60_2661 .array/port v0x9b4c36c60, 2661;
v0x9b4c36c60_2662 .array/port v0x9b4c36c60, 2662;
E_0x9b50e6d80/665 .event anyedge, v0x9b4c36c60_2659, v0x9b4c36c60_2660, v0x9b4c36c60_2661, v0x9b4c36c60_2662;
v0x9b4c36c60_2663 .array/port v0x9b4c36c60, 2663;
v0x9b4c36c60_2664 .array/port v0x9b4c36c60, 2664;
v0x9b4c36c60_2665 .array/port v0x9b4c36c60, 2665;
v0x9b4c36c60_2666 .array/port v0x9b4c36c60, 2666;
E_0x9b50e6d80/666 .event anyedge, v0x9b4c36c60_2663, v0x9b4c36c60_2664, v0x9b4c36c60_2665, v0x9b4c36c60_2666;
v0x9b4c36c60_2667 .array/port v0x9b4c36c60, 2667;
v0x9b4c36c60_2668 .array/port v0x9b4c36c60, 2668;
v0x9b4c36c60_2669 .array/port v0x9b4c36c60, 2669;
v0x9b4c36c60_2670 .array/port v0x9b4c36c60, 2670;
E_0x9b50e6d80/667 .event anyedge, v0x9b4c36c60_2667, v0x9b4c36c60_2668, v0x9b4c36c60_2669, v0x9b4c36c60_2670;
v0x9b4c36c60_2671 .array/port v0x9b4c36c60, 2671;
v0x9b4c36c60_2672 .array/port v0x9b4c36c60, 2672;
v0x9b4c36c60_2673 .array/port v0x9b4c36c60, 2673;
v0x9b4c36c60_2674 .array/port v0x9b4c36c60, 2674;
E_0x9b50e6d80/668 .event anyedge, v0x9b4c36c60_2671, v0x9b4c36c60_2672, v0x9b4c36c60_2673, v0x9b4c36c60_2674;
v0x9b4c36c60_2675 .array/port v0x9b4c36c60, 2675;
v0x9b4c36c60_2676 .array/port v0x9b4c36c60, 2676;
v0x9b4c36c60_2677 .array/port v0x9b4c36c60, 2677;
v0x9b4c36c60_2678 .array/port v0x9b4c36c60, 2678;
E_0x9b50e6d80/669 .event anyedge, v0x9b4c36c60_2675, v0x9b4c36c60_2676, v0x9b4c36c60_2677, v0x9b4c36c60_2678;
v0x9b4c36c60_2679 .array/port v0x9b4c36c60, 2679;
v0x9b4c36c60_2680 .array/port v0x9b4c36c60, 2680;
v0x9b4c36c60_2681 .array/port v0x9b4c36c60, 2681;
v0x9b4c36c60_2682 .array/port v0x9b4c36c60, 2682;
E_0x9b50e6d80/670 .event anyedge, v0x9b4c36c60_2679, v0x9b4c36c60_2680, v0x9b4c36c60_2681, v0x9b4c36c60_2682;
v0x9b4c36c60_2683 .array/port v0x9b4c36c60, 2683;
v0x9b4c36c60_2684 .array/port v0x9b4c36c60, 2684;
v0x9b4c36c60_2685 .array/port v0x9b4c36c60, 2685;
v0x9b4c36c60_2686 .array/port v0x9b4c36c60, 2686;
E_0x9b50e6d80/671 .event anyedge, v0x9b4c36c60_2683, v0x9b4c36c60_2684, v0x9b4c36c60_2685, v0x9b4c36c60_2686;
v0x9b4c36c60_2687 .array/port v0x9b4c36c60, 2687;
v0x9b4c36c60_2688 .array/port v0x9b4c36c60, 2688;
v0x9b4c36c60_2689 .array/port v0x9b4c36c60, 2689;
v0x9b4c36c60_2690 .array/port v0x9b4c36c60, 2690;
E_0x9b50e6d80/672 .event anyedge, v0x9b4c36c60_2687, v0x9b4c36c60_2688, v0x9b4c36c60_2689, v0x9b4c36c60_2690;
v0x9b4c36c60_2691 .array/port v0x9b4c36c60, 2691;
v0x9b4c36c60_2692 .array/port v0x9b4c36c60, 2692;
v0x9b4c36c60_2693 .array/port v0x9b4c36c60, 2693;
v0x9b4c36c60_2694 .array/port v0x9b4c36c60, 2694;
E_0x9b50e6d80/673 .event anyedge, v0x9b4c36c60_2691, v0x9b4c36c60_2692, v0x9b4c36c60_2693, v0x9b4c36c60_2694;
v0x9b4c36c60_2695 .array/port v0x9b4c36c60, 2695;
v0x9b4c36c60_2696 .array/port v0x9b4c36c60, 2696;
v0x9b4c36c60_2697 .array/port v0x9b4c36c60, 2697;
v0x9b4c36c60_2698 .array/port v0x9b4c36c60, 2698;
E_0x9b50e6d80/674 .event anyedge, v0x9b4c36c60_2695, v0x9b4c36c60_2696, v0x9b4c36c60_2697, v0x9b4c36c60_2698;
v0x9b4c36c60_2699 .array/port v0x9b4c36c60, 2699;
v0x9b4c36c60_2700 .array/port v0x9b4c36c60, 2700;
v0x9b4c36c60_2701 .array/port v0x9b4c36c60, 2701;
v0x9b4c36c60_2702 .array/port v0x9b4c36c60, 2702;
E_0x9b50e6d80/675 .event anyedge, v0x9b4c36c60_2699, v0x9b4c36c60_2700, v0x9b4c36c60_2701, v0x9b4c36c60_2702;
v0x9b4c36c60_2703 .array/port v0x9b4c36c60, 2703;
v0x9b4c36c60_2704 .array/port v0x9b4c36c60, 2704;
v0x9b4c36c60_2705 .array/port v0x9b4c36c60, 2705;
v0x9b4c36c60_2706 .array/port v0x9b4c36c60, 2706;
E_0x9b50e6d80/676 .event anyedge, v0x9b4c36c60_2703, v0x9b4c36c60_2704, v0x9b4c36c60_2705, v0x9b4c36c60_2706;
v0x9b4c36c60_2707 .array/port v0x9b4c36c60, 2707;
v0x9b4c36c60_2708 .array/port v0x9b4c36c60, 2708;
v0x9b4c36c60_2709 .array/port v0x9b4c36c60, 2709;
v0x9b4c36c60_2710 .array/port v0x9b4c36c60, 2710;
E_0x9b50e6d80/677 .event anyedge, v0x9b4c36c60_2707, v0x9b4c36c60_2708, v0x9b4c36c60_2709, v0x9b4c36c60_2710;
v0x9b4c36c60_2711 .array/port v0x9b4c36c60, 2711;
v0x9b4c36c60_2712 .array/port v0x9b4c36c60, 2712;
v0x9b4c36c60_2713 .array/port v0x9b4c36c60, 2713;
v0x9b4c36c60_2714 .array/port v0x9b4c36c60, 2714;
E_0x9b50e6d80/678 .event anyedge, v0x9b4c36c60_2711, v0x9b4c36c60_2712, v0x9b4c36c60_2713, v0x9b4c36c60_2714;
v0x9b4c36c60_2715 .array/port v0x9b4c36c60, 2715;
v0x9b4c36c60_2716 .array/port v0x9b4c36c60, 2716;
v0x9b4c36c60_2717 .array/port v0x9b4c36c60, 2717;
v0x9b4c36c60_2718 .array/port v0x9b4c36c60, 2718;
E_0x9b50e6d80/679 .event anyedge, v0x9b4c36c60_2715, v0x9b4c36c60_2716, v0x9b4c36c60_2717, v0x9b4c36c60_2718;
v0x9b4c36c60_2719 .array/port v0x9b4c36c60, 2719;
v0x9b4c36c60_2720 .array/port v0x9b4c36c60, 2720;
v0x9b4c36c60_2721 .array/port v0x9b4c36c60, 2721;
v0x9b4c36c60_2722 .array/port v0x9b4c36c60, 2722;
E_0x9b50e6d80/680 .event anyedge, v0x9b4c36c60_2719, v0x9b4c36c60_2720, v0x9b4c36c60_2721, v0x9b4c36c60_2722;
v0x9b4c36c60_2723 .array/port v0x9b4c36c60, 2723;
v0x9b4c36c60_2724 .array/port v0x9b4c36c60, 2724;
v0x9b4c36c60_2725 .array/port v0x9b4c36c60, 2725;
v0x9b4c36c60_2726 .array/port v0x9b4c36c60, 2726;
E_0x9b50e6d80/681 .event anyedge, v0x9b4c36c60_2723, v0x9b4c36c60_2724, v0x9b4c36c60_2725, v0x9b4c36c60_2726;
v0x9b4c36c60_2727 .array/port v0x9b4c36c60, 2727;
v0x9b4c36c60_2728 .array/port v0x9b4c36c60, 2728;
v0x9b4c36c60_2729 .array/port v0x9b4c36c60, 2729;
v0x9b4c36c60_2730 .array/port v0x9b4c36c60, 2730;
E_0x9b50e6d80/682 .event anyedge, v0x9b4c36c60_2727, v0x9b4c36c60_2728, v0x9b4c36c60_2729, v0x9b4c36c60_2730;
v0x9b4c36c60_2731 .array/port v0x9b4c36c60, 2731;
v0x9b4c36c60_2732 .array/port v0x9b4c36c60, 2732;
v0x9b4c36c60_2733 .array/port v0x9b4c36c60, 2733;
v0x9b4c36c60_2734 .array/port v0x9b4c36c60, 2734;
E_0x9b50e6d80/683 .event anyedge, v0x9b4c36c60_2731, v0x9b4c36c60_2732, v0x9b4c36c60_2733, v0x9b4c36c60_2734;
v0x9b4c36c60_2735 .array/port v0x9b4c36c60, 2735;
v0x9b4c36c60_2736 .array/port v0x9b4c36c60, 2736;
v0x9b4c36c60_2737 .array/port v0x9b4c36c60, 2737;
v0x9b4c36c60_2738 .array/port v0x9b4c36c60, 2738;
E_0x9b50e6d80/684 .event anyedge, v0x9b4c36c60_2735, v0x9b4c36c60_2736, v0x9b4c36c60_2737, v0x9b4c36c60_2738;
v0x9b4c36c60_2739 .array/port v0x9b4c36c60, 2739;
v0x9b4c36c60_2740 .array/port v0x9b4c36c60, 2740;
v0x9b4c36c60_2741 .array/port v0x9b4c36c60, 2741;
v0x9b4c36c60_2742 .array/port v0x9b4c36c60, 2742;
E_0x9b50e6d80/685 .event anyedge, v0x9b4c36c60_2739, v0x9b4c36c60_2740, v0x9b4c36c60_2741, v0x9b4c36c60_2742;
v0x9b4c36c60_2743 .array/port v0x9b4c36c60, 2743;
v0x9b4c36c60_2744 .array/port v0x9b4c36c60, 2744;
v0x9b4c36c60_2745 .array/port v0x9b4c36c60, 2745;
v0x9b4c36c60_2746 .array/port v0x9b4c36c60, 2746;
E_0x9b50e6d80/686 .event anyedge, v0x9b4c36c60_2743, v0x9b4c36c60_2744, v0x9b4c36c60_2745, v0x9b4c36c60_2746;
v0x9b4c36c60_2747 .array/port v0x9b4c36c60, 2747;
v0x9b4c36c60_2748 .array/port v0x9b4c36c60, 2748;
v0x9b4c36c60_2749 .array/port v0x9b4c36c60, 2749;
v0x9b4c36c60_2750 .array/port v0x9b4c36c60, 2750;
E_0x9b50e6d80/687 .event anyedge, v0x9b4c36c60_2747, v0x9b4c36c60_2748, v0x9b4c36c60_2749, v0x9b4c36c60_2750;
v0x9b4c36c60_2751 .array/port v0x9b4c36c60, 2751;
v0x9b4c36c60_2752 .array/port v0x9b4c36c60, 2752;
v0x9b4c36c60_2753 .array/port v0x9b4c36c60, 2753;
v0x9b4c36c60_2754 .array/port v0x9b4c36c60, 2754;
E_0x9b50e6d80/688 .event anyedge, v0x9b4c36c60_2751, v0x9b4c36c60_2752, v0x9b4c36c60_2753, v0x9b4c36c60_2754;
v0x9b4c36c60_2755 .array/port v0x9b4c36c60, 2755;
v0x9b4c36c60_2756 .array/port v0x9b4c36c60, 2756;
v0x9b4c36c60_2757 .array/port v0x9b4c36c60, 2757;
v0x9b4c36c60_2758 .array/port v0x9b4c36c60, 2758;
E_0x9b50e6d80/689 .event anyedge, v0x9b4c36c60_2755, v0x9b4c36c60_2756, v0x9b4c36c60_2757, v0x9b4c36c60_2758;
v0x9b4c36c60_2759 .array/port v0x9b4c36c60, 2759;
v0x9b4c36c60_2760 .array/port v0x9b4c36c60, 2760;
v0x9b4c36c60_2761 .array/port v0x9b4c36c60, 2761;
v0x9b4c36c60_2762 .array/port v0x9b4c36c60, 2762;
E_0x9b50e6d80/690 .event anyedge, v0x9b4c36c60_2759, v0x9b4c36c60_2760, v0x9b4c36c60_2761, v0x9b4c36c60_2762;
v0x9b4c36c60_2763 .array/port v0x9b4c36c60, 2763;
v0x9b4c36c60_2764 .array/port v0x9b4c36c60, 2764;
v0x9b4c36c60_2765 .array/port v0x9b4c36c60, 2765;
v0x9b4c36c60_2766 .array/port v0x9b4c36c60, 2766;
E_0x9b50e6d80/691 .event anyedge, v0x9b4c36c60_2763, v0x9b4c36c60_2764, v0x9b4c36c60_2765, v0x9b4c36c60_2766;
v0x9b4c36c60_2767 .array/port v0x9b4c36c60, 2767;
v0x9b4c36c60_2768 .array/port v0x9b4c36c60, 2768;
v0x9b4c36c60_2769 .array/port v0x9b4c36c60, 2769;
v0x9b4c36c60_2770 .array/port v0x9b4c36c60, 2770;
E_0x9b50e6d80/692 .event anyedge, v0x9b4c36c60_2767, v0x9b4c36c60_2768, v0x9b4c36c60_2769, v0x9b4c36c60_2770;
v0x9b4c36c60_2771 .array/port v0x9b4c36c60, 2771;
v0x9b4c36c60_2772 .array/port v0x9b4c36c60, 2772;
v0x9b4c36c60_2773 .array/port v0x9b4c36c60, 2773;
v0x9b4c36c60_2774 .array/port v0x9b4c36c60, 2774;
E_0x9b50e6d80/693 .event anyedge, v0x9b4c36c60_2771, v0x9b4c36c60_2772, v0x9b4c36c60_2773, v0x9b4c36c60_2774;
v0x9b4c36c60_2775 .array/port v0x9b4c36c60, 2775;
v0x9b4c36c60_2776 .array/port v0x9b4c36c60, 2776;
v0x9b4c36c60_2777 .array/port v0x9b4c36c60, 2777;
v0x9b4c36c60_2778 .array/port v0x9b4c36c60, 2778;
E_0x9b50e6d80/694 .event anyedge, v0x9b4c36c60_2775, v0x9b4c36c60_2776, v0x9b4c36c60_2777, v0x9b4c36c60_2778;
v0x9b4c36c60_2779 .array/port v0x9b4c36c60, 2779;
v0x9b4c36c60_2780 .array/port v0x9b4c36c60, 2780;
v0x9b4c36c60_2781 .array/port v0x9b4c36c60, 2781;
v0x9b4c36c60_2782 .array/port v0x9b4c36c60, 2782;
E_0x9b50e6d80/695 .event anyedge, v0x9b4c36c60_2779, v0x9b4c36c60_2780, v0x9b4c36c60_2781, v0x9b4c36c60_2782;
v0x9b4c36c60_2783 .array/port v0x9b4c36c60, 2783;
v0x9b4c36c60_2784 .array/port v0x9b4c36c60, 2784;
v0x9b4c36c60_2785 .array/port v0x9b4c36c60, 2785;
v0x9b4c36c60_2786 .array/port v0x9b4c36c60, 2786;
E_0x9b50e6d80/696 .event anyedge, v0x9b4c36c60_2783, v0x9b4c36c60_2784, v0x9b4c36c60_2785, v0x9b4c36c60_2786;
v0x9b4c36c60_2787 .array/port v0x9b4c36c60, 2787;
v0x9b4c36c60_2788 .array/port v0x9b4c36c60, 2788;
v0x9b4c36c60_2789 .array/port v0x9b4c36c60, 2789;
v0x9b4c36c60_2790 .array/port v0x9b4c36c60, 2790;
E_0x9b50e6d80/697 .event anyedge, v0x9b4c36c60_2787, v0x9b4c36c60_2788, v0x9b4c36c60_2789, v0x9b4c36c60_2790;
v0x9b4c36c60_2791 .array/port v0x9b4c36c60, 2791;
v0x9b4c36c60_2792 .array/port v0x9b4c36c60, 2792;
v0x9b4c36c60_2793 .array/port v0x9b4c36c60, 2793;
v0x9b4c36c60_2794 .array/port v0x9b4c36c60, 2794;
E_0x9b50e6d80/698 .event anyedge, v0x9b4c36c60_2791, v0x9b4c36c60_2792, v0x9b4c36c60_2793, v0x9b4c36c60_2794;
v0x9b4c36c60_2795 .array/port v0x9b4c36c60, 2795;
v0x9b4c36c60_2796 .array/port v0x9b4c36c60, 2796;
v0x9b4c36c60_2797 .array/port v0x9b4c36c60, 2797;
v0x9b4c36c60_2798 .array/port v0x9b4c36c60, 2798;
E_0x9b50e6d80/699 .event anyedge, v0x9b4c36c60_2795, v0x9b4c36c60_2796, v0x9b4c36c60_2797, v0x9b4c36c60_2798;
v0x9b4c36c60_2799 .array/port v0x9b4c36c60, 2799;
v0x9b4c36c60_2800 .array/port v0x9b4c36c60, 2800;
v0x9b4c36c60_2801 .array/port v0x9b4c36c60, 2801;
v0x9b4c36c60_2802 .array/port v0x9b4c36c60, 2802;
E_0x9b50e6d80/700 .event anyedge, v0x9b4c36c60_2799, v0x9b4c36c60_2800, v0x9b4c36c60_2801, v0x9b4c36c60_2802;
v0x9b4c36c60_2803 .array/port v0x9b4c36c60, 2803;
v0x9b4c36c60_2804 .array/port v0x9b4c36c60, 2804;
v0x9b4c36c60_2805 .array/port v0x9b4c36c60, 2805;
v0x9b4c36c60_2806 .array/port v0x9b4c36c60, 2806;
E_0x9b50e6d80/701 .event anyedge, v0x9b4c36c60_2803, v0x9b4c36c60_2804, v0x9b4c36c60_2805, v0x9b4c36c60_2806;
v0x9b4c36c60_2807 .array/port v0x9b4c36c60, 2807;
v0x9b4c36c60_2808 .array/port v0x9b4c36c60, 2808;
v0x9b4c36c60_2809 .array/port v0x9b4c36c60, 2809;
v0x9b4c36c60_2810 .array/port v0x9b4c36c60, 2810;
E_0x9b50e6d80/702 .event anyedge, v0x9b4c36c60_2807, v0x9b4c36c60_2808, v0x9b4c36c60_2809, v0x9b4c36c60_2810;
v0x9b4c36c60_2811 .array/port v0x9b4c36c60, 2811;
v0x9b4c36c60_2812 .array/port v0x9b4c36c60, 2812;
v0x9b4c36c60_2813 .array/port v0x9b4c36c60, 2813;
v0x9b4c36c60_2814 .array/port v0x9b4c36c60, 2814;
E_0x9b50e6d80/703 .event anyedge, v0x9b4c36c60_2811, v0x9b4c36c60_2812, v0x9b4c36c60_2813, v0x9b4c36c60_2814;
v0x9b4c36c60_2815 .array/port v0x9b4c36c60, 2815;
v0x9b4c36c60_2816 .array/port v0x9b4c36c60, 2816;
v0x9b4c36c60_2817 .array/port v0x9b4c36c60, 2817;
v0x9b4c36c60_2818 .array/port v0x9b4c36c60, 2818;
E_0x9b50e6d80/704 .event anyedge, v0x9b4c36c60_2815, v0x9b4c36c60_2816, v0x9b4c36c60_2817, v0x9b4c36c60_2818;
v0x9b4c36c60_2819 .array/port v0x9b4c36c60, 2819;
v0x9b4c36c60_2820 .array/port v0x9b4c36c60, 2820;
v0x9b4c36c60_2821 .array/port v0x9b4c36c60, 2821;
v0x9b4c36c60_2822 .array/port v0x9b4c36c60, 2822;
E_0x9b50e6d80/705 .event anyedge, v0x9b4c36c60_2819, v0x9b4c36c60_2820, v0x9b4c36c60_2821, v0x9b4c36c60_2822;
v0x9b4c36c60_2823 .array/port v0x9b4c36c60, 2823;
v0x9b4c36c60_2824 .array/port v0x9b4c36c60, 2824;
v0x9b4c36c60_2825 .array/port v0x9b4c36c60, 2825;
v0x9b4c36c60_2826 .array/port v0x9b4c36c60, 2826;
E_0x9b50e6d80/706 .event anyedge, v0x9b4c36c60_2823, v0x9b4c36c60_2824, v0x9b4c36c60_2825, v0x9b4c36c60_2826;
v0x9b4c36c60_2827 .array/port v0x9b4c36c60, 2827;
v0x9b4c36c60_2828 .array/port v0x9b4c36c60, 2828;
v0x9b4c36c60_2829 .array/port v0x9b4c36c60, 2829;
v0x9b4c36c60_2830 .array/port v0x9b4c36c60, 2830;
E_0x9b50e6d80/707 .event anyedge, v0x9b4c36c60_2827, v0x9b4c36c60_2828, v0x9b4c36c60_2829, v0x9b4c36c60_2830;
v0x9b4c36c60_2831 .array/port v0x9b4c36c60, 2831;
v0x9b4c36c60_2832 .array/port v0x9b4c36c60, 2832;
v0x9b4c36c60_2833 .array/port v0x9b4c36c60, 2833;
v0x9b4c36c60_2834 .array/port v0x9b4c36c60, 2834;
E_0x9b50e6d80/708 .event anyedge, v0x9b4c36c60_2831, v0x9b4c36c60_2832, v0x9b4c36c60_2833, v0x9b4c36c60_2834;
v0x9b4c36c60_2835 .array/port v0x9b4c36c60, 2835;
v0x9b4c36c60_2836 .array/port v0x9b4c36c60, 2836;
v0x9b4c36c60_2837 .array/port v0x9b4c36c60, 2837;
v0x9b4c36c60_2838 .array/port v0x9b4c36c60, 2838;
E_0x9b50e6d80/709 .event anyedge, v0x9b4c36c60_2835, v0x9b4c36c60_2836, v0x9b4c36c60_2837, v0x9b4c36c60_2838;
v0x9b4c36c60_2839 .array/port v0x9b4c36c60, 2839;
v0x9b4c36c60_2840 .array/port v0x9b4c36c60, 2840;
v0x9b4c36c60_2841 .array/port v0x9b4c36c60, 2841;
v0x9b4c36c60_2842 .array/port v0x9b4c36c60, 2842;
E_0x9b50e6d80/710 .event anyedge, v0x9b4c36c60_2839, v0x9b4c36c60_2840, v0x9b4c36c60_2841, v0x9b4c36c60_2842;
v0x9b4c36c60_2843 .array/port v0x9b4c36c60, 2843;
v0x9b4c36c60_2844 .array/port v0x9b4c36c60, 2844;
v0x9b4c36c60_2845 .array/port v0x9b4c36c60, 2845;
v0x9b4c36c60_2846 .array/port v0x9b4c36c60, 2846;
E_0x9b50e6d80/711 .event anyedge, v0x9b4c36c60_2843, v0x9b4c36c60_2844, v0x9b4c36c60_2845, v0x9b4c36c60_2846;
v0x9b4c36c60_2847 .array/port v0x9b4c36c60, 2847;
v0x9b4c36c60_2848 .array/port v0x9b4c36c60, 2848;
v0x9b4c36c60_2849 .array/port v0x9b4c36c60, 2849;
v0x9b4c36c60_2850 .array/port v0x9b4c36c60, 2850;
E_0x9b50e6d80/712 .event anyedge, v0x9b4c36c60_2847, v0x9b4c36c60_2848, v0x9b4c36c60_2849, v0x9b4c36c60_2850;
v0x9b4c36c60_2851 .array/port v0x9b4c36c60, 2851;
v0x9b4c36c60_2852 .array/port v0x9b4c36c60, 2852;
v0x9b4c36c60_2853 .array/port v0x9b4c36c60, 2853;
v0x9b4c36c60_2854 .array/port v0x9b4c36c60, 2854;
E_0x9b50e6d80/713 .event anyedge, v0x9b4c36c60_2851, v0x9b4c36c60_2852, v0x9b4c36c60_2853, v0x9b4c36c60_2854;
v0x9b4c36c60_2855 .array/port v0x9b4c36c60, 2855;
v0x9b4c36c60_2856 .array/port v0x9b4c36c60, 2856;
v0x9b4c36c60_2857 .array/port v0x9b4c36c60, 2857;
v0x9b4c36c60_2858 .array/port v0x9b4c36c60, 2858;
E_0x9b50e6d80/714 .event anyedge, v0x9b4c36c60_2855, v0x9b4c36c60_2856, v0x9b4c36c60_2857, v0x9b4c36c60_2858;
v0x9b4c36c60_2859 .array/port v0x9b4c36c60, 2859;
v0x9b4c36c60_2860 .array/port v0x9b4c36c60, 2860;
v0x9b4c36c60_2861 .array/port v0x9b4c36c60, 2861;
v0x9b4c36c60_2862 .array/port v0x9b4c36c60, 2862;
E_0x9b50e6d80/715 .event anyedge, v0x9b4c36c60_2859, v0x9b4c36c60_2860, v0x9b4c36c60_2861, v0x9b4c36c60_2862;
v0x9b4c36c60_2863 .array/port v0x9b4c36c60, 2863;
v0x9b4c36c60_2864 .array/port v0x9b4c36c60, 2864;
v0x9b4c36c60_2865 .array/port v0x9b4c36c60, 2865;
v0x9b4c36c60_2866 .array/port v0x9b4c36c60, 2866;
E_0x9b50e6d80/716 .event anyedge, v0x9b4c36c60_2863, v0x9b4c36c60_2864, v0x9b4c36c60_2865, v0x9b4c36c60_2866;
v0x9b4c36c60_2867 .array/port v0x9b4c36c60, 2867;
v0x9b4c36c60_2868 .array/port v0x9b4c36c60, 2868;
v0x9b4c36c60_2869 .array/port v0x9b4c36c60, 2869;
v0x9b4c36c60_2870 .array/port v0x9b4c36c60, 2870;
E_0x9b50e6d80/717 .event anyedge, v0x9b4c36c60_2867, v0x9b4c36c60_2868, v0x9b4c36c60_2869, v0x9b4c36c60_2870;
v0x9b4c36c60_2871 .array/port v0x9b4c36c60, 2871;
v0x9b4c36c60_2872 .array/port v0x9b4c36c60, 2872;
v0x9b4c36c60_2873 .array/port v0x9b4c36c60, 2873;
v0x9b4c36c60_2874 .array/port v0x9b4c36c60, 2874;
E_0x9b50e6d80/718 .event anyedge, v0x9b4c36c60_2871, v0x9b4c36c60_2872, v0x9b4c36c60_2873, v0x9b4c36c60_2874;
v0x9b4c36c60_2875 .array/port v0x9b4c36c60, 2875;
v0x9b4c36c60_2876 .array/port v0x9b4c36c60, 2876;
v0x9b4c36c60_2877 .array/port v0x9b4c36c60, 2877;
v0x9b4c36c60_2878 .array/port v0x9b4c36c60, 2878;
E_0x9b50e6d80/719 .event anyedge, v0x9b4c36c60_2875, v0x9b4c36c60_2876, v0x9b4c36c60_2877, v0x9b4c36c60_2878;
v0x9b4c36c60_2879 .array/port v0x9b4c36c60, 2879;
v0x9b4c36c60_2880 .array/port v0x9b4c36c60, 2880;
v0x9b4c36c60_2881 .array/port v0x9b4c36c60, 2881;
v0x9b4c36c60_2882 .array/port v0x9b4c36c60, 2882;
E_0x9b50e6d80/720 .event anyedge, v0x9b4c36c60_2879, v0x9b4c36c60_2880, v0x9b4c36c60_2881, v0x9b4c36c60_2882;
v0x9b4c36c60_2883 .array/port v0x9b4c36c60, 2883;
v0x9b4c36c60_2884 .array/port v0x9b4c36c60, 2884;
v0x9b4c36c60_2885 .array/port v0x9b4c36c60, 2885;
v0x9b4c36c60_2886 .array/port v0x9b4c36c60, 2886;
E_0x9b50e6d80/721 .event anyedge, v0x9b4c36c60_2883, v0x9b4c36c60_2884, v0x9b4c36c60_2885, v0x9b4c36c60_2886;
v0x9b4c36c60_2887 .array/port v0x9b4c36c60, 2887;
v0x9b4c36c60_2888 .array/port v0x9b4c36c60, 2888;
v0x9b4c36c60_2889 .array/port v0x9b4c36c60, 2889;
v0x9b4c36c60_2890 .array/port v0x9b4c36c60, 2890;
E_0x9b50e6d80/722 .event anyedge, v0x9b4c36c60_2887, v0x9b4c36c60_2888, v0x9b4c36c60_2889, v0x9b4c36c60_2890;
v0x9b4c36c60_2891 .array/port v0x9b4c36c60, 2891;
v0x9b4c36c60_2892 .array/port v0x9b4c36c60, 2892;
v0x9b4c36c60_2893 .array/port v0x9b4c36c60, 2893;
v0x9b4c36c60_2894 .array/port v0x9b4c36c60, 2894;
E_0x9b50e6d80/723 .event anyedge, v0x9b4c36c60_2891, v0x9b4c36c60_2892, v0x9b4c36c60_2893, v0x9b4c36c60_2894;
v0x9b4c36c60_2895 .array/port v0x9b4c36c60, 2895;
v0x9b4c36c60_2896 .array/port v0x9b4c36c60, 2896;
v0x9b4c36c60_2897 .array/port v0x9b4c36c60, 2897;
v0x9b4c36c60_2898 .array/port v0x9b4c36c60, 2898;
E_0x9b50e6d80/724 .event anyedge, v0x9b4c36c60_2895, v0x9b4c36c60_2896, v0x9b4c36c60_2897, v0x9b4c36c60_2898;
v0x9b4c36c60_2899 .array/port v0x9b4c36c60, 2899;
v0x9b4c36c60_2900 .array/port v0x9b4c36c60, 2900;
v0x9b4c36c60_2901 .array/port v0x9b4c36c60, 2901;
v0x9b4c36c60_2902 .array/port v0x9b4c36c60, 2902;
E_0x9b50e6d80/725 .event anyedge, v0x9b4c36c60_2899, v0x9b4c36c60_2900, v0x9b4c36c60_2901, v0x9b4c36c60_2902;
v0x9b4c36c60_2903 .array/port v0x9b4c36c60, 2903;
v0x9b4c36c60_2904 .array/port v0x9b4c36c60, 2904;
v0x9b4c36c60_2905 .array/port v0x9b4c36c60, 2905;
v0x9b4c36c60_2906 .array/port v0x9b4c36c60, 2906;
E_0x9b50e6d80/726 .event anyedge, v0x9b4c36c60_2903, v0x9b4c36c60_2904, v0x9b4c36c60_2905, v0x9b4c36c60_2906;
v0x9b4c36c60_2907 .array/port v0x9b4c36c60, 2907;
v0x9b4c36c60_2908 .array/port v0x9b4c36c60, 2908;
v0x9b4c36c60_2909 .array/port v0x9b4c36c60, 2909;
v0x9b4c36c60_2910 .array/port v0x9b4c36c60, 2910;
E_0x9b50e6d80/727 .event anyedge, v0x9b4c36c60_2907, v0x9b4c36c60_2908, v0x9b4c36c60_2909, v0x9b4c36c60_2910;
v0x9b4c36c60_2911 .array/port v0x9b4c36c60, 2911;
v0x9b4c36c60_2912 .array/port v0x9b4c36c60, 2912;
v0x9b4c36c60_2913 .array/port v0x9b4c36c60, 2913;
v0x9b4c36c60_2914 .array/port v0x9b4c36c60, 2914;
E_0x9b50e6d80/728 .event anyedge, v0x9b4c36c60_2911, v0x9b4c36c60_2912, v0x9b4c36c60_2913, v0x9b4c36c60_2914;
v0x9b4c36c60_2915 .array/port v0x9b4c36c60, 2915;
v0x9b4c36c60_2916 .array/port v0x9b4c36c60, 2916;
v0x9b4c36c60_2917 .array/port v0x9b4c36c60, 2917;
v0x9b4c36c60_2918 .array/port v0x9b4c36c60, 2918;
E_0x9b50e6d80/729 .event anyedge, v0x9b4c36c60_2915, v0x9b4c36c60_2916, v0x9b4c36c60_2917, v0x9b4c36c60_2918;
v0x9b4c36c60_2919 .array/port v0x9b4c36c60, 2919;
v0x9b4c36c60_2920 .array/port v0x9b4c36c60, 2920;
v0x9b4c36c60_2921 .array/port v0x9b4c36c60, 2921;
v0x9b4c36c60_2922 .array/port v0x9b4c36c60, 2922;
E_0x9b50e6d80/730 .event anyedge, v0x9b4c36c60_2919, v0x9b4c36c60_2920, v0x9b4c36c60_2921, v0x9b4c36c60_2922;
v0x9b4c36c60_2923 .array/port v0x9b4c36c60, 2923;
v0x9b4c36c60_2924 .array/port v0x9b4c36c60, 2924;
v0x9b4c36c60_2925 .array/port v0x9b4c36c60, 2925;
v0x9b4c36c60_2926 .array/port v0x9b4c36c60, 2926;
E_0x9b50e6d80/731 .event anyedge, v0x9b4c36c60_2923, v0x9b4c36c60_2924, v0x9b4c36c60_2925, v0x9b4c36c60_2926;
v0x9b4c36c60_2927 .array/port v0x9b4c36c60, 2927;
v0x9b4c36c60_2928 .array/port v0x9b4c36c60, 2928;
v0x9b4c36c60_2929 .array/port v0x9b4c36c60, 2929;
v0x9b4c36c60_2930 .array/port v0x9b4c36c60, 2930;
E_0x9b50e6d80/732 .event anyedge, v0x9b4c36c60_2927, v0x9b4c36c60_2928, v0x9b4c36c60_2929, v0x9b4c36c60_2930;
v0x9b4c36c60_2931 .array/port v0x9b4c36c60, 2931;
v0x9b4c36c60_2932 .array/port v0x9b4c36c60, 2932;
v0x9b4c36c60_2933 .array/port v0x9b4c36c60, 2933;
v0x9b4c36c60_2934 .array/port v0x9b4c36c60, 2934;
E_0x9b50e6d80/733 .event anyedge, v0x9b4c36c60_2931, v0x9b4c36c60_2932, v0x9b4c36c60_2933, v0x9b4c36c60_2934;
v0x9b4c36c60_2935 .array/port v0x9b4c36c60, 2935;
v0x9b4c36c60_2936 .array/port v0x9b4c36c60, 2936;
v0x9b4c36c60_2937 .array/port v0x9b4c36c60, 2937;
v0x9b4c36c60_2938 .array/port v0x9b4c36c60, 2938;
E_0x9b50e6d80/734 .event anyedge, v0x9b4c36c60_2935, v0x9b4c36c60_2936, v0x9b4c36c60_2937, v0x9b4c36c60_2938;
v0x9b4c36c60_2939 .array/port v0x9b4c36c60, 2939;
v0x9b4c36c60_2940 .array/port v0x9b4c36c60, 2940;
v0x9b4c36c60_2941 .array/port v0x9b4c36c60, 2941;
v0x9b4c36c60_2942 .array/port v0x9b4c36c60, 2942;
E_0x9b50e6d80/735 .event anyedge, v0x9b4c36c60_2939, v0x9b4c36c60_2940, v0x9b4c36c60_2941, v0x9b4c36c60_2942;
v0x9b4c36c60_2943 .array/port v0x9b4c36c60, 2943;
v0x9b4c36c60_2944 .array/port v0x9b4c36c60, 2944;
v0x9b4c36c60_2945 .array/port v0x9b4c36c60, 2945;
v0x9b4c36c60_2946 .array/port v0x9b4c36c60, 2946;
E_0x9b50e6d80/736 .event anyedge, v0x9b4c36c60_2943, v0x9b4c36c60_2944, v0x9b4c36c60_2945, v0x9b4c36c60_2946;
v0x9b4c36c60_2947 .array/port v0x9b4c36c60, 2947;
v0x9b4c36c60_2948 .array/port v0x9b4c36c60, 2948;
v0x9b4c36c60_2949 .array/port v0x9b4c36c60, 2949;
v0x9b4c36c60_2950 .array/port v0x9b4c36c60, 2950;
E_0x9b50e6d80/737 .event anyedge, v0x9b4c36c60_2947, v0x9b4c36c60_2948, v0x9b4c36c60_2949, v0x9b4c36c60_2950;
v0x9b4c36c60_2951 .array/port v0x9b4c36c60, 2951;
v0x9b4c36c60_2952 .array/port v0x9b4c36c60, 2952;
v0x9b4c36c60_2953 .array/port v0x9b4c36c60, 2953;
v0x9b4c36c60_2954 .array/port v0x9b4c36c60, 2954;
E_0x9b50e6d80/738 .event anyedge, v0x9b4c36c60_2951, v0x9b4c36c60_2952, v0x9b4c36c60_2953, v0x9b4c36c60_2954;
v0x9b4c36c60_2955 .array/port v0x9b4c36c60, 2955;
v0x9b4c36c60_2956 .array/port v0x9b4c36c60, 2956;
v0x9b4c36c60_2957 .array/port v0x9b4c36c60, 2957;
v0x9b4c36c60_2958 .array/port v0x9b4c36c60, 2958;
E_0x9b50e6d80/739 .event anyedge, v0x9b4c36c60_2955, v0x9b4c36c60_2956, v0x9b4c36c60_2957, v0x9b4c36c60_2958;
v0x9b4c36c60_2959 .array/port v0x9b4c36c60, 2959;
v0x9b4c36c60_2960 .array/port v0x9b4c36c60, 2960;
v0x9b4c36c60_2961 .array/port v0x9b4c36c60, 2961;
v0x9b4c36c60_2962 .array/port v0x9b4c36c60, 2962;
E_0x9b50e6d80/740 .event anyedge, v0x9b4c36c60_2959, v0x9b4c36c60_2960, v0x9b4c36c60_2961, v0x9b4c36c60_2962;
v0x9b4c36c60_2963 .array/port v0x9b4c36c60, 2963;
v0x9b4c36c60_2964 .array/port v0x9b4c36c60, 2964;
v0x9b4c36c60_2965 .array/port v0x9b4c36c60, 2965;
v0x9b4c36c60_2966 .array/port v0x9b4c36c60, 2966;
E_0x9b50e6d80/741 .event anyedge, v0x9b4c36c60_2963, v0x9b4c36c60_2964, v0x9b4c36c60_2965, v0x9b4c36c60_2966;
v0x9b4c36c60_2967 .array/port v0x9b4c36c60, 2967;
v0x9b4c36c60_2968 .array/port v0x9b4c36c60, 2968;
v0x9b4c36c60_2969 .array/port v0x9b4c36c60, 2969;
v0x9b4c36c60_2970 .array/port v0x9b4c36c60, 2970;
E_0x9b50e6d80/742 .event anyedge, v0x9b4c36c60_2967, v0x9b4c36c60_2968, v0x9b4c36c60_2969, v0x9b4c36c60_2970;
v0x9b4c36c60_2971 .array/port v0x9b4c36c60, 2971;
v0x9b4c36c60_2972 .array/port v0x9b4c36c60, 2972;
v0x9b4c36c60_2973 .array/port v0x9b4c36c60, 2973;
v0x9b4c36c60_2974 .array/port v0x9b4c36c60, 2974;
E_0x9b50e6d80/743 .event anyedge, v0x9b4c36c60_2971, v0x9b4c36c60_2972, v0x9b4c36c60_2973, v0x9b4c36c60_2974;
v0x9b4c36c60_2975 .array/port v0x9b4c36c60, 2975;
v0x9b4c36c60_2976 .array/port v0x9b4c36c60, 2976;
v0x9b4c36c60_2977 .array/port v0x9b4c36c60, 2977;
v0x9b4c36c60_2978 .array/port v0x9b4c36c60, 2978;
E_0x9b50e6d80/744 .event anyedge, v0x9b4c36c60_2975, v0x9b4c36c60_2976, v0x9b4c36c60_2977, v0x9b4c36c60_2978;
v0x9b4c36c60_2979 .array/port v0x9b4c36c60, 2979;
v0x9b4c36c60_2980 .array/port v0x9b4c36c60, 2980;
v0x9b4c36c60_2981 .array/port v0x9b4c36c60, 2981;
v0x9b4c36c60_2982 .array/port v0x9b4c36c60, 2982;
E_0x9b50e6d80/745 .event anyedge, v0x9b4c36c60_2979, v0x9b4c36c60_2980, v0x9b4c36c60_2981, v0x9b4c36c60_2982;
v0x9b4c36c60_2983 .array/port v0x9b4c36c60, 2983;
v0x9b4c36c60_2984 .array/port v0x9b4c36c60, 2984;
v0x9b4c36c60_2985 .array/port v0x9b4c36c60, 2985;
v0x9b4c36c60_2986 .array/port v0x9b4c36c60, 2986;
E_0x9b50e6d80/746 .event anyedge, v0x9b4c36c60_2983, v0x9b4c36c60_2984, v0x9b4c36c60_2985, v0x9b4c36c60_2986;
v0x9b4c36c60_2987 .array/port v0x9b4c36c60, 2987;
v0x9b4c36c60_2988 .array/port v0x9b4c36c60, 2988;
v0x9b4c36c60_2989 .array/port v0x9b4c36c60, 2989;
v0x9b4c36c60_2990 .array/port v0x9b4c36c60, 2990;
E_0x9b50e6d80/747 .event anyedge, v0x9b4c36c60_2987, v0x9b4c36c60_2988, v0x9b4c36c60_2989, v0x9b4c36c60_2990;
v0x9b4c36c60_2991 .array/port v0x9b4c36c60, 2991;
v0x9b4c36c60_2992 .array/port v0x9b4c36c60, 2992;
v0x9b4c36c60_2993 .array/port v0x9b4c36c60, 2993;
v0x9b4c36c60_2994 .array/port v0x9b4c36c60, 2994;
E_0x9b50e6d80/748 .event anyedge, v0x9b4c36c60_2991, v0x9b4c36c60_2992, v0x9b4c36c60_2993, v0x9b4c36c60_2994;
v0x9b4c36c60_2995 .array/port v0x9b4c36c60, 2995;
v0x9b4c36c60_2996 .array/port v0x9b4c36c60, 2996;
v0x9b4c36c60_2997 .array/port v0x9b4c36c60, 2997;
v0x9b4c36c60_2998 .array/port v0x9b4c36c60, 2998;
E_0x9b50e6d80/749 .event anyedge, v0x9b4c36c60_2995, v0x9b4c36c60_2996, v0x9b4c36c60_2997, v0x9b4c36c60_2998;
v0x9b4c36c60_2999 .array/port v0x9b4c36c60, 2999;
v0x9b4c36c60_3000 .array/port v0x9b4c36c60, 3000;
v0x9b4c36c60_3001 .array/port v0x9b4c36c60, 3001;
v0x9b4c36c60_3002 .array/port v0x9b4c36c60, 3002;
E_0x9b50e6d80/750 .event anyedge, v0x9b4c36c60_2999, v0x9b4c36c60_3000, v0x9b4c36c60_3001, v0x9b4c36c60_3002;
v0x9b4c36c60_3003 .array/port v0x9b4c36c60, 3003;
v0x9b4c36c60_3004 .array/port v0x9b4c36c60, 3004;
v0x9b4c36c60_3005 .array/port v0x9b4c36c60, 3005;
v0x9b4c36c60_3006 .array/port v0x9b4c36c60, 3006;
E_0x9b50e6d80/751 .event anyedge, v0x9b4c36c60_3003, v0x9b4c36c60_3004, v0x9b4c36c60_3005, v0x9b4c36c60_3006;
v0x9b4c36c60_3007 .array/port v0x9b4c36c60, 3007;
v0x9b4c36c60_3008 .array/port v0x9b4c36c60, 3008;
v0x9b4c36c60_3009 .array/port v0x9b4c36c60, 3009;
v0x9b4c36c60_3010 .array/port v0x9b4c36c60, 3010;
E_0x9b50e6d80/752 .event anyedge, v0x9b4c36c60_3007, v0x9b4c36c60_3008, v0x9b4c36c60_3009, v0x9b4c36c60_3010;
v0x9b4c36c60_3011 .array/port v0x9b4c36c60, 3011;
v0x9b4c36c60_3012 .array/port v0x9b4c36c60, 3012;
v0x9b4c36c60_3013 .array/port v0x9b4c36c60, 3013;
v0x9b4c36c60_3014 .array/port v0x9b4c36c60, 3014;
E_0x9b50e6d80/753 .event anyedge, v0x9b4c36c60_3011, v0x9b4c36c60_3012, v0x9b4c36c60_3013, v0x9b4c36c60_3014;
v0x9b4c36c60_3015 .array/port v0x9b4c36c60, 3015;
v0x9b4c36c60_3016 .array/port v0x9b4c36c60, 3016;
v0x9b4c36c60_3017 .array/port v0x9b4c36c60, 3017;
v0x9b4c36c60_3018 .array/port v0x9b4c36c60, 3018;
E_0x9b50e6d80/754 .event anyedge, v0x9b4c36c60_3015, v0x9b4c36c60_3016, v0x9b4c36c60_3017, v0x9b4c36c60_3018;
v0x9b4c36c60_3019 .array/port v0x9b4c36c60, 3019;
v0x9b4c36c60_3020 .array/port v0x9b4c36c60, 3020;
v0x9b4c36c60_3021 .array/port v0x9b4c36c60, 3021;
v0x9b4c36c60_3022 .array/port v0x9b4c36c60, 3022;
E_0x9b50e6d80/755 .event anyedge, v0x9b4c36c60_3019, v0x9b4c36c60_3020, v0x9b4c36c60_3021, v0x9b4c36c60_3022;
v0x9b4c36c60_3023 .array/port v0x9b4c36c60, 3023;
v0x9b4c36c60_3024 .array/port v0x9b4c36c60, 3024;
v0x9b4c36c60_3025 .array/port v0x9b4c36c60, 3025;
v0x9b4c36c60_3026 .array/port v0x9b4c36c60, 3026;
E_0x9b50e6d80/756 .event anyedge, v0x9b4c36c60_3023, v0x9b4c36c60_3024, v0x9b4c36c60_3025, v0x9b4c36c60_3026;
v0x9b4c36c60_3027 .array/port v0x9b4c36c60, 3027;
v0x9b4c36c60_3028 .array/port v0x9b4c36c60, 3028;
v0x9b4c36c60_3029 .array/port v0x9b4c36c60, 3029;
v0x9b4c36c60_3030 .array/port v0x9b4c36c60, 3030;
E_0x9b50e6d80/757 .event anyedge, v0x9b4c36c60_3027, v0x9b4c36c60_3028, v0x9b4c36c60_3029, v0x9b4c36c60_3030;
v0x9b4c36c60_3031 .array/port v0x9b4c36c60, 3031;
v0x9b4c36c60_3032 .array/port v0x9b4c36c60, 3032;
v0x9b4c36c60_3033 .array/port v0x9b4c36c60, 3033;
v0x9b4c36c60_3034 .array/port v0x9b4c36c60, 3034;
E_0x9b50e6d80/758 .event anyedge, v0x9b4c36c60_3031, v0x9b4c36c60_3032, v0x9b4c36c60_3033, v0x9b4c36c60_3034;
v0x9b4c36c60_3035 .array/port v0x9b4c36c60, 3035;
v0x9b4c36c60_3036 .array/port v0x9b4c36c60, 3036;
v0x9b4c36c60_3037 .array/port v0x9b4c36c60, 3037;
v0x9b4c36c60_3038 .array/port v0x9b4c36c60, 3038;
E_0x9b50e6d80/759 .event anyedge, v0x9b4c36c60_3035, v0x9b4c36c60_3036, v0x9b4c36c60_3037, v0x9b4c36c60_3038;
v0x9b4c36c60_3039 .array/port v0x9b4c36c60, 3039;
v0x9b4c36c60_3040 .array/port v0x9b4c36c60, 3040;
v0x9b4c36c60_3041 .array/port v0x9b4c36c60, 3041;
v0x9b4c36c60_3042 .array/port v0x9b4c36c60, 3042;
E_0x9b50e6d80/760 .event anyedge, v0x9b4c36c60_3039, v0x9b4c36c60_3040, v0x9b4c36c60_3041, v0x9b4c36c60_3042;
v0x9b4c36c60_3043 .array/port v0x9b4c36c60, 3043;
v0x9b4c36c60_3044 .array/port v0x9b4c36c60, 3044;
v0x9b4c36c60_3045 .array/port v0x9b4c36c60, 3045;
v0x9b4c36c60_3046 .array/port v0x9b4c36c60, 3046;
E_0x9b50e6d80/761 .event anyedge, v0x9b4c36c60_3043, v0x9b4c36c60_3044, v0x9b4c36c60_3045, v0x9b4c36c60_3046;
v0x9b4c36c60_3047 .array/port v0x9b4c36c60, 3047;
v0x9b4c36c60_3048 .array/port v0x9b4c36c60, 3048;
v0x9b4c36c60_3049 .array/port v0x9b4c36c60, 3049;
v0x9b4c36c60_3050 .array/port v0x9b4c36c60, 3050;
E_0x9b50e6d80/762 .event anyedge, v0x9b4c36c60_3047, v0x9b4c36c60_3048, v0x9b4c36c60_3049, v0x9b4c36c60_3050;
v0x9b4c36c60_3051 .array/port v0x9b4c36c60, 3051;
v0x9b4c36c60_3052 .array/port v0x9b4c36c60, 3052;
v0x9b4c36c60_3053 .array/port v0x9b4c36c60, 3053;
v0x9b4c36c60_3054 .array/port v0x9b4c36c60, 3054;
E_0x9b50e6d80/763 .event anyedge, v0x9b4c36c60_3051, v0x9b4c36c60_3052, v0x9b4c36c60_3053, v0x9b4c36c60_3054;
v0x9b4c36c60_3055 .array/port v0x9b4c36c60, 3055;
v0x9b4c36c60_3056 .array/port v0x9b4c36c60, 3056;
v0x9b4c36c60_3057 .array/port v0x9b4c36c60, 3057;
v0x9b4c36c60_3058 .array/port v0x9b4c36c60, 3058;
E_0x9b50e6d80/764 .event anyedge, v0x9b4c36c60_3055, v0x9b4c36c60_3056, v0x9b4c36c60_3057, v0x9b4c36c60_3058;
v0x9b4c36c60_3059 .array/port v0x9b4c36c60, 3059;
v0x9b4c36c60_3060 .array/port v0x9b4c36c60, 3060;
v0x9b4c36c60_3061 .array/port v0x9b4c36c60, 3061;
v0x9b4c36c60_3062 .array/port v0x9b4c36c60, 3062;
E_0x9b50e6d80/765 .event anyedge, v0x9b4c36c60_3059, v0x9b4c36c60_3060, v0x9b4c36c60_3061, v0x9b4c36c60_3062;
v0x9b4c36c60_3063 .array/port v0x9b4c36c60, 3063;
v0x9b4c36c60_3064 .array/port v0x9b4c36c60, 3064;
v0x9b4c36c60_3065 .array/port v0x9b4c36c60, 3065;
v0x9b4c36c60_3066 .array/port v0x9b4c36c60, 3066;
E_0x9b50e6d80/766 .event anyedge, v0x9b4c36c60_3063, v0x9b4c36c60_3064, v0x9b4c36c60_3065, v0x9b4c36c60_3066;
v0x9b4c36c60_3067 .array/port v0x9b4c36c60, 3067;
v0x9b4c36c60_3068 .array/port v0x9b4c36c60, 3068;
v0x9b4c36c60_3069 .array/port v0x9b4c36c60, 3069;
v0x9b4c36c60_3070 .array/port v0x9b4c36c60, 3070;
E_0x9b50e6d80/767 .event anyedge, v0x9b4c36c60_3067, v0x9b4c36c60_3068, v0x9b4c36c60_3069, v0x9b4c36c60_3070;
v0x9b4c36c60_3071 .array/port v0x9b4c36c60, 3071;
v0x9b4c36c60_3072 .array/port v0x9b4c36c60, 3072;
v0x9b4c36c60_3073 .array/port v0x9b4c36c60, 3073;
v0x9b4c36c60_3074 .array/port v0x9b4c36c60, 3074;
E_0x9b50e6d80/768 .event anyedge, v0x9b4c36c60_3071, v0x9b4c36c60_3072, v0x9b4c36c60_3073, v0x9b4c36c60_3074;
v0x9b4c36c60_3075 .array/port v0x9b4c36c60, 3075;
v0x9b4c36c60_3076 .array/port v0x9b4c36c60, 3076;
v0x9b4c36c60_3077 .array/port v0x9b4c36c60, 3077;
v0x9b4c36c60_3078 .array/port v0x9b4c36c60, 3078;
E_0x9b50e6d80/769 .event anyedge, v0x9b4c36c60_3075, v0x9b4c36c60_3076, v0x9b4c36c60_3077, v0x9b4c36c60_3078;
v0x9b4c36c60_3079 .array/port v0x9b4c36c60, 3079;
v0x9b4c36c60_3080 .array/port v0x9b4c36c60, 3080;
v0x9b4c36c60_3081 .array/port v0x9b4c36c60, 3081;
v0x9b4c36c60_3082 .array/port v0x9b4c36c60, 3082;
E_0x9b50e6d80/770 .event anyedge, v0x9b4c36c60_3079, v0x9b4c36c60_3080, v0x9b4c36c60_3081, v0x9b4c36c60_3082;
v0x9b4c36c60_3083 .array/port v0x9b4c36c60, 3083;
v0x9b4c36c60_3084 .array/port v0x9b4c36c60, 3084;
v0x9b4c36c60_3085 .array/port v0x9b4c36c60, 3085;
v0x9b4c36c60_3086 .array/port v0x9b4c36c60, 3086;
E_0x9b50e6d80/771 .event anyedge, v0x9b4c36c60_3083, v0x9b4c36c60_3084, v0x9b4c36c60_3085, v0x9b4c36c60_3086;
v0x9b4c36c60_3087 .array/port v0x9b4c36c60, 3087;
v0x9b4c36c60_3088 .array/port v0x9b4c36c60, 3088;
v0x9b4c36c60_3089 .array/port v0x9b4c36c60, 3089;
v0x9b4c36c60_3090 .array/port v0x9b4c36c60, 3090;
E_0x9b50e6d80/772 .event anyedge, v0x9b4c36c60_3087, v0x9b4c36c60_3088, v0x9b4c36c60_3089, v0x9b4c36c60_3090;
v0x9b4c36c60_3091 .array/port v0x9b4c36c60, 3091;
v0x9b4c36c60_3092 .array/port v0x9b4c36c60, 3092;
v0x9b4c36c60_3093 .array/port v0x9b4c36c60, 3093;
v0x9b4c36c60_3094 .array/port v0x9b4c36c60, 3094;
E_0x9b50e6d80/773 .event anyedge, v0x9b4c36c60_3091, v0x9b4c36c60_3092, v0x9b4c36c60_3093, v0x9b4c36c60_3094;
v0x9b4c36c60_3095 .array/port v0x9b4c36c60, 3095;
v0x9b4c36c60_3096 .array/port v0x9b4c36c60, 3096;
v0x9b4c36c60_3097 .array/port v0x9b4c36c60, 3097;
v0x9b4c36c60_3098 .array/port v0x9b4c36c60, 3098;
E_0x9b50e6d80/774 .event anyedge, v0x9b4c36c60_3095, v0x9b4c36c60_3096, v0x9b4c36c60_3097, v0x9b4c36c60_3098;
v0x9b4c36c60_3099 .array/port v0x9b4c36c60, 3099;
v0x9b4c36c60_3100 .array/port v0x9b4c36c60, 3100;
v0x9b4c36c60_3101 .array/port v0x9b4c36c60, 3101;
v0x9b4c36c60_3102 .array/port v0x9b4c36c60, 3102;
E_0x9b50e6d80/775 .event anyedge, v0x9b4c36c60_3099, v0x9b4c36c60_3100, v0x9b4c36c60_3101, v0x9b4c36c60_3102;
v0x9b4c36c60_3103 .array/port v0x9b4c36c60, 3103;
v0x9b4c36c60_3104 .array/port v0x9b4c36c60, 3104;
v0x9b4c36c60_3105 .array/port v0x9b4c36c60, 3105;
v0x9b4c36c60_3106 .array/port v0x9b4c36c60, 3106;
E_0x9b50e6d80/776 .event anyedge, v0x9b4c36c60_3103, v0x9b4c36c60_3104, v0x9b4c36c60_3105, v0x9b4c36c60_3106;
v0x9b4c36c60_3107 .array/port v0x9b4c36c60, 3107;
v0x9b4c36c60_3108 .array/port v0x9b4c36c60, 3108;
v0x9b4c36c60_3109 .array/port v0x9b4c36c60, 3109;
v0x9b4c36c60_3110 .array/port v0x9b4c36c60, 3110;
E_0x9b50e6d80/777 .event anyedge, v0x9b4c36c60_3107, v0x9b4c36c60_3108, v0x9b4c36c60_3109, v0x9b4c36c60_3110;
v0x9b4c36c60_3111 .array/port v0x9b4c36c60, 3111;
v0x9b4c36c60_3112 .array/port v0x9b4c36c60, 3112;
v0x9b4c36c60_3113 .array/port v0x9b4c36c60, 3113;
v0x9b4c36c60_3114 .array/port v0x9b4c36c60, 3114;
E_0x9b50e6d80/778 .event anyedge, v0x9b4c36c60_3111, v0x9b4c36c60_3112, v0x9b4c36c60_3113, v0x9b4c36c60_3114;
v0x9b4c36c60_3115 .array/port v0x9b4c36c60, 3115;
v0x9b4c36c60_3116 .array/port v0x9b4c36c60, 3116;
v0x9b4c36c60_3117 .array/port v0x9b4c36c60, 3117;
v0x9b4c36c60_3118 .array/port v0x9b4c36c60, 3118;
E_0x9b50e6d80/779 .event anyedge, v0x9b4c36c60_3115, v0x9b4c36c60_3116, v0x9b4c36c60_3117, v0x9b4c36c60_3118;
v0x9b4c36c60_3119 .array/port v0x9b4c36c60, 3119;
v0x9b4c36c60_3120 .array/port v0x9b4c36c60, 3120;
v0x9b4c36c60_3121 .array/port v0x9b4c36c60, 3121;
v0x9b4c36c60_3122 .array/port v0x9b4c36c60, 3122;
E_0x9b50e6d80/780 .event anyedge, v0x9b4c36c60_3119, v0x9b4c36c60_3120, v0x9b4c36c60_3121, v0x9b4c36c60_3122;
v0x9b4c36c60_3123 .array/port v0x9b4c36c60, 3123;
v0x9b4c36c60_3124 .array/port v0x9b4c36c60, 3124;
v0x9b4c36c60_3125 .array/port v0x9b4c36c60, 3125;
v0x9b4c36c60_3126 .array/port v0x9b4c36c60, 3126;
E_0x9b50e6d80/781 .event anyedge, v0x9b4c36c60_3123, v0x9b4c36c60_3124, v0x9b4c36c60_3125, v0x9b4c36c60_3126;
v0x9b4c36c60_3127 .array/port v0x9b4c36c60, 3127;
v0x9b4c36c60_3128 .array/port v0x9b4c36c60, 3128;
v0x9b4c36c60_3129 .array/port v0x9b4c36c60, 3129;
v0x9b4c36c60_3130 .array/port v0x9b4c36c60, 3130;
E_0x9b50e6d80/782 .event anyedge, v0x9b4c36c60_3127, v0x9b4c36c60_3128, v0x9b4c36c60_3129, v0x9b4c36c60_3130;
v0x9b4c36c60_3131 .array/port v0x9b4c36c60, 3131;
v0x9b4c36c60_3132 .array/port v0x9b4c36c60, 3132;
v0x9b4c36c60_3133 .array/port v0x9b4c36c60, 3133;
v0x9b4c36c60_3134 .array/port v0x9b4c36c60, 3134;
E_0x9b50e6d80/783 .event anyedge, v0x9b4c36c60_3131, v0x9b4c36c60_3132, v0x9b4c36c60_3133, v0x9b4c36c60_3134;
v0x9b4c36c60_3135 .array/port v0x9b4c36c60, 3135;
v0x9b4c36c60_3136 .array/port v0x9b4c36c60, 3136;
v0x9b4c36c60_3137 .array/port v0x9b4c36c60, 3137;
v0x9b4c36c60_3138 .array/port v0x9b4c36c60, 3138;
E_0x9b50e6d80/784 .event anyedge, v0x9b4c36c60_3135, v0x9b4c36c60_3136, v0x9b4c36c60_3137, v0x9b4c36c60_3138;
v0x9b4c36c60_3139 .array/port v0x9b4c36c60, 3139;
v0x9b4c36c60_3140 .array/port v0x9b4c36c60, 3140;
v0x9b4c36c60_3141 .array/port v0x9b4c36c60, 3141;
v0x9b4c36c60_3142 .array/port v0x9b4c36c60, 3142;
E_0x9b50e6d80/785 .event anyedge, v0x9b4c36c60_3139, v0x9b4c36c60_3140, v0x9b4c36c60_3141, v0x9b4c36c60_3142;
v0x9b4c36c60_3143 .array/port v0x9b4c36c60, 3143;
v0x9b4c36c60_3144 .array/port v0x9b4c36c60, 3144;
v0x9b4c36c60_3145 .array/port v0x9b4c36c60, 3145;
v0x9b4c36c60_3146 .array/port v0x9b4c36c60, 3146;
E_0x9b50e6d80/786 .event anyedge, v0x9b4c36c60_3143, v0x9b4c36c60_3144, v0x9b4c36c60_3145, v0x9b4c36c60_3146;
v0x9b4c36c60_3147 .array/port v0x9b4c36c60, 3147;
v0x9b4c36c60_3148 .array/port v0x9b4c36c60, 3148;
v0x9b4c36c60_3149 .array/port v0x9b4c36c60, 3149;
v0x9b4c36c60_3150 .array/port v0x9b4c36c60, 3150;
E_0x9b50e6d80/787 .event anyedge, v0x9b4c36c60_3147, v0x9b4c36c60_3148, v0x9b4c36c60_3149, v0x9b4c36c60_3150;
v0x9b4c36c60_3151 .array/port v0x9b4c36c60, 3151;
v0x9b4c36c60_3152 .array/port v0x9b4c36c60, 3152;
v0x9b4c36c60_3153 .array/port v0x9b4c36c60, 3153;
v0x9b4c36c60_3154 .array/port v0x9b4c36c60, 3154;
E_0x9b50e6d80/788 .event anyedge, v0x9b4c36c60_3151, v0x9b4c36c60_3152, v0x9b4c36c60_3153, v0x9b4c36c60_3154;
v0x9b4c36c60_3155 .array/port v0x9b4c36c60, 3155;
v0x9b4c36c60_3156 .array/port v0x9b4c36c60, 3156;
v0x9b4c36c60_3157 .array/port v0x9b4c36c60, 3157;
v0x9b4c36c60_3158 .array/port v0x9b4c36c60, 3158;
E_0x9b50e6d80/789 .event anyedge, v0x9b4c36c60_3155, v0x9b4c36c60_3156, v0x9b4c36c60_3157, v0x9b4c36c60_3158;
v0x9b4c36c60_3159 .array/port v0x9b4c36c60, 3159;
v0x9b4c36c60_3160 .array/port v0x9b4c36c60, 3160;
v0x9b4c36c60_3161 .array/port v0x9b4c36c60, 3161;
v0x9b4c36c60_3162 .array/port v0x9b4c36c60, 3162;
E_0x9b50e6d80/790 .event anyedge, v0x9b4c36c60_3159, v0x9b4c36c60_3160, v0x9b4c36c60_3161, v0x9b4c36c60_3162;
v0x9b4c36c60_3163 .array/port v0x9b4c36c60, 3163;
v0x9b4c36c60_3164 .array/port v0x9b4c36c60, 3164;
v0x9b4c36c60_3165 .array/port v0x9b4c36c60, 3165;
v0x9b4c36c60_3166 .array/port v0x9b4c36c60, 3166;
E_0x9b50e6d80/791 .event anyedge, v0x9b4c36c60_3163, v0x9b4c36c60_3164, v0x9b4c36c60_3165, v0x9b4c36c60_3166;
v0x9b4c36c60_3167 .array/port v0x9b4c36c60, 3167;
v0x9b4c36c60_3168 .array/port v0x9b4c36c60, 3168;
v0x9b4c36c60_3169 .array/port v0x9b4c36c60, 3169;
v0x9b4c36c60_3170 .array/port v0x9b4c36c60, 3170;
E_0x9b50e6d80/792 .event anyedge, v0x9b4c36c60_3167, v0x9b4c36c60_3168, v0x9b4c36c60_3169, v0x9b4c36c60_3170;
v0x9b4c36c60_3171 .array/port v0x9b4c36c60, 3171;
v0x9b4c36c60_3172 .array/port v0x9b4c36c60, 3172;
v0x9b4c36c60_3173 .array/port v0x9b4c36c60, 3173;
v0x9b4c36c60_3174 .array/port v0x9b4c36c60, 3174;
E_0x9b50e6d80/793 .event anyedge, v0x9b4c36c60_3171, v0x9b4c36c60_3172, v0x9b4c36c60_3173, v0x9b4c36c60_3174;
v0x9b4c36c60_3175 .array/port v0x9b4c36c60, 3175;
v0x9b4c36c60_3176 .array/port v0x9b4c36c60, 3176;
v0x9b4c36c60_3177 .array/port v0x9b4c36c60, 3177;
v0x9b4c36c60_3178 .array/port v0x9b4c36c60, 3178;
E_0x9b50e6d80/794 .event anyedge, v0x9b4c36c60_3175, v0x9b4c36c60_3176, v0x9b4c36c60_3177, v0x9b4c36c60_3178;
v0x9b4c36c60_3179 .array/port v0x9b4c36c60, 3179;
v0x9b4c36c60_3180 .array/port v0x9b4c36c60, 3180;
v0x9b4c36c60_3181 .array/port v0x9b4c36c60, 3181;
v0x9b4c36c60_3182 .array/port v0x9b4c36c60, 3182;
E_0x9b50e6d80/795 .event anyedge, v0x9b4c36c60_3179, v0x9b4c36c60_3180, v0x9b4c36c60_3181, v0x9b4c36c60_3182;
v0x9b4c36c60_3183 .array/port v0x9b4c36c60, 3183;
v0x9b4c36c60_3184 .array/port v0x9b4c36c60, 3184;
v0x9b4c36c60_3185 .array/port v0x9b4c36c60, 3185;
v0x9b4c36c60_3186 .array/port v0x9b4c36c60, 3186;
E_0x9b50e6d80/796 .event anyedge, v0x9b4c36c60_3183, v0x9b4c36c60_3184, v0x9b4c36c60_3185, v0x9b4c36c60_3186;
v0x9b4c36c60_3187 .array/port v0x9b4c36c60, 3187;
v0x9b4c36c60_3188 .array/port v0x9b4c36c60, 3188;
v0x9b4c36c60_3189 .array/port v0x9b4c36c60, 3189;
v0x9b4c36c60_3190 .array/port v0x9b4c36c60, 3190;
E_0x9b50e6d80/797 .event anyedge, v0x9b4c36c60_3187, v0x9b4c36c60_3188, v0x9b4c36c60_3189, v0x9b4c36c60_3190;
v0x9b4c36c60_3191 .array/port v0x9b4c36c60, 3191;
v0x9b4c36c60_3192 .array/port v0x9b4c36c60, 3192;
v0x9b4c36c60_3193 .array/port v0x9b4c36c60, 3193;
v0x9b4c36c60_3194 .array/port v0x9b4c36c60, 3194;
E_0x9b50e6d80/798 .event anyedge, v0x9b4c36c60_3191, v0x9b4c36c60_3192, v0x9b4c36c60_3193, v0x9b4c36c60_3194;
v0x9b4c36c60_3195 .array/port v0x9b4c36c60, 3195;
v0x9b4c36c60_3196 .array/port v0x9b4c36c60, 3196;
v0x9b4c36c60_3197 .array/port v0x9b4c36c60, 3197;
v0x9b4c36c60_3198 .array/port v0x9b4c36c60, 3198;
E_0x9b50e6d80/799 .event anyedge, v0x9b4c36c60_3195, v0x9b4c36c60_3196, v0x9b4c36c60_3197, v0x9b4c36c60_3198;
v0x9b4c36c60_3199 .array/port v0x9b4c36c60, 3199;
v0x9b4c36c60_3200 .array/port v0x9b4c36c60, 3200;
v0x9b4c36c60_3201 .array/port v0x9b4c36c60, 3201;
v0x9b4c36c60_3202 .array/port v0x9b4c36c60, 3202;
E_0x9b50e6d80/800 .event anyedge, v0x9b4c36c60_3199, v0x9b4c36c60_3200, v0x9b4c36c60_3201, v0x9b4c36c60_3202;
v0x9b4c36c60_3203 .array/port v0x9b4c36c60, 3203;
v0x9b4c36c60_3204 .array/port v0x9b4c36c60, 3204;
v0x9b4c36c60_3205 .array/port v0x9b4c36c60, 3205;
v0x9b4c36c60_3206 .array/port v0x9b4c36c60, 3206;
E_0x9b50e6d80/801 .event anyedge, v0x9b4c36c60_3203, v0x9b4c36c60_3204, v0x9b4c36c60_3205, v0x9b4c36c60_3206;
v0x9b4c36c60_3207 .array/port v0x9b4c36c60, 3207;
v0x9b4c36c60_3208 .array/port v0x9b4c36c60, 3208;
v0x9b4c36c60_3209 .array/port v0x9b4c36c60, 3209;
v0x9b4c36c60_3210 .array/port v0x9b4c36c60, 3210;
E_0x9b50e6d80/802 .event anyedge, v0x9b4c36c60_3207, v0x9b4c36c60_3208, v0x9b4c36c60_3209, v0x9b4c36c60_3210;
v0x9b4c36c60_3211 .array/port v0x9b4c36c60, 3211;
v0x9b4c36c60_3212 .array/port v0x9b4c36c60, 3212;
v0x9b4c36c60_3213 .array/port v0x9b4c36c60, 3213;
v0x9b4c36c60_3214 .array/port v0x9b4c36c60, 3214;
E_0x9b50e6d80/803 .event anyedge, v0x9b4c36c60_3211, v0x9b4c36c60_3212, v0x9b4c36c60_3213, v0x9b4c36c60_3214;
v0x9b4c36c60_3215 .array/port v0x9b4c36c60, 3215;
v0x9b4c36c60_3216 .array/port v0x9b4c36c60, 3216;
v0x9b4c36c60_3217 .array/port v0x9b4c36c60, 3217;
v0x9b4c36c60_3218 .array/port v0x9b4c36c60, 3218;
E_0x9b50e6d80/804 .event anyedge, v0x9b4c36c60_3215, v0x9b4c36c60_3216, v0x9b4c36c60_3217, v0x9b4c36c60_3218;
v0x9b4c36c60_3219 .array/port v0x9b4c36c60, 3219;
v0x9b4c36c60_3220 .array/port v0x9b4c36c60, 3220;
v0x9b4c36c60_3221 .array/port v0x9b4c36c60, 3221;
v0x9b4c36c60_3222 .array/port v0x9b4c36c60, 3222;
E_0x9b50e6d80/805 .event anyedge, v0x9b4c36c60_3219, v0x9b4c36c60_3220, v0x9b4c36c60_3221, v0x9b4c36c60_3222;
v0x9b4c36c60_3223 .array/port v0x9b4c36c60, 3223;
v0x9b4c36c60_3224 .array/port v0x9b4c36c60, 3224;
v0x9b4c36c60_3225 .array/port v0x9b4c36c60, 3225;
v0x9b4c36c60_3226 .array/port v0x9b4c36c60, 3226;
E_0x9b50e6d80/806 .event anyedge, v0x9b4c36c60_3223, v0x9b4c36c60_3224, v0x9b4c36c60_3225, v0x9b4c36c60_3226;
v0x9b4c36c60_3227 .array/port v0x9b4c36c60, 3227;
v0x9b4c36c60_3228 .array/port v0x9b4c36c60, 3228;
v0x9b4c36c60_3229 .array/port v0x9b4c36c60, 3229;
v0x9b4c36c60_3230 .array/port v0x9b4c36c60, 3230;
E_0x9b50e6d80/807 .event anyedge, v0x9b4c36c60_3227, v0x9b4c36c60_3228, v0x9b4c36c60_3229, v0x9b4c36c60_3230;
v0x9b4c36c60_3231 .array/port v0x9b4c36c60, 3231;
v0x9b4c36c60_3232 .array/port v0x9b4c36c60, 3232;
v0x9b4c36c60_3233 .array/port v0x9b4c36c60, 3233;
v0x9b4c36c60_3234 .array/port v0x9b4c36c60, 3234;
E_0x9b50e6d80/808 .event anyedge, v0x9b4c36c60_3231, v0x9b4c36c60_3232, v0x9b4c36c60_3233, v0x9b4c36c60_3234;
v0x9b4c36c60_3235 .array/port v0x9b4c36c60, 3235;
v0x9b4c36c60_3236 .array/port v0x9b4c36c60, 3236;
v0x9b4c36c60_3237 .array/port v0x9b4c36c60, 3237;
v0x9b4c36c60_3238 .array/port v0x9b4c36c60, 3238;
E_0x9b50e6d80/809 .event anyedge, v0x9b4c36c60_3235, v0x9b4c36c60_3236, v0x9b4c36c60_3237, v0x9b4c36c60_3238;
v0x9b4c36c60_3239 .array/port v0x9b4c36c60, 3239;
v0x9b4c36c60_3240 .array/port v0x9b4c36c60, 3240;
v0x9b4c36c60_3241 .array/port v0x9b4c36c60, 3241;
v0x9b4c36c60_3242 .array/port v0x9b4c36c60, 3242;
E_0x9b50e6d80/810 .event anyedge, v0x9b4c36c60_3239, v0x9b4c36c60_3240, v0x9b4c36c60_3241, v0x9b4c36c60_3242;
v0x9b4c36c60_3243 .array/port v0x9b4c36c60, 3243;
v0x9b4c36c60_3244 .array/port v0x9b4c36c60, 3244;
v0x9b4c36c60_3245 .array/port v0x9b4c36c60, 3245;
v0x9b4c36c60_3246 .array/port v0x9b4c36c60, 3246;
E_0x9b50e6d80/811 .event anyedge, v0x9b4c36c60_3243, v0x9b4c36c60_3244, v0x9b4c36c60_3245, v0x9b4c36c60_3246;
v0x9b4c36c60_3247 .array/port v0x9b4c36c60, 3247;
v0x9b4c36c60_3248 .array/port v0x9b4c36c60, 3248;
v0x9b4c36c60_3249 .array/port v0x9b4c36c60, 3249;
v0x9b4c36c60_3250 .array/port v0x9b4c36c60, 3250;
E_0x9b50e6d80/812 .event anyedge, v0x9b4c36c60_3247, v0x9b4c36c60_3248, v0x9b4c36c60_3249, v0x9b4c36c60_3250;
v0x9b4c36c60_3251 .array/port v0x9b4c36c60, 3251;
v0x9b4c36c60_3252 .array/port v0x9b4c36c60, 3252;
v0x9b4c36c60_3253 .array/port v0x9b4c36c60, 3253;
v0x9b4c36c60_3254 .array/port v0x9b4c36c60, 3254;
E_0x9b50e6d80/813 .event anyedge, v0x9b4c36c60_3251, v0x9b4c36c60_3252, v0x9b4c36c60_3253, v0x9b4c36c60_3254;
v0x9b4c36c60_3255 .array/port v0x9b4c36c60, 3255;
v0x9b4c36c60_3256 .array/port v0x9b4c36c60, 3256;
v0x9b4c36c60_3257 .array/port v0x9b4c36c60, 3257;
v0x9b4c36c60_3258 .array/port v0x9b4c36c60, 3258;
E_0x9b50e6d80/814 .event anyedge, v0x9b4c36c60_3255, v0x9b4c36c60_3256, v0x9b4c36c60_3257, v0x9b4c36c60_3258;
v0x9b4c36c60_3259 .array/port v0x9b4c36c60, 3259;
v0x9b4c36c60_3260 .array/port v0x9b4c36c60, 3260;
v0x9b4c36c60_3261 .array/port v0x9b4c36c60, 3261;
v0x9b4c36c60_3262 .array/port v0x9b4c36c60, 3262;
E_0x9b50e6d80/815 .event anyedge, v0x9b4c36c60_3259, v0x9b4c36c60_3260, v0x9b4c36c60_3261, v0x9b4c36c60_3262;
v0x9b4c36c60_3263 .array/port v0x9b4c36c60, 3263;
v0x9b4c36c60_3264 .array/port v0x9b4c36c60, 3264;
v0x9b4c36c60_3265 .array/port v0x9b4c36c60, 3265;
v0x9b4c36c60_3266 .array/port v0x9b4c36c60, 3266;
E_0x9b50e6d80/816 .event anyedge, v0x9b4c36c60_3263, v0x9b4c36c60_3264, v0x9b4c36c60_3265, v0x9b4c36c60_3266;
v0x9b4c36c60_3267 .array/port v0x9b4c36c60, 3267;
v0x9b4c36c60_3268 .array/port v0x9b4c36c60, 3268;
v0x9b4c36c60_3269 .array/port v0x9b4c36c60, 3269;
v0x9b4c36c60_3270 .array/port v0x9b4c36c60, 3270;
E_0x9b50e6d80/817 .event anyedge, v0x9b4c36c60_3267, v0x9b4c36c60_3268, v0x9b4c36c60_3269, v0x9b4c36c60_3270;
v0x9b4c36c60_3271 .array/port v0x9b4c36c60, 3271;
v0x9b4c36c60_3272 .array/port v0x9b4c36c60, 3272;
v0x9b4c36c60_3273 .array/port v0x9b4c36c60, 3273;
v0x9b4c36c60_3274 .array/port v0x9b4c36c60, 3274;
E_0x9b50e6d80/818 .event anyedge, v0x9b4c36c60_3271, v0x9b4c36c60_3272, v0x9b4c36c60_3273, v0x9b4c36c60_3274;
v0x9b4c36c60_3275 .array/port v0x9b4c36c60, 3275;
v0x9b4c36c60_3276 .array/port v0x9b4c36c60, 3276;
v0x9b4c36c60_3277 .array/port v0x9b4c36c60, 3277;
v0x9b4c36c60_3278 .array/port v0x9b4c36c60, 3278;
E_0x9b50e6d80/819 .event anyedge, v0x9b4c36c60_3275, v0x9b4c36c60_3276, v0x9b4c36c60_3277, v0x9b4c36c60_3278;
v0x9b4c36c60_3279 .array/port v0x9b4c36c60, 3279;
v0x9b4c36c60_3280 .array/port v0x9b4c36c60, 3280;
v0x9b4c36c60_3281 .array/port v0x9b4c36c60, 3281;
v0x9b4c36c60_3282 .array/port v0x9b4c36c60, 3282;
E_0x9b50e6d80/820 .event anyedge, v0x9b4c36c60_3279, v0x9b4c36c60_3280, v0x9b4c36c60_3281, v0x9b4c36c60_3282;
v0x9b4c36c60_3283 .array/port v0x9b4c36c60, 3283;
v0x9b4c36c60_3284 .array/port v0x9b4c36c60, 3284;
v0x9b4c36c60_3285 .array/port v0x9b4c36c60, 3285;
v0x9b4c36c60_3286 .array/port v0x9b4c36c60, 3286;
E_0x9b50e6d80/821 .event anyedge, v0x9b4c36c60_3283, v0x9b4c36c60_3284, v0x9b4c36c60_3285, v0x9b4c36c60_3286;
v0x9b4c36c60_3287 .array/port v0x9b4c36c60, 3287;
v0x9b4c36c60_3288 .array/port v0x9b4c36c60, 3288;
v0x9b4c36c60_3289 .array/port v0x9b4c36c60, 3289;
v0x9b4c36c60_3290 .array/port v0x9b4c36c60, 3290;
E_0x9b50e6d80/822 .event anyedge, v0x9b4c36c60_3287, v0x9b4c36c60_3288, v0x9b4c36c60_3289, v0x9b4c36c60_3290;
v0x9b4c36c60_3291 .array/port v0x9b4c36c60, 3291;
v0x9b4c36c60_3292 .array/port v0x9b4c36c60, 3292;
v0x9b4c36c60_3293 .array/port v0x9b4c36c60, 3293;
v0x9b4c36c60_3294 .array/port v0x9b4c36c60, 3294;
E_0x9b50e6d80/823 .event anyedge, v0x9b4c36c60_3291, v0x9b4c36c60_3292, v0x9b4c36c60_3293, v0x9b4c36c60_3294;
v0x9b4c36c60_3295 .array/port v0x9b4c36c60, 3295;
v0x9b4c36c60_3296 .array/port v0x9b4c36c60, 3296;
v0x9b4c36c60_3297 .array/port v0x9b4c36c60, 3297;
v0x9b4c36c60_3298 .array/port v0x9b4c36c60, 3298;
E_0x9b50e6d80/824 .event anyedge, v0x9b4c36c60_3295, v0x9b4c36c60_3296, v0x9b4c36c60_3297, v0x9b4c36c60_3298;
v0x9b4c36c60_3299 .array/port v0x9b4c36c60, 3299;
v0x9b4c36c60_3300 .array/port v0x9b4c36c60, 3300;
v0x9b4c36c60_3301 .array/port v0x9b4c36c60, 3301;
v0x9b4c36c60_3302 .array/port v0x9b4c36c60, 3302;
E_0x9b50e6d80/825 .event anyedge, v0x9b4c36c60_3299, v0x9b4c36c60_3300, v0x9b4c36c60_3301, v0x9b4c36c60_3302;
v0x9b4c36c60_3303 .array/port v0x9b4c36c60, 3303;
v0x9b4c36c60_3304 .array/port v0x9b4c36c60, 3304;
v0x9b4c36c60_3305 .array/port v0x9b4c36c60, 3305;
v0x9b4c36c60_3306 .array/port v0x9b4c36c60, 3306;
E_0x9b50e6d80/826 .event anyedge, v0x9b4c36c60_3303, v0x9b4c36c60_3304, v0x9b4c36c60_3305, v0x9b4c36c60_3306;
v0x9b4c36c60_3307 .array/port v0x9b4c36c60, 3307;
v0x9b4c36c60_3308 .array/port v0x9b4c36c60, 3308;
v0x9b4c36c60_3309 .array/port v0x9b4c36c60, 3309;
v0x9b4c36c60_3310 .array/port v0x9b4c36c60, 3310;
E_0x9b50e6d80/827 .event anyedge, v0x9b4c36c60_3307, v0x9b4c36c60_3308, v0x9b4c36c60_3309, v0x9b4c36c60_3310;
v0x9b4c36c60_3311 .array/port v0x9b4c36c60, 3311;
v0x9b4c36c60_3312 .array/port v0x9b4c36c60, 3312;
v0x9b4c36c60_3313 .array/port v0x9b4c36c60, 3313;
v0x9b4c36c60_3314 .array/port v0x9b4c36c60, 3314;
E_0x9b50e6d80/828 .event anyedge, v0x9b4c36c60_3311, v0x9b4c36c60_3312, v0x9b4c36c60_3313, v0x9b4c36c60_3314;
v0x9b4c36c60_3315 .array/port v0x9b4c36c60, 3315;
v0x9b4c36c60_3316 .array/port v0x9b4c36c60, 3316;
v0x9b4c36c60_3317 .array/port v0x9b4c36c60, 3317;
v0x9b4c36c60_3318 .array/port v0x9b4c36c60, 3318;
E_0x9b50e6d80/829 .event anyedge, v0x9b4c36c60_3315, v0x9b4c36c60_3316, v0x9b4c36c60_3317, v0x9b4c36c60_3318;
v0x9b4c36c60_3319 .array/port v0x9b4c36c60, 3319;
v0x9b4c36c60_3320 .array/port v0x9b4c36c60, 3320;
v0x9b4c36c60_3321 .array/port v0x9b4c36c60, 3321;
v0x9b4c36c60_3322 .array/port v0x9b4c36c60, 3322;
E_0x9b50e6d80/830 .event anyedge, v0x9b4c36c60_3319, v0x9b4c36c60_3320, v0x9b4c36c60_3321, v0x9b4c36c60_3322;
v0x9b4c36c60_3323 .array/port v0x9b4c36c60, 3323;
v0x9b4c36c60_3324 .array/port v0x9b4c36c60, 3324;
v0x9b4c36c60_3325 .array/port v0x9b4c36c60, 3325;
v0x9b4c36c60_3326 .array/port v0x9b4c36c60, 3326;
E_0x9b50e6d80/831 .event anyedge, v0x9b4c36c60_3323, v0x9b4c36c60_3324, v0x9b4c36c60_3325, v0x9b4c36c60_3326;
v0x9b4c36c60_3327 .array/port v0x9b4c36c60, 3327;
v0x9b4c36c60_3328 .array/port v0x9b4c36c60, 3328;
v0x9b4c36c60_3329 .array/port v0x9b4c36c60, 3329;
v0x9b4c36c60_3330 .array/port v0x9b4c36c60, 3330;
E_0x9b50e6d80/832 .event anyedge, v0x9b4c36c60_3327, v0x9b4c36c60_3328, v0x9b4c36c60_3329, v0x9b4c36c60_3330;
v0x9b4c36c60_3331 .array/port v0x9b4c36c60, 3331;
v0x9b4c36c60_3332 .array/port v0x9b4c36c60, 3332;
v0x9b4c36c60_3333 .array/port v0x9b4c36c60, 3333;
v0x9b4c36c60_3334 .array/port v0x9b4c36c60, 3334;
E_0x9b50e6d80/833 .event anyedge, v0x9b4c36c60_3331, v0x9b4c36c60_3332, v0x9b4c36c60_3333, v0x9b4c36c60_3334;
v0x9b4c36c60_3335 .array/port v0x9b4c36c60, 3335;
v0x9b4c36c60_3336 .array/port v0x9b4c36c60, 3336;
v0x9b4c36c60_3337 .array/port v0x9b4c36c60, 3337;
v0x9b4c36c60_3338 .array/port v0x9b4c36c60, 3338;
E_0x9b50e6d80/834 .event anyedge, v0x9b4c36c60_3335, v0x9b4c36c60_3336, v0x9b4c36c60_3337, v0x9b4c36c60_3338;
v0x9b4c36c60_3339 .array/port v0x9b4c36c60, 3339;
v0x9b4c36c60_3340 .array/port v0x9b4c36c60, 3340;
v0x9b4c36c60_3341 .array/port v0x9b4c36c60, 3341;
v0x9b4c36c60_3342 .array/port v0x9b4c36c60, 3342;
E_0x9b50e6d80/835 .event anyedge, v0x9b4c36c60_3339, v0x9b4c36c60_3340, v0x9b4c36c60_3341, v0x9b4c36c60_3342;
v0x9b4c36c60_3343 .array/port v0x9b4c36c60, 3343;
v0x9b4c36c60_3344 .array/port v0x9b4c36c60, 3344;
v0x9b4c36c60_3345 .array/port v0x9b4c36c60, 3345;
v0x9b4c36c60_3346 .array/port v0x9b4c36c60, 3346;
E_0x9b50e6d80/836 .event anyedge, v0x9b4c36c60_3343, v0x9b4c36c60_3344, v0x9b4c36c60_3345, v0x9b4c36c60_3346;
v0x9b4c36c60_3347 .array/port v0x9b4c36c60, 3347;
v0x9b4c36c60_3348 .array/port v0x9b4c36c60, 3348;
v0x9b4c36c60_3349 .array/port v0x9b4c36c60, 3349;
v0x9b4c36c60_3350 .array/port v0x9b4c36c60, 3350;
E_0x9b50e6d80/837 .event anyedge, v0x9b4c36c60_3347, v0x9b4c36c60_3348, v0x9b4c36c60_3349, v0x9b4c36c60_3350;
v0x9b4c36c60_3351 .array/port v0x9b4c36c60, 3351;
v0x9b4c36c60_3352 .array/port v0x9b4c36c60, 3352;
v0x9b4c36c60_3353 .array/port v0x9b4c36c60, 3353;
v0x9b4c36c60_3354 .array/port v0x9b4c36c60, 3354;
E_0x9b50e6d80/838 .event anyedge, v0x9b4c36c60_3351, v0x9b4c36c60_3352, v0x9b4c36c60_3353, v0x9b4c36c60_3354;
v0x9b4c36c60_3355 .array/port v0x9b4c36c60, 3355;
v0x9b4c36c60_3356 .array/port v0x9b4c36c60, 3356;
v0x9b4c36c60_3357 .array/port v0x9b4c36c60, 3357;
v0x9b4c36c60_3358 .array/port v0x9b4c36c60, 3358;
E_0x9b50e6d80/839 .event anyedge, v0x9b4c36c60_3355, v0x9b4c36c60_3356, v0x9b4c36c60_3357, v0x9b4c36c60_3358;
v0x9b4c36c60_3359 .array/port v0x9b4c36c60, 3359;
v0x9b4c36c60_3360 .array/port v0x9b4c36c60, 3360;
v0x9b4c36c60_3361 .array/port v0x9b4c36c60, 3361;
v0x9b4c36c60_3362 .array/port v0x9b4c36c60, 3362;
E_0x9b50e6d80/840 .event anyedge, v0x9b4c36c60_3359, v0x9b4c36c60_3360, v0x9b4c36c60_3361, v0x9b4c36c60_3362;
v0x9b4c36c60_3363 .array/port v0x9b4c36c60, 3363;
v0x9b4c36c60_3364 .array/port v0x9b4c36c60, 3364;
v0x9b4c36c60_3365 .array/port v0x9b4c36c60, 3365;
v0x9b4c36c60_3366 .array/port v0x9b4c36c60, 3366;
E_0x9b50e6d80/841 .event anyedge, v0x9b4c36c60_3363, v0x9b4c36c60_3364, v0x9b4c36c60_3365, v0x9b4c36c60_3366;
v0x9b4c36c60_3367 .array/port v0x9b4c36c60, 3367;
v0x9b4c36c60_3368 .array/port v0x9b4c36c60, 3368;
v0x9b4c36c60_3369 .array/port v0x9b4c36c60, 3369;
v0x9b4c36c60_3370 .array/port v0x9b4c36c60, 3370;
E_0x9b50e6d80/842 .event anyedge, v0x9b4c36c60_3367, v0x9b4c36c60_3368, v0x9b4c36c60_3369, v0x9b4c36c60_3370;
v0x9b4c36c60_3371 .array/port v0x9b4c36c60, 3371;
v0x9b4c36c60_3372 .array/port v0x9b4c36c60, 3372;
v0x9b4c36c60_3373 .array/port v0x9b4c36c60, 3373;
v0x9b4c36c60_3374 .array/port v0x9b4c36c60, 3374;
E_0x9b50e6d80/843 .event anyedge, v0x9b4c36c60_3371, v0x9b4c36c60_3372, v0x9b4c36c60_3373, v0x9b4c36c60_3374;
v0x9b4c36c60_3375 .array/port v0x9b4c36c60, 3375;
v0x9b4c36c60_3376 .array/port v0x9b4c36c60, 3376;
v0x9b4c36c60_3377 .array/port v0x9b4c36c60, 3377;
v0x9b4c36c60_3378 .array/port v0x9b4c36c60, 3378;
E_0x9b50e6d80/844 .event anyedge, v0x9b4c36c60_3375, v0x9b4c36c60_3376, v0x9b4c36c60_3377, v0x9b4c36c60_3378;
v0x9b4c36c60_3379 .array/port v0x9b4c36c60, 3379;
v0x9b4c36c60_3380 .array/port v0x9b4c36c60, 3380;
v0x9b4c36c60_3381 .array/port v0x9b4c36c60, 3381;
v0x9b4c36c60_3382 .array/port v0x9b4c36c60, 3382;
E_0x9b50e6d80/845 .event anyedge, v0x9b4c36c60_3379, v0x9b4c36c60_3380, v0x9b4c36c60_3381, v0x9b4c36c60_3382;
v0x9b4c36c60_3383 .array/port v0x9b4c36c60, 3383;
v0x9b4c36c60_3384 .array/port v0x9b4c36c60, 3384;
v0x9b4c36c60_3385 .array/port v0x9b4c36c60, 3385;
v0x9b4c36c60_3386 .array/port v0x9b4c36c60, 3386;
E_0x9b50e6d80/846 .event anyedge, v0x9b4c36c60_3383, v0x9b4c36c60_3384, v0x9b4c36c60_3385, v0x9b4c36c60_3386;
v0x9b4c36c60_3387 .array/port v0x9b4c36c60, 3387;
v0x9b4c36c60_3388 .array/port v0x9b4c36c60, 3388;
v0x9b4c36c60_3389 .array/port v0x9b4c36c60, 3389;
v0x9b4c36c60_3390 .array/port v0x9b4c36c60, 3390;
E_0x9b50e6d80/847 .event anyedge, v0x9b4c36c60_3387, v0x9b4c36c60_3388, v0x9b4c36c60_3389, v0x9b4c36c60_3390;
v0x9b4c36c60_3391 .array/port v0x9b4c36c60, 3391;
v0x9b4c36c60_3392 .array/port v0x9b4c36c60, 3392;
v0x9b4c36c60_3393 .array/port v0x9b4c36c60, 3393;
v0x9b4c36c60_3394 .array/port v0x9b4c36c60, 3394;
E_0x9b50e6d80/848 .event anyedge, v0x9b4c36c60_3391, v0x9b4c36c60_3392, v0x9b4c36c60_3393, v0x9b4c36c60_3394;
v0x9b4c36c60_3395 .array/port v0x9b4c36c60, 3395;
v0x9b4c36c60_3396 .array/port v0x9b4c36c60, 3396;
v0x9b4c36c60_3397 .array/port v0x9b4c36c60, 3397;
v0x9b4c36c60_3398 .array/port v0x9b4c36c60, 3398;
E_0x9b50e6d80/849 .event anyedge, v0x9b4c36c60_3395, v0x9b4c36c60_3396, v0x9b4c36c60_3397, v0x9b4c36c60_3398;
v0x9b4c36c60_3399 .array/port v0x9b4c36c60, 3399;
v0x9b4c36c60_3400 .array/port v0x9b4c36c60, 3400;
v0x9b4c36c60_3401 .array/port v0x9b4c36c60, 3401;
v0x9b4c36c60_3402 .array/port v0x9b4c36c60, 3402;
E_0x9b50e6d80/850 .event anyedge, v0x9b4c36c60_3399, v0x9b4c36c60_3400, v0x9b4c36c60_3401, v0x9b4c36c60_3402;
v0x9b4c36c60_3403 .array/port v0x9b4c36c60, 3403;
v0x9b4c36c60_3404 .array/port v0x9b4c36c60, 3404;
v0x9b4c36c60_3405 .array/port v0x9b4c36c60, 3405;
v0x9b4c36c60_3406 .array/port v0x9b4c36c60, 3406;
E_0x9b50e6d80/851 .event anyedge, v0x9b4c36c60_3403, v0x9b4c36c60_3404, v0x9b4c36c60_3405, v0x9b4c36c60_3406;
v0x9b4c36c60_3407 .array/port v0x9b4c36c60, 3407;
v0x9b4c36c60_3408 .array/port v0x9b4c36c60, 3408;
v0x9b4c36c60_3409 .array/port v0x9b4c36c60, 3409;
v0x9b4c36c60_3410 .array/port v0x9b4c36c60, 3410;
E_0x9b50e6d80/852 .event anyedge, v0x9b4c36c60_3407, v0x9b4c36c60_3408, v0x9b4c36c60_3409, v0x9b4c36c60_3410;
v0x9b4c36c60_3411 .array/port v0x9b4c36c60, 3411;
v0x9b4c36c60_3412 .array/port v0x9b4c36c60, 3412;
v0x9b4c36c60_3413 .array/port v0x9b4c36c60, 3413;
v0x9b4c36c60_3414 .array/port v0x9b4c36c60, 3414;
E_0x9b50e6d80/853 .event anyedge, v0x9b4c36c60_3411, v0x9b4c36c60_3412, v0x9b4c36c60_3413, v0x9b4c36c60_3414;
v0x9b4c36c60_3415 .array/port v0x9b4c36c60, 3415;
v0x9b4c36c60_3416 .array/port v0x9b4c36c60, 3416;
v0x9b4c36c60_3417 .array/port v0x9b4c36c60, 3417;
v0x9b4c36c60_3418 .array/port v0x9b4c36c60, 3418;
E_0x9b50e6d80/854 .event anyedge, v0x9b4c36c60_3415, v0x9b4c36c60_3416, v0x9b4c36c60_3417, v0x9b4c36c60_3418;
v0x9b4c36c60_3419 .array/port v0x9b4c36c60, 3419;
v0x9b4c36c60_3420 .array/port v0x9b4c36c60, 3420;
v0x9b4c36c60_3421 .array/port v0x9b4c36c60, 3421;
v0x9b4c36c60_3422 .array/port v0x9b4c36c60, 3422;
E_0x9b50e6d80/855 .event anyedge, v0x9b4c36c60_3419, v0x9b4c36c60_3420, v0x9b4c36c60_3421, v0x9b4c36c60_3422;
v0x9b4c36c60_3423 .array/port v0x9b4c36c60, 3423;
v0x9b4c36c60_3424 .array/port v0x9b4c36c60, 3424;
v0x9b4c36c60_3425 .array/port v0x9b4c36c60, 3425;
v0x9b4c36c60_3426 .array/port v0x9b4c36c60, 3426;
E_0x9b50e6d80/856 .event anyedge, v0x9b4c36c60_3423, v0x9b4c36c60_3424, v0x9b4c36c60_3425, v0x9b4c36c60_3426;
v0x9b4c36c60_3427 .array/port v0x9b4c36c60, 3427;
v0x9b4c36c60_3428 .array/port v0x9b4c36c60, 3428;
v0x9b4c36c60_3429 .array/port v0x9b4c36c60, 3429;
v0x9b4c36c60_3430 .array/port v0x9b4c36c60, 3430;
E_0x9b50e6d80/857 .event anyedge, v0x9b4c36c60_3427, v0x9b4c36c60_3428, v0x9b4c36c60_3429, v0x9b4c36c60_3430;
v0x9b4c36c60_3431 .array/port v0x9b4c36c60, 3431;
v0x9b4c36c60_3432 .array/port v0x9b4c36c60, 3432;
v0x9b4c36c60_3433 .array/port v0x9b4c36c60, 3433;
v0x9b4c36c60_3434 .array/port v0x9b4c36c60, 3434;
E_0x9b50e6d80/858 .event anyedge, v0x9b4c36c60_3431, v0x9b4c36c60_3432, v0x9b4c36c60_3433, v0x9b4c36c60_3434;
v0x9b4c36c60_3435 .array/port v0x9b4c36c60, 3435;
v0x9b4c36c60_3436 .array/port v0x9b4c36c60, 3436;
v0x9b4c36c60_3437 .array/port v0x9b4c36c60, 3437;
v0x9b4c36c60_3438 .array/port v0x9b4c36c60, 3438;
E_0x9b50e6d80/859 .event anyedge, v0x9b4c36c60_3435, v0x9b4c36c60_3436, v0x9b4c36c60_3437, v0x9b4c36c60_3438;
v0x9b4c36c60_3439 .array/port v0x9b4c36c60, 3439;
v0x9b4c36c60_3440 .array/port v0x9b4c36c60, 3440;
v0x9b4c36c60_3441 .array/port v0x9b4c36c60, 3441;
v0x9b4c36c60_3442 .array/port v0x9b4c36c60, 3442;
E_0x9b50e6d80/860 .event anyedge, v0x9b4c36c60_3439, v0x9b4c36c60_3440, v0x9b4c36c60_3441, v0x9b4c36c60_3442;
v0x9b4c36c60_3443 .array/port v0x9b4c36c60, 3443;
v0x9b4c36c60_3444 .array/port v0x9b4c36c60, 3444;
v0x9b4c36c60_3445 .array/port v0x9b4c36c60, 3445;
v0x9b4c36c60_3446 .array/port v0x9b4c36c60, 3446;
E_0x9b50e6d80/861 .event anyedge, v0x9b4c36c60_3443, v0x9b4c36c60_3444, v0x9b4c36c60_3445, v0x9b4c36c60_3446;
v0x9b4c36c60_3447 .array/port v0x9b4c36c60, 3447;
v0x9b4c36c60_3448 .array/port v0x9b4c36c60, 3448;
v0x9b4c36c60_3449 .array/port v0x9b4c36c60, 3449;
v0x9b4c36c60_3450 .array/port v0x9b4c36c60, 3450;
E_0x9b50e6d80/862 .event anyedge, v0x9b4c36c60_3447, v0x9b4c36c60_3448, v0x9b4c36c60_3449, v0x9b4c36c60_3450;
v0x9b4c36c60_3451 .array/port v0x9b4c36c60, 3451;
v0x9b4c36c60_3452 .array/port v0x9b4c36c60, 3452;
v0x9b4c36c60_3453 .array/port v0x9b4c36c60, 3453;
v0x9b4c36c60_3454 .array/port v0x9b4c36c60, 3454;
E_0x9b50e6d80/863 .event anyedge, v0x9b4c36c60_3451, v0x9b4c36c60_3452, v0x9b4c36c60_3453, v0x9b4c36c60_3454;
v0x9b4c36c60_3455 .array/port v0x9b4c36c60, 3455;
v0x9b4c36c60_3456 .array/port v0x9b4c36c60, 3456;
v0x9b4c36c60_3457 .array/port v0x9b4c36c60, 3457;
v0x9b4c36c60_3458 .array/port v0x9b4c36c60, 3458;
E_0x9b50e6d80/864 .event anyedge, v0x9b4c36c60_3455, v0x9b4c36c60_3456, v0x9b4c36c60_3457, v0x9b4c36c60_3458;
v0x9b4c36c60_3459 .array/port v0x9b4c36c60, 3459;
v0x9b4c36c60_3460 .array/port v0x9b4c36c60, 3460;
v0x9b4c36c60_3461 .array/port v0x9b4c36c60, 3461;
v0x9b4c36c60_3462 .array/port v0x9b4c36c60, 3462;
E_0x9b50e6d80/865 .event anyedge, v0x9b4c36c60_3459, v0x9b4c36c60_3460, v0x9b4c36c60_3461, v0x9b4c36c60_3462;
v0x9b4c36c60_3463 .array/port v0x9b4c36c60, 3463;
v0x9b4c36c60_3464 .array/port v0x9b4c36c60, 3464;
v0x9b4c36c60_3465 .array/port v0x9b4c36c60, 3465;
v0x9b4c36c60_3466 .array/port v0x9b4c36c60, 3466;
E_0x9b50e6d80/866 .event anyedge, v0x9b4c36c60_3463, v0x9b4c36c60_3464, v0x9b4c36c60_3465, v0x9b4c36c60_3466;
v0x9b4c36c60_3467 .array/port v0x9b4c36c60, 3467;
v0x9b4c36c60_3468 .array/port v0x9b4c36c60, 3468;
v0x9b4c36c60_3469 .array/port v0x9b4c36c60, 3469;
v0x9b4c36c60_3470 .array/port v0x9b4c36c60, 3470;
E_0x9b50e6d80/867 .event anyedge, v0x9b4c36c60_3467, v0x9b4c36c60_3468, v0x9b4c36c60_3469, v0x9b4c36c60_3470;
v0x9b4c36c60_3471 .array/port v0x9b4c36c60, 3471;
v0x9b4c36c60_3472 .array/port v0x9b4c36c60, 3472;
v0x9b4c36c60_3473 .array/port v0x9b4c36c60, 3473;
v0x9b4c36c60_3474 .array/port v0x9b4c36c60, 3474;
E_0x9b50e6d80/868 .event anyedge, v0x9b4c36c60_3471, v0x9b4c36c60_3472, v0x9b4c36c60_3473, v0x9b4c36c60_3474;
v0x9b4c36c60_3475 .array/port v0x9b4c36c60, 3475;
v0x9b4c36c60_3476 .array/port v0x9b4c36c60, 3476;
v0x9b4c36c60_3477 .array/port v0x9b4c36c60, 3477;
v0x9b4c36c60_3478 .array/port v0x9b4c36c60, 3478;
E_0x9b50e6d80/869 .event anyedge, v0x9b4c36c60_3475, v0x9b4c36c60_3476, v0x9b4c36c60_3477, v0x9b4c36c60_3478;
v0x9b4c36c60_3479 .array/port v0x9b4c36c60, 3479;
v0x9b4c36c60_3480 .array/port v0x9b4c36c60, 3480;
v0x9b4c36c60_3481 .array/port v0x9b4c36c60, 3481;
v0x9b4c36c60_3482 .array/port v0x9b4c36c60, 3482;
E_0x9b50e6d80/870 .event anyedge, v0x9b4c36c60_3479, v0x9b4c36c60_3480, v0x9b4c36c60_3481, v0x9b4c36c60_3482;
v0x9b4c36c60_3483 .array/port v0x9b4c36c60, 3483;
v0x9b4c36c60_3484 .array/port v0x9b4c36c60, 3484;
v0x9b4c36c60_3485 .array/port v0x9b4c36c60, 3485;
v0x9b4c36c60_3486 .array/port v0x9b4c36c60, 3486;
E_0x9b50e6d80/871 .event anyedge, v0x9b4c36c60_3483, v0x9b4c36c60_3484, v0x9b4c36c60_3485, v0x9b4c36c60_3486;
v0x9b4c36c60_3487 .array/port v0x9b4c36c60, 3487;
v0x9b4c36c60_3488 .array/port v0x9b4c36c60, 3488;
v0x9b4c36c60_3489 .array/port v0x9b4c36c60, 3489;
v0x9b4c36c60_3490 .array/port v0x9b4c36c60, 3490;
E_0x9b50e6d80/872 .event anyedge, v0x9b4c36c60_3487, v0x9b4c36c60_3488, v0x9b4c36c60_3489, v0x9b4c36c60_3490;
v0x9b4c36c60_3491 .array/port v0x9b4c36c60, 3491;
v0x9b4c36c60_3492 .array/port v0x9b4c36c60, 3492;
v0x9b4c36c60_3493 .array/port v0x9b4c36c60, 3493;
v0x9b4c36c60_3494 .array/port v0x9b4c36c60, 3494;
E_0x9b50e6d80/873 .event anyedge, v0x9b4c36c60_3491, v0x9b4c36c60_3492, v0x9b4c36c60_3493, v0x9b4c36c60_3494;
v0x9b4c36c60_3495 .array/port v0x9b4c36c60, 3495;
v0x9b4c36c60_3496 .array/port v0x9b4c36c60, 3496;
v0x9b4c36c60_3497 .array/port v0x9b4c36c60, 3497;
v0x9b4c36c60_3498 .array/port v0x9b4c36c60, 3498;
E_0x9b50e6d80/874 .event anyedge, v0x9b4c36c60_3495, v0x9b4c36c60_3496, v0x9b4c36c60_3497, v0x9b4c36c60_3498;
v0x9b4c36c60_3499 .array/port v0x9b4c36c60, 3499;
v0x9b4c36c60_3500 .array/port v0x9b4c36c60, 3500;
v0x9b4c36c60_3501 .array/port v0x9b4c36c60, 3501;
v0x9b4c36c60_3502 .array/port v0x9b4c36c60, 3502;
E_0x9b50e6d80/875 .event anyedge, v0x9b4c36c60_3499, v0x9b4c36c60_3500, v0x9b4c36c60_3501, v0x9b4c36c60_3502;
v0x9b4c36c60_3503 .array/port v0x9b4c36c60, 3503;
v0x9b4c36c60_3504 .array/port v0x9b4c36c60, 3504;
v0x9b4c36c60_3505 .array/port v0x9b4c36c60, 3505;
v0x9b4c36c60_3506 .array/port v0x9b4c36c60, 3506;
E_0x9b50e6d80/876 .event anyedge, v0x9b4c36c60_3503, v0x9b4c36c60_3504, v0x9b4c36c60_3505, v0x9b4c36c60_3506;
v0x9b4c36c60_3507 .array/port v0x9b4c36c60, 3507;
v0x9b4c36c60_3508 .array/port v0x9b4c36c60, 3508;
v0x9b4c36c60_3509 .array/port v0x9b4c36c60, 3509;
v0x9b4c36c60_3510 .array/port v0x9b4c36c60, 3510;
E_0x9b50e6d80/877 .event anyedge, v0x9b4c36c60_3507, v0x9b4c36c60_3508, v0x9b4c36c60_3509, v0x9b4c36c60_3510;
v0x9b4c36c60_3511 .array/port v0x9b4c36c60, 3511;
v0x9b4c36c60_3512 .array/port v0x9b4c36c60, 3512;
v0x9b4c36c60_3513 .array/port v0x9b4c36c60, 3513;
v0x9b4c36c60_3514 .array/port v0x9b4c36c60, 3514;
E_0x9b50e6d80/878 .event anyedge, v0x9b4c36c60_3511, v0x9b4c36c60_3512, v0x9b4c36c60_3513, v0x9b4c36c60_3514;
v0x9b4c36c60_3515 .array/port v0x9b4c36c60, 3515;
v0x9b4c36c60_3516 .array/port v0x9b4c36c60, 3516;
v0x9b4c36c60_3517 .array/port v0x9b4c36c60, 3517;
v0x9b4c36c60_3518 .array/port v0x9b4c36c60, 3518;
E_0x9b50e6d80/879 .event anyedge, v0x9b4c36c60_3515, v0x9b4c36c60_3516, v0x9b4c36c60_3517, v0x9b4c36c60_3518;
v0x9b4c36c60_3519 .array/port v0x9b4c36c60, 3519;
v0x9b4c36c60_3520 .array/port v0x9b4c36c60, 3520;
v0x9b4c36c60_3521 .array/port v0x9b4c36c60, 3521;
v0x9b4c36c60_3522 .array/port v0x9b4c36c60, 3522;
E_0x9b50e6d80/880 .event anyedge, v0x9b4c36c60_3519, v0x9b4c36c60_3520, v0x9b4c36c60_3521, v0x9b4c36c60_3522;
v0x9b4c36c60_3523 .array/port v0x9b4c36c60, 3523;
v0x9b4c36c60_3524 .array/port v0x9b4c36c60, 3524;
v0x9b4c36c60_3525 .array/port v0x9b4c36c60, 3525;
v0x9b4c36c60_3526 .array/port v0x9b4c36c60, 3526;
E_0x9b50e6d80/881 .event anyedge, v0x9b4c36c60_3523, v0x9b4c36c60_3524, v0x9b4c36c60_3525, v0x9b4c36c60_3526;
v0x9b4c36c60_3527 .array/port v0x9b4c36c60, 3527;
v0x9b4c36c60_3528 .array/port v0x9b4c36c60, 3528;
v0x9b4c36c60_3529 .array/port v0x9b4c36c60, 3529;
v0x9b4c36c60_3530 .array/port v0x9b4c36c60, 3530;
E_0x9b50e6d80/882 .event anyedge, v0x9b4c36c60_3527, v0x9b4c36c60_3528, v0x9b4c36c60_3529, v0x9b4c36c60_3530;
v0x9b4c36c60_3531 .array/port v0x9b4c36c60, 3531;
v0x9b4c36c60_3532 .array/port v0x9b4c36c60, 3532;
v0x9b4c36c60_3533 .array/port v0x9b4c36c60, 3533;
v0x9b4c36c60_3534 .array/port v0x9b4c36c60, 3534;
E_0x9b50e6d80/883 .event anyedge, v0x9b4c36c60_3531, v0x9b4c36c60_3532, v0x9b4c36c60_3533, v0x9b4c36c60_3534;
v0x9b4c36c60_3535 .array/port v0x9b4c36c60, 3535;
v0x9b4c36c60_3536 .array/port v0x9b4c36c60, 3536;
v0x9b4c36c60_3537 .array/port v0x9b4c36c60, 3537;
v0x9b4c36c60_3538 .array/port v0x9b4c36c60, 3538;
E_0x9b50e6d80/884 .event anyedge, v0x9b4c36c60_3535, v0x9b4c36c60_3536, v0x9b4c36c60_3537, v0x9b4c36c60_3538;
v0x9b4c36c60_3539 .array/port v0x9b4c36c60, 3539;
v0x9b4c36c60_3540 .array/port v0x9b4c36c60, 3540;
v0x9b4c36c60_3541 .array/port v0x9b4c36c60, 3541;
v0x9b4c36c60_3542 .array/port v0x9b4c36c60, 3542;
E_0x9b50e6d80/885 .event anyedge, v0x9b4c36c60_3539, v0x9b4c36c60_3540, v0x9b4c36c60_3541, v0x9b4c36c60_3542;
v0x9b4c36c60_3543 .array/port v0x9b4c36c60, 3543;
v0x9b4c36c60_3544 .array/port v0x9b4c36c60, 3544;
v0x9b4c36c60_3545 .array/port v0x9b4c36c60, 3545;
v0x9b4c36c60_3546 .array/port v0x9b4c36c60, 3546;
E_0x9b50e6d80/886 .event anyedge, v0x9b4c36c60_3543, v0x9b4c36c60_3544, v0x9b4c36c60_3545, v0x9b4c36c60_3546;
v0x9b4c36c60_3547 .array/port v0x9b4c36c60, 3547;
v0x9b4c36c60_3548 .array/port v0x9b4c36c60, 3548;
v0x9b4c36c60_3549 .array/port v0x9b4c36c60, 3549;
v0x9b4c36c60_3550 .array/port v0x9b4c36c60, 3550;
E_0x9b50e6d80/887 .event anyedge, v0x9b4c36c60_3547, v0x9b4c36c60_3548, v0x9b4c36c60_3549, v0x9b4c36c60_3550;
v0x9b4c36c60_3551 .array/port v0x9b4c36c60, 3551;
v0x9b4c36c60_3552 .array/port v0x9b4c36c60, 3552;
v0x9b4c36c60_3553 .array/port v0x9b4c36c60, 3553;
v0x9b4c36c60_3554 .array/port v0x9b4c36c60, 3554;
E_0x9b50e6d80/888 .event anyedge, v0x9b4c36c60_3551, v0x9b4c36c60_3552, v0x9b4c36c60_3553, v0x9b4c36c60_3554;
v0x9b4c36c60_3555 .array/port v0x9b4c36c60, 3555;
v0x9b4c36c60_3556 .array/port v0x9b4c36c60, 3556;
v0x9b4c36c60_3557 .array/port v0x9b4c36c60, 3557;
v0x9b4c36c60_3558 .array/port v0x9b4c36c60, 3558;
E_0x9b50e6d80/889 .event anyedge, v0x9b4c36c60_3555, v0x9b4c36c60_3556, v0x9b4c36c60_3557, v0x9b4c36c60_3558;
v0x9b4c36c60_3559 .array/port v0x9b4c36c60, 3559;
v0x9b4c36c60_3560 .array/port v0x9b4c36c60, 3560;
v0x9b4c36c60_3561 .array/port v0x9b4c36c60, 3561;
v0x9b4c36c60_3562 .array/port v0x9b4c36c60, 3562;
E_0x9b50e6d80/890 .event anyedge, v0x9b4c36c60_3559, v0x9b4c36c60_3560, v0x9b4c36c60_3561, v0x9b4c36c60_3562;
v0x9b4c36c60_3563 .array/port v0x9b4c36c60, 3563;
v0x9b4c36c60_3564 .array/port v0x9b4c36c60, 3564;
v0x9b4c36c60_3565 .array/port v0x9b4c36c60, 3565;
v0x9b4c36c60_3566 .array/port v0x9b4c36c60, 3566;
E_0x9b50e6d80/891 .event anyedge, v0x9b4c36c60_3563, v0x9b4c36c60_3564, v0x9b4c36c60_3565, v0x9b4c36c60_3566;
v0x9b4c36c60_3567 .array/port v0x9b4c36c60, 3567;
v0x9b4c36c60_3568 .array/port v0x9b4c36c60, 3568;
v0x9b4c36c60_3569 .array/port v0x9b4c36c60, 3569;
v0x9b4c36c60_3570 .array/port v0x9b4c36c60, 3570;
E_0x9b50e6d80/892 .event anyedge, v0x9b4c36c60_3567, v0x9b4c36c60_3568, v0x9b4c36c60_3569, v0x9b4c36c60_3570;
v0x9b4c36c60_3571 .array/port v0x9b4c36c60, 3571;
v0x9b4c36c60_3572 .array/port v0x9b4c36c60, 3572;
v0x9b4c36c60_3573 .array/port v0x9b4c36c60, 3573;
v0x9b4c36c60_3574 .array/port v0x9b4c36c60, 3574;
E_0x9b50e6d80/893 .event anyedge, v0x9b4c36c60_3571, v0x9b4c36c60_3572, v0x9b4c36c60_3573, v0x9b4c36c60_3574;
v0x9b4c36c60_3575 .array/port v0x9b4c36c60, 3575;
v0x9b4c36c60_3576 .array/port v0x9b4c36c60, 3576;
v0x9b4c36c60_3577 .array/port v0x9b4c36c60, 3577;
v0x9b4c36c60_3578 .array/port v0x9b4c36c60, 3578;
E_0x9b50e6d80/894 .event anyedge, v0x9b4c36c60_3575, v0x9b4c36c60_3576, v0x9b4c36c60_3577, v0x9b4c36c60_3578;
v0x9b4c36c60_3579 .array/port v0x9b4c36c60, 3579;
v0x9b4c36c60_3580 .array/port v0x9b4c36c60, 3580;
v0x9b4c36c60_3581 .array/port v0x9b4c36c60, 3581;
v0x9b4c36c60_3582 .array/port v0x9b4c36c60, 3582;
E_0x9b50e6d80/895 .event anyedge, v0x9b4c36c60_3579, v0x9b4c36c60_3580, v0x9b4c36c60_3581, v0x9b4c36c60_3582;
v0x9b4c36c60_3583 .array/port v0x9b4c36c60, 3583;
v0x9b4c36c60_3584 .array/port v0x9b4c36c60, 3584;
v0x9b4c36c60_3585 .array/port v0x9b4c36c60, 3585;
v0x9b4c36c60_3586 .array/port v0x9b4c36c60, 3586;
E_0x9b50e6d80/896 .event anyedge, v0x9b4c36c60_3583, v0x9b4c36c60_3584, v0x9b4c36c60_3585, v0x9b4c36c60_3586;
v0x9b4c36c60_3587 .array/port v0x9b4c36c60, 3587;
v0x9b4c36c60_3588 .array/port v0x9b4c36c60, 3588;
v0x9b4c36c60_3589 .array/port v0x9b4c36c60, 3589;
v0x9b4c36c60_3590 .array/port v0x9b4c36c60, 3590;
E_0x9b50e6d80/897 .event anyedge, v0x9b4c36c60_3587, v0x9b4c36c60_3588, v0x9b4c36c60_3589, v0x9b4c36c60_3590;
v0x9b4c36c60_3591 .array/port v0x9b4c36c60, 3591;
v0x9b4c36c60_3592 .array/port v0x9b4c36c60, 3592;
v0x9b4c36c60_3593 .array/port v0x9b4c36c60, 3593;
v0x9b4c36c60_3594 .array/port v0x9b4c36c60, 3594;
E_0x9b50e6d80/898 .event anyedge, v0x9b4c36c60_3591, v0x9b4c36c60_3592, v0x9b4c36c60_3593, v0x9b4c36c60_3594;
v0x9b4c36c60_3595 .array/port v0x9b4c36c60, 3595;
v0x9b4c36c60_3596 .array/port v0x9b4c36c60, 3596;
v0x9b4c36c60_3597 .array/port v0x9b4c36c60, 3597;
v0x9b4c36c60_3598 .array/port v0x9b4c36c60, 3598;
E_0x9b50e6d80/899 .event anyedge, v0x9b4c36c60_3595, v0x9b4c36c60_3596, v0x9b4c36c60_3597, v0x9b4c36c60_3598;
v0x9b4c36c60_3599 .array/port v0x9b4c36c60, 3599;
v0x9b4c36c60_3600 .array/port v0x9b4c36c60, 3600;
v0x9b4c36c60_3601 .array/port v0x9b4c36c60, 3601;
v0x9b4c36c60_3602 .array/port v0x9b4c36c60, 3602;
E_0x9b50e6d80/900 .event anyedge, v0x9b4c36c60_3599, v0x9b4c36c60_3600, v0x9b4c36c60_3601, v0x9b4c36c60_3602;
v0x9b4c36c60_3603 .array/port v0x9b4c36c60, 3603;
v0x9b4c36c60_3604 .array/port v0x9b4c36c60, 3604;
v0x9b4c36c60_3605 .array/port v0x9b4c36c60, 3605;
v0x9b4c36c60_3606 .array/port v0x9b4c36c60, 3606;
E_0x9b50e6d80/901 .event anyedge, v0x9b4c36c60_3603, v0x9b4c36c60_3604, v0x9b4c36c60_3605, v0x9b4c36c60_3606;
v0x9b4c36c60_3607 .array/port v0x9b4c36c60, 3607;
v0x9b4c36c60_3608 .array/port v0x9b4c36c60, 3608;
v0x9b4c36c60_3609 .array/port v0x9b4c36c60, 3609;
v0x9b4c36c60_3610 .array/port v0x9b4c36c60, 3610;
E_0x9b50e6d80/902 .event anyedge, v0x9b4c36c60_3607, v0x9b4c36c60_3608, v0x9b4c36c60_3609, v0x9b4c36c60_3610;
v0x9b4c36c60_3611 .array/port v0x9b4c36c60, 3611;
v0x9b4c36c60_3612 .array/port v0x9b4c36c60, 3612;
v0x9b4c36c60_3613 .array/port v0x9b4c36c60, 3613;
v0x9b4c36c60_3614 .array/port v0x9b4c36c60, 3614;
E_0x9b50e6d80/903 .event anyedge, v0x9b4c36c60_3611, v0x9b4c36c60_3612, v0x9b4c36c60_3613, v0x9b4c36c60_3614;
v0x9b4c36c60_3615 .array/port v0x9b4c36c60, 3615;
v0x9b4c36c60_3616 .array/port v0x9b4c36c60, 3616;
v0x9b4c36c60_3617 .array/port v0x9b4c36c60, 3617;
v0x9b4c36c60_3618 .array/port v0x9b4c36c60, 3618;
E_0x9b50e6d80/904 .event anyedge, v0x9b4c36c60_3615, v0x9b4c36c60_3616, v0x9b4c36c60_3617, v0x9b4c36c60_3618;
v0x9b4c36c60_3619 .array/port v0x9b4c36c60, 3619;
v0x9b4c36c60_3620 .array/port v0x9b4c36c60, 3620;
v0x9b4c36c60_3621 .array/port v0x9b4c36c60, 3621;
v0x9b4c36c60_3622 .array/port v0x9b4c36c60, 3622;
E_0x9b50e6d80/905 .event anyedge, v0x9b4c36c60_3619, v0x9b4c36c60_3620, v0x9b4c36c60_3621, v0x9b4c36c60_3622;
v0x9b4c36c60_3623 .array/port v0x9b4c36c60, 3623;
v0x9b4c36c60_3624 .array/port v0x9b4c36c60, 3624;
v0x9b4c36c60_3625 .array/port v0x9b4c36c60, 3625;
v0x9b4c36c60_3626 .array/port v0x9b4c36c60, 3626;
E_0x9b50e6d80/906 .event anyedge, v0x9b4c36c60_3623, v0x9b4c36c60_3624, v0x9b4c36c60_3625, v0x9b4c36c60_3626;
v0x9b4c36c60_3627 .array/port v0x9b4c36c60, 3627;
v0x9b4c36c60_3628 .array/port v0x9b4c36c60, 3628;
v0x9b4c36c60_3629 .array/port v0x9b4c36c60, 3629;
v0x9b4c36c60_3630 .array/port v0x9b4c36c60, 3630;
E_0x9b50e6d80/907 .event anyedge, v0x9b4c36c60_3627, v0x9b4c36c60_3628, v0x9b4c36c60_3629, v0x9b4c36c60_3630;
v0x9b4c36c60_3631 .array/port v0x9b4c36c60, 3631;
v0x9b4c36c60_3632 .array/port v0x9b4c36c60, 3632;
v0x9b4c36c60_3633 .array/port v0x9b4c36c60, 3633;
v0x9b4c36c60_3634 .array/port v0x9b4c36c60, 3634;
E_0x9b50e6d80/908 .event anyedge, v0x9b4c36c60_3631, v0x9b4c36c60_3632, v0x9b4c36c60_3633, v0x9b4c36c60_3634;
v0x9b4c36c60_3635 .array/port v0x9b4c36c60, 3635;
v0x9b4c36c60_3636 .array/port v0x9b4c36c60, 3636;
v0x9b4c36c60_3637 .array/port v0x9b4c36c60, 3637;
v0x9b4c36c60_3638 .array/port v0x9b4c36c60, 3638;
E_0x9b50e6d80/909 .event anyedge, v0x9b4c36c60_3635, v0x9b4c36c60_3636, v0x9b4c36c60_3637, v0x9b4c36c60_3638;
v0x9b4c36c60_3639 .array/port v0x9b4c36c60, 3639;
v0x9b4c36c60_3640 .array/port v0x9b4c36c60, 3640;
v0x9b4c36c60_3641 .array/port v0x9b4c36c60, 3641;
v0x9b4c36c60_3642 .array/port v0x9b4c36c60, 3642;
E_0x9b50e6d80/910 .event anyedge, v0x9b4c36c60_3639, v0x9b4c36c60_3640, v0x9b4c36c60_3641, v0x9b4c36c60_3642;
v0x9b4c36c60_3643 .array/port v0x9b4c36c60, 3643;
v0x9b4c36c60_3644 .array/port v0x9b4c36c60, 3644;
v0x9b4c36c60_3645 .array/port v0x9b4c36c60, 3645;
v0x9b4c36c60_3646 .array/port v0x9b4c36c60, 3646;
E_0x9b50e6d80/911 .event anyedge, v0x9b4c36c60_3643, v0x9b4c36c60_3644, v0x9b4c36c60_3645, v0x9b4c36c60_3646;
v0x9b4c36c60_3647 .array/port v0x9b4c36c60, 3647;
v0x9b4c36c60_3648 .array/port v0x9b4c36c60, 3648;
v0x9b4c36c60_3649 .array/port v0x9b4c36c60, 3649;
v0x9b4c36c60_3650 .array/port v0x9b4c36c60, 3650;
E_0x9b50e6d80/912 .event anyedge, v0x9b4c36c60_3647, v0x9b4c36c60_3648, v0x9b4c36c60_3649, v0x9b4c36c60_3650;
v0x9b4c36c60_3651 .array/port v0x9b4c36c60, 3651;
v0x9b4c36c60_3652 .array/port v0x9b4c36c60, 3652;
v0x9b4c36c60_3653 .array/port v0x9b4c36c60, 3653;
v0x9b4c36c60_3654 .array/port v0x9b4c36c60, 3654;
E_0x9b50e6d80/913 .event anyedge, v0x9b4c36c60_3651, v0x9b4c36c60_3652, v0x9b4c36c60_3653, v0x9b4c36c60_3654;
v0x9b4c36c60_3655 .array/port v0x9b4c36c60, 3655;
v0x9b4c36c60_3656 .array/port v0x9b4c36c60, 3656;
v0x9b4c36c60_3657 .array/port v0x9b4c36c60, 3657;
v0x9b4c36c60_3658 .array/port v0x9b4c36c60, 3658;
E_0x9b50e6d80/914 .event anyedge, v0x9b4c36c60_3655, v0x9b4c36c60_3656, v0x9b4c36c60_3657, v0x9b4c36c60_3658;
v0x9b4c36c60_3659 .array/port v0x9b4c36c60, 3659;
v0x9b4c36c60_3660 .array/port v0x9b4c36c60, 3660;
v0x9b4c36c60_3661 .array/port v0x9b4c36c60, 3661;
v0x9b4c36c60_3662 .array/port v0x9b4c36c60, 3662;
E_0x9b50e6d80/915 .event anyedge, v0x9b4c36c60_3659, v0x9b4c36c60_3660, v0x9b4c36c60_3661, v0x9b4c36c60_3662;
v0x9b4c36c60_3663 .array/port v0x9b4c36c60, 3663;
v0x9b4c36c60_3664 .array/port v0x9b4c36c60, 3664;
v0x9b4c36c60_3665 .array/port v0x9b4c36c60, 3665;
v0x9b4c36c60_3666 .array/port v0x9b4c36c60, 3666;
E_0x9b50e6d80/916 .event anyedge, v0x9b4c36c60_3663, v0x9b4c36c60_3664, v0x9b4c36c60_3665, v0x9b4c36c60_3666;
v0x9b4c36c60_3667 .array/port v0x9b4c36c60, 3667;
v0x9b4c36c60_3668 .array/port v0x9b4c36c60, 3668;
v0x9b4c36c60_3669 .array/port v0x9b4c36c60, 3669;
v0x9b4c36c60_3670 .array/port v0x9b4c36c60, 3670;
E_0x9b50e6d80/917 .event anyedge, v0x9b4c36c60_3667, v0x9b4c36c60_3668, v0x9b4c36c60_3669, v0x9b4c36c60_3670;
v0x9b4c36c60_3671 .array/port v0x9b4c36c60, 3671;
v0x9b4c36c60_3672 .array/port v0x9b4c36c60, 3672;
v0x9b4c36c60_3673 .array/port v0x9b4c36c60, 3673;
v0x9b4c36c60_3674 .array/port v0x9b4c36c60, 3674;
E_0x9b50e6d80/918 .event anyedge, v0x9b4c36c60_3671, v0x9b4c36c60_3672, v0x9b4c36c60_3673, v0x9b4c36c60_3674;
v0x9b4c36c60_3675 .array/port v0x9b4c36c60, 3675;
v0x9b4c36c60_3676 .array/port v0x9b4c36c60, 3676;
v0x9b4c36c60_3677 .array/port v0x9b4c36c60, 3677;
v0x9b4c36c60_3678 .array/port v0x9b4c36c60, 3678;
E_0x9b50e6d80/919 .event anyedge, v0x9b4c36c60_3675, v0x9b4c36c60_3676, v0x9b4c36c60_3677, v0x9b4c36c60_3678;
v0x9b4c36c60_3679 .array/port v0x9b4c36c60, 3679;
v0x9b4c36c60_3680 .array/port v0x9b4c36c60, 3680;
v0x9b4c36c60_3681 .array/port v0x9b4c36c60, 3681;
v0x9b4c36c60_3682 .array/port v0x9b4c36c60, 3682;
E_0x9b50e6d80/920 .event anyedge, v0x9b4c36c60_3679, v0x9b4c36c60_3680, v0x9b4c36c60_3681, v0x9b4c36c60_3682;
v0x9b4c36c60_3683 .array/port v0x9b4c36c60, 3683;
v0x9b4c36c60_3684 .array/port v0x9b4c36c60, 3684;
v0x9b4c36c60_3685 .array/port v0x9b4c36c60, 3685;
v0x9b4c36c60_3686 .array/port v0x9b4c36c60, 3686;
E_0x9b50e6d80/921 .event anyedge, v0x9b4c36c60_3683, v0x9b4c36c60_3684, v0x9b4c36c60_3685, v0x9b4c36c60_3686;
v0x9b4c36c60_3687 .array/port v0x9b4c36c60, 3687;
v0x9b4c36c60_3688 .array/port v0x9b4c36c60, 3688;
v0x9b4c36c60_3689 .array/port v0x9b4c36c60, 3689;
v0x9b4c36c60_3690 .array/port v0x9b4c36c60, 3690;
E_0x9b50e6d80/922 .event anyedge, v0x9b4c36c60_3687, v0x9b4c36c60_3688, v0x9b4c36c60_3689, v0x9b4c36c60_3690;
v0x9b4c36c60_3691 .array/port v0x9b4c36c60, 3691;
v0x9b4c36c60_3692 .array/port v0x9b4c36c60, 3692;
v0x9b4c36c60_3693 .array/port v0x9b4c36c60, 3693;
v0x9b4c36c60_3694 .array/port v0x9b4c36c60, 3694;
E_0x9b50e6d80/923 .event anyedge, v0x9b4c36c60_3691, v0x9b4c36c60_3692, v0x9b4c36c60_3693, v0x9b4c36c60_3694;
v0x9b4c36c60_3695 .array/port v0x9b4c36c60, 3695;
v0x9b4c36c60_3696 .array/port v0x9b4c36c60, 3696;
v0x9b4c36c60_3697 .array/port v0x9b4c36c60, 3697;
v0x9b4c36c60_3698 .array/port v0x9b4c36c60, 3698;
E_0x9b50e6d80/924 .event anyedge, v0x9b4c36c60_3695, v0x9b4c36c60_3696, v0x9b4c36c60_3697, v0x9b4c36c60_3698;
v0x9b4c36c60_3699 .array/port v0x9b4c36c60, 3699;
v0x9b4c36c60_3700 .array/port v0x9b4c36c60, 3700;
v0x9b4c36c60_3701 .array/port v0x9b4c36c60, 3701;
v0x9b4c36c60_3702 .array/port v0x9b4c36c60, 3702;
E_0x9b50e6d80/925 .event anyedge, v0x9b4c36c60_3699, v0x9b4c36c60_3700, v0x9b4c36c60_3701, v0x9b4c36c60_3702;
v0x9b4c36c60_3703 .array/port v0x9b4c36c60, 3703;
v0x9b4c36c60_3704 .array/port v0x9b4c36c60, 3704;
v0x9b4c36c60_3705 .array/port v0x9b4c36c60, 3705;
v0x9b4c36c60_3706 .array/port v0x9b4c36c60, 3706;
E_0x9b50e6d80/926 .event anyedge, v0x9b4c36c60_3703, v0x9b4c36c60_3704, v0x9b4c36c60_3705, v0x9b4c36c60_3706;
v0x9b4c36c60_3707 .array/port v0x9b4c36c60, 3707;
v0x9b4c36c60_3708 .array/port v0x9b4c36c60, 3708;
v0x9b4c36c60_3709 .array/port v0x9b4c36c60, 3709;
v0x9b4c36c60_3710 .array/port v0x9b4c36c60, 3710;
E_0x9b50e6d80/927 .event anyedge, v0x9b4c36c60_3707, v0x9b4c36c60_3708, v0x9b4c36c60_3709, v0x9b4c36c60_3710;
v0x9b4c36c60_3711 .array/port v0x9b4c36c60, 3711;
v0x9b4c36c60_3712 .array/port v0x9b4c36c60, 3712;
v0x9b4c36c60_3713 .array/port v0x9b4c36c60, 3713;
v0x9b4c36c60_3714 .array/port v0x9b4c36c60, 3714;
E_0x9b50e6d80/928 .event anyedge, v0x9b4c36c60_3711, v0x9b4c36c60_3712, v0x9b4c36c60_3713, v0x9b4c36c60_3714;
v0x9b4c36c60_3715 .array/port v0x9b4c36c60, 3715;
v0x9b4c36c60_3716 .array/port v0x9b4c36c60, 3716;
v0x9b4c36c60_3717 .array/port v0x9b4c36c60, 3717;
v0x9b4c36c60_3718 .array/port v0x9b4c36c60, 3718;
E_0x9b50e6d80/929 .event anyedge, v0x9b4c36c60_3715, v0x9b4c36c60_3716, v0x9b4c36c60_3717, v0x9b4c36c60_3718;
v0x9b4c36c60_3719 .array/port v0x9b4c36c60, 3719;
v0x9b4c36c60_3720 .array/port v0x9b4c36c60, 3720;
v0x9b4c36c60_3721 .array/port v0x9b4c36c60, 3721;
v0x9b4c36c60_3722 .array/port v0x9b4c36c60, 3722;
E_0x9b50e6d80/930 .event anyedge, v0x9b4c36c60_3719, v0x9b4c36c60_3720, v0x9b4c36c60_3721, v0x9b4c36c60_3722;
v0x9b4c36c60_3723 .array/port v0x9b4c36c60, 3723;
v0x9b4c36c60_3724 .array/port v0x9b4c36c60, 3724;
v0x9b4c36c60_3725 .array/port v0x9b4c36c60, 3725;
v0x9b4c36c60_3726 .array/port v0x9b4c36c60, 3726;
E_0x9b50e6d80/931 .event anyedge, v0x9b4c36c60_3723, v0x9b4c36c60_3724, v0x9b4c36c60_3725, v0x9b4c36c60_3726;
v0x9b4c36c60_3727 .array/port v0x9b4c36c60, 3727;
v0x9b4c36c60_3728 .array/port v0x9b4c36c60, 3728;
v0x9b4c36c60_3729 .array/port v0x9b4c36c60, 3729;
v0x9b4c36c60_3730 .array/port v0x9b4c36c60, 3730;
E_0x9b50e6d80/932 .event anyedge, v0x9b4c36c60_3727, v0x9b4c36c60_3728, v0x9b4c36c60_3729, v0x9b4c36c60_3730;
v0x9b4c36c60_3731 .array/port v0x9b4c36c60, 3731;
v0x9b4c36c60_3732 .array/port v0x9b4c36c60, 3732;
v0x9b4c36c60_3733 .array/port v0x9b4c36c60, 3733;
v0x9b4c36c60_3734 .array/port v0x9b4c36c60, 3734;
E_0x9b50e6d80/933 .event anyedge, v0x9b4c36c60_3731, v0x9b4c36c60_3732, v0x9b4c36c60_3733, v0x9b4c36c60_3734;
v0x9b4c36c60_3735 .array/port v0x9b4c36c60, 3735;
v0x9b4c36c60_3736 .array/port v0x9b4c36c60, 3736;
v0x9b4c36c60_3737 .array/port v0x9b4c36c60, 3737;
v0x9b4c36c60_3738 .array/port v0x9b4c36c60, 3738;
E_0x9b50e6d80/934 .event anyedge, v0x9b4c36c60_3735, v0x9b4c36c60_3736, v0x9b4c36c60_3737, v0x9b4c36c60_3738;
v0x9b4c36c60_3739 .array/port v0x9b4c36c60, 3739;
v0x9b4c36c60_3740 .array/port v0x9b4c36c60, 3740;
v0x9b4c36c60_3741 .array/port v0x9b4c36c60, 3741;
v0x9b4c36c60_3742 .array/port v0x9b4c36c60, 3742;
E_0x9b50e6d80/935 .event anyedge, v0x9b4c36c60_3739, v0x9b4c36c60_3740, v0x9b4c36c60_3741, v0x9b4c36c60_3742;
v0x9b4c36c60_3743 .array/port v0x9b4c36c60, 3743;
v0x9b4c36c60_3744 .array/port v0x9b4c36c60, 3744;
v0x9b4c36c60_3745 .array/port v0x9b4c36c60, 3745;
v0x9b4c36c60_3746 .array/port v0x9b4c36c60, 3746;
E_0x9b50e6d80/936 .event anyedge, v0x9b4c36c60_3743, v0x9b4c36c60_3744, v0x9b4c36c60_3745, v0x9b4c36c60_3746;
v0x9b4c36c60_3747 .array/port v0x9b4c36c60, 3747;
v0x9b4c36c60_3748 .array/port v0x9b4c36c60, 3748;
v0x9b4c36c60_3749 .array/port v0x9b4c36c60, 3749;
v0x9b4c36c60_3750 .array/port v0x9b4c36c60, 3750;
E_0x9b50e6d80/937 .event anyedge, v0x9b4c36c60_3747, v0x9b4c36c60_3748, v0x9b4c36c60_3749, v0x9b4c36c60_3750;
v0x9b4c36c60_3751 .array/port v0x9b4c36c60, 3751;
v0x9b4c36c60_3752 .array/port v0x9b4c36c60, 3752;
v0x9b4c36c60_3753 .array/port v0x9b4c36c60, 3753;
v0x9b4c36c60_3754 .array/port v0x9b4c36c60, 3754;
E_0x9b50e6d80/938 .event anyedge, v0x9b4c36c60_3751, v0x9b4c36c60_3752, v0x9b4c36c60_3753, v0x9b4c36c60_3754;
v0x9b4c36c60_3755 .array/port v0x9b4c36c60, 3755;
v0x9b4c36c60_3756 .array/port v0x9b4c36c60, 3756;
v0x9b4c36c60_3757 .array/port v0x9b4c36c60, 3757;
v0x9b4c36c60_3758 .array/port v0x9b4c36c60, 3758;
E_0x9b50e6d80/939 .event anyedge, v0x9b4c36c60_3755, v0x9b4c36c60_3756, v0x9b4c36c60_3757, v0x9b4c36c60_3758;
v0x9b4c36c60_3759 .array/port v0x9b4c36c60, 3759;
v0x9b4c36c60_3760 .array/port v0x9b4c36c60, 3760;
v0x9b4c36c60_3761 .array/port v0x9b4c36c60, 3761;
v0x9b4c36c60_3762 .array/port v0x9b4c36c60, 3762;
E_0x9b50e6d80/940 .event anyedge, v0x9b4c36c60_3759, v0x9b4c36c60_3760, v0x9b4c36c60_3761, v0x9b4c36c60_3762;
v0x9b4c36c60_3763 .array/port v0x9b4c36c60, 3763;
v0x9b4c36c60_3764 .array/port v0x9b4c36c60, 3764;
v0x9b4c36c60_3765 .array/port v0x9b4c36c60, 3765;
v0x9b4c36c60_3766 .array/port v0x9b4c36c60, 3766;
E_0x9b50e6d80/941 .event anyedge, v0x9b4c36c60_3763, v0x9b4c36c60_3764, v0x9b4c36c60_3765, v0x9b4c36c60_3766;
v0x9b4c36c60_3767 .array/port v0x9b4c36c60, 3767;
v0x9b4c36c60_3768 .array/port v0x9b4c36c60, 3768;
v0x9b4c36c60_3769 .array/port v0x9b4c36c60, 3769;
v0x9b4c36c60_3770 .array/port v0x9b4c36c60, 3770;
E_0x9b50e6d80/942 .event anyedge, v0x9b4c36c60_3767, v0x9b4c36c60_3768, v0x9b4c36c60_3769, v0x9b4c36c60_3770;
v0x9b4c36c60_3771 .array/port v0x9b4c36c60, 3771;
v0x9b4c36c60_3772 .array/port v0x9b4c36c60, 3772;
v0x9b4c36c60_3773 .array/port v0x9b4c36c60, 3773;
v0x9b4c36c60_3774 .array/port v0x9b4c36c60, 3774;
E_0x9b50e6d80/943 .event anyedge, v0x9b4c36c60_3771, v0x9b4c36c60_3772, v0x9b4c36c60_3773, v0x9b4c36c60_3774;
v0x9b4c36c60_3775 .array/port v0x9b4c36c60, 3775;
v0x9b4c36c60_3776 .array/port v0x9b4c36c60, 3776;
v0x9b4c36c60_3777 .array/port v0x9b4c36c60, 3777;
v0x9b4c36c60_3778 .array/port v0x9b4c36c60, 3778;
E_0x9b50e6d80/944 .event anyedge, v0x9b4c36c60_3775, v0x9b4c36c60_3776, v0x9b4c36c60_3777, v0x9b4c36c60_3778;
v0x9b4c36c60_3779 .array/port v0x9b4c36c60, 3779;
v0x9b4c36c60_3780 .array/port v0x9b4c36c60, 3780;
v0x9b4c36c60_3781 .array/port v0x9b4c36c60, 3781;
v0x9b4c36c60_3782 .array/port v0x9b4c36c60, 3782;
E_0x9b50e6d80/945 .event anyedge, v0x9b4c36c60_3779, v0x9b4c36c60_3780, v0x9b4c36c60_3781, v0x9b4c36c60_3782;
v0x9b4c36c60_3783 .array/port v0x9b4c36c60, 3783;
v0x9b4c36c60_3784 .array/port v0x9b4c36c60, 3784;
v0x9b4c36c60_3785 .array/port v0x9b4c36c60, 3785;
v0x9b4c36c60_3786 .array/port v0x9b4c36c60, 3786;
E_0x9b50e6d80/946 .event anyedge, v0x9b4c36c60_3783, v0x9b4c36c60_3784, v0x9b4c36c60_3785, v0x9b4c36c60_3786;
v0x9b4c36c60_3787 .array/port v0x9b4c36c60, 3787;
v0x9b4c36c60_3788 .array/port v0x9b4c36c60, 3788;
v0x9b4c36c60_3789 .array/port v0x9b4c36c60, 3789;
v0x9b4c36c60_3790 .array/port v0x9b4c36c60, 3790;
E_0x9b50e6d80/947 .event anyedge, v0x9b4c36c60_3787, v0x9b4c36c60_3788, v0x9b4c36c60_3789, v0x9b4c36c60_3790;
v0x9b4c36c60_3791 .array/port v0x9b4c36c60, 3791;
v0x9b4c36c60_3792 .array/port v0x9b4c36c60, 3792;
v0x9b4c36c60_3793 .array/port v0x9b4c36c60, 3793;
v0x9b4c36c60_3794 .array/port v0x9b4c36c60, 3794;
E_0x9b50e6d80/948 .event anyedge, v0x9b4c36c60_3791, v0x9b4c36c60_3792, v0x9b4c36c60_3793, v0x9b4c36c60_3794;
v0x9b4c36c60_3795 .array/port v0x9b4c36c60, 3795;
v0x9b4c36c60_3796 .array/port v0x9b4c36c60, 3796;
v0x9b4c36c60_3797 .array/port v0x9b4c36c60, 3797;
v0x9b4c36c60_3798 .array/port v0x9b4c36c60, 3798;
E_0x9b50e6d80/949 .event anyedge, v0x9b4c36c60_3795, v0x9b4c36c60_3796, v0x9b4c36c60_3797, v0x9b4c36c60_3798;
v0x9b4c36c60_3799 .array/port v0x9b4c36c60, 3799;
v0x9b4c36c60_3800 .array/port v0x9b4c36c60, 3800;
v0x9b4c36c60_3801 .array/port v0x9b4c36c60, 3801;
v0x9b4c36c60_3802 .array/port v0x9b4c36c60, 3802;
E_0x9b50e6d80/950 .event anyedge, v0x9b4c36c60_3799, v0x9b4c36c60_3800, v0x9b4c36c60_3801, v0x9b4c36c60_3802;
v0x9b4c36c60_3803 .array/port v0x9b4c36c60, 3803;
v0x9b4c36c60_3804 .array/port v0x9b4c36c60, 3804;
v0x9b4c36c60_3805 .array/port v0x9b4c36c60, 3805;
v0x9b4c36c60_3806 .array/port v0x9b4c36c60, 3806;
E_0x9b50e6d80/951 .event anyedge, v0x9b4c36c60_3803, v0x9b4c36c60_3804, v0x9b4c36c60_3805, v0x9b4c36c60_3806;
v0x9b4c36c60_3807 .array/port v0x9b4c36c60, 3807;
v0x9b4c36c60_3808 .array/port v0x9b4c36c60, 3808;
v0x9b4c36c60_3809 .array/port v0x9b4c36c60, 3809;
v0x9b4c36c60_3810 .array/port v0x9b4c36c60, 3810;
E_0x9b50e6d80/952 .event anyedge, v0x9b4c36c60_3807, v0x9b4c36c60_3808, v0x9b4c36c60_3809, v0x9b4c36c60_3810;
v0x9b4c36c60_3811 .array/port v0x9b4c36c60, 3811;
v0x9b4c36c60_3812 .array/port v0x9b4c36c60, 3812;
v0x9b4c36c60_3813 .array/port v0x9b4c36c60, 3813;
v0x9b4c36c60_3814 .array/port v0x9b4c36c60, 3814;
E_0x9b50e6d80/953 .event anyedge, v0x9b4c36c60_3811, v0x9b4c36c60_3812, v0x9b4c36c60_3813, v0x9b4c36c60_3814;
v0x9b4c36c60_3815 .array/port v0x9b4c36c60, 3815;
v0x9b4c36c60_3816 .array/port v0x9b4c36c60, 3816;
v0x9b4c36c60_3817 .array/port v0x9b4c36c60, 3817;
v0x9b4c36c60_3818 .array/port v0x9b4c36c60, 3818;
E_0x9b50e6d80/954 .event anyedge, v0x9b4c36c60_3815, v0x9b4c36c60_3816, v0x9b4c36c60_3817, v0x9b4c36c60_3818;
v0x9b4c36c60_3819 .array/port v0x9b4c36c60, 3819;
v0x9b4c36c60_3820 .array/port v0x9b4c36c60, 3820;
v0x9b4c36c60_3821 .array/port v0x9b4c36c60, 3821;
v0x9b4c36c60_3822 .array/port v0x9b4c36c60, 3822;
E_0x9b50e6d80/955 .event anyedge, v0x9b4c36c60_3819, v0x9b4c36c60_3820, v0x9b4c36c60_3821, v0x9b4c36c60_3822;
v0x9b4c36c60_3823 .array/port v0x9b4c36c60, 3823;
v0x9b4c36c60_3824 .array/port v0x9b4c36c60, 3824;
v0x9b4c36c60_3825 .array/port v0x9b4c36c60, 3825;
v0x9b4c36c60_3826 .array/port v0x9b4c36c60, 3826;
E_0x9b50e6d80/956 .event anyedge, v0x9b4c36c60_3823, v0x9b4c36c60_3824, v0x9b4c36c60_3825, v0x9b4c36c60_3826;
v0x9b4c36c60_3827 .array/port v0x9b4c36c60, 3827;
v0x9b4c36c60_3828 .array/port v0x9b4c36c60, 3828;
v0x9b4c36c60_3829 .array/port v0x9b4c36c60, 3829;
v0x9b4c36c60_3830 .array/port v0x9b4c36c60, 3830;
E_0x9b50e6d80/957 .event anyedge, v0x9b4c36c60_3827, v0x9b4c36c60_3828, v0x9b4c36c60_3829, v0x9b4c36c60_3830;
v0x9b4c36c60_3831 .array/port v0x9b4c36c60, 3831;
v0x9b4c36c60_3832 .array/port v0x9b4c36c60, 3832;
v0x9b4c36c60_3833 .array/port v0x9b4c36c60, 3833;
v0x9b4c36c60_3834 .array/port v0x9b4c36c60, 3834;
E_0x9b50e6d80/958 .event anyedge, v0x9b4c36c60_3831, v0x9b4c36c60_3832, v0x9b4c36c60_3833, v0x9b4c36c60_3834;
v0x9b4c36c60_3835 .array/port v0x9b4c36c60, 3835;
v0x9b4c36c60_3836 .array/port v0x9b4c36c60, 3836;
v0x9b4c36c60_3837 .array/port v0x9b4c36c60, 3837;
v0x9b4c36c60_3838 .array/port v0x9b4c36c60, 3838;
E_0x9b50e6d80/959 .event anyedge, v0x9b4c36c60_3835, v0x9b4c36c60_3836, v0x9b4c36c60_3837, v0x9b4c36c60_3838;
v0x9b4c36c60_3839 .array/port v0x9b4c36c60, 3839;
v0x9b4c36c60_3840 .array/port v0x9b4c36c60, 3840;
v0x9b4c36c60_3841 .array/port v0x9b4c36c60, 3841;
v0x9b4c36c60_3842 .array/port v0x9b4c36c60, 3842;
E_0x9b50e6d80/960 .event anyedge, v0x9b4c36c60_3839, v0x9b4c36c60_3840, v0x9b4c36c60_3841, v0x9b4c36c60_3842;
v0x9b4c36c60_3843 .array/port v0x9b4c36c60, 3843;
v0x9b4c36c60_3844 .array/port v0x9b4c36c60, 3844;
v0x9b4c36c60_3845 .array/port v0x9b4c36c60, 3845;
v0x9b4c36c60_3846 .array/port v0x9b4c36c60, 3846;
E_0x9b50e6d80/961 .event anyedge, v0x9b4c36c60_3843, v0x9b4c36c60_3844, v0x9b4c36c60_3845, v0x9b4c36c60_3846;
v0x9b4c36c60_3847 .array/port v0x9b4c36c60, 3847;
v0x9b4c36c60_3848 .array/port v0x9b4c36c60, 3848;
v0x9b4c36c60_3849 .array/port v0x9b4c36c60, 3849;
v0x9b4c36c60_3850 .array/port v0x9b4c36c60, 3850;
E_0x9b50e6d80/962 .event anyedge, v0x9b4c36c60_3847, v0x9b4c36c60_3848, v0x9b4c36c60_3849, v0x9b4c36c60_3850;
v0x9b4c36c60_3851 .array/port v0x9b4c36c60, 3851;
v0x9b4c36c60_3852 .array/port v0x9b4c36c60, 3852;
v0x9b4c36c60_3853 .array/port v0x9b4c36c60, 3853;
v0x9b4c36c60_3854 .array/port v0x9b4c36c60, 3854;
E_0x9b50e6d80/963 .event anyedge, v0x9b4c36c60_3851, v0x9b4c36c60_3852, v0x9b4c36c60_3853, v0x9b4c36c60_3854;
v0x9b4c36c60_3855 .array/port v0x9b4c36c60, 3855;
v0x9b4c36c60_3856 .array/port v0x9b4c36c60, 3856;
v0x9b4c36c60_3857 .array/port v0x9b4c36c60, 3857;
v0x9b4c36c60_3858 .array/port v0x9b4c36c60, 3858;
E_0x9b50e6d80/964 .event anyedge, v0x9b4c36c60_3855, v0x9b4c36c60_3856, v0x9b4c36c60_3857, v0x9b4c36c60_3858;
v0x9b4c36c60_3859 .array/port v0x9b4c36c60, 3859;
v0x9b4c36c60_3860 .array/port v0x9b4c36c60, 3860;
v0x9b4c36c60_3861 .array/port v0x9b4c36c60, 3861;
v0x9b4c36c60_3862 .array/port v0x9b4c36c60, 3862;
E_0x9b50e6d80/965 .event anyedge, v0x9b4c36c60_3859, v0x9b4c36c60_3860, v0x9b4c36c60_3861, v0x9b4c36c60_3862;
v0x9b4c36c60_3863 .array/port v0x9b4c36c60, 3863;
v0x9b4c36c60_3864 .array/port v0x9b4c36c60, 3864;
v0x9b4c36c60_3865 .array/port v0x9b4c36c60, 3865;
v0x9b4c36c60_3866 .array/port v0x9b4c36c60, 3866;
E_0x9b50e6d80/966 .event anyedge, v0x9b4c36c60_3863, v0x9b4c36c60_3864, v0x9b4c36c60_3865, v0x9b4c36c60_3866;
v0x9b4c36c60_3867 .array/port v0x9b4c36c60, 3867;
v0x9b4c36c60_3868 .array/port v0x9b4c36c60, 3868;
v0x9b4c36c60_3869 .array/port v0x9b4c36c60, 3869;
v0x9b4c36c60_3870 .array/port v0x9b4c36c60, 3870;
E_0x9b50e6d80/967 .event anyedge, v0x9b4c36c60_3867, v0x9b4c36c60_3868, v0x9b4c36c60_3869, v0x9b4c36c60_3870;
v0x9b4c36c60_3871 .array/port v0x9b4c36c60, 3871;
v0x9b4c36c60_3872 .array/port v0x9b4c36c60, 3872;
v0x9b4c36c60_3873 .array/port v0x9b4c36c60, 3873;
v0x9b4c36c60_3874 .array/port v0x9b4c36c60, 3874;
E_0x9b50e6d80/968 .event anyedge, v0x9b4c36c60_3871, v0x9b4c36c60_3872, v0x9b4c36c60_3873, v0x9b4c36c60_3874;
v0x9b4c36c60_3875 .array/port v0x9b4c36c60, 3875;
v0x9b4c36c60_3876 .array/port v0x9b4c36c60, 3876;
v0x9b4c36c60_3877 .array/port v0x9b4c36c60, 3877;
v0x9b4c36c60_3878 .array/port v0x9b4c36c60, 3878;
E_0x9b50e6d80/969 .event anyedge, v0x9b4c36c60_3875, v0x9b4c36c60_3876, v0x9b4c36c60_3877, v0x9b4c36c60_3878;
v0x9b4c36c60_3879 .array/port v0x9b4c36c60, 3879;
v0x9b4c36c60_3880 .array/port v0x9b4c36c60, 3880;
v0x9b4c36c60_3881 .array/port v0x9b4c36c60, 3881;
v0x9b4c36c60_3882 .array/port v0x9b4c36c60, 3882;
E_0x9b50e6d80/970 .event anyedge, v0x9b4c36c60_3879, v0x9b4c36c60_3880, v0x9b4c36c60_3881, v0x9b4c36c60_3882;
v0x9b4c36c60_3883 .array/port v0x9b4c36c60, 3883;
v0x9b4c36c60_3884 .array/port v0x9b4c36c60, 3884;
v0x9b4c36c60_3885 .array/port v0x9b4c36c60, 3885;
v0x9b4c36c60_3886 .array/port v0x9b4c36c60, 3886;
E_0x9b50e6d80/971 .event anyedge, v0x9b4c36c60_3883, v0x9b4c36c60_3884, v0x9b4c36c60_3885, v0x9b4c36c60_3886;
v0x9b4c36c60_3887 .array/port v0x9b4c36c60, 3887;
v0x9b4c36c60_3888 .array/port v0x9b4c36c60, 3888;
v0x9b4c36c60_3889 .array/port v0x9b4c36c60, 3889;
v0x9b4c36c60_3890 .array/port v0x9b4c36c60, 3890;
E_0x9b50e6d80/972 .event anyedge, v0x9b4c36c60_3887, v0x9b4c36c60_3888, v0x9b4c36c60_3889, v0x9b4c36c60_3890;
v0x9b4c36c60_3891 .array/port v0x9b4c36c60, 3891;
v0x9b4c36c60_3892 .array/port v0x9b4c36c60, 3892;
v0x9b4c36c60_3893 .array/port v0x9b4c36c60, 3893;
v0x9b4c36c60_3894 .array/port v0x9b4c36c60, 3894;
E_0x9b50e6d80/973 .event anyedge, v0x9b4c36c60_3891, v0x9b4c36c60_3892, v0x9b4c36c60_3893, v0x9b4c36c60_3894;
v0x9b4c36c60_3895 .array/port v0x9b4c36c60, 3895;
v0x9b4c36c60_3896 .array/port v0x9b4c36c60, 3896;
v0x9b4c36c60_3897 .array/port v0x9b4c36c60, 3897;
v0x9b4c36c60_3898 .array/port v0x9b4c36c60, 3898;
E_0x9b50e6d80/974 .event anyedge, v0x9b4c36c60_3895, v0x9b4c36c60_3896, v0x9b4c36c60_3897, v0x9b4c36c60_3898;
v0x9b4c36c60_3899 .array/port v0x9b4c36c60, 3899;
v0x9b4c36c60_3900 .array/port v0x9b4c36c60, 3900;
v0x9b4c36c60_3901 .array/port v0x9b4c36c60, 3901;
v0x9b4c36c60_3902 .array/port v0x9b4c36c60, 3902;
E_0x9b50e6d80/975 .event anyedge, v0x9b4c36c60_3899, v0x9b4c36c60_3900, v0x9b4c36c60_3901, v0x9b4c36c60_3902;
v0x9b4c36c60_3903 .array/port v0x9b4c36c60, 3903;
v0x9b4c36c60_3904 .array/port v0x9b4c36c60, 3904;
v0x9b4c36c60_3905 .array/port v0x9b4c36c60, 3905;
v0x9b4c36c60_3906 .array/port v0x9b4c36c60, 3906;
E_0x9b50e6d80/976 .event anyedge, v0x9b4c36c60_3903, v0x9b4c36c60_3904, v0x9b4c36c60_3905, v0x9b4c36c60_3906;
v0x9b4c36c60_3907 .array/port v0x9b4c36c60, 3907;
v0x9b4c36c60_3908 .array/port v0x9b4c36c60, 3908;
v0x9b4c36c60_3909 .array/port v0x9b4c36c60, 3909;
v0x9b4c36c60_3910 .array/port v0x9b4c36c60, 3910;
E_0x9b50e6d80/977 .event anyedge, v0x9b4c36c60_3907, v0x9b4c36c60_3908, v0x9b4c36c60_3909, v0x9b4c36c60_3910;
v0x9b4c36c60_3911 .array/port v0x9b4c36c60, 3911;
v0x9b4c36c60_3912 .array/port v0x9b4c36c60, 3912;
v0x9b4c36c60_3913 .array/port v0x9b4c36c60, 3913;
v0x9b4c36c60_3914 .array/port v0x9b4c36c60, 3914;
E_0x9b50e6d80/978 .event anyedge, v0x9b4c36c60_3911, v0x9b4c36c60_3912, v0x9b4c36c60_3913, v0x9b4c36c60_3914;
v0x9b4c36c60_3915 .array/port v0x9b4c36c60, 3915;
v0x9b4c36c60_3916 .array/port v0x9b4c36c60, 3916;
v0x9b4c36c60_3917 .array/port v0x9b4c36c60, 3917;
v0x9b4c36c60_3918 .array/port v0x9b4c36c60, 3918;
E_0x9b50e6d80/979 .event anyedge, v0x9b4c36c60_3915, v0x9b4c36c60_3916, v0x9b4c36c60_3917, v0x9b4c36c60_3918;
v0x9b4c36c60_3919 .array/port v0x9b4c36c60, 3919;
v0x9b4c36c60_3920 .array/port v0x9b4c36c60, 3920;
v0x9b4c36c60_3921 .array/port v0x9b4c36c60, 3921;
v0x9b4c36c60_3922 .array/port v0x9b4c36c60, 3922;
E_0x9b50e6d80/980 .event anyedge, v0x9b4c36c60_3919, v0x9b4c36c60_3920, v0x9b4c36c60_3921, v0x9b4c36c60_3922;
v0x9b4c36c60_3923 .array/port v0x9b4c36c60, 3923;
v0x9b4c36c60_3924 .array/port v0x9b4c36c60, 3924;
v0x9b4c36c60_3925 .array/port v0x9b4c36c60, 3925;
v0x9b4c36c60_3926 .array/port v0x9b4c36c60, 3926;
E_0x9b50e6d80/981 .event anyedge, v0x9b4c36c60_3923, v0x9b4c36c60_3924, v0x9b4c36c60_3925, v0x9b4c36c60_3926;
v0x9b4c36c60_3927 .array/port v0x9b4c36c60, 3927;
v0x9b4c36c60_3928 .array/port v0x9b4c36c60, 3928;
v0x9b4c36c60_3929 .array/port v0x9b4c36c60, 3929;
v0x9b4c36c60_3930 .array/port v0x9b4c36c60, 3930;
E_0x9b50e6d80/982 .event anyedge, v0x9b4c36c60_3927, v0x9b4c36c60_3928, v0x9b4c36c60_3929, v0x9b4c36c60_3930;
v0x9b4c36c60_3931 .array/port v0x9b4c36c60, 3931;
v0x9b4c36c60_3932 .array/port v0x9b4c36c60, 3932;
v0x9b4c36c60_3933 .array/port v0x9b4c36c60, 3933;
v0x9b4c36c60_3934 .array/port v0x9b4c36c60, 3934;
E_0x9b50e6d80/983 .event anyedge, v0x9b4c36c60_3931, v0x9b4c36c60_3932, v0x9b4c36c60_3933, v0x9b4c36c60_3934;
v0x9b4c36c60_3935 .array/port v0x9b4c36c60, 3935;
v0x9b4c36c60_3936 .array/port v0x9b4c36c60, 3936;
v0x9b4c36c60_3937 .array/port v0x9b4c36c60, 3937;
v0x9b4c36c60_3938 .array/port v0x9b4c36c60, 3938;
E_0x9b50e6d80/984 .event anyedge, v0x9b4c36c60_3935, v0x9b4c36c60_3936, v0x9b4c36c60_3937, v0x9b4c36c60_3938;
v0x9b4c36c60_3939 .array/port v0x9b4c36c60, 3939;
v0x9b4c36c60_3940 .array/port v0x9b4c36c60, 3940;
v0x9b4c36c60_3941 .array/port v0x9b4c36c60, 3941;
v0x9b4c36c60_3942 .array/port v0x9b4c36c60, 3942;
E_0x9b50e6d80/985 .event anyedge, v0x9b4c36c60_3939, v0x9b4c36c60_3940, v0x9b4c36c60_3941, v0x9b4c36c60_3942;
v0x9b4c36c60_3943 .array/port v0x9b4c36c60, 3943;
v0x9b4c36c60_3944 .array/port v0x9b4c36c60, 3944;
v0x9b4c36c60_3945 .array/port v0x9b4c36c60, 3945;
v0x9b4c36c60_3946 .array/port v0x9b4c36c60, 3946;
E_0x9b50e6d80/986 .event anyedge, v0x9b4c36c60_3943, v0x9b4c36c60_3944, v0x9b4c36c60_3945, v0x9b4c36c60_3946;
v0x9b4c36c60_3947 .array/port v0x9b4c36c60, 3947;
v0x9b4c36c60_3948 .array/port v0x9b4c36c60, 3948;
v0x9b4c36c60_3949 .array/port v0x9b4c36c60, 3949;
v0x9b4c36c60_3950 .array/port v0x9b4c36c60, 3950;
E_0x9b50e6d80/987 .event anyedge, v0x9b4c36c60_3947, v0x9b4c36c60_3948, v0x9b4c36c60_3949, v0x9b4c36c60_3950;
v0x9b4c36c60_3951 .array/port v0x9b4c36c60, 3951;
v0x9b4c36c60_3952 .array/port v0x9b4c36c60, 3952;
v0x9b4c36c60_3953 .array/port v0x9b4c36c60, 3953;
v0x9b4c36c60_3954 .array/port v0x9b4c36c60, 3954;
E_0x9b50e6d80/988 .event anyedge, v0x9b4c36c60_3951, v0x9b4c36c60_3952, v0x9b4c36c60_3953, v0x9b4c36c60_3954;
v0x9b4c36c60_3955 .array/port v0x9b4c36c60, 3955;
v0x9b4c36c60_3956 .array/port v0x9b4c36c60, 3956;
v0x9b4c36c60_3957 .array/port v0x9b4c36c60, 3957;
v0x9b4c36c60_3958 .array/port v0x9b4c36c60, 3958;
E_0x9b50e6d80/989 .event anyedge, v0x9b4c36c60_3955, v0x9b4c36c60_3956, v0x9b4c36c60_3957, v0x9b4c36c60_3958;
v0x9b4c36c60_3959 .array/port v0x9b4c36c60, 3959;
v0x9b4c36c60_3960 .array/port v0x9b4c36c60, 3960;
v0x9b4c36c60_3961 .array/port v0x9b4c36c60, 3961;
v0x9b4c36c60_3962 .array/port v0x9b4c36c60, 3962;
E_0x9b50e6d80/990 .event anyedge, v0x9b4c36c60_3959, v0x9b4c36c60_3960, v0x9b4c36c60_3961, v0x9b4c36c60_3962;
v0x9b4c36c60_3963 .array/port v0x9b4c36c60, 3963;
v0x9b4c36c60_3964 .array/port v0x9b4c36c60, 3964;
v0x9b4c36c60_3965 .array/port v0x9b4c36c60, 3965;
v0x9b4c36c60_3966 .array/port v0x9b4c36c60, 3966;
E_0x9b50e6d80/991 .event anyedge, v0x9b4c36c60_3963, v0x9b4c36c60_3964, v0x9b4c36c60_3965, v0x9b4c36c60_3966;
v0x9b4c36c60_3967 .array/port v0x9b4c36c60, 3967;
v0x9b4c36c60_3968 .array/port v0x9b4c36c60, 3968;
v0x9b4c36c60_3969 .array/port v0x9b4c36c60, 3969;
v0x9b4c36c60_3970 .array/port v0x9b4c36c60, 3970;
E_0x9b50e6d80/992 .event anyedge, v0x9b4c36c60_3967, v0x9b4c36c60_3968, v0x9b4c36c60_3969, v0x9b4c36c60_3970;
v0x9b4c36c60_3971 .array/port v0x9b4c36c60, 3971;
v0x9b4c36c60_3972 .array/port v0x9b4c36c60, 3972;
v0x9b4c36c60_3973 .array/port v0x9b4c36c60, 3973;
v0x9b4c36c60_3974 .array/port v0x9b4c36c60, 3974;
E_0x9b50e6d80/993 .event anyedge, v0x9b4c36c60_3971, v0x9b4c36c60_3972, v0x9b4c36c60_3973, v0x9b4c36c60_3974;
v0x9b4c36c60_3975 .array/port v0x9b4c36c60, 3975;
v0x9b4c36c60_3976 .array/port v0x9b4c36c60, 3976;
v0x9b4c36c60_3977 .array/port v0x9b4c36c60, 3977;
v0x9b4c36c60_3978 .array/port v0x9b4c36c60, 3978;
E_0x9b50e6d80/994 .event anyedge, v0x9b4c36c60_3975, v0x9b4c36c60_3976, v0x9b4c36c60_3977, v0x9b4c36c60_3978;
v0x9b4c36c60_3979 .array/port v0x9b4c36c60, 3979;
v0x9b4c36c60_3980 .array/port v0x9b4c36c60, 3980;
v0x9b4c36c60_3981 .array/port v0x9b4c36c60, 3981;
v0x9b4c36c60_3982 .array/port v0x9b4c36c60, 3982;
E_0x9b50e6d80/995 .event anyedge, v0x9b4c36c60_3979, v0x9b4c36c60_3980, v0x9b4c36c60_3981, v0x9b4c36c60_3982;
v0x9b4c36c60_3983 .array/port v0x9b4c36c60, 3983;
v0x9b4c36c60_3984 .array/port v0x9b4c36c60, 3984;
v0x9b4c36c60_3985 .array/port v0x9b4c36c60, 3985;
v0x9b4c36c60_3986 .array/port v0x9b4c36c60, 3986;
E_0x9b50e6d80/996 .event anyedge, v0x9b4c36c60_3983, v0x9b4c36c60_3984, v0x9b4c36c60_3985, v0x9b4c36c60_3986;
v0x9b4c36c60_3987 .array/port v0x9b4c36c60, 3987;
v0x9b4c36c60_3988 .array/port v0x9b4c36c60, 3988;
v0x9b4c36c60_3989 .array/port v0x9b4c36c60, 3989;
v0x9b4c36c60_3990 .array/port v0x9b4c36c60, 3990;
E_0x9b50e6d80/997 .event anyedge, v0x9b4c36c60_3987, v0x9b4c36c60_3988, v0x9b4c36c60_3989, v0x9b4c36c60_3990;
v0x9b4c36c60_3991 .array/port v0x9b4c36c60, 3991;
v0x9b4c36c60_3992 .array/port v0x9b4c36c60, 3992;
v0x9b4c36c60_3993 .array/port v0x9b4c36c60, 3993;
v0x9b4c36c60_3994 .array/port v0x9b4c36c60, 3994;
E_0x9b50e6d80/998 .event anyedge, v0x9b4c36c60_3991, v0x9b4c36c60_3992, v0x9b4c36c60_3993, v0x9b4c36c60_3994;
v0x9b4c36c60_3995 .array/port v0x9b4c36c60, 3995;
v0x9b4c36c60_3996 .array/port v0x9b4c36c60, 3996;
v0x9b4c36c60_3997 .array/port v0x9b4c36c60, 3997;
v0x9b4c36c60_3998 .array/port v0x9b4c36c60, 3998;
E_0x9b50e6d80/999 .event anyedge, v0x9b4c36c60_3995, v0x9b4c36c60_3996, v0x9b4c36c60_3997, v0x9b4c36c60_3998;
v0x9b4c36c60_3999 .array/port v0x9b4c36c60, 3999;
v0x9b4c36c60_4000 .array/port v0x9b4c36c60, 4000;
v0x9b4c36c60_4001 .array/port v0x9b4c36c60, 4001;
v0x9b4c36c60_4002 .array/port v0x9b4c36c60, 4002;
E_0x9b50e6d80/1000 .event anyedge, v0x9b4c36c60_3999, v0x9b4c36c60_4000, v0x9b4c36c60_4001, v0x9b4c36c60_4002;
v0x9b4c36c60_4003 .array/port v0x9b4c36c60, 4003;
v0x9b4c36c60_4004 .array/port v0x9b4c36c60, 4004;
v0x9b4c36c60_4005 .array/port v0x9b4c36c60, 4005;
v0x9b4c36c60_4006 .array/port v0x9b4c36c60, 4006;
E_0x9b50e6d80/1001 .event anyedge, v0x9b4c36c60_4003, v0x9b4c36c60_4004, v0x9b4c36c60_4005, v0x9b4c36c60_4006;
v0x9b4c36c60_4007 .array/port v0x9b4c36c60, 4007;
v0x9b4c36c60_4008 .array/port v0x9b4c36c60, 4008;
v0x9b4c36c60_4009 .array/port v0x9b4c36c60, 4009;
v0x9b4c36c60_4010 .array/port v0x9b4c36c60, 4010;
E_0x9b50e6d80/1002 .event anyedge, v0x9b4c36c60_4007, v0x9b4c36c60_4008, v0x9b4c36c60_4009, v0x9b4c36c60_4010;
v0x9b4c36c60_4011 .array/port v0x9b4c36c60, 4011;
v0x9b4c36c60_4012 .array/port v0x9b4c36c60, 4012;
v0x9b4c36c60_4013 .array/port v0x9b4c36c60, 4013;
v0x9b4c36c60_4014 .array/port v0x9b4c36c60, 4014;
E_0x9b50e6d80/1003 .event anyedge, v0x9b4c36c60_4011, v0x9b4c36c60_4012, v0x9b4c36c60_4013, v0x9b4c36c60_4014;
v0x9b4c36c60_4015 .array/port v0x9b4c36c60, 4015;
v0x9b4c36c60_4016 .array/port v0x9b4c36c60, 4016;
v0x9b4c36c60_4017 .array/port v0x9b4c36c60, 4017;
v0x9b4c36c60_4018 .array/port v0x9b4c36c60, 4018;
E_0x9b50e6d80/1004 .event anyedge, v0x9b4c36c60_4015, v0x9b4c36c60_4016, v0x9b4c36c60_4017, v0x9b4c36c60_4018;
v0x9b4c36c60_4019 .array/port v0x9b4c36c60, 4019;
v0x9b4c36c60_4020 .array/port v0x9b4c36c60, 4020;
v0x9b4c36c60_4021 .array/port v0x9b4c36c60, 4021;
v0x9b4c36c60_4022 .array/port v0x9b4c36c60, 4022;
E_0x9b50e6d80/1005 .event anyedge, v0x9b4c36c60_4019, v0x9b4c36c60_4020, v0x9b4c36c60_4021, v0x9b4c36c60_4022;
v0x9b4c36c60_4023 .array/port v0x9b4c36c60, 4023;
v0x9b4c36c60_4024 .array/port v0x9b4c36c60, 4024;
v0x9b4c36c60_4025 .array/port v0x9b4c36c60, 4025;
v0x9b4c36c60_4026 .array/port v0x9b4c36c60, 4026;
E_0x9b50e6d80/1006 .event anyedge, v0x9b4c36c60_4023, v0x9b4c36c60_4024, v0x9b4c36c60_4025, v0x9b4c36c60_4026;
v0x9b4c36c60_4027 .array/port v0x9b4c36c60, 4027;
v0x9b4c36c60_4028 .array/port v0x9b4c36c60, 4028;
v0x9b4c36c60_4029 .array/port v0x9b4c36c60, 4029;
v0x9b4c36c60_4030 .array/port v0x9b4c36c60, 4030;
E_0x9b50e6d80/1007 .event anyedge, v0x9b4c36c60_4027, v0x9b4c36c60_4028, v0x9b4c36c60_4029, v0x9b4c36c60_4030;
v0x9b4c36c60_4031 .array/port v0x9b4c36c60, 4031;
v0x9b4c36c60_4032 .array/port v0x9b4c36c60, 4032;
v0x9b4c36c60_4033 .array/port v0x9b4c36c60, 4033;
v0x9b4c36c60_4034 .array/port v0x9b4c36c60, 4034;
E_0x9b50e6d80/1008 .event anyedge, v0x9b4c36c60_4031, v0x9b4c36c60_4032, v0x9b4c36c60_4033, v0x9b4c36c60_4034;
v0x9b4c36c60_4035 .array/port v0x9b4c36c60, 4035;
v0x9b4c36c60_4036 .array/port v0x9b4c36c60, 4036;
v0x9b4c36c60_4037 .array/port v0x9b4c36c60, 4037;
v0x9b4c36c60_4038 .array/port v0x9b4c36c60, 4038;
E_0x9b50e6d80/1009 .event anyedge, v0x9b4c36c60_4035, v0x9b4c36c60_4036, v0x9b4c36c60_4037, v0x9b4c36c60_4038;
v0x9b4c36c60_4039 .array/port v0x9b4c36c60, 4039;
v0x9b4c36c60_4040 .array/port v0x9b4c36c60, 4040;
v0x9b4c36c60_4041 .array/port v0x9b4c36c60, 4041;
v0x9b4c36c60_4042 .array/port v0x9b4c36c60, 4042;
E_0x9b50e6d80/1010 .event anyedge, v0x9b4c36c60_4039, v0x9b4c36c60_4040, v0x9b4c36c60_4041, v0x9b4c36c60_4042;
v0x9b4c36c60_4043 .array/port v0x9b4c36c60, 4043;
v0x9b4c36c60_4044 .array/port v0x9b4c36c60, 4044;
v0x9b4c36c60_4045 .array/port v0x9b4c36c60, 4045;
v0x9b4c36c60_4046 .array/port v0x9b4c36c60, 4046;
E_0x9b50e6d80/1011 .event anyedge, v0x9b4c36c60_4043, v0x9b4c36c60_4044, v0x9b4c36c60_4045, v0x9b4c36c60_4046;
v0x9b4c36c60_4047 .array/port v0x9b4c36c60, 4047;
v0x9b4c36c60_4048 .array/port v0x9b4c36c60, 4048;
v0x9b4c36c60_4049 .array/port v0x9b4c36c60, 4049;
v0x9b4c36c60_4050 .array/port v0x9b4c36c60, 4050;
E_0x9b50e6d80/1012 .event anyedge, v0x9b4c36c60_4047, v0x9b4c36c60_4048, v0x9b4c36c60_4049, v0x9b4c36c60_4050;
v0x9b4c36c60_4051 .array/port v0x9b4c36c60, 4051;
v0x9b4c36c60_4052 .array/port v0x9b4c36c60, 4052;
v0x9b4c36c60_4053 .array/port v0x9b4c36c60, 4053;
v0x9b4c36c60_4054 .array/port v0x9b4c36c60, 4054;
E_0x9b50e6d80/1013 .event anyedge, v0x9b4c36c60_4051, v0x9b4c36c60_4052, v0x9b4c36c60_4053, v0x9b4c36c60_4054;
v0x9b4c36c60_4055 .array/port v0x9b4c36c60, 4055;
v0x9b4c36c60_4056 .array/port v0x9b4c36c60, 4056;
v0x9b4c36c60_4057 .array/port v0x9b4c36c60, 4057;
v0x9b4c36c60_4058 .array/port v0x9b4c36c60, 4058;
E_0x9b50e6d80/1014 .event anyedge, v0x9b4c36c60_4055, v0x9b4c36c60_4056, v0x9b4c36c60_4057, v0x9b4c36c60_4058;
v0x9b4c36c60_4059 .array/port v0x9b4c36c60, 4059;
v0x9b4c36c60_4060 .array/port v0x9b4c36c60, 4060;
v0x9b4c36c60_4061 .array/port v0x9b4c36c60, 4061;
v0x9b4c36c60_4062 .array/port v0x9b4c36c60, 4062;
E_0x9b50e6d80/1015 .event anyedge, v0x9b4c36c60_4059, v0x9b4c36c60_4060, v0x9b4c36c60_4061, v0x9b4c36c60_4062;
v0x9b4c36c60_4063 .array/port v0x9b4c36c60, 4063;
v0x9b4c36c60_4064 .array/port v0x9b4c36c60, 4064;
v0x9b4c36c60_4065 .array/port v0x9b4c36c60, 4065;
v0x9b4c36c60_4066 .array/port v0x9b4c36c60, 4066;
E_0x9b50e6d80/1016 .event anyedge, v0x9b4c36c60_4063, v0x9b4c36c60_4064, v0x9b4c36c60_4065, v0x9b4c36c60_4066;
v0x9b4c36c60_4067 .array/port v0x9b4c36c60, 4067;
v0x9b4c36c60_4068 .array/port v0x9b4c36c60, 4068;
v0x9b4c36c60_4069 .array/port v0x9b4c36c60, 4069;
v0x9b4c36c60_4070 .array/port v0x9b4c36c60, 4070;
E_0x9b50e6d80/1017 .event anyedge, v0x9b4c36c60_4067, v0x9b4c36c60_4068, v0x9b4c36c60_4069, v0x9b4c36c60_4070;
v0x9b4c36c60_4071 .array/port v0x9b4c36c60, 4071;
v0x9b4c36c60_4072 .array/port v0x9b4c36c60, 4072;
v0x9b4c36c60_4073 .array/port v0x9b4c36c60, 4073;
v0x9b4c36c60_4074 .array/port v0x9b4c36c60, 4074;
E_0x9b50e6d80/1018 .event anyedge, v0x9b4c36c60_4071, v0x9b4c36c60_4072, v0x9b4c36c60_4073, v0x9b4c36c60_4074;
v0x9b4c36c60_4075 .array/port v0x9b4c36c60, 4075;
v0x9b4c36c60_4076 .array/port v0x9b4c36c60, 4076;
v0x9b4c36c60_4077 .array/port v0x9b4c36c60, 4077;
v0x9b4c36c60_4078 .array/port v0x9b4c36c60, 4078;
E_0x9b50e6d80/1019 .event anyedge, v0x9b4c36c60_4075, v0x9b4c36c60_4076, v0x9b4c36c60_4077, v0x9b4c36c60_4078;
v0x9b4c36c60_4079 .array/port v0x9b4c36c60, 4079;
v0x9b4c36c60_4080 .array/port v0x9b4c36c60, 4080;
v0x9b4c36c60_4081 .array/port v0x9b4c36c60, 4081;
v0x9b4c36c60_4082 .array/port v0x9b4c36c60, 4082;
E_0x9b50e6d80/1020 .event anyedge, v0x9b4c36c60_4079, v0x9b4c36c60_4080, v0x9b4c36c60_4081, v0x9b4c36c60_4082;
v0x9b4c36c60_4083 .array/port v0x9b4c36c60, 4083;
v0x9b4c36c60_4084 .array/port v0x9b4c36c60, 4084;
v0x9b4c36c60_4085 .array/port v0x9b4c36c60, 4085;
v0x9b4c36c60_4086 .array/port v0x9b4c36c60, 4086;
E_0x9b50e6d80/1021 .event anyedge, v0x9b4c36c60_4083, v0x9b4c36c60_4084, v0x9b4c36c60_4085, v0x9b4c36c60_4086;
v0x9b4c36c60_4087 .array/port v0x9b4c36c60, 4087;
v0x9b4c36c60_4088 .array/port v0x9b4c36c60, 4088;
v0x9b4c36c60_4089 .array/port v0x9b4c36c60, 4089;
v0x9b4c36c60_4090 .array/port v0x9b4c36c60, 4090;
E_0x9b50e6d80/1022 .event anyedge, v0x9b4c36c60_4087, v0x9b4c36c60_4088, v0x9b4c36c60_4089, v0x9b4c36c60_4090;
v0x9b4c36c60_4091 .array/port v0x9b4c36c60, 4091;
v0x9b4c36c60_4092 .array/port v0x9b4c36c60, 4092;
v0x9b4c36c60_4093 .array/port v0x9b4c36c60, 4093;
v0x9b4c36c60_4094 .array/port v0x9b4c36c60, 4094;
E_0x9b50e6d80/1023 .event anyedge, v0x9b4c36c60_4091, v0x9b4c36c60_4092, v0x9b4c36c60_4093, v0x9b4c36c60_4094;
v0x9b4c36c60_4095 .array/port v0x9b4c36c60, 4095;
v0x9b4c36c60_4096 .array/port v0x9b4c36c60, 4096;
v0x9b4c36c60_4097 .array/port v0x9b4c36c60, 4097;
v0x9b4c36c60_4098 .array/port v0x9b4c36c60, 4098;
E_0x9b50e6d80/1024 .event anyedge, v0x9b4c36c60_4095, v0x9b4c36c60_4096, v0x9b4c36c60_4097, v0x9b4c36c60_4098;
v0x9b4c36c60_4099 .array/port v0x9b4c36c60, 4099;
v0x9b4c36c60_4100 .array/port v0x9b4c36c60, 4100;
v0x9b4c36c60_4101 .array/port v0x9b4c36c60, 4101;
v0x9b4c36c60_4102 .array/port v0x9b4c36c60, 4102;
E_0x9b50e6d80/1025 .event anyedge, v0x9b4c36c60_4099, v0x9b4c36c60_4100, v0x9b4c36c60_4101, v0x9b4c36c60_4102;
v0x9b4c36c60_4103 .array/port v0x9b4c36c60, 4103;
v0x9b4c36c60_4104 .array/port v0x9b4c36c60, 4104;
v0x9b4c36c60_4105 .array/port v0x9b4c36c60, 4105;
v0x9b4c36c60_4106 .array/port v0x9b4c36c60, 4106;
E_0x9b50e6d80/1026 .event anyedge, v0x9b4c36c60_4103, v0x9b4c36c60_4104, v0x9b4c36c60_4105, v0x9b4c36c60_4106;
v0x9b4c36c60_4107 .array/port v0x9b4c36c60, 4107;
v0x9b4c36c60_4108 .array/port v0x9b4c36c60, 4108;
v0x9b4c36c60_4109 .array/port v0x9b4c36c60, 4109;
v0x9b4c36c60_4110 .array/port v0x9b4c36c60, 4110;
E_0x9b50e6d80/1027 .event anyedge, v0x9b4c36c60_4107, v0x9b4c36c60_4108, v0x9b4c36c60_4109, v0x9b4c36c60_4110;
v0x9b4c36c60_4111 .array/port v0x9b4c36c60, 4111;
v0x9b4c36c60_4112 .array/port v0x9b4c36c60, 4112;
v0x9b4c36c60_4113 .array/port v0x9b4c36c60, 4113;
v0x9b4c36c60_4114 .array/port v0x9b4c36c60, 4114;
E_0x9b50e6d80/1028 .event anyedge, v0x9b4c36c60_4111, v0x9b4c36c60_4112, v0x9b4c36c60_4113, v0x9b4c36c60_4114;
v0x9b4c36c60_4115 .array/port v0x9b4c36c60, 4115;
v0x9b4c36c60_4116 .array/port v0x9b4c36c60, 4116;
v0x9b4c36c60_4117 .array/port v0x9b4c36c60, 4117;
v0x9b4c36c60_4118 .array/port v0x9b4c36c60, 4118;
E_0x9b50e6d80/1029 .event anyedge, v0x9b4c36c60_4115, v0x9b4c36c60_4116, v0x9b4c36c60_4117, v0x9b4c36c60_4118;
v0x9b4c36c60_4119 .array/port v0x9b4c36c60, 4119;
v0x9b4c36c60_4120 .array/port v0x9b4c36c60, 4120;
v0x9b4c36c60_4121 .array/port v0x9b4c36c60, 4121;
v0x9b4c36c60_4122 .array/port v0x9b4c36c60, 4122;
E_0x9b50e6d80/1030 .event anyedge, v0x9b4c36c60_4119, v0x9b4c36c60_4120, v0x9b4c36c60_4121, v0x9b4c36c60_4122;
v0x9b4c36c60_4123 .array/port v0x9b4c36c60, 4123;
v0x9b4c36c60_4124 .array/port v0x9b4c36c60, 4124;
v0x9b4c36c60_4125 .array/port v0x9b4c36c60, 4125;
v0x9b4c36c60_4126 .array/port v0x9b4c36c60, 4126;
E_0x9b50e6d80/1031 .event anyedge, v0x9b4c36c60_4123, v0x9b4c36c60_4124, v0x9b4c36c60_4125, v0x9b4c36c60_4126;
v0x9b4c36c60_4127 .array/port v0x9b4c36c60, 4127;
v0x9b4c36c60_4128 .array/port v0x9b4c36c60, 4128;
v0x9b4c36c60_4129 .array/port v0x9b4c36c60, 4129;
v0x9b4c36c60_4130 .array/port v0x9b4c36c60, 4130;
E_0x9b50e6d80/1032 .event anyedge, v0x9b4c36c60_4127, v0x9b4c36c60_4128, v0x9b4c36c60_4129, v0x9b4c36c60_4130;
v0x9b4c36c60_4131 .array/port v0x9b4c36c60, 4131;
v0x9b4c36c60_4132 .array/port v0x9b4c36c60, 4132;
v0x9b4c36c60_4133 .array/port v0x9b4c36c60, 4133;
v0x9b4c36c60_4134 .array/port v0x9b4c36c60, 4134;
E_0x9b50e6d80/1033 .event anyedge, v0x9b4c36c60_4131, v0x9b4c36c60_4132, v0x9b4c36c60_4133, v0x9b4c36c60_4134;
v0x9b4c36c60_4135 .array/port v0x9b4c36c60, 4135;
v0x9b4c36c60_4136 .array/port v0x9b4c36c60, 4136;
v0x9b4c36c60_4137 .array/port v0x9b4c36c60, 4137;
v0x9b4c36c60_4138 .array/port v0x9b4c36c60, 4138;
E_0x9b50e6d80/1034 .event anyedge, v0x9b4c36c60_4135, v0x9b4c36c60_4136, v0x9b4c36c60_4137, v0x9b4c36c60_4138;
v0x9b4c36c60_4139 .array/port v0x9b4c36c60, 4139;
v0x9b4c36c60_4140 .array/port v0x9b4c36c60, 4140;
v0x9b4c36c60_4141 .array/port v0x9b4c36c60, 4141;
v0x9b4c36c60_4142 .array/port v0x9b4c36c60, 4142;
E_0x9b50e6d80/1035 .event anyedge, v0x9b4c36c60_4139, v0x9b4c36c60_4140, v0x9b4c36c60_4141, v0x9b4c36c60_4142;
v0x9b4c36c60_4143 .array/port v0x9b4c36c60, 4143;
v0x9b4c36c60_4144 .array/port v0x9b4c36c60, 4144;
v0x9b4c36c60_4145 .array/port v0x9b4c36c60, 4145;
v0x9b4c36c60_4146 .array/port v0x9b4c36c60, 4146;
E_0x9b50e6d80/1036 .event anyedge, v0x9b4c36c60_4143, v0x9b4c36c60_4144, v0x9b4c36c60_4145, v0x9b4c36c60_4146;
v0x9b4c36c60_4147 .array/port v0x9b4c36c60, 4147;
v0x9b4c36c60_4148 .array/port v0x9b4c36c60, 4148;
v0x9b4c36c60_4149 .array/port v0x9b4c36c60, 4149;
v0x9b4c36c60_4150 .array/port v0x9b4c36c60, 4150;
E_0x9b50e6d80/1037 .event anyedge, v0x9b4c36c60_4147, v0x9b4c36c60_4148, v0x9b4c36c60_4149, v0x9b4c36c60_4150;
v0x9b4c36c60_4151 .array/port v0x9b4c36c60, 4151;
v0x9b4c36c60_4152 .array/port v0x9b4c36c60, 4152;
v0x9b4c36c60_4153 .array/port v0x9b4c36c60, 4153;
v0x9b4c36c60_4154 .array/port v0x9b4c36c60, 4154;
E_0x9b50e6d80/1038 .event anyedge, v0x9b4c36c60_4151, v0x9b4c36c60_4152, v0x9b4c36c60_4153, v0x9b4c36c60_4154;
v0x9b4c36c60_4155 .array/port v0x9b4c36c60, 4155;
v0x9b4c36c60_4156 .array/port v0x9b4c36c60, 4156;
v0x9b4c36c60_4157 .array/port v0x9b4c36c60, 4157;
v0x9b4c36c60_4158 .array/port v0x9b4c36c60, 4158;
E_0x9b50e6d80/1039 .event anyedge, v0x9b4c36c60_4155, v0x9b4c36c60_4156, v0x9b4c36c60_4157, v0x9b4c36c60_4158;
v0x9b4c36c60_4159 .array/port v0x9b4c36c60, 4159;
v0x9b4c36c60_4160 .array/port v0x9b4c36c60, 4160;
v0x9b4c36c60_4161 .array/port v0x9b4c36c60, 4161;
v0x9b4c36c60_4162 .array/port v0x9b4c36c60, 4162;
E_0x9b50e6d80/1040 .event anyedge, v0x9b4c36c60_4159, v0x9b4c36c60_4160, v0x9b4c36c60_4161, v0x9b4c36c60_4162;
v0x9b4c36c60_4163 .array/port v0x9b4c36c60, 4163;
v0x9b4c36c60_4164 .array/port v0x9b4c36c60, 4164;
v0x9b4c36c60_4165 .array/port v0x9b4c36c60, 4165;
v0x9b4c36c60_4166 .array/port v0x9b4c36c60, 4166;
E_0x9b50e6d80/1041 .event anyedge, v0x9b4c36c60_4163, v0x9b4c36c60_4164, v0x9b4c36c60_4165, v0x9b4c36c60_4166;
v0x9b4c36c60_4167 .array/port v0x9b4c36c60, 4167;
v0x9b4c36c60_4168 .array/port v0x9b4c36c60, 4168;
v0x9b4c36c60_4169 .array/port v0x9b4c36c60, 4169;
v0x9b4c36c60_4170 .array/port v0x9b4c36c60, 4170;
E_0x9b50e6d80/1042 .event anyedge, v0x9b4c36c60_4167, v0x9b4c36c60_4168, v0x9b4c36c60_4169, v0x9b4c36c60_4170;
v0x9b4c36c60_4171 .array/port v0x9b4c36c60, 4171;
v0x9b4c36c60_4172 .array/port v0x9b4c36c60, 4172;
v0x9b4c36c60_4173 .array/port v0x9b4c36c60, 4173;
v0x9b4c36c60_4174 .array/port v0x9b4c36c60, 4174;
E_0x9b50e6d80/1043 .event anyedge, v0x9b4c36c60_4171, v0x9b4c36c60_4172, v0x9b4c36c60_4173, v0x9b4c36c60_4174;
v0x9b4c36c60_4175 .array/port v0x9b4c36c60, 4175;
v0x9b4c36c60_4176 .array/port v0x9b4c36c60, 4176;
v0x9b4c36c60_4177 .array/port v0x9b4c36c60, 4177;
v0x9b4c36c60_4178 .array/port v0x9b4c36c60, 4178;
E_0x9b50e6d80/1044 .event anyedge, v0x9b4c36c60_4175, v0x9b4c36c60_4176, v0x9b4c36c60_4177, v0x9b4c36c60_4178;
v0x9b4c36c60_4179 .array/port v0x9b4c36c60, 4179;
v0x9b4c36c60_4180 .array/port v0x9b4c36c60, 4180;
v0x9b4c36c60_4181 .array/port v0x9b4c36c60, 4181;
v0x9b4c36c60_4182 .array/port v0x9b4c36c60, 4182;
E_0x9b50e6d80/1045 .event anyedge, v0x9b4c36c60_4179, v0x9b4c36c60_4180, v0x9b4c36c60_4181, v0x9b4c36c60_4182;
v0x9b4c36c60_4183 .array/port v0x9b4c36c60, 4183;
v0x9b4c36c60_4184 .array/port v0x9b4c36c60, 4184;
v0x9b4c36c60_4185 .array/port v0x9b4c36c60, 4185;
v0x9b4c36c60_4186 .array/port v0x9b4c36c60, 4186;
E_0x9b50e6d80/1046 .event anyedge, v0x9b4c36c60_4183, v0x9b4c36c60_4184, v0x9b4c36c60_4185, v0x9b4c36c60_4186;
v0x9b4c36c60_4187 .array/port v0x9b4c36c60, 4187;
v0x9b4c36c60_4188 .array/port v0x9b4c36c60, 4188;
v0x9b4c36c60_4189 .array/port v0x9b4c36c60, 4189;
v0x9b4c36c60_4190 .array/port v0x9b4c36c60, 4190;
E_0x9b50e6d80/1047 .event anyedge, v0x9b4c36c60_4187, v0x9b4c36c60_4188, v0x9b4c36c60_4189, v0x9b4c36c60_4190;
v0x9b4c36c60_4191 .array/port v0x9b4c36c60, 4191;
v0x9b4c36c60_4192 .array/port v0x9b4c36c60, 4192;
v0x9b4c36c60_4193 .array/port v0x9b4c36c60, 4193;
v0x9b4c36c60_4194 .array/port v0x9b4c36c60, 4194;
E_0x9b50e6d80/1048 .event anyedge, v0x9b4c36c60_4191, v0x9b4c36c60_4192, v0x9b4c36c60_4193, v0x9b4c36c60_4194;
v0x9b4c36c60_4195 .array/port v0x9b4c36c60, 4195;
v0x9b4c36c60_4196 .array/port v0x9b4c36c60, 4196;
v0x9b4c36c60_4197 .array/port v0x9b4c36c60, 4197;
v0x9b4c36c60_4198 .array/port v0x9b4c36c60, 4198;
E_0x9b50e6d80/1049 .event anyedge, v0x9b4c36c60_4195, v0x9b4c36c60_4196, v0x9b4c36c60_4197, v0x9b4c36c60_4198;
v0x9b4c36c60_4199 .array/port v0x9b4c36c60, 4199;
v0x9b4c36c60_4200 .array/port v0x9b4c36c60, 4200;
v0x9b4c36c60_4201 .array/port v0x9b4c36c60, 4201;
v0x9b4c36c60_4202 .array/port v0x9b4c36c60, 4202;
E_0x9b50e6d80/1050 .event anyedge, v0x9b4c36c60_4199, v0x9b4c36c60_4200, v0x9b4c36c60_4201, v0x9b4c36c60_4202;
v0x9b4c36c60_4203 .array/port v0x9b4c36c60, 4203;
v0x9b4c36c60_4204 .array/port v0x9b4c36c60, 4204;
v0x9b4c36c60_4205 .array/port v0x9b4c36c60, 4205;
v0x9b4c36c60_4206 .array/port v0x9b4c36c60, 4206;
E_0x9b50e6d80/1051 .event anyedge, v0x9b4c36c60_4203, v0x9b4c36c60_4204, v0x9b4c36c60_4205, v0x9b4c36c60_4206;
v0x9b4c36c60_4207 .array/port v0x9b4c36c60, 4207;
v0x9b4c36c60_4208 .array/port v0x9b4c36c60, 4208;
v0x9b4c36c60_4209 .array/port v0x9b4c36c60, 4209;
v0x9b4c36c60_4210 .array/port v0x9b4c36c60, 4210;
E_0x9b50e6d80/1052 .event anyedge, v0x9b4c36c60_4207, v0x9b4c36c60_4208, v0x9b4c36c60_4209, v0x9b4c36c60_4210;
v0x9b4c36c60_4211 .array/port v0x9b4c36c60, 4211;
v0x9b4c36c60_4212 .array/port v0x9b4c36c60, 4212;
v0x9b4c36c60_4213 .array/port v0x9b4c36c60, 4213;
v0x9b4c36c60_4214 .array/port v0x9b4c36c60, 4214;
E_0x9b50e6d80/1053 .event anyedge, v0x9b4c36c60_4211, v0x9b4c36c60_4212, v0x9b4c36c60_4213, v0x9b4c36c60_4214;
v0x9b4c36c60_4215 .array/port v0x9b4c36c60, 4215;
v0x9b4c36c60_4216 .array/port v0x9b4c36c60, 4216;
v0x9b4c36c60_4217 .array/port v0x9b4c36c60, 4217;
v0x9b4c36c60_4218 .array/port v0x9b4c36c60, 4218;
E_0x9b50e6d80/1054 .event anyedge, v0x9b4c36c60_4215, v0x9b4c36c60_4216, v0x9b4c36c60_4217, v0x9b4c36c60_4218;
v0x9b4c36c60_4219 .array/port v0x9b4c36c60, 4219;
v0x9b4c36c60_4220 .array/port v0x9b4c36c60, 4220;
v0x9b4c36c60_4221 .array/port v0x9b4c36c60, 4221;
v0x9b4c36c60_4222 .array/port v0x9b4c36c60, 4222;
E_0x9b50e6d80/1055 .event anyedge, v0x9b4c36c60_4219, v0x9b4c36c60_4220, v0x9b4c36c60_4221, v0x9b4c36c60_4222;
v0x9b4c36c60_4223 .array/port v0x9b4c36c60, 4223;
v0x9b4c36c60_4224 .array/port v0x9b4c36c60, 4224;
v0x9b4c36c60_4225 .array/port v0x9b4c36c60, 4225;
v0x9b4c36c60_4226 .array/port v0x9b4c36c60, 4226;
E_0x9b50e6d80/1056 .event anyedge, v0x9b4c36c60_4223, v0x9b4c36c60_4224, v0x9b4c36c60_4225, v0x9b4c36c60_4226;
v0x9b4c36c60_4227 .array/port v0x9b4c36c60, 4227;
v0x9b4c36c60_4228 .array/port v0x9b4c36c60, 4228;
v0x9b4c36c60_4229 .array/port v0x9b4c36c60, 4229;
v0x9b4c36c60_4230 .array/port v0x9b4c36c60, 4230;
E_0x9b50e6d80/1057 .event anyedge, v0x9b4c36c60_4227, v0x9b4c36c60_4228, v0x9b4c36c60_4229, v0x9b4c36c60_4230;
v0x9b4c36c60_4231 .array/port v0x9b4c36c60, 4231;
v0x9b4c36c60_4232 .array/port v0x9b4c36c60, 4232;
v0x9b4c36c60_4233 .array/port v0x9b4c36c60, 4233;
v0x9b4c36c60_4234 .array/port v0x9b4c36c60, 4234;
E_0x9b50e6d80/1058 .event anyedge, v0x9b4c36c60_4231, v0x9b4c36c60_4232, v0x9b4c36c60_4233, v0x9b4c36c60_4234;
v0x9b4c36c60_4235 .array/port v0x9b4c36c60, 4235;
v0x9b4c36c60_4236 .array/port v0x9b4c36c60, 4236;
v0x9b4c36c60_4237 .array/port v0x9b4c36c60, 4237;
v0x9b4c36c60_4238 .array/port v0x9b4c36c60, 4238;
E_0x9b50e6d80/1059 .event anyedge, v0x9b4c36c60_4235, v0x9b4c36c60_4236, v0x9b4c36c60_4237, v0x9b4c36c60_4238;
v0x9b4c36c60_4239 .array/port v0x9b4c36c60, 4239;
v0x9b4c36c60_4240 .array/port v0x9b4c36c60, 4240;
v0x9b4c36c60_4241 .array/port v0x9b4c36c60, 4241;
v0x9b4c36c60_4242 .array/port v0x9b4c36c60, 4242;
E_0x9b50e6d80/1060 .event anyedge, v0x9b4c36c60_4239, v0x9b4c36c60_4240, v0x9b4c36c60_4241, v0x9b4c36c60_4242;
v0x9b4c36c60_4243 .array/port v0x9b4c36c60, 4243;
v0x9b4c36c60_4244 .array/port v0x9b4c36c60, 4244;
v0x9b4c36c60_4245 .array/port v0x9b4c36c60, 4245;
v0x9b4c36c60_4246 .array/port v0x9b4c36c60, 4246;
E_0x9b50e6d80/1061 .event anyedge, v0x9b4c36c60_4243, v0x9b4c36c60_4244, v0x9b4c36c60_4245, v0x9b4c36c60_4246;
v0x9b4c36c60_4247 .array/port v0x9b4c36c60, 4247;
v0x9b4c36c60_4248 .array/port v0x9b4c36c60, 4248;
v0x9b4c36c60_4249 .array/port v0x9b4c36c60, 4249;
v0x9b4c36c60_4250 .array/port v0x9b4c36c60, 4250;
E_0x9b50e6d80/1062 .event anyedge, v0x9b4c36c60_4247, v0x9b4c36c60_4248, v0x9b4c36c60_4249, v0x9b4c36c60_4250;
v0x9b4c36c60_4251 .array/port v0x9b4c36c60, 4251;
v0x9b4c36c60_4252 .array/port v0x9b4c36c60, 4252;
v0x9b4c36c60_4253 .array/port v0x9b4c36c60, 4253;
v0x9b4c36c60_4254 .array/port v0x9b4c36c60, 4254;
E_0x9b50e6d80/1063 .event anyedge, v0x9b4c36c60_4251, v0x9b4c36c60_4252, v0x9b4c36c60_4253, v0x9b4c36c60_4254;
v0x9b4c36c60_4255 .array/port v0x9b4c36c60, 4255;
v0x9b4c36c60_4256 .array/port v0x9b4c36c60, 4256;
v0x9b4c36c60_4257 .array/port v0x9b4c36c60, 4257;
v0x9b4c36c60_4258 .array/port v0x9b4c36c60, 4258;
E_0x9b50e6d80/1064 .event anyedge, v0x9b4c36c60_4255, v0x9b4c36c60_4256, v0x9b4c36c60_4257, v0x9b4c36c60_4258;
v0x9b4c36c60_4259 .array/port v0x9b4c36c60, 4259;
v0x9b4c36c60_4260 .array/port v0x9b4c36c60, 4260;
v0x9b4c36c60_4261 .array/port v0x9b4c36c60, 4261;
v0x9b4c36c60_4262 .array/port v0x9b4c36c60, 4262;
E_0x9b50e6d80/1065 .event anyedge, v0x9b4c36c60_4259, v0x9b4c36c60_4260, v0x9b4c36c60_4261, v0x9b4c36c60_4262;
v0x9b4c36c60_4263 .array/port v0x9b4c36c60, 4263;
v0x9b4c36c60_4264 .array/port v0x9b4c36c60, 4264;
v0x9b4c36c60_4265 .array/port v0x9b4c36c60, 4265;
v0x9b4c36c60_4266 .array/port v0x9b4c36c60, 4266;
E_0x9b50e6d80/1066 .event anyedge, v0x9b4c36c60_4263, v0x9b4c36c60_4264, v0x9b4c36c60_4265, v0x9b4c36c60_4266;
v0x9b4c36c60_4267 .array/port v0x9b4c36c60, 4267;
v0x9b4c36c60_4268 .array/port v0x9b4c36c60, 4268;
v0x9b4c36c60_4269 .array/port v0x9b4c36c60, 4269;
v0x9b4c36c60_4270 .array/port v0x9b4c36c60, 4270;
E_0x9b50e6d80/1067 .event anyedge, v0x9b4c36c60_4267, v0x9b4c36c60_4268, v0x9b4c36c60_4269, v0x9b4c36c60_4270;
v0x9b4c36c60_4271 .array/port v0x9b4c36c60, 4271;
v0x9b4c36c60_4272 .array/port v0x9b4c36c60, 4272;
v0x9b4c36c60_4273 .array/port v0x9b4c36c60, 4273;
v0x9b4c36c60_4274 .array/port v0x9b4c36c60, 4274;
E_0x9b50e6d80/1068 .event anyedge, v0x9b4c36c60_4271, v0x9b4c36c60_4272, v0x9b4c36c60_4273, v0x9b4c36c60_4274;
v0x9b4c36c60_4275 .array/port v0x9b4c36c60, 4275;
v0x9b4c36c60_4276 .array/port v0x9b4c36c60, 4276;
v0x9b4c36c60_4277 .array/port v0x9b4c36c60, 4277;
v0x9b4c36c60_4278 .array/port v0x9b4c36c60, 4278;
E_0x9b50e6d80/1069 .event anyedge, v0x9b4c36c60_4275, v0x9b4c36c60_4276, v0x9b4c36c60_4277, v0x9b4c36c60_4278;
v0x9b4c36c60_4279 .array/port v0x9b4c36c60, 4279;
v0x9b4c36c60_4280 .array/port v0x9b4c36c60, 4280;
v0x9b4c36c60_4281 .array/port v0x9b4c36c60, 4281;
v0x9b4c36c60_4282 .array/port v0x9b4c36c60, 4282;
E_0x9b50e6d80/1070 .event anyedge, v0x9b4c36c60_4279, v0x9b4c36c60_4280, v0x9b4c36c60_4281, v0x9b4c36c60_4282;
v0x9b4c36c60_4283 .array/port v0x9b4c36c60, 4283;
v0x9b4c36c60_4284 .array/port v0x9b4c36c60, 4284;
v0x9b4c36c60_4285 .array/port v0x9b4c36c60, 4285;
v0x9b4c36c60_4286 .array/port v0x9b4c36c60, 4286;
E_0x9b50e6d80/1071 .event anyedge, v0x9b4c36c60_4283, v0x9b4c36c60_4284, v0x9b4c36c60_4285, v0x9b4c36c60_4286;
v0x9b4c36c60_4287 .array/port v0x9b4c36c60, 4287;
v0x9b4c36c60_4288 .array/port v0x9b4c36c60, 4288;
v0x9b4c36c60_4289 .array/port v0x9b4c36c60, 4289;
v0x9b4c36c60_4290 .array/port v0x9b4c36c60, 4290;
E_0x9b50e6d80/1072 .event anyedge, v0x9b4c36c60_4287, v0x9b4c36c60_4288, v0x9b4c36c60_4289, v0x9b4c36c60_4290;
v0x9b4c36c60_4291 .array/port v0x9b4c36c60, 4291;
v0x9b4c36c60_4292 .array/port v0x9b4c36c60, 4292;
v0x9b4c36c60_4293 .array/port v0x9b4c36c60, 4293;
v0x9b4c36c60_4294 .array/port v0x9b4c36c60, 4294;
E_0x9b50e6d80/1073 .event anyedge, v0x9b4c36c60_4291, v0x9b4c36c60_4292, v0x9b4c36c60_4293, v0x9b4c36c60_4294;
v0x9b4c36c60_4295 .array/port v0x9b4c36c60, 4295;
v0x9b4c36c60_4296 .array/port v0x9b4c36c60, 4296;
v0x9b4c36c60_4297 .array/port v0x9b4c36c60, 4297;
v0x9b4c36c60_4298 .array/port v0x9b4c36c60, 4298;
E_0x9b50e6d80/1074 .event anyedge, v0x9b4c36c60_4295, v0x9b4c36c60_4296, v0x9b4c36c60_4297, v0x9b4c36c60_4298;
v0x9b4c36c60_4299 .array/port v0x9b4c36c60, 4299;
v0x9b4c36c60_4300 .array/port v0x9b4c36c60, 4300;
v0x9b4c36c60_4301 .array/port v0x9b4c36c60, 4301;
v0x9b4c36c60_4302 .array/port v0x9b4c36c60, 4302;
E_0x9b50e6d80/1075 .event anyedge, v0x9b4c36c60_4299, v0x9b4c36c60_4300, v0x9b4c36c60_4301, v0x9b4c36c60_4302;
v0x9b4c36c60_4303 .array/port v0x9b4c36c60, 4303;
v0x9b4c36c60_4304 .array/port v0x9b4c36c60, 4304;
v0x9b4c36c60_4305 .array/port v0x9b4c36c60, 4305;
v0x9b4c36c60_4306 .array/port v0x9b4c36c60, 4306;
E_0x9b50e6d80/1076 .event anyedge, v0x9b4c36c60_4303, v0x9b4c36c60_4304, v0x9b4c36c60_4305, v0x9b4c36c60_4306;
v0x9b4c36c60_4307 .array/port v0x9b4c36c60, 4307;
v0x9b4c36c60_4308 .array/port v0x9b4c36c60, 4308;
v0x9b4c36c60_4309 .array/port v0x9b4c36c60, 4309;
v0x9b4c36c60_4310 .array/port v0x9b4c36c60, 4310;
E_0x9b50e6d80/1077 .event anyedge, v0x9b4c36c60_4307, v0x9b4c36c60_4308, v0x9b4c36c60_4309, v0x9b4c36c60_4310;
v0x9b4c36c60_4311 .array/port v0x9b4c36c60, 4311;
v0x9b4c36c60_4312 .array/port v0x9b4c36c60, 4312;
v0x9b4c36c60_4313 .array/port v0x9b4c36c60, 4313;
v0x9b4c36c60_4314 .array/port v0x9b4c36c60, 4314;
E_0x9b50e6d80/1078 .event anyedge, v0x9b4c36c60_4311, v0x9b4c36c60_4312, v0x9b4c36c60_4313, v0x9b4c36c60_4314;
v0x9b4c36c60_4315 .array/port v0x9b4c36c60, 4315;
v0x9b4c36c60_4316 .array/port v0x9b4c36c60, 4316;
v0x9b4c36c60_4317 .array/port v0x9b4c36c60, 4317;
v0x9b4c36c60_4318 .array/port v0x9b4c36c60, 4318;
E_0x9b50e6d80/1079 .event anyedge, v0x9b4c36c60_4315, v0x9b4c36c60_4316, v0x9b4c36c60_4317, v0x9b4c36c60_4318;
v0x9b4c36c60_4319 .array/port v0x9b4c36c60, 4319;
v0x9b4c36c60_4320 .array/port v0x9b4c36c60, 4320;
v0x9b4c36c60_4321 .array/port v0x9b4c36c60, 4321;
v0x9b4c36c60_4322 .array/port v0x9b4c36c60, 4322;
E_0x9b50e6d80/1080 .event anyedge, v0x9b4c36c60_4319, v0x9b4c36c60_4320, v0x9b4c36c60_4321, v0x9b4c36c60_4322;
v0x9b4c36c60_4323 .array/port v0x9b4c36c60, 4323;
v0x9b4c36c60_4324 .array/port v0x9b4c36c60, 4324;
v0x9b4c36c60_4325 .array/port v0x9b4c36c60, 4325;
v0x9b4c36c60_4326 .array/port v0x9b4c36c60, 4326;
E_0x9b50e6d80/1081 .event anyedge, v0x9b4c36c60_4323, v0x9b4c36c60_4324, v0x9b4c36c60_4325, v0x9b4c36c60_4326;
v0x9b4c36c60_4327 .array/port v0x9b4c36c60, 4327;
v0x9b4c36c60_4328 .array/port v0x9b4c36c60, 4328;
v0x9b4c36c60_4329 .array/port v0x9b4c36c60, 4329;
v0x9b4c36c60_4330 .array/port v0x9b4c36c60, 4330;
E_0x9b50e6d80/1082 .event anyedge, v0x9b4c36c60_4327, v0x9b4c36c60_4328, v0x9b4c36c60_4329, v0x9b4c36c60_4330;
v0x9b4c36c60_4331 .array/port v0x9b4c36c60, 4331;
v0x9b4c36c60_4332 .array/port v0x9b4c36c60, 4332;
v0x9b4c36c60_4333 .array/port v0x9b4c36c60, 4333;
v0x9b4c36c60_4334 .array/port v0x9b4c36c60, 4334;
E_0x9b50e6d80/1083 .event anyedge, v0x9b4c36c60_4331, v0x9b4c36c60_4332, v0x9b4c36c60_4333, v0x9b4c36c60_4334;
v0x9b4c36c60_4335 .array/port v0x9b4c36c60, 4335;
v0x9b4c36c60_4336 .array/port v0x9b4c36c60, 4336;
v0x9b4c36c60_4337 .array/port v0x9b4c36c60, 4337;
v0x9b4c36c60_4338 .array/port v0x9b4c36c60, 4338;
E_0x9b50e6d80/1084 .event anyedge, v0x9b4c36c60_4335, v0x9b4c36c60_4336, v0x9b4c36c60_4337, v0x9b4c36c60_4338;
v0x9b4c36c60_4339 .array/port v0x9b4c36c60, 4339;
v0x9b4c36c60_4340 .array/port v0x9b4c36c60, 4340;
v0x9b4c36c60_4341 .array/port v0x9b4c36c60, 4341;
v0x9b4c36c60_4342 .array/port v0x9b4c36c60, 4342;
E_0x9b50e6d80/1085 .event anyedge, v0x9b4c36c60_4339, v0x9b4c36c60_4340, v0x9b4c36c60_4341, v0x9b4c36c60_4342;
v0x9b4c36c60_4343 .array/port v0x9b4c36c60, 4343;
v0x9b4c36c60_4344 .array/port v0x9b4c36c60, 4344;
v0x9b4c36c60_4345 .array/port v0x9b4c36c60, 4345;
v0x9b4c36c60_4346 .array/port v0x9b4c36c60, 4346;
E_0x9b50e6d80/1086 .event anyedge, v0x9b4c36c60_4343, v0x9b4c36c60_4344, v0x9b4c36c60_4345, v0x9b4c36c60_4346;
v0x9b4c36c60_4347 .array/port v0x9b4c36c60, 4347;
v0x9b4c36c60_4348 .array/port v0x9b4c36c60, 4348;
v0x9b4c36c60_4349 .array/port v0x9b4c36c60, 4349;
v0x9b4c36c60_4350 .array/port v0x9b4c36c60, 4350;
E_0x9b50e6d80/1087 .event anyedge, v0x9b4c36c60_4347, v0x9b4c36c60_4348, v0x9b4c36c60_4349, v0x9b4c36c60_4350;
v0x9b4c36c60_4351 .array/port v0x9b4c36c60, 4351;
v0x9b4c36c60_4352 .array/port v0x9b4c36c60, 4352;
v0x9b4c36c60_4353 .array/port v0x9b4c36c60, 4353;
v0x9b4c36c60_4354 .array/port v0x9b4c36c60, 4354;
E_0x9b50e6d80/1088 .event anyedge, v0x9b4c36c60_4351, v0x9b4c36c60_4352, v0x9b4c36c60_4353, v0x9b4c36c60_4354;
v0x9b4c36c60_4355 .array/port v0x9b4c36c60, 4355;
v0x9b4c36c60_4356 .array/port v0x9b4c36c60, 4356;
v0x9b4c36c60_4357 .array/port v0x9b4c36c60, 4357;
v0x9b4c36c60_4358 .array/port v0x9b4c36c60, 4358;
E_0x9b50e6d80/1089 .event anyedge, v0x9b4c36c60_4355, v0x9b4c36c60_4356, v0x9b4c36c60_4357, v0x9b4c36c60_4358;
v0x9b4c36c60_4359 .array/port v0x9b4c36c60, 4359;
v0x9b4c36c60_4360 .array/port v0x9b4c36c60, 4360;
v0x9b4c36c60_4361 .array/port v0x9b4c36c60, 4361;
v0x9b4c36c60_4362 .array/port v0x9b4c36c60, 4362;
E_0x9b50e6d80/1090 .event anyedge, v0x9b4c36c60_4359, v0x9b4c36c60_4360, v0x9b4c36c60_4361, v0x9b4c36c60_4362;
v0x9b4c36c60_4363 .array/port v0x9b4c36c60, 4363;
v0x9b4c36c60_4364 .array/port v0x9b4c36c60, 4364;
v0x9b4c36c60_4365 .array/port v0x9b4c36c60, 4365;
v0x9b4c36c60_4366 .array/port v0x9b4c36c60, 4366;
E_0x9b50e6d80/1091 .event anyedge, v0x9b4c36c60_4363, v0x9b4c36c60_4364, v0x9b4c36c60_4365, v0x9b4c36c60_4366;
v0x9b4c36c60_4367 .array/port v0x9b4c36c60, 4367;
v0x9b4c36c60_4368 .array/port v0x9b4c36c60, 4368;
v0x9b4c36c60_4369 .array/port v0x9b4c36c60, 4369;
v0x9b4c36c60_4370 .array/port v0x9b4c36c60, 4370;
E_0x9b50e6d80/1092 .event anyedge, v0x9b4c36c60_4367, v0x9b4c36c60_4368, v0x9b4c36c60_4369, v0x9b4c36c60_4370;
v0x9b4c36c60_4371 .array/port v0x9b4c36c60, 4371;
v0x9b4c36c60_4372 .array/port v0x9b4c36c60, 4372;
v0x9b4c36c60_4373 .array/port v0x9b4c36c60, 4373;
v0x9b4c36c60_4374 .array/port v0x9b4c36c60, 4374;
E_0x9b50e6d80/1093 .event anyedge, v0x9b4c36c60_4371, v0x9b4c36c60_4372, v0x9b4c36c60_4373, v0x9b4c36c60_4374;
v0x9b4c36c60_4375 .array/port v0x9b4c36c60, 4375;
v0x9b4c36c60_4376 .array/port v0x9b4c36c60, 4376;
v0x9b4c36c60_4377 .array/port v0x9b4c36c60, 4377;
v0x9b4c36c60_4378 .array/port v0x9b4c36c60, 4378;
E_0x9b50e6d80/1094 .event anyedge, v0x9b4c36c60_4375, v0x9b4c36c60_4376, v0x9b4c36c60_4377, v0x9b4c36c60_4378;
v0x9b4c36c60_4379 .array/port v0x9b4c36c60, 4379;
v0x9b4c36c60_4380 .array/port v0x9b4c36c60, 4380;
v0x9b4c36c60_4381 .array/port v0x9b4c36c60, 4381;
v0x9b4c36c60_4382 .array/port v0x9b4c36c60, 4382;
E_0x9b50e6d80/1095 .event anyedge, v0x9b4c36c60_4379, v0x9b4c36c60_4380, v0x9b4c36c60_4381, v0x9b4c36c60_4382;
v0x9b4c36c60_4383 .array/port v0x9b4c36c60, 4383;
v0x9b4c36c60_4384 .array/port v0x9b4c36c60, 4384;
v0x9b4c36c60_4385 .array/port v0x9b4c36c60, 4385;
v0x9b4c36c60_4386 .array/port v0x9b4c36c60, 4386;
E_0x9b50e6d80/1096 .event anyedge, v0x9b4c36c60_4383, v0x9b4c36c60_4384, v0x9b4c36c60_4385, v0x9b4c36c60_4386;
v0x9b4c36c60_4387 .array/port v0x9b4c36c60, 4387;
v0x9b4c36c60_4388 .array/port v0x9b4c36c60, 4388;
v0x9b4c36c60_4389 .array/port v0x9b4c36c60, 4389;
v0x9b4c36c60_4390 .array/port v0x9b4c36c60, 4390;
E_0x9b50e6d80/1097 .event anyedge, v0x9b4c36c60_4387, v0x9b4c36c60_4388, v0x9b4c36c60_4389, v0x9b4c36c60_4390;
v0x9b4c36c60_4391 .array/port v0x9b4c36c60, 4391;
v0x9b4c36c60_4392 .array/port v0x9b4c36c60, 4392;
v0x9b4c36c60_4393 .array/port v0x9b4c36c60, 4393;
v0x9b4c36c60_4394 .array/port v0x9b4c36c60, 4394;
E_0x9b50e6d80/1098 .event anyedge, v0x9b4c36c60_4391, v0x9b4c36c60_4392, v0x9b4c36c60_4393, v0x9b4c36c60_4394;
v0x9b4c36c60_4395 .array/port v0x9b4c36c60, 4395;
v0x9b4c36c60_4396 .array/port v0x9b4c36c60, 4396;
v0x9b4c36c60_4397 .array/port v0x9b4c36c60, 4397;
v0x9b4c36c60_4398 .array/port v0x9b4c36c60, 4398;
E_0x9b50e6d80/1099 .event anyedge, v0x9b4c36c60_4395, v0x9b4c36c60_4396, v0x9b4c36c60_4397, v0x9b4c36c60_4398;
v0x9b4c36c60_4399 .array/port v0x9b4c36c60, 4399;
v0x9b4c36c60_4400 .array/port v0x9b4c36c60, 4400;
v0x9b4c36c60_4401 .array/port v0x9b4c36c60, 4401;
v0x9b4c36c60_4402 .array/port v0x9b4c36c60, 4402;
E_0x9b50e6d80/1100 .event anyedge, v0x9b4c36c60_4399, v0x9b4c36c60_4400, v0x9b4c36c60_4401, v0x9b4c36c60_4402;
v0x9b4c36c60_4403 .array/port v0x9b4c36c60, 4403;
v0x9b4c36c60_4404 .array/port v0x9b4c36c60, 4404;
v0x9b4c36c60_4405 .array/port v0x9b4c36c60, 4405;
v0x9b4c36c60_4406 .array/port v0x9b4c36c60, 4406;
E_0x9b50e6d80/1101 .event anyedge, v0x9b4c36c60_4403, v0x9b4c36c60_4404, v0x9b4c36c60_4405, v0x9b4c36c60_4406;
v0x9b4c36c60_4407 .array/port v0x9b4c36c60, 4407;
v0x9b4c36c60_4408 .array/port v0x9b4c36c60, 4408;
v0x9b4c36c60_4409 .array/port v0x9b4c36c60, 4409;
v0x9b4c36c60_4410 .array/port v0x9b4c36c60, 4410;
E_0x9b50e6d80/1102 .event anyedge, v0x9b4c36c60_4407, v0x9b4c36c60_4408, v0x9b4c36c60_4409, v0x9b4c36c60_4410;
v0x9b4c36c60_4411 .array/port v0x9b4c36c60, 4411;
v0x9b4c36c60_4412 .array/port v0x9b4c36c60, 4412;
v0x9b4c36c60_4413 .array/port v0x9b4c36c60, 4413;
v0x9b4c36c60_4414 .array/port v0x9b4c36c60, 4414;
E_0x9b50e6d80/1103 .event anyedge, v0x9b4c36c60_4411, v0x9b4c36c60_4412, v0x9b4c36c60_4413, v0x9b4c36c60_4414;
v0x9b4c36c60_4415 .array/port v0x9b4c36c60, 4415;
v0x9b4c36c60_4416 .array/port v0x9b4c36c60, 4416;
v0x9b4c36c60_4417 .array/port v0x9b4c36c60, 4417;
v0x9b4c36c60_4418 .array/port v0x9b4c36c60, 4418;
E_0x9b50e6d80/1104 .event anyedge, v0x9b4c36c60_4415, v0x9b4c36c60_4416, v0x9b4c36c60_4417, v0x9b4c36c60_4418;
v0x9b4c36c60_4419 .array/port v0x9b4c36c60, 4419;
v0x9b4c36c60_4420 .array/port v0x9b4c36c60, 4420;
v0x9b4c36c60_4421 .array/port v0x9b4c36c60, 4421;
v0x9b4c36c60_4422 .array/port v0x9b4c36c60, 4422;
E_0x9b50e6d80/1105 .event anyedge, v0x9b4c36c60_4419, v0x9b4c36c60_4420, v0x9b4c36c60_4421, v0x9b4c36c60_4422;
v0x9b4c36c60_4423 .array/port v0x9b4c36c60, 4423;
v0x9b4c36c60_4424 .array/port v0x9b4c36c60, 4424;
v0x9b4c36c60_4425 .array/port v0x9b4c36c60, 4425;
v0x9b4c36c60_4426 .array/port v0x9b4c36c60, 4426;
E_0x9b50e6d80/1106 .event anyedge, v0x9b4c36c60_4423, v0x9b4c36c60_4424, v0x9b4c36c60_4425, v0x9b4c36c60_4426;
v0x9b4c36c60_4427 .array/port v0x9b4c36c60, 4427;
v0x9b4c36c60_4428 .array/port v0x9b4c36c60, 4428;
v0x9b4c36c60_4429 .array/port v0x9b4c36c60, 4429;
v0x9b4c36c60_4430 .array/port v0x9b4c36c60, 4430;
E_0x9b50e6d80/1107 .event anyedge, v0x9b4c36c60_4427, v0x9b4c36c60_4428, v0x9b4c36c60_4429, v0x9b4c36c60_4430;
v0x9b4c36c60_4431 .array/port v0x9b4c36c60, 4431;
v0x9b4c36c60_4432 .array/port v0x9b4c36c60, 4432;
v0x9b4c36c60_4433 .array/port v0x9b4c36c60, 4433;
v0x9b4c36c60_4434 .array/port v0x9b4c36c60, 4434;
E_0x9b50e6d80/1108 .event anyedge, v0x9b4c36c60_4431, v0x9b4c36c60_4432, v0x9b4c36c60_4433, v0x9b4c36c60_4434;
v0x9b4c36c60_4435 .array/port v0x9b4c36c60, 4435;
v0x9b4c36c60_4436 .array/port v0x9b4c36c60, 4436;
v0x9b4c36c60_4437 .array/port v0x9b4c36c60, 4437;
v0x9b4c36c60_4438 .array/port v0x9b4c36c60, 4438;
E_0x9b50e6d80/1109 .event anyedge, v0x9b4c36c60_4435, v0x9b4c36c60_4436, v0x9b4c36c60_4437, v0x9b4c36c60_4438;
v0x9b4c36c60_4439 .array/port v0x9b4c36c60, 4439;
v0x9b4c36c60_4440 .array/port v0x9b4c36c60, 4440;
v0x9b4c36c60_4441 .array/port v0x9b4c36c60, 4441;
v0x9b4c36c60_4442 .array/port v0x9b4c36c60, 4442;
E_0x9b50e6d80/1110 .event anyedge, v0x9b4c36c60_4439, v0x9b4c36c60_4440, v0x9b4c36c60_4441, v0x9b4c36c60_4442;
v0x9b4c36c60_4443 .array/port v0x9b4c36c60, 4443;
v0x9b4c36c60_4444 .array/port v0x9b4c36c60, 4444;
v0x9b4c36c60_4445 .array/port v0x9b4c36c60, 4445;
v0x9b4c36c60_4446 .array/port v0x9b4c36c60, 4446;
E_0x9b50e6d80/1111 .event anyedge, v0x9b4c36c60_4443, v0x9b4c36c60_4444, v0x9b4c36c60_4445, v0x9b4c36c60_4446;
v0x9b4c36c60_4447 .array/port v0x9b4c36c60, 4447;
v0x9b4c36c60_4448 .array/port v0x9b4c36c60, 4448;
v0x9b4c36c60_4449 .array/port v0x9b4c36c60, 4449;
v0x9b4c36c60_4450 .array/port v0x9b4c36c60, 4450;
E_0x9b50e6d80/1112 .event anyedge, v0x9b4c36c60_4447, v0x9b4c36c60_4448, v0x9b4c36c60_4449, v0x9b4c36c60_4450;
v0x9b4c36c60_4451 .array/port v0x9b4c36c60, 4451;
v0x9b4c36c60_4452 .array/port v0x9b4c36c60, 4452;
v0x9b4c36c60_4453 .array/port v0x9b4c36c60, 4453;
v0x9b4c36c60_4454 .array/port v0x9b4c36c60, 4454;
E_0x9b50e6d80/1113 .event anyedge, v0x9b4c36c60_4451, v0x9b4c36c60_4452, v0x9b4c36c60_4453, v0x9b4c36c60_4454;
v0x9b4c36c60_4455 .array/port v0x9b4c36c60, 4455;
v0x9b4c36c60_4456 .array/port v0x9b4c36c60, 4456;
v0x9b4c36c60_4457 .array/port v0x9b4c36c60, 4457;
v0x9b4c36c60_4458 .array/port v0x9b4c36c60, 4458;
E_0x9b50e6d80/1114 .event anyedge, v0x9b4c36c60_4455, v0x9b4c36c60_4456, v0x9b4c36c60_4457, v0x9b4c36c60_4458;
v0x9b4c36c60_4459 .array/port v0x9b4c36c60, 4459;
v0x9b4c36c60_4460 .array/port v0x9b4c36c60, 4460;
v0x9b4c36c60_4461 .array/port v0x9b4c36c60, 4461;
v0x9b4c36c60_4462 .array/port v0x9b4c36c60, 4462;
E_0x9b50e6d80/1115 .event anyedge, v0x9b4c36c60_4459, v0x9b4c36c60_4460, v0x9b4c36c60_4461, v0x9b4c36c60_4462;
v0x9b4c36c60_4463 .array/port v0x9b4c36c60, 4463;
v0x9b4c36c60_4464 .array/port v0x9b4c36c60, 4464;
v0x9b4c36c60_4465 .array/port v0x9b4c36c60, 4465;
v0x9b4c36c60_4466 .array/port v0x9b4c36c60, 4466;
E_0x9b50e6d80/1116 .event anyedge, v0x9b4c36c60_4463, v0x9b4c36c60_4464, v0x9b4c36c60_4465, v0x9b4c36c60_4466;
v0x9b4c36c60_4467 .array/port v0x9b4c36c60, 4467;
v0x9b4c36c60_4468 .array/port v0x9b4c36c60, 4468;
v0x9b4c36c60_4469 .array/port v0x9b4c36c60, 4469;
v0x9b4c36c60_4470 .array/port v0x9b4c36c60, 4470;
E_0x9b50e6d80/1117 .event anyedge, v0x9b4c36c60_4467, v0x9b4c36c60_4468, v0x9b4c36c60_4469, v0x9b4c36c60_4470;
v0x9b4c36c60_4471 .array/port v0x9b4c36c60, 4471;
v0x9b4c36c60_4472 .array/port v0x9b4c36c60, 4472;
v0x9b4c36c60_4473 .array/port v0x9b4c36c60, 4473;
v0x9b4c36c60_4474 .array/port v0x9b4c36c60, 4474;
E_0x9b50e6d80/1118 .event anyedge, v0x9b4c36c60_4471, v0x9b4c36c60_4472, v0x9b4c36c60_4473, v0x9b4c36c60_4474;
v0x9b4c36c60_4475 .array/port v0x9b4c36c60, 4475;
v0x9b4c36c60_4476 .array/port v0x9b4c36c60, 4476;
v0x9b4c36c60_4477 .array/port v0x9b4c36c60, 4477;
v0x9b4c36c60_4478 .array/port v0x9b4c36c60, 4478;
E_0x9b50e6d80/1119 .event anyedge, v0x9b4c36c60_4475, v0x9b4c36c60_4476, v0x9b4c36c60_4477, v0x9b4c36c60_4478;
v0x9b4c36c60_4479 .array/port v0x9b4c36c60, 4479;
v0x9b4c36c60_4480 .array/port v0x9b4c36c60, 4480;
v0x9b4c36c60_4481 .array/port v0x9b4c36c60, 4481;
v0x9b4c36c60_4482 .array/port v0x9b4c36c60, 4482;
E_0x9b50e6d80/1120 .event anyedge, v0x9b4c36c60_4479, v0x9b4c36c60_4480, v0x9b4c36c60_4481, v0x9b4c36c60_4482;
v0x9b4c36c60_4483 .array/port v0x9b4c36c60, 4483;
v0x9b4c36c60_4484 .array/port v0x9b4c36c60, 4484;
v0x9b4c36c60_4485 .array/port v0x9b4c36c60, 4485;
v0x9b4c36c60_4486 .array/port v0x9b4c36c60, 4486;
E_0x9b50e6d80/1121 .event anyedge, v0x9b4c36c60_4483, v0x9b4c36c60_4484, v0x9b4c36c60_4485, v0x9b4c36c60_4486;
v0x9b4c36c60_4487 .array/port v0x9b4c36c60, 4487;
v0x9b4c36c60_4488 .array/port v0x9b4c36c60, 4488;
v0x9b4c36c60_4489 .array/port v0x9b4c36c60, 4489;
v0x9b4c36c60_4490 .array/port v0x9b4c36c60, 4490;
E_0x9b50e6d80/1122 .event anyedge, v0x9b4c36c60_4487, v0x9b4c36c60_4488, v0x9b4c36c60_4489, v0x9b4c36c60_4490;
v0x9b4c36c60_4491 .array/port v0x9b4c36c60, 4491;
v0x9b4c36c60_4492 .array/port v0x9b4c36c60, 4492;
v0x9b4c36c60_4493 .array/port v0x9b4c36c60, 4493;
v0x9b4c36c60_4494 .array/port v0x9b4c36c60, 4494;
E_0x9b50e6d80/1123 .event anyedge, v0x9b4c36c60_4491, v0x9b4c36c60_4492, v0x9b4c36c60_4493, v0x9b4c36c60_4494;
v0x9b4c36c60_4495 .array/port v0x9b4c36c60, 4495;
v0x9b4c36c60_4496 .array/port v0x9b4c36c60, 4496;
v0x9b4c36c60_4497 .array/port v0x9b4c36c60, 4497;
v0x9b4c36c60_4498 .array/port v0x9b4c36c60, 4498;
E_0x9b50e6d80/1124 .event anyedge, v0x9b4c36c60_4495, v0x9b4c36c60_4496, v0x9b4c36c60_4497, v0x9b4c36c60_4498;
v0x9b4c36c60_4499 .array/port v0x9b4c36c60, 4499;
v0x9b4c36c60_4500 .array/port v0x9b4c36c60, 4500;
v0x9b4c36c60_4501 .array/port v0x9b4c36c60, 4501;
v0x9b4c36c60_4502 .array/port v0x9b4c36c60, 4502;
E_0x9b50e6d80/1125 .event anyedge, v0x9b4c36c60_4499, v0x9b4c36c60_4500, v0x9b4c36c60_4501, v0x9b4c36c60_4502;
v0x9b4c36c60_4503 .array/port v0x9b4c36c60, 4503;
v0x9b4c36c60_4504 .array/port v0x9b4c36c60, 4504;
v0x9b4c36c60_4505 .array/port v0x9b4c36c60, 4505;
v0x9b4c36c60_4506 .array/port v0x9b4c36c60, 4506;
E_0x9b50e6d80/1126 .event anyedge, v0x9b4c36c60_4503, v0x9b4c36c60_4504, v0x9b4c36c60_4505, v0x9b4c36c60_4506;
v0x9b4c36c60_4507 .array/port v0x9b4c36c60, 4507;
v0x9b4c36c60_4508 .array/port v0x9b4c36c60, 4508;
v0x9b4c36c60_4509 .array/port v0x9b4c36c60, 4509;
v0x9b4c36c60_4510 .array/port v0x9b4c36c60, 4510;
E_0x9b50e6d80/1127 .event anyedge, v0x9b4c36c60_4507, v0x9b4c36c60_4508, v0x9b4c36c60_4509, v0x9b4c36c60_4510;
v0x9b4c36c60_4511 .array/port v0x9b4c36c60, 4511;
v0x9b4c36c60_4512 .array/port v0x9b4c36c60, 4512;
v0x9b4c36c60_4513 .array/port v0x9b4c36c60, 4513;
v0x9b4c36c60_4514 .array/port v0x9b4c36c60, 4514;
E_0x9b50e6d80/1128 .event anyedge, v0x9b4c36c60_4511, v0x9b4c36c60_4512, v0x9b4c36c60_4513, v0x9b4c36c60_4514;
v0x9b4c36c60_4515 .array/port v0x9b4c36c60, 4515;
v0x9b4c36c60_4516 .array/port v0x9b4c36c60, 4516;
v0x9b4c36c60_4517 .array/port v0x9b4c36c60, 4517;
v0x9b4c36c60_4518 .array/port v0x9b4c36c60, 4518;
E_0x9b50e6d80/1129 .event anyedge, v0x9b4c36c60_4515, v0x9b4c36c60_4516, v0x9b4c36c60_4517, v0x9b4c36c60_4518;
v0x9b4c36c60_4519 .array/port v0x9b4c36c60, 4519;
v0x9b4c36c60_4520 .array/port v0x9b4c36c60, 4520;
v0x9b4c36c60_4521 .array/port v0x9b4c36c60, 4521;
v0x9b4c36c60_4522 .array/port v0x9b4c36c60, 4522;
E_0x9b50e6d80/1130 .event anyedge, v0x9b4c36c60_4519, v0x9b4c36c60_4520, v0x9b4c36c60_4521, v0x9b4c36c60_4522;
v0x9b4c36c60_4523 .array/port v0x9b4c36c60, 4523;
v0x9b4c36c60_4524 .array/port v0x9b4c36c60, 4524;
v0x9b4c36c60_4525 .array/port v0x9b4c36c60, 4525;
v0x9b4c36c60_4526 .array/port v0x9b4c36c60, 4526;
E_0x9b50e6d80/1131 .event anyedge, v0x9b4c36c60_4523, v0x9b4c36c60_4524, v0x9b4c36c60_4525, v0x9b4c36c60_4526;
v0x9b4c36c60_4527 .array/port v0x9b4c36c60, 4527;
v0x9b4c36c60_4528 .array/port v0x9b4c36c60, 4528;
v0x9b4c36c60_4529 .array/port v0x9b4c36c60, 4529;
v0x9b4c36c60_4530 .array/port v0x9b4c36c60, 4530;
E_0x9b50e6d80/1132 .event anyedge, v0x9b4c36c60_4527, v0x9b4c36c60_4528, v0x9b4c36c60_4529, v0x9b4c36c60_4530;
v0x9b4c36c60_4531 .array/port v0x9b4c36c60, 4531;
v0x9b4c36c60_4532 .array/port v0x9b4c36c60, 4532;
v0x9b4c36c60_4533 .array/port v0x9b4c36c60, 4533;
v0x9b4c36c60_4534 .array/port v0x9b4c36c60, 4534;
E_0x9b50e6d80/1133 .event anyedge, v0x9b4c36c60_4531, v0x9b4c36c60_4532, v0x9b4c36c60_4533, v0x9b4c36c60_4534;
v0x9b4c36c60_4535 .array/port v0x9b4c36c60, 4535;
v0x9b4c36c60_4536 .array/port v0x9b4c36c60, 4536;
v0x9b4c36c60_4537 .array/port v0x9b4c36c60, 4537;
v0x9b4c36c60_4538 .array/port v0x9b4c36c60, 4538;
E_0x9b50e6d80/1134 .event anyedge, v0x9b4c36c60_4535, v0x9b4c36c60_4536, v0x9b4c36c60_4537, v0x9b4c36c60_4538;
v0x9b4c36c60_4539 .array/port v0x9b4c36c60, 4539;
v0x9b4c36c60_4540 .array/port v0x9b4c36c60, 4540;
v0x9b4c36c60_4541 .array/port v0x9b4c36c60, 4541;
v0x9b4c36c60_4542 .array/port v0x9b4c36c60, 4542;
E_0x9b50e6d80/1135 .event anyedge, v0x9b4c36c60_4539, v0x9b4c36c60_4540, v0x9b4c36c60_4541, v0x9b4c36c60_4542;
v0x9b4c36c60_4543 .array/port v0x9b4c36c60, 4543;
v0x9b4c36c60_4544 .array/port v0x9b4c36c60, 4544;
v0x9b4c36c60_4545 .array/port v0x9b4c36c60, 4545;
v0x9b4c36c60_4546 .array/port v0x9b4c36c60, 4546;
E_0x9b50e6d80/1136 .event anyedge, v0x9b4c36c60_4543, v0x9b4c36c60_4544, v0x9b4c36c60_4545, v0x9b4c36c60_4546;
v0x9b4c36c60_4547 .array/port v0x9b4c36c60, 4547;
v0x9b4c36c60_4548 .array/port v0x9b4c36c60, 4548;
v0x9b4c36c60_4549 .array/port v0x9b4c36c60, 4549;
v0x9b4c36c60_4550 .array/port v0x9b4c36c60, 4550;
E_0x9b50e6d80/1137 .event anyedge, v0x9b4c36c60_4547, v0x9b4c36c60_4548, v0x9b4c36c60_4549, v0x9b4c36c60_4550;
v0x9b4c36c60_4551 .array/port v0x9b4c36c60, 4551;
v0x9b4c36c60_4552 .array/port v0x9b4c36c60, 4552;
v0x9b4c36c60_4553 .array/port v0x9b4c36c60, 4553;
v0x9b4c36c60_4554 .array/port v0x9b4c36c60, 4554;
E_0x9b50e6d80/1138 .event anyedge, v0x9b4c36c60_4551, v0x9b4c36c60_4552, v0x9b4c36c60_4553, v0x9b4c36c60_4554;
v0x9b4c36c60_4555 .array/port v0x9b4c36c60, 4555;
v0x9b4c36c60_4556 .array/port v0x9b4c36c60, 4556;
v0x9b4c36c60_4557 .array/port v0x9b4c36c60, 4557;
v0x9b4c36c60_4558 .array/port v0x9b4c36c60, 4558;
E_0x9b50e6d80/1139 .event anyedge, v0x9b4c36c60_4555, v0x9b4c36c60_4556, v0x9b4c36c60_4557, v0x9b4c36c60_4558;
v0x9b4c36c60_4559 .array/port v0x9b4c36c60, 4559;
v0x9b4c36c60_4560 .array/port v0x9b4c36c60, 4560;
v0x9b4c36c60_4561 .array/port v0x9b4c36c60, 4561;
v0x9b4c36c60_4562 .array/port v0x9b4c36c60, 4562;
E_0x9b50e6d80/1140 .event anyedge, v0x9b4c36c60_4559, v0x9b4c36c60_4560, v0x9b4c36c60_4561, v0x9b4c36c60_4562;
v0x9b4c36c60_4563 .array/port v0x9b4c36c60, 4563;
v0x9b4c36c60_4564 .array/port v0x9b4c36c60, 4564;
v0x9b4c36c60_4565 .array/port v0x9b4c36c60, 4565;
v0x9b4c36c60_4566 .array/port v0x9b4c36c60, 4566;
E_0x9b50e6d80/1141 .event anyedge, v0x9b4c36c60_4563, v0x9b4c36c60_4564, v0x9b4c36c60_4565, v0x9b4c36c60_4566;
v0x9b4c36c60_4567 .array/port v0x9b4c36c60, 4567;
v0x9b4c36c60_4568 .array/port v0x9b4c36c60, 4568;
v0x9b4c36c60_4569 .array/port v0x9b4c36c60, 4569;
v0x9b4c36c60_4570 .array/port v0x9b4c36c60, 4570;
E_0x9b50e6d80/1142 .event anyedge, v0x9b4c36c60_4567, v0x9b4c36c60_4568, v0x9b4c36c60_4569, v0x9b4c36c60_4570;
v0x9b4c36c60_4571 .array/port v0x9b4c36c60, 4571;
v0x9b4c36c60_4572 .array/port v0x9b4c36c60, 4572;
v0x9b4c36c60_4573 .array/port v0x9b4c36c60, 4573;
v0x9b4c36c60_4574 .array/port v0x9b4c36c60, 4574;
E_0x9b50e6d80/1143 .event anyedge, v0x9b4c36c60_4571, v0x9b4c36c60_4572, v0x9b4c36c60_4573, v0x9b4c36c60_4574;
v0x9b4c36c60_4575 .array/port v0x9b4c36c60, 4575;
v0x9b4c36c60_4576 .array/port v0x9b4c36c60, 4576;
v0x9b4c36c60_4577 .array/port v0x9b4c36c60, 4577;
v0x9b4c36c60_4578 .array/port v0x9b4c36c60, 4578;
E_0x9b50e6d80/1144 .event anyedge, v0x9b4c36c60_4575, v0x9b4c36c60_4576, v0x9b4c36c60_4577, v0x9b4c36c60_4578;
v0x9b4c36c60_4579 .array/port v0x9b4c36c60, 4579;
v0x9b4c36c60_4580 .array/port v0x9b4c36c60, 4580;
v0x9b4c36c60_4581 .array/port v0x9b4c36c60, 4581;
v0x9b4c36c60_4582 .array/port v0x9b4c36c60, 4582;
E_0x9b50e6d80/1145 .event anyedge, v0x9b4c36c60_4579, v0x9b4c36c60_4580, v0x9b4c36c60_4581, v0x9b4c36c60_4582;
v0x9b4c36c60_4583 .array/port v0x9b4c36c60, 4583;
v0x9b4c36c60_4584 .array/port v0x9b4c36c60, 4584;
v0x9b4c36c60_4585 .array/port v0x9b4c36c60, 4585;
v0x9b4c36c60_4586 .array/port v0x9b4c36c60, 4586;
E_0x9b50e6d80/1146 .event anyedge, v0x9b4c36c60_4583, v0x9b4c36c60_4584, v0x9b4c36c60_4585, v0x9b4c36c60_4586;
v0x9b4c36c60_4587 .array/port v0x9b4c36c60, 4587;
v0x9b4c36c60_4588 .array/port v0x9b4c36c60, 4588;
v0x9b4c36c60_4589 .array/port v0x9b4c36c60, 4589;
v0x9b4c36c60_4590 .array/port v0x9b4c36c60, 4590;
E_0x9b50e6d80/1147 .event anyedge, v0x9b4c36c60_4587, v0x9b4c36c60_4588, v0x9b4c36c60_4589, v0x9b4c36c60_4590;
v0x9b4c36c60_4591 .array/port v0x9b4c36c60, 4591;
v0x9b4c36c60_4592 .array/port v0x9b4c36c60, 4592;
v0x9b4c36c60_4593 .array/port v0x9b4c36c60, 4593;
v0x9b4c36c60_4594 .array/port v0x9b4c36c60, 4594;
E_0x9b50e6d80/1148 .event anyedge, v0x9b4c36c60_4591, v0x9b4c36c60_4592, v0x9b4c36c60_4593, v0x9b4c36c60_4594;
v0x9b4c36c60_4595 .array/port v0x9b4c36c60, 4595;
v0x9b4c36c60_4596 .array/port v0x9b4c36c60, 4596;
v0x9b4c36c60_4597 .array/port v0x9b4c36c60, 4597;
v0x9b4c36c60_4598 .array/port v0x9b4c36c60, 4598;
E_0x9b50e6d80/1149 .event anyedge, v0x9b4c36c60_4595, v0x9b4c36c60_4596, v0x9b4c36c60_4597, v0x9b4c36c60_4598;
v0x9b4c36c60_4599 .array/port v0x9b4c36c60, 4599;
v0x9b4c36c60_4600 .array/port v0x9b4c36c60, 4600;
v0x9b4c36c60_4601 .array/port v0x9b4c36c60, 4601;
v0x9b4c36c60_4602 .array/port v0x9b4c36c60, 4602;
E_0x9b50e6d80/1150 .event anyedge, v0x9b4c36c60_4599, v0x9b4c36c60_4600, v0x9b4c36c60_4601, v0x9b4c36c60_4602;
v0x9b4c36c60_4603 .array/port v0x9b4c36c60, 4603;
v0x9b4c36c60_4604 .array/port v0x9b4c36c60, 4604;
v0x9b4c36c60_4605 .array/port v0x9b4c36c60, 4605;
v0x9b4c36c60_4606 .array/port v0x9b4c36c60, 4606;
E_0x9b50e6d80/1151 .event anyedge, v0x9b4c36c60_4603, v0x9b4c36c60_4604, v0x9b4c36c60_4605, v0x9b4c36c60_4606;
v0x9b4c36c60_4607 .array/port v0x9b4c36c60, 4607;
v0x9b4c36c60_4608 .array/port v0x9b4c36c60, 4608;
v0x9b4c36c60_4609 .array/port v0x9b4c36c60, 4609;
v0x9b4c36c60_4610 .array/port v0x9b4c36c60, 4610;
E_0x9b50e6d80/1152 .event anyedge, v0x9b4c36c60_4607, v0x9b4c36c60_4608, v0x9b4c36c60_4609, v0x9b4c36c60_4610;
v0x9b4c36c60_4611 .array/port v0x9b4c36c60, 4611;
v0x9b4c36c60_4612 .array/port v0x9b4c36c60, 4612;
v0x9b4c36c60_4613 .array/port v0x9b4c36c60, 4613;
v0x9b4c36c60_4614 .array/port v0x9b4c36c60, 4614;
E_0x9b50e6d80/1153 .event anyedge, v0x9b4c36c60_4611, v0x9b4c36c60_4612, v0x9b4c36c60_4613, v0x9b4c36c60_4614;
v0x9b4c36c60_4615 .array/port v0x9b4c36c60, 4615;
v0x9b4c36c60_4616 .array/port v0x9b4c36c60, 4616;
v0x9b4c36c60_4617 .array/port v0x9b4c36c60, 4617;
v0x9b4c36c60_4618 .array/port v0x9b4c36c60, 4618;
E_0x9b50e6d80/1154 .event anyedge, v0x9b4c36c60_4615, v0x9b4c36c60_4616, v0x9b4c36c60_4617, v0x9b4c36c60_4618;
v0x9b4c36c60_4619 .array/port v0x9b4c36c60, 4619;
v0x9b4c36c60_4620 .array/port v0x9b4c36c60, 4620;
v0x9b4c36c60_4621 .array/port v0x9b4c36c60, 4621;
v0x9b4c36c60_4622 .array/port v0x9b4c36c60, 4622;
E_0x9b50e6d80/1155 .event anyedge, v0x9b4c36c60_4619, v0x9b4c36c60_4620, v0x9b4c36c60_4621, v0x9b4c36c60_4622;
v0x9b4c36c60_4623 .array/port v0x9b4c36c60, 4623;
v0x9b4c36c60_4624 .array/port v0x9b4c36c60, 4624;
v0x9b4c36c60_4625 .array/port v0x9b4c36c60, 4625;
v0x9b4c36c60_4626 .array/port v0x9b4c36c60, 4626;
E_0x9b50e6d80/1156 .event anyedge, v0x9b4c36c60_4623, v0x9b4c36c60_4624, v0x9b4c36c60_4625, v0x9b4c36c60_4626;
v0x9b4c36c60_4627 .array/port v0x9b4c36c60, 4627;
v0x9b4c36c60_4628 .array/port v0x9b4c36c60, 4628;
v0x9b4c36c60_4629 .array/port v0x9b4c36c60, 4629;
v0x9b4c36c60_4630 .array/port v0x9b4c36c60, 4630;
E_0x9b50e6d80/1157 .event anyedge, v0x9b4c36c60_4627, v0x9b4c36c60_4628, v0x9b4c36c60_4629, v0x9b4c36c60_4630;
v0x9b4c36c60_4631 .array/port v0x9b4c36c60, 4631;
v0x9b4c36c60_4632 .array/port v0x9b4c36c60, 4632;
v0x9b4c36c60_4633 .array/port v0x9b4c36c60, 4633;
v0x9b4c36c60_4634 .array/port v0x9b4c36c60, 4634;
E_0x9b50e6d80/1158 .event anyedge, v0x9b4c36c60_4631, v0x9b4c36c60_4632, v0x9b4c36c60_4633, v0x9b4c36c60_4634;
v0x9b4c36c60_4635 .array/port v0x9b4c36c60, 4635;
v0x9b4c36c60_4636 .array/port v0x9b4c36c60, 4636;
v0x9b4c36c60_4637 .array/port v0x9b4c36c60, 4637;
v0x9b4c36c60_4638 .array/port v0x9b4c36c60, 4638;
E_0x9b50e6d80/1159 .event anyedge, v0x9b4c36c60_4635, v0x9b4c36c60_4636, v0x9b4c36c60_4637, v0x9b4c36c60_4638;
v0x9b4c36c60_4639 .array/port v0x9b4c36c60, 4639;
v0x9b4c36c60_4640 .array/port v0x9b4c36c60, 4640;
v0x9b4c36c60_4641 .array/port v0x9b4c36c60, 4641;
v0x9b4c36c60_4642 .array/port v0x9b4c36c60, 4642;
E_0x9b50e6d80/1160 .event anyedge, v0x9b4c36c60_4639, v0x9b4c36c60_4640, v0x9b4c36c60_4641, v0x9b4c36c60_4642;
v0x9b4c36c60_4643 .array/port v0x9b4c36c60, 4643;
v0x9b4c36c60_4644 .array/port v0x9b4c36c60, 4644;
v0x9b4c36c60_4645 .array/port v0x9b4c36c60, 4645;
v0x9b4c36c60_4646 .array/port v0x9b4c36c60, 4646;
E_0x9b50e6d80/1161 .event anyedge, v0x9b4c36c60_4643, v0x9b4c36c60_4644, v0x9b4c36c60_4645, v0x9b4c36c60_4646;
v0x9b4c36c60_4647 .array/port v0x9b4c36c60, 4647;
v0x9b4c36c60_4648 .array/port v0x9b4c36c60, 4648;
v0x9b4c36c60_4649 .array/port v0x9b4c36c60, 4649;
v0x9b4c36c60_4650 .array/port v0x9b4c36c60, 4650;
E_0x9b50e6d80/1162 .event anyedge, v0x9b4c36c60_4647, v0x9b4c36c60_4648, v0x9b4c36c60_4649, v0x9b4c36c60_4650;
v0x9b4c36c60_4651 .array/port v0x9b4c36c60, 4651;
v0x9b4c36c60_4652 .array/port v0x9b4c36c60, 4652;
v0x9b4c36c60_4653 .array/port v0x9b4c36c60, 4653;
v0x9b4c36c60_4654 .array/port v0x9b4c36c60, 4654;
E_0x9b50e6d80/1163 .event anyedge, v0x9b4c36c60_4651, v0x9b4c36c60_4652, v0x9b4c36c60_4653, v0x9b4c36c60_4654;
v0x9b4c36c60_4655 .array/port v0x9b4c36c60, 4655;
v0x9b4c36c60_4656 .array/port v0x9b4c36c60, 4656;
v0x9b4c36c60_4657 .array/port v0x9b4c36c60, 4657;
v0x9b4c36c60_4658 .array/port v0x9b4c36c60, 4658;
E_0x9b50e6d80/1164 .event anyedge, v0x9b4c36c60_4655, v0x9b4c36c60_4656, v0x9b4c36c60_4657, v0x9b4c36c60_4658;
v0x9b4c36c60_4659 .array/port v0x9b4c36c60, 4659;
v0x9b4c36c60_4660 .array/port v0x9b4c36c60, 4660;
v0x9b4c36c60_4661 .array/port v0x9b4c36c60, 4661;
v0x9b4c36c60_4662 .array/port v0x9b4c36c60, 4662;
E_0x9b50e6d80/1165 .event anyedge, v0x9b4c36c60_4659, v0x9b4c36c60_4660, v0x9b4c36c60_4661, v0x9b4c36c60_4662;
v0x9b4c36c60_4663 .array/port v0x9b4c36c60, 4663;
v0x9b4c36c60_4664 .array/port v0x9b4c36c60, 4664;
v0x9b4c36c60_4665 .array/port v0x9b4c36c60, 4665;
v0x9b4c36c60_4666 .array/port v0x9b4c36c60, 4666;
E_0x9b50e6d80/1166 .event anyedge, v0x9b4c36c60_4663, v0x9b4c36c60_4664, v0x9b4c36c60_4665, v0x9b4c36c60_4666;
v0x9b4c36c60_4667 .array/port v0x9b4c36c60, 4667;
v0x9b4c36c60_4668 .array/port v0x9b4c36c60, 4668;
v0x9b4c36c60_4669 .array/port v0x9b4c36c60, 4669;
v0x9b4c36c60_4670 .array/port v0x9b4c36c60, 4670;
E_0x9b50e6d80/1167 .event anyedge, v0x9b4c36c60_4667, v0x9b4c36c60_4668, v0x9b4c36c60_4669, v0x9b4c36c60_4670;
v0x9b4c36c60_4671 .array/port v0x9b4c36c60, 4671;
v0x9b4c36c60_4672 .array/port v0x9b4c36c60, 4672;
v0x9b4c36c60_4673 .array/port v0x9b4c36c60, 4673;
v0x9b4c36c60_4674 .array/port v0x9b4c36c60, 4674;
E_0x9b50e6d80/1168 .event anyedge, v0x9b4c36c60_4671, v0x9b4c36c60_4672, v0x9b4c36c60_4673, v0x9b4c36c60_4674;
v0x9b4c36c60_4675 .array/port v0x9b4c36c60, 4675;
v0x9b4c36c60_4676 .array/port v0x9b4c36c60, 4676;
v0x9b4c36c60_4677 .array/port v0x9b4c36c60, 4677;
v0x9b4c36c60_4678 .array/port v0x9b4c36c60, 4678;
E_0x9b50e6d80/1169 .event anyedge, v0x9b4c36c60_4675, v0x9b4c36c60_4676, v0x9b4c36c60_4677, v0x9b4c36c60_4678;
v0x9b4c36c60_4679 .array/port v0x9b4c36c60, 4679;
v0x9b4c36c60_4680 .array/port v0x9b4c36c60, 4680;
v0x9b4c36c60_4681 .array/port v0x9b4c36c60, 4681;
v0x9b4c36c60_4682 .array/port v0x9b4c36c60, 4682;
E_0x9b50e6d80/1170 .event anyedge, v0x9b4c36c60_4679, v0x9b4c36c60_4680, v0x9b4c36c60_4681, v0x9b4c36c60_4682;
v0x9b4c36c60_4683 .array/port v0x9b4c36c60, 4683;
v0x9b4c36c60_4684 .array/port v0x9b4c36c60, 4684;
v0x9b4c36c60_4685 .array/port v0x9b4c36c60, 4685;
v0x9b4c36c60_4686 .array/port v0x9b4c36c60, 4686;
E_0x9b50e6d80/1171 .event anyedge, v0x9b4c36c60_4683, v0x9b4c36c60_4684, v0x9b4c36c60_4685, v0x9b4c36c60_4686;
v0x9b4c36c60_4687 .array/port v0x9b4c36c60, 4687;
v0x9b4c36c60_4688 .array/port v0x9b4c36c60, 4688;
v0x9b4c36c60_4689 .array/port v0x9b4c36c60, 4689;
v0x9b4c36c60_4690 .array/port v0x9b4c36c60, 4690;
E_0x9b50e6d80/1172 .event anyedge, v0x9b4c36c60_4687, v0x9b4c36c60_4688, v0x9b4c36c60_4689, v0x9b4c36c60_4690;
v0x9b4c36c60_4691 .array/port v0x9b4c36c60, 4691;
v0x9b4c36c60_4692 .array/port v0x9b4c36c60, 4692;
v0x9b4c36c60_4693 .array/port v0x9b4c36c60, 4693;
v0x9b4c36c60_4694 .array/port v0x9b4c36c60, 4694;
E_0x9b50e6d80/1173 .event anyedge, v0x9b4c36c60_4691, v0x9b4c36c60_4692, v0x9b4c36c60_4693, v0x9b4c36c60_4694;
v0x9b4c36c60_4695 .array/port v0x9b4c36c60, 4695;
v0x9b4c36c60_4696 .array/port v0x9b4c36c60, 4696;
v0x9b4c36c60_4697 .array/port v0x9b4c36c60, 4697;
v0x9b4c36c60_4698 .array/port v0x9b4c36c60, 4698;
E_0x9b50e6d80/1174 .event anyedge, v0x9b4c36c60_4695, v0x9b4c36c60_4696, v0x9b4c36c60_4697, v0x9b4c36c60_4698;
v0x9b4c36c60_4699 .array/port v0x9b4c36c60, 4699;
v0x9b4c36c60_4700 .array/port v0x9b4c36c60, 4700;
v0x9b4c36c60_4701 .array/port v0x9b4c36c60, 4701;
v0x9b4c36c60_4702 .array/port v0x9b4c36c60, 4702;
E_0x9b50e6d80/1175 .event anyedge, v0x9b4c36c60_4699, v0x9b4c36c60_4700, v0x9b4c36c60_4701, v0x9b4c36c60_4702;
v0x9b4c36c60_4703 .array/port v0x9b4c36c60, 4703;
v0x9b4c36c60_4704 .array/port v0x9b4c36c60, 4704;
v0x9b4c36c60_4705 .array/port v0x9b4c36c60, 4705;
v0x9b4c36c60_4706 .array/port v0x9b4c36c60, 4706;
E_0x9b50e6d80/1176 .event anyedge, v0x9b4c36c60_4703, v0x9b4c36c60_4704, v0x9b4c36c60_4705, v0x9b4c36c60_4706;
v0x9b4c36c60_4707 .array/port v0x9b4c36c60, 4707;
v0x9b4c36c60_4708 .array/port v0x9b4c36c60, 4708;
v0x9b4c36c60_4709 .array/port v0x9b4c36c60, 4709;
v0x9b4c36c60_4710 .array/port v0x9b4c36c60, 4710;
E_0x9b50e6d80/1177 .event anyedge, v0x9b4c36c60_4707, v0x9b4c36c60_4708, v0x9b4c36c60_4709, v0x9b4c36c60_4710;
v0x9b4c36c60_4711 .array/port v0x9b4c36c60, 4711;
v0x9b4c36c60_4712 .array/port v0x9b4c36c60, 4712;
v0x9b4c36c60_4713 .array/port v0x9b4c36c60, 4713;
v0x9b4c36c60_4714 .array/port v0x9b4c36c60, 4714;
E_0x9b50e6d80/1178 .event anyedge, v0x9b4c36c60_4711, v0x9b4c36c60_4712, v0x9b4c36c60_4713, v0x9b4c36c60_4714;
v0x9b4c36c60_4715 .array/port v0x9b4c36c60, 4715;
v0x9b4c36c60_4716 .array/port v0x9b4c36c60, 4716;
v0x9b4c36c60_4717 .array/port v0x9b4c36c60, 4717;
v0x9b4c36c60_4718 .array/port v0x9b4c36c60, 4718;
E_0x9b50e6d80/1179 .event anyedge, v0x9b4c36c60_4715, v0x9b4c36c60_4716, v0x9b4c36c60_4717, v0x9b4c36c60_4718;
v0x9b4c36c60_4719 .array/port v0x9b4c36c60, 4719;
v0x9b4c36c60_4720 .array/port v0x9b4c36c60, 4720;
v0x9b4c36c60_4721 .array/port v0x9b4c36c60, 4721;
v0x9b4c36c60_4722 .array/port v0x9b4c36c60, 4722;
E_0x9b50e6d80/1180 .event anyedge, v0x9b4c36c60_4719, v0x9b4c36c60_4720, v0x9b4c36c60_4721, v0x9b4c36c60_4722;
v0x9b4c36c60_4723 .array/port v0x9b4c36c60, 4723;
v0x9b4c36c60_4724 .array/port v0x9b4c36c60, 4724;
v0x9b4c36c60_4725 .array/port v0x9b4c36c60, 4725;
v0x9b4c36c60_4726 .array/port v0x9b4c36c60, 4726;
E_0x9b50e6d80/1181 .event anyedge, v0x9b4c36c60_4723, v0x9b4c36c60_4724, v0x9b4c36c60_4725, v0x9b4c36c60_4726;
v0x9b4c36c60_4727 .array/port v0x9b4c36c60, 4727;
v0x9b4c36c60_4728 .array/port v0x9b4c36c60, 4728;
v0x9b4c36c60_4729 .array/port v0x9b4c36c60, 4729;
v0x9b4c36c60_4730 .array/port v0x9b4c36c60, 4730;
E_0x9b50e6d80/1182 .event anyedge, v0x9b4c36c60_4727, v0x9b4c36c60_4728, v0x9b4c36c60_4729, v0x9b4c36c60_4730;
v0x9b4c36c60_4731 .array/port v0x9b4c36c60, 4731;
v0x9b4c36c60_4732 .array/port v0x9b4c36c60, 4732;
v0x9b4c36c60_4733 .array/port v0x9b4c36c60, 4733;
v0x9b4c36c60_4734 .array/port v0x9b4c36c60, 4734;
E_0x9b50e6d80/1183 .event anyedge, v0x9b4c36c60_4731, v0x9b4c36c60_4732, v0x9b4c36c60_4733, v0x9b4c36c60_4734;
v0x9b4c36c60_4735 .array/port v0x9b4c36c60, 4735;
v0x9b4c36c60_4736 .array/port v0x9b4c36c60, 4736;
v0x9b4c36c60_4737 .array/port v0x9b4c36c60, 4737;
v0x9b4c36c60_4738 .array/port v0x9b4c36c60, 4738;
E_0x9b50e6d80/1184 .event anyedge, v0x9b4c36c60_4735, v0x9b4c36c60_4736, v0x9b4c36c60_4737, v0x9b4c36c60_4738;
v0x9b4c36c60_4739 .array/port v0x9b4c36c60, 4739;
v0x9b4c36c60_4740 .array/port v0x9b4c36c60, 4740;
v0x9b4c36c60_4741 .array/port v0x9b4c36c60, 4741;
v0x9b4c36c60_4742 .array/port v0x9b4c36c60, 4742;
E_0x9b50e6d80/1185 .event anyedge, v0x9b4c36c60_4739, v0x9b4c36c60_4740, v0x9b4c36c60_4741, v0x9b4c36c60_4742;
v0x9b4c36c60_4743 .array/port v0x9b4c36c60, 4743;
v0x9b4c36c60_4744 .array/port v0x9b4c36c60, 4744;
v0x9b4c36c60_4745 .array/port v0x9b4c36c60, 4745;
v0x9b4c36c60_4746 .array/port v0x9b4c36c60, 4746;
E_0x9b50e6d80/1186 .event anyedge, v0x9b4c36c60_4743, v0x9b4c36c60_4744, v0x9b4c36c60_4745, v0x9b4c36c60_4746;
v0x9b4c36c60_4747 .array/port v0x9b4c36c60, 4747;
v0x9b4c36c60_4748 .array/port v0x9b4c36c60, 4748;
v0x9b4c36c60_4749 .array/port v0x9b4c36c60, 4749;
v0x9b4c36c60_4750 .array/port v0x9b4c36c60, 4750;
E_0x9b50e6d80/1187 .event anyedge, v0x9b4c36c60_4747, v0x9b4c36c60_4748, v0x9b4c36c60_4749, v0x9b4c36c60_4750;
v0x9b4c36c60_4751 .array/port v0x9b4c36c60, 4751;
v0x9b4c36c60_4752 .array/port v0x9b4c36c60, 4752;
v0x9b4c36c60_4753 .array/port v0x9b4c36c60, 4753;
v0x9b4c36c60_4754 .array/port v0x9b4c36c60, 4754;
E_0x9b50e6d80/1188 .event anyedge, v0x9b4c36c60_4751, v0x9b4c36c60_4752, v0x9b4c36c60_4753, v0x9b4c36c60_4754;
v0x9b4c36c60_4755 .array/port v0x9b4c36c60, 4755;
v0x9b4c36c60_4756 .array/port v0x9b4c36c60, 4756;
v0x9b4c36c60_4757 .array/port v0x9b4c36c60, 4757;
v0x9b4c36c60_4758 .array/port v0x9b4c36c60, 4758;
E_0x9b50e6d80/1189 .event anyedge, v0x9b4c36c60_4755, v0x9b4c36c60_4756, v0x9b4c36c60_4757, v0x9b4c36c60_4758;
v0x9b4c36c60_4759 .array/port v0x9b4c36c60, 4759;
v0x9b4c36c60_4760 .array/port v0x9b4c36c60, 4760;
v0x9b4c36c60_4761 .array/port v0x9b4c36c60, 4761;
v0x9b4c36c60_4762 .array/port v0x9b4c36c60, 4762;
E_0x9b50e6d80/1190 .event anyedge, v0x9b4c36c60_4759, v0x9b4c36c60_4760, v0x9b4c36c60_4761, v0x9b4c36c60_4762;
v0x9b4c36c60_4763 .array/port v0x9b4c36c60, 4763;
v0x9b4c36c60_4764 .array/port v0x9b4c36c60, 4764;
v0x9b4c36c60_4765 .array/port v0x9b4c36c60, 4765;
v0x9b4c36c60_4766 .array/port v0x9b4c36c60, 4766;
E_0x9b50e6d80/1191 .event anyedge, v0x9b4c36c60_4763, v0x9b4c36c60_4764, v0x9b4c36c60_4765, v0x9b4c36c60_4766;
v0x9b4c36c60_4767 .array/port v0x9b4c36c60, 4767;
v0x9b4c36c60_4768 .array/port v0x9b4c36c60, 4768;
v0x9b4c36c60_4769 .array/port v0x9b4c36c60, 4769;
v0x9b4c36c60_4770 .array/port v0x9b4c36c60, 4770;
E_0x9b50e6d80/1192 .event anyedge, v0x9b4c36c60_4767, v0x9b4c36c60_4768, v0x9b4c36c60_4769, v0x9b4c36c60_4770;
v0x9b4c36c60_4771 .array/port v0x9b4c36c60, 4771;
v0x9b4c36c60_4772 .array/port v0x9b4c36c60, 4772;
v0x9b4c36c60_4773 .array/port v0x9b4c36c60, 4773;
v0x9b4c36c60_4774 .array/port v0x9b4c36c60, 4774;
E_0x9b50e6d80/1193 .event anyedge, v0x9b4c36c60_4771, v0x9b4c36c60_4772, v0x9b4c36c60_4773, v0x9b4c36c60_4774;
v0x9b4c36c60_4775 .array/port v0x9b4c36c60, 4775;
v0x9b4c36c60_4776 .array/port v0x9b4c36c60, 4776;
v0x9b4c36c60_4777 .array/port v0x9b4c36c60, 4777;
v0x9b4c36c60_4778 .array/port v0x9b4c36c60, 4778;
E_0x9b50e6d80/1194 .event anyedge, v0x9b4c36c60_4775, v0x9b4c36c60_4776, v0x9b4c36c60_4777, v0x9b4c36c60_4778;
v0x9b4c36c60_4779 .array/port v0x9b4c36c60, 4779;
v0x9b4c36c60_4780 .array/port v0x9b4c36c60, 4780;
v0x9b4c36c60_4781 .array/port v0x9b4c36c60, 4781;
v0x9b4c36c60_4782 .array/port v0x9b4c36c60, 4782;
E_0x9b50e6d80/1195 .event anyedge, v0x9b4c36c60_4779, v0x9b4c36c60_4780, v0x9b4c36c60_4781, v0x9b4c36c60_4782;
v0x9b4c36c60_4783 .array/port v0x9b4c36c60, 4783;
v0x9b4c36c60_4784 .array/port v0x9b4c36c60, 4784;
v0x9b4c36c60_4785 .array/port v0x9b4c36c60, 4785;
v0x9b4c36c60_4786 .array/port v0x9b4c36c60, 4786;
E_0x9b50e6d80/1196 .event anyedge, v0x9b4c36c60_4783, v0x9b4c36c60_4784, v0x9b4c36c60_4785, v0x9b4c36c60_4786;
v0x9b4c36c60_4787 .array/port v0x9b4c36c60, 4787;
v0x9b4c36c60_4788 .array/port v0x9b4c36c60, 4788;
v0x9b4c36c60_4789 .array/port v0x9b4c36c60, 4789;
v0x9b4c36c60_4790 .array/port v0x9b4c36c60, 4790;
E_0x9b50e6d80/1197 .event anyedge, v0x9b4c36c60_4787, v0x9b4c36c60_4788, v0x9b4c36c60_4789, v0x9b4c36c60_4790;
v0x9b4c36c60_4791 .array/port v0x9b4c36c60, 4791;
v0x9b4c36c60_4792 .array/port v0x9b4c36c60, 4792;
v0x9b4c36c60_4793 .array/port v0x9b4c36c60, 4793;
v0x9b4c36c60_4794 .array/port v0x9b4c36c60, 4794;
E_0x9b50e6d80/1198 .event anyedge, v0x9b4c36c60_4791, v0x9b4c36c60_4792, v0x9b4c36c60_4793, v0x9b4c36c60_4794;
v0x9b4c36c60_4795 .array/port v0x9b4c36c60, 4795;
v0x9b4c36c60_4796 .array/port v0x9b4c36c60, 4796;
v0x9b4c36c60_4797 .array/port v0x9b4c36c60, 4797;
v0x9b4c36c60_4798 .array/port v0x9b4c36c60, 4798;
E_0x9b50e6d80/1199 .event anyedge, v0x9b4c36c60_4795, v0x9b4c36c60_4796, v0x9b4c36c60_4797, v0x9b4c36c60_4798;
v0x9b4c36c60_4799 .array/port v0x9b4c36c60, 4799;
v0x9b4c36c60_4800 .array/port v0x9b4c36c60, 4800;
v0x9b4c36c60_4801 .array/port v0x9b4c36c60, 4801;
v0x9b4c36c60_4802 .array/port v0x9b4c36c60, 4802;
E_0x9b50e6d80/1200 .event anyedge, v0x9b4c36c60_4799, v0x9b4c36c60_4800, v0x9b4c36c60_4801, v0x9b4c36c60_4802;
v0x9b4c36c60_4803 .array/port v0x9b4c36c60, 4803;
v0x9b4c36c60_4804 .array/port v0x9b4c36c60, 4804;
v0x9b4c36c60_4805 .array/port v0x9b4c36c60, 4805;
v0x9b4c36c60_4806 .array/port v0x9b4c36c60, 4806;
E_0x9b50e6d80/1201 .event anyedge, v0x9b4c36c60_4803, v0x9b4c36c60_4804, v0x9b4c36c60_4805, v0x9b4c36c60_4806;
v0x9b4c36c60_4807 .array/port v0x9b4c36c60, 4807;
v0x9b4c36c60_4808 .array/port v0x9b4c36c60, 4808;
v0x9b4c36c60_4809 .array/port v0x9b4c36c60, 4809;
v0x9b4c36c60_4810 .array/port v0x9b4c36c60, 4810;
E_0x9b50e6d80/1202 .event anyedge, v0x9b4c36c60_4807, v0x9b4c36c60_4808, v0x9b4c36c60_4809, v0x9b4c36c60_4810;
v0x9b4c36c60_4811 .array/port v0x9b4c36c60, 4811;
v0x9b4c36c60_4812 .array/port v0x9b4c36c60, 4812;
v0x9b4c36c60_4813 .array/port v0x9b4c36c60, 4813;
v0x9b4c36c60_4814 .array/port v0x9b4c36c60, 4814;
E_0x9b50e6d80/1203 .event anyedge, v0x9b4c36c60_4811, v0x9b4c36c60_4812, v0x9b4c36c60_4813, v0x9b4c36c60_4814;
v0x9b4c36c60_4815 .array/port v0x9b4c36c60, 4815;
v0x9b4c36c60_4816 .array/port v0x9b4c36c60, 4816;
v0x9b4c36c60_4817 .array/port v0x9b4c36c60, 4817;
v0x9b4c36c60_4818 .array/port v0x9b4c36c60, 4818;
E_0x9b50e6d80/1204 .event anyedge, v0x9b4c36c60_4815, v0x9b4c36c60_4816, v0x9b4c36c60_4817, v0x9b4c36c60_4818;
v0x9b4c36c60_4819 .array/port v0x9b4c36c60, 4819;
v0x9b4c36c60_4820 .array/port v0x9b4c36c60, 4820;
v0x9b4c36c60_4821 .array/port v0x9b4c36c60, 4821;
v0x9b4c36c60_4822 .array/port v0x9b4c36c60, 4822;
E_0x9b50e6d80/1205 .event anyedge, v0x9b4c36c60_4819, v0x9b4c36c60_4820, v0x9b4c36c60_4821, v0x9b4c36c60_4822;
v0x9b4c36c60_4823 .array/port v0x9b4c36c60, 4823;
v0x9b4c36c60_4824 .array/port v0x9b4c36c60, 4824;
v0x9b4c36c60_4825 .array/port v0x9b4c36c60, 4825;
v0x9b4c36c60_4826 .array/port v0x9b4c36c60, 4826;
E_0x9b50e6d80/1206 .event anyedge, v0x9b4c36c60_4823, v0x9b4c36c60_4824, v0x9b4c36c60_4825, v0x9b4c36c60_4826;
v0x9b4c36c60_4827 .array/port v0x9b4c36c60, 4827;
v0x9b4c36c60_4828 .array/port v0x9b4c36c60, 4828;
v0x9b4c36c60_4829 .array/port v0x9b4c36c60, 4829;
v0x9b4c36c60_4830 .array/port v0x9b4c36c60, 4830;
E_0x9b50e6d80/1207 .event anyedge, v0x9b4c36c60_4827, v0x9b4c36c60_4828, v0x9b4c36c60_4829, v0x9b4c36c60_4830;
v0x9b4c36c60_4831 .array/port v0x9b4c36c60, 4831;
v0x9b4c36c60_4832 .array/port v0x9b4c36c60, 4832;
v0x9b4c36c60_4833 .array/port v0x9b4c36c60, 4833;
v0x9b4c36c60_4834 .array/port v0x9b4c36c60, 4834;
E_0x9b50e6d80/1208 .event anyedge, v0x9b4c36c60_4831, v0x9b4c36c60_4832, v0x9b4c36c60_4833, v0x9b4c36c60_4834;
v0x9b4c36c60_4835 .array/port v0x9b4c36c60, 4835;
v0x9b4c36c60_4836 .array/port v0x9b4c36c60, 4836;
v0x9b4c36c60_4837 .array/port v0x9b4c36c60, 4837;
v0x9b4c36c60_4838 .array/port v0x9b4c36c60, 4838;
E_0x9b50e6d80/1209 .event anyedge, v0x9b4c36c60_4835, v0x9b4c36c60_4836, v0x9b4c36c60_4837, v0x9b4c36c60_4838;
v0x9b4c36c60_4839 .array/port v0x9b4c36c60, 4839;
v0x9b4c36c60_4840 .array/port v0x9b4c36c60, 4840;
v0x9b4c36c60_4841 .array/port v0x9b4c36c60, 4841;
v0x9b4c36c60_4842 .array/port v0x9b4c36c60, 4842;
E_0x9b50e6d80/1210 .event anyedge, v0x9b4c36c60_4839, v0x9b4c36c60_4840, v0x9b4c36c60_4841, v0x9b4c36c60_4842;
v0x9b4c36c60_4843 .array/port v0x9b4c36c60, 4843;
v0x9b4c36c60_4844 .array/port v0x9b4c36c60, 4844;
v0x9b4c36c60_4845 .array/port v0x9b4c36c60, 4845;
v0x9b4c36c60_4846 .array/port v0x9b4c36c60, 4846;
E_0x9b50e6d80/1211 .event anyedge, v0x9b4c36c60_4843, v0x9b4c36c60_4844, v0x9b4c36c60_4845, v0x9b4c36c60_4846;
v0x9b4c36c60_4847 .array/port v0x9b4c36c60, 4847;
v0x9b4c36c60_4848 .array/port v0x9b4c36c60, 4848;
v0x9b4c36c60_4849 .array/port v0x9b4c36c60, 4849;
v0x9b4c36c60_4850 .array/port v0x9b4c36c60, 4850;
E_0x9b50e6d80/1212 .event anyedge, v0x9b4c36c60_4847, v0x9b4c36c60_4848, v0x9b4c36c60_4849, v0x9b4c36c60_4850;
v0x9b4c36c60_4851 .array/port v0x9b4c36c60, 4851;
v0x9b4c36c60_4852 .array/port v0x9b4c36c60, 4852;
v0x9b4c36c60_4853 .array/port v0x9b4c36c60, 4853;
v0x9b4c36c60_4854 .array/port v0x9b4c36c60, 4854;
E_0x9b50e6d80/1213 .event anyedge, v0x9b4c36c60_4851, v0x9b4c36c60_4852, v0x9b4c36c60_4853, v0x9b4c36c60_4854;
v0x9b4c36c60_4855 .array/port v0x9b4c36c60, 4855;
v0x9b4c36c60_4856 .array/port v0x9b4c36c60, 4856;
v0x9b4c36c60_4857 .array/port v0x9b4c36c60, 4857;
v0x9b4c36c60_4858 .array/port v0x9b4c36c60, 4858;
E_0x9b50e6d80/1214 .event anyedge, v0x9b4c36c60_4855, v0x9b4c36c60_4856, v0x9b4c36c60_4857, v0x9b4c36c60_4858;
v0x9b4c36c60_4859 .array/port v0x9b4c36c60, 4859;
v0x9b4c36c60_4860 .array/port v0x9b4c36c60, 4860;
v0x9b4c36c60_4861 .array/port v0x9b4c36c60, 4861;
v0x9b4c36c60_4862 .array/port v0x9b4c36c60, 4862;
E_0x9b50e6d80/1215 .event anyedge, v0x9b4c36c60_4859, v0x9b4c36c60_4860, v0x9b4c36c60_4861, v0x9b4c36c60_4862;
v0x9b4c36c60_4863 .array/port v0x9b4c36c60, 4863;
v0x9b4c36c60_4864 .array/port v0x9b4c36c60, 4864;
v0x9b4c36c60_4865 .array/port v0x9b4c36c60, 4865;
v0x9b4c36c60_4866 .array/port v0x9b4c36c60, 4866;
E_0x9b50e6d80/1216 .event anyedge, v0x9b4c36c60_4863, v0x9b4c36c60_4864, v0x9b4c36c60_4865, v0x9b4c36c60_4866;
v0x9b4c36c60_4867 .array/port v0x9b4c36c60, 4867;
v0x9b4c36c60_4868 .array/port v0x9b4c36c60, 4868;
v0x9b4c36c60_4869 .array/port v0x9b4c36c60, 4869;
v0x9b4c36c60_4870 .array/port v0x9b4c36c60, 4870;
E_0x9b50e6d80/1217 .event anyedge, v0x9b4c36c60_4867, v0x9b4c36c60_4868, v0x9b4c36c60_4869, v0x9b4c36c60_4870;
v0x9b4c36c60_4871 .array/port v0x9b4c36c60, 4871;
v0x9b4c36c60_4872 .array/port v0x9b4c36c60, 4872;
v0x9b4c36c60_4873 .array/port v0x9b4c36c60, 4873;
v0x9b4c36c60_4874 .array/port v0x9b4c36c60, 4874;
E_0x9b50e6d80/1218 .event anyedge, v0x9b4c36c60_4871, v0x9b4c36c60_4872, v0x9b4c36c60_4873, v0x9b4c36c60_4874;
v0x9b4c36c60_4875 .array/port v0x9b4c36c60, 4875;
v0x9b4c36c60_4876 .array/port v0x9b4c36c60, 4876;
v0x9b4c36c60_4877 .array/port v0x9b4c36c60, 4877;
v0x9b4c36c60_4878 .array/port v0x9b4c36c60, 4878;
E_0x9b50e6d80/1219 .event anyedge, v0x9b4c36c60_4875, v0x9b4c36c60_4876, v0x9b4c36c60_4877, v0x9b4c36c60_4878;
v0x9b4c36c60_4879 .array/port v0x9b4c36c60, 4879;
v0x9b4c36c60_4880 .array/port v0x9b4c36c60, 4880;
v0x9b4c36c60_4881 .array/port v0x9b4c36c60, 4881;
v0x9b4c36c60_4882 .array/port v0x9b4c36c60, 4882;
E_0x9b50e6d80/1220 .event anyedge, v0x9b4c36c60_4879, v0x9b4c36c60_4880, v0x9b4c36c60_4881, v0x9b4c36c60_4882;
v0x9b4c36c60_4883 .array/port v0x9b4c36c60, 4883;
v0x9b4c36c60_4884 .array/port v0x9b4c36c60, 4884;
v0x9b4c36c60_4885 .array/port v0x9b4c36c60, 4885;
v0x9b4c36c60_4886 .array/port v0x9b4c36c60, 4886;
E_0x9b50e6d80/1221 .event anyedge, v0x9b4c36c60_4883, v0x9b4c36c60_4884, v0x9b4c36c60_4885, v0x9b4c36c60_4886;
v0x9b4c36c60_4887 .array/port v0x9b4c36c60, 4887;
v0x9b4c36c60_4888 .array/port v0x9b4c36c60, 4888;
v0x9b4c36c60_4889 .array/port v0x9b4c36c60, 4889;
v0x9b4c36c60_4890 .array/port v0x9b4c36c60, 4890;
E_0x9b50e6d80/1222 .event anyedge, v0x9b4c36c60_4887, v0x9b4c36c60_4888, v0x9b4c36c60_4889, v0x9b4c36c60_4890;
v0x9b4c36c60_4891 .array/port v0x9b4c36c60, 4891;
v0x9b4c36c60_4892 .array/port v0x9b4c36c60, 4892;
v0x9b4c36c60_4893 .array/port v0x9b4c36c60, 4893;
v0x9b4c36c60_4894 .array/port v0x9b4c36c60, 4894;
E_0x9b50e6d80/1223 .event anyedge, v0x9b4c36c60_4891, v0x9b4c36c60_4892, v0x9b4c36c60_4893, v0x9b4c36c60_4894;
v0x9b4c36c60_4895 .array/port v0x9b4c36c60, 4895;
v0x9b4c36c60_4896 .array/port v0x9b4c36c60, 4896;
v0x9b4c36c60_4897 .array/port v0x9b4c36c60, 4897;
v0x9b4c36c60_4898 .array/port v0x9b4c36c60, 4898;
E_0x9b50e6d80/1224 .event anyedge, v0x9b4c36c60_4895, v0x9b4c36c60_4896, v0x9b4c36c60_4897, v0x9b4c36c60_4898;
v0x9b4c36c60_4899 .array/port v0x9b4c36c60, 4899;
v0x9b4c36c60_4900 .array/port v0x9b4c36c60, 4900;
v0x9b4c36c60_4901 .array/port v0x9b4c36c60, 4901;
v0x9b4c36c60_4902 .array/port v0x9b4c36c60, 4902;
E_0x9b50e6d80/1225 .event anyedge, v0x9b4c36c60_4899, v0x9b4c36c60_4900, v0x9b4c36c60_4901, v0x9b4c36c60_4902;
v0x9b4c36c60_4903 .array/port v0x9b4c36c60, 4903;
v0x9b4c36c60_4904 .array/port v0x9b4c36c60, 4904;
v0x9b4c36c60_4905 .array/port v0x9b4c36c60, 4905;
v0x9b4c36c60_4906 .array/port v0x9b4c36c60, 4906;
E_0x9b50e6d80/1226 .event anyedge, v0x9b4c36c60_4903, v0x9b4c36c60_4904, v0x9b4c36c60_4905, v0x9b4c36c60_4906;
v0x9b4c36c60_4907 .array/port v0x9b4c36c60, 4907;
v0x9b4c36c60_4908 .array/port v0x9b4c36c60, 4908;
v0x9b4c36c60_4909 .array/port v0x9b4c36c60, 4909;
v0x9b4c36c60_4910 .array/port v0x9b4c36c60, 4910;
E_0x9b50e6d80/1227 .event anyedge, v0x9b4c36c60_4907, v0x9b4c36c60_4908, v0x9b4c36c60_4909, v0x9b4c36c60_4910;
v0x9b4c36c60_4911 .array/port v0x9b4c36c60, 4911;
v0x9b4c36c60_4912 .array/port v0x9b4c36c60, 4912;
v0x9b4c36c60_4913 .array/port v0x9b4c36c60, 4913;
v0x9b4c36c60_4914 .array/port v0x9b4c36c60, 4914;
E_0x9b50e6d80/1228 .event anyedge, v0x9b4c36c60_4911, v0x9b4c36c60_4912, v0x9b4c36c60_4913, v0x9b4c36c60_4914;
v0x9b4c36c60_4915 .array/port v0x9b4c36c60, 4915;
v0x9b4c36c60_4916 .array/port v0x9b4c36c60, 4916;
v0x9b4c36c60_4917 .array/port v0x9b4c36c60, 4917;
v0x9b4c36c60_4918 .array/port v0x9b4c36c60, 4918;
E_0x9b50e6d80/1229 .event anyedge, v0x9b4c36c60_4915, v0x9b4c36c60_4916, v0x9b4c36c60_4917, v0x9b4c36c60_4918;
v0x9b4c36c60_4919 .array/port v0x9b4c36c60, 4919;
v0x9b4c36c60_4920 .array/port v0x9b4c36c60, 4920;
v0x9b4c36c60_4921 .array/port v0x9b4c36c60, 4921;
v0x9b4c36c60_4922 .array/port v0x9b4c36c60, 4922;
E_0x9b50e6d80/1230 .event anyedge, v0x9b4c36c60_4919, v0x9b4c36c60_4920, v0x9b4c36c60_4921, v0x9b4c36c60_4922;
v0x9b4c36c60_4923 .array/port v0x9b4c36c60, 4923;
v0x9b4c36c60_4924 .array/port v0x9b4c36c60, 4924;
v0x9b4c36c60_4925 .array/port v0x9b4c36c60, 4925;
v0x9b4c36c60_4926 .array/port v0x9b4c36c60, 4926;
E_0x9b50e6d80/1231 .event anyedge, v0x9b4c36c60_4923, v0x9b4c36c60_4924, v0x9b4c36c60_4925, v0x9b4c36c60_4926;
v0x9b4c36c60_4927 .array/port v0x9b4c36c60, 4927;
v0x9b4c36c60_4928 .array/port v0x9b4c36c60, 4928;
v0x9b4c36c60_4929 .array/port v0x9b4c36c60, 4929;
v0x9b4c36c60_4930 .array/port v0x9b4c36c60, 4930;
E_0x9b50e6d80/1232 .event anyedge, v0x9b4c36c60_4927, v0x9b4c36c60_4928, v0x9b4c36c60_4929, v0x9b4c36c60_4930;
v0x9b4c36c60_4931 .array/port v0x9b4c36c60, 4931;
v0x9b4c36c60_4932 .array/port v0x9b4c36c60, 4932;
v0x9b4c36c60_4933 .array/port v0x9b4c36c60, 4933;
v0x9b4c36c60_4934 .array/port v0x9b4c36c60, 4934;
E_0x9b50e6d80/1233 .event anyedge, v0x9b4c36c60_4931, v0x9b4c36c60_4932, v0x9b4c36c60_4933, v0x9b4c36c60_4934;
v0x9b4c36c60_4935 .array/port v0x9b4c36c60, 4935;
v0x9b4c36c60_4936 .array/port v0x9b4c36c60, 4936;
v0x9b4c36c60_4937 .array/port v0x9b4c36c60, 4937;
v0x9b4c36c60_4938 .array/port v0x9b4c36c60, 4938;
E_0x9b50e6d80/1234 .event anyedge, v0x9b4c36c60_4935, v0x9b4c36c60_4936, v0x9b4c36c60_4937, v0x9b4c36c60_4938;
v0x9b4c36c60_4939 .array/port v0x9b4c36c60, 4939;
v0x9b4c36c60_4940 .array/port v0x9b4c36c60, 4940;
v0x9b4c36c60_4941 .array/port v0x9b4c36c60, 4941;
v0x9b4c36c60_4942 .array/port v0x9b4c36c60, 4942;
E_0x9b50e6d80/1235 .event anyedge, v0x9b4c36c60_4939, v0x9b4c36c60_4940, v0x9b4c36c60_4941, v0x9b4c36c60_4942;
v0x9b4c36c60_4943 .array/port v0x9b4c36c60, 4943;
v0x9b4c36c60_4944 .array/port v0x9b4c36c60, 4944;
v0x9b4c36c60_4945 .array/port v0x9b4c36c60, 4945;
v0x9b4c36c60_4946 .array/port v0x9b4c36c60, 4946;
E_0x9b50e6d80/1236 .event anyedge, v0x9b4c36c60_4943, v0x9b4c36c60_4944, v0x9b4c36c60_4945, v0x9b4c36c60_4946;
v0x9b4c36c60_4947 .array/port v0x9b4c36c60, 4947;
v0x9b4c36c60_4948 .array/port v0x9b4c36c60, 4948;
v0x9b4c36c60_4949 .array/port v0x9b4c36c60, 4949;
v0x9b4c36c60_4950 .array/port v0x9b4c36c60, 4950;
E_0x9b50e6d80/1237 .event anyedge, v0x9b4c36c60_4947, v0x9b4c36c60_4948, v0x9b4c36c60_4949, v0x9b4c36c60_4950;
v0x9b4c36c60_4951 .array/port v0x9b4c36c60, 4951;
v0x9b4c36c60_4952 .array/port v0x9b4c36c60, 4952;
v0x9b4c36c60_4953 .array/port v0x9b4c36c60, 4953;
v0x9b4c36c60_4954 .array/port v0x9b4c36c60, 4954;
E_0x9b50e6d80/1238 .event anyedge, v0x9b4c36c60_4951, v0x9b4c36c60_4952, v0x9b4c36c60_4953, v0x9b4c36c60_4954;
v0x9b4c36c60_4955 .array/port v0x9b4c36c60, 4955;
v0x9b4c36c60_4956 .array/port v0x9b4c36c60, 4956;
v0x9b4c36c60_4957 .array/port v0x9b4c36c60, 4957;
v0x9b4c36c60_4958 .array/port v0x9b4c36c60, 4958;
E_0x9b50e6d80/1239 .event anyedge, v0x9b4c36c60_4955, v0x9b4c36c60_4956, v0x9b4c36c60_4957, v0x9b4c36c60_4958;
v0x9b4c36c60_4959 .array/port v0x9b4c36c60, 4959;
v0x9b4c36c60_4960 .array/port v0x9b4c36c60, 4960;
v0x9b4c36c60_4961 .array/port v0x9b4c36c60, 4961;
v0x9b4c36c60_4962 .array/port v0x9b4c36c60, 4962;
E_0x9b50e6d80/1240 .event anyedge, v0x9b4c36c60_4959, v0x9b4c36c60_4960, v0x9b4c36c60_4961, v0x9b4c36c60_4962;
v0x9b4c36c60_4963 .array/port v0x9b4c36c60, 4963;
v0x9b4c36c60_4964 .array/port v0x9b4c36c60, 4964;
v0x9b4c36c60_4965 .array/port v0x9b4c36c60, 4965;
v0x9b4c36c60_4966 .array/port v0x9b4c36c60, 4966;
E_0x9b50e6d80/1241 .event anyedge, v0x9b4c36c60_4963, v0x9b4c36c60_4964, v0x9b4c36c60_4965, v0x9b4c36c60_4966;
v0x9b4c36c60_4967 .array/port v0x9b4c36c60, 4967;
v0x9b4c36c60_4968 .array/port v0x9b4c36c60, 4968;
v0x9b4c36c60_4969 .array/port v0x9b4c36c60, 4969;
v0x9b4c36c60_4970 .array/port v0x9b4c36c60, 4970;
E_0x9b50e6d80/1242 .event anyedge, v0x9b4c36c60_4967, v0x9b4c36c60_4968, v0x9b4c36c60_4969, v0x9b4c36c60_4970;
v0x9b4c36c60_4971 .array/port v0x9b4c36c60, 4971;
v0x9b4c36c60_4972 .array/port v0x9b4c36c60, 4972;
v0x9b4c36c60_4973 .array/port v0x9b4c36c60, 4973;
v0x9b4c36c60_4974 .array/port v0x9b4c36c60, 4974;
E_0x9b50e6d80/1243 .event anyedge, v0x9b4c36c60_4971, v0x9b4c36c60_4972, v0x9b4c36c60_4973, v0x9b4c36c60_4974;
v0x9b4c36c60_4975 .array/port v0x9b4c36c60, 4975;
v0x9b4c36c60_4976 .array/port v0x9b4c36c60, 4976;
v0x9b4c36c60_4977 .array/port v0x9b4c36c60, 4977;
v0x9b4c36c60_4978 .array/port v0x9b4c36c60, 4978;
E_0x9b50e6d80/1244 .event anyedge, v0x9b4c36c60_4975, v0x9b4c36c60_4976, v0x9b4c36c60_4977, v0x9b4c36c60_4978;
v0x9b4c36c60_4979 .array/port v0x9b4c36c60, 4979;
v0x9b4c36c60_4980 .array/port v0x9b4c36c60, 4980;
v0x9b4c36c60_4981 .array/port v0x9b4c36c60, 4981;
v0x9b4c36c60_4982 .array/port v0x9b4c36c60, 4982;
E_0x9b50e6d80/1245 .event anyedge, v0x9b4c36c60_4979, v0x9b4c36c60_4980, v0x9b4c36c60_4981, v0x9b4c36c60_4982;
v0x9b4c36c60_4983 .array/port v0x9b4c36c60, 4983;
v0x9b4c36c60_4984 .array/port v0x9b4c36c60, 4984;
v0x9b4c36c60_4985 .array/port v0x9b4c36c60, 4985;
v0x9b4c36c60_4986 .array/port v0x9b4c36c60, 4986;
E_0x9b50e6d80/1246 .event anyedge, v0x9b4c36c60_4983, v0x9b4c36c60_4984, v0x9b4c36c60_4985, v0x9b4c36c60_4986;
v0x9b4c36c60_4987 .array/port v0x9b4c36c60, 4987;
v0x9b4c36c60_4988 .array/port v0x9b4c36c60, 4988;
v0x9b4c36c60_4989 .array/port v0x9b4c36c60, 4989;
v0x9b4c36c60_4990 .array/port v0x9b4c36c60, 4990;
E_0x9b50e6d80/1247 .event anyedge, v0x9b4c36c60_4987, v0x9b4c36c60_4988, v0x9b4c36c60_4989, v0x9b4c36c60_4990;
v0x9b4c36c60_4991 .array/port v0x9b4c36c60, 4991;
v0x9b4c36c60_4992 .array/port v0x9b4c36c60, 4992;
v0x9b4c36c60_4993 .array/port v0x9b4c36c60, 4993;
v0x9b4c36c60_4994 .array/port v0x9b4c36c60, 4994;
E_0x9b50e6d80/1248 .event anyedge, v0x9b4c36c60_4991, v0x9b4c36c60_4992, v0x9b4c36c60_4993, v0x9b4c36c60_4994;
v0x9b4c36c60_4995 .array/port v0x9b4c36c60, 4995;
v0x9b4c36c60_4996 .array/port v0x9b4c36c60, 4996;
v0x9b4c36c60_4997 .array/port v0x9b4c36c60, 4997;
v0x9b4c36c60_4998 .array/port v0x9b4c36c60, 4998;
E_0x9b50e6d80/1249 .event anyedge, v0x9b4c36c60_4995, v0x9b4c36c60_4996, v0x9b4c36c60_4997, v0x9b4c36c60_4998;
v0x9b4c36c60_4999 .array/port v0x9b4c36c60, 4999;
v0x9b4c36c60_5000 .array/port v0x9b4c36c60, 5000;
v0x9b4c36c60_5001 .array/port v0x9b4c36c60, 5001;
v0x9b4c36c60_5002 .array/port v0x9b4c36c60, 5002;
E_0x9b50e6d80/1250 .event anyedge, v0x9b4c36c60_4999, v0x9b4c36c60_5000, v0x9b4c36c60_5001, v0x9b4c36c60_5002;
v0x9b4c36c60_5003 .array/port v0x9b4c36c60, 5003;
v0x9b4c36c60_5004 .array/port v0x9b4c36c60, 5004;
v0x9b4c36c60_5005 .array/port v0x9b4c36c60, 5005;
v0x9b4c36c60_5006 .array/port v0x9b4c36c60, 5006;
E_0x9b50e6d80/1251 .event anyedge, v0x9b4c36c60_5003, v0x9b4c36c60_5004, v0x9b4c36c60_5005, v0x9b4c36c60_5006;
v0x9b4c36c60_5007 .array/port v0x9b4c36c60, 5007;
v0x9b4c36c60_5008 .array/port v0x9b4c36c60, 5008;
v0x9b4c36c60_5009 .array/port v0x9b4c36c60, 5009;
v0x9b4c36c60_5010 .array/port v0x9b4c36c60, 5010;
E_0x9b50e6d80/1252 .event anyedge, v0x9b4c36c60_5007, v0x9b4c36c60_5008, v0x9b4c36c60_5009, v0x9b4c36c60_5010;
v0x9b4c36c60_5011 .array/port v0x9b4c36c60, 5011;
v0x9b4c36c60_5012 .array/port v0x9b4c36c60, 5012;
v0x9b4c36c60_5013 .array/port v0x9b4c36c60, 5013;
v0x9b4c36c60_5014 .array/port v0x9b4c36c60, 5014;
E_0x9b50e6d80/1253 .event anyedge, v0x9b4c36c60_5011, v0x9b4c36c60_5012, v0x9b4c36c60_5013, v0x9b4c36c60_5014;
v0x9b4c36c60_5015 .array/port v0x9b4c36c60, 5015;
v0x9b4c36c60_5016 .array/port v0x9b4c36c60, 5016;
v0x9b4c36c60_5017 .array/port v0x9b4c36c60, 5017;
v0x9b4c36c60_5018 .array/port v0x9b4c36c60, 5018;
E_0x9b50e6d80/1254 .event anyedge, v0x9b4c36c60_5015, v0x9b4c36c60_5016, v0x9b4c36c60_5017, v0x9b4c36c60_5018;
v0x9b4c36c60_5019 .array/port v0x9b4c36c60, 5019;
v0x9b4c36c60_5020 .array/port v0x9b4c36c60, 5020;
v0x9b4c36c60_5021 .array/port v0x9b4c36c60, 5021;
v0x9b4c36c60_5022 .array/port v0x9b4c36c60, 5022;
E_0x9b50e6d80/1255 .event anyedge, v0x9b4c36c60_5019, v0x9b4c36c60_5020, v0x9b4c36c60_5021, v0x9b4c36c60_5022;
v0x9b4c36c60_5023 .array/port v0x9b4c36c60, 5023;
v0x9b4c36c60_5024 .array/port v0x9b4c36c60, 5024;
v0x9b4c36c60_5025 .array/port v0x9b4c36c60, 5025;
v0x9b4c36c60_5026 .array/port v0x9b4c36c60, 5026;
E_0x9b50e6d80/1256 .event anyedge, v0x9b4c36c60_5023, v0x9b4c36c60_5024, v0x9b4c36c60_5025, v0x9b4c36c60_5026;
v0x9b4c36c60_5027 .array/port v0x9b4c36c60, 5027;
v0x9b4c36c60_5028 .array/port v0x9b4c36c60, 5028;
v0x9b4c36c60_5029 .array/port v0x9b4c36c60, 5029;
v0x9b4c36c60_5030 .array/port v0x9b4c36c60, 5030;
E_0x9b50e6d80/1257 .event anyedge, v0x9b4c36c60_5027, v0x9b4c36c60_5028, v0x9b4c36c60_5029, v0x9b4c36c60_5030;
v0x9b4c36c60_5031 .array/port v0x9b4c36c60, 5031;
v0x9b4c36c60_5032 .array/port v0x9b4c36c60, 5032;
v0x9b4c36c60_5033 .array/port v0x9b4c36c60, 5033;
v0x9b4c36c60_5034 .array/port v0x9b4c36c60, 5034;
E_0x9b50e6d80/1258 .event anyedge, v0x9b4c36c60_5031, v0x9b4c36c60_5032, v0x9b4c36c60_5033, v0x9b4c36c60_5034;
v0x9b4c36c60_5035 .array/port v0x9b4c36c60, 5035;
v0x9b4c36c60_5036 .array/port v0x9b4c36c60, 5036;
v0x9b4c36c60_5037 .array/port v0x9b4c36c60, 5037;
v0x9b4c36c60_5038 .array/port v0x9b4c36c60, 5038;
E_0x9b50e6d80/1259 .event anyedge, v0x9b4c36c60_5035, v0x9b4c36c60_5036, v0x9b4c36c60_5037, v0x9b4c36c60_5038;
v0x9b4c36c60_5039 .array/port v0x9b4c36c60, 5039;
v0x9b4c36c60_5040 .array/port v0x9b4c36c60, 5040;
v0x9b4c36c60_5041 .array/port v0x9b4c36c60, 5041;
v0x9b4c36c60_5042 .array/port v0x9b4c36c60, 5042;
E_0x9b50e6d80/1260 .event anyedge, v0x9b4c36c60_5039, v0x9b4c36c60_5040, v0x9b4c36c60_5041, v0x9b4c36c60_5042;
v0x9b4c36c60_5043 .array/port v0x9b4c36c60, 5043;
v0x9b4c36c60_5044 .array/port v0x9b4c36c60, 5044;
v0x9b4c36c60_5045 .array/port v0x9b4c36c60, 5045;
v0x9b4c36c60_5046 .array/port v0x9b4c36c60, 5046;
E_0x9b50e6d80/1261 .event anyedge, v0x9b4c36c60_5043, v0x9b4c36c60_5044, v0x9b4c36c60_5045, v0x9b4c36c60_5046;
v0x9b4c36c60_5047 .array/port v0x9b4c36c60, 5047;
v0x9b4c36c60_5048 .array/port v0x9b4c36c60, 5048;
v0x9b4c36c60_5049 .array/port v0x9b4c36c60, 5049;
v0x9b4c36c60_5050 .array/port v0x9b4c36c60, 5050;
E_0x9b50e6d80/1262 .event anyedge, v0x9b4c36c60_5047, v0x9b4c36c60_5048, v0x9b4c36c60_5049, v0x9b4c36c60_5050;
v0x9b4c36c60_5051 .array/port v0x9b4c36c60, 5051;
v0x9b4c36c60_5052 .array/port v0x9b4c36c60, 5052;
v0x9b4c36c60_5053 .array/port v0x9b4c36c60, 5053;
v0x9b4c36c60_5054 .array/port v0x9b4c36c60, 5054;
E_0x9b50e6d80/1263 .event anyedge, v0x9b4c36c60_5051, v0x9b4c36c60_5052, v0x9b4c36c60_5053, v0x9b4c36c60_5054;
v0x9b4c36c60_5055 .array/port v0x9b4c36c60, 5055;
v0x9b4c36c60_5056 .array/port v0x9b4c36c60, 5056;
v0x9b4c36c60_5057 .array/port v0x9b4c36c60, 5057;
v0x9b4c36c60_5058 .array/port v0x9b4c36c60, 5058;
E_0x9b50e6d80/1264 .event anyedge, v0x9b4c36c60_5055, v0x9b4c36c60_5056, v0x9b4c36c60_5057, v0x9b4c36c60_5058;
v0x9b4c36c60_5059 .array/port v0x9b4c36c60, 5059;
v0x9b4c36c60_5060 .array/port v0x9b4c36c60, 5060;
v0x9b4c36c60_5061 .array/port v0x9b4c36c60, 5061;
v0x9b4c36c60_5062 .array/port v0x9b4c36c60, 5062;
E_0x9b50e6d80/1265 .event anyedge, v0x9b4c36c60_5059, v0x9b4c36c60_5060, v0x9b4c36c60_5061, v0x9b4c36c60_5062;
v0x9b4c36c60_5063 .array/port v0x9b4c36c60, 5063;
v0x9b4c36c60_5064 .array/port v0x9b4c36c60, 5064;
v0x9b4c36c60_5065 .array/port v0x9b4c36c60, 5065;
v0x9b4c36c60_5066 .array/port v0x9b4c36c60, 5066;
E_0x9b50e6d80/1266 .event anyedge, v0x9b4c36c60_5063, v0x9b4c36c60_5064, v0x9b4c36c60_5065, v0x9b4c36c60_5066;
v0x9b4c36c60_5067 .array/port v0x9b4c36c60, 5067;
v0x9b4c36c60_5068 .array/port v0x9b4c36c60, 5068;
v0x9b4c36c60_5069 .array/port v0x9b4c36c60, 5069;
v0x9b4c36c60_5070 .array/port v0x9b4c36c60, 5070;
E_0x9b50e6d80/1267 .event anyedge, v0x9b4c36c60_5067, v0x9b4c36c60_5068, v0x9b4c36c60_5069, v0x9b4c36c60_5070;
v0x9b4c36c60_5071 .array/port v0x9b4c36c60, 5071;
v0x9b4c36c60_5072 .array/port v0x9b4c36c60, 5072;
v0x9b4c36c60_5073 .array/port v0x9b4c36c60, 5073;
v0x9b4c36c60_5074 .array/port v0x9b4c36c60, 5074;
E_0x9b50e6d80/1268 .event anyedge, v0x9b4c36c60_5071, v0x9b4c36c60_5072, v0x9b4c36c60_5073, v0x9b4c36c60_5074;
v0x9b4c36c60_5075 .array/port v0x9b4c36c60, 5075;
v0x9b4c36c60_5076 .array/port v0x9b4c36c60, 5076;
v0x9b4c36c60_5077 .array/port v0x9b4c36c60, 5077;
v0x9b4c36c60_5078 .array/port v0x9b4c36c60, 5078;
E_0x9b50e6d80/1269 .event anyedge, v0x9b4c36c60_5075, v0x9b4c36c60_5076, v0x9b4c36c60_5077, v0x9b4c36c60_5078;
v0x9b4c36c60_5079 .array/port v0x9b4c36c60, 5079;
v0x9b4c36c60_5080 .array/port v0x9b4c36c60, 5080;
v0x9b4c36c60_5081 .array/port v0x9b4c36c60, 5081;
v0x9b4c36c60_5082 .array/port v0x9b4c36c60, 5082;
E_0x9b50e6d80/1270 .event anyedge, v0x9b4c36c60_5079, v0x9b4c36c60_5080, v0x9b4c36c60_5081, v0x9b4c36c60_5082;
v0x9b4c36c60_5083 .array/port v0x9b4c36c60, 5083;
v0x9b4c36c60_5084 .array/port v0x9b4c36c60, 5084;
v0x9b4c36c60_5085 .array/port v0x9b4c36c60, 5085;
v0x9b4c36c60_5086 .array/port v0x9b4c36c60, 5086;
E_0x9b50e6d80/1271 .event anyedge, v0x9b4c36c60_5083, v0x9b4c36c60_5084, v0x9b4c36c60_5085, v0x9b4c36c60_5086;
v0x9b4c36c60_5087 .array/port v0x9b4c36c60, 5087;
v0x9b4c36c60_5088 .array/port v0x9b4c36c60, 5088;
v0x9b4c36c60_5089 .array/port v0x9b4c36c60, 5089;
v0x9b4c36c60_5090 .array/port v0x9b4c36c60, 5090;
E_0x9b50e6d80/1272 .event anyedge, v0x9b4c36c60_5087, v0x9b4c36c60_5088, v0x9b4c36c60_5089, v0x9b4c36c60_5090;
v0x9b4c36c60_5091 .array/port v0x9b4c36c60, 5091;
v0x9b4c36c60_5092 .array/port v0x9b4c36c60, 5092;
v0x9b4c36c60_5093 .array/port v0x9b4c36c60, 5093;
v0x9b4c36c60_5094 .array/port v0x9b4c36c60, 5094;
E_0x9b50e6d80/1273 .event anyedge, v0x9b4c36c60_5091, v0x9b4c36c60_5092, v0x9b4c36c60_5093, v0x9b4c36c60_5094;
v0x9b4c36c60_5095 .array/port v0x9b4c36c60, 5095;
v0x9b4c36c60_5096 .array/port v0x9b4c36c60, 5096;
v0x9b4c36c60_5097 .array/port v0x9b4c36c60, 5097;
v0x9b4c36c60_5098 .array/port v0x9b4c36c60, 5098;
E_0x9b50e6d80/1274 .event anyedge, v0x9b4c36c60_5095, v0x9b4c36c60_5096, v0x9b4c36c60_5097, v0x9b4c36c60_5098;
v0x9b4c36c60_5099 .array/port v0x9b4c36c60, 5099;
v0x9b4c36c60_5100 .array/port v0x9b4c36c60, 5100;
v0x9b4c36c60_5101 .array/port v0x9b4c36c60, 5101;
v0x9b4c36c60_5102 .array/port v0x9b4c36c60, 5102;
E_0x9b50e6d80/1275 .event anyedge, v0x9b4c36c60_5099, v0x9b4c36c60_5100, v0x9b4c36c60_5101, v0x9b4c36c60_5102;
v0x9b4c36c60_5103 .array/port v0x9b4c36c60, 5103;
v0x9b4c36c60_5104 .array/port v0x9b4c36c60, 5104;
v0x9b4c36c60_5105 .array/port v0x9b4c36c60, 5105;
v0x9b4c36c60_5106 .array/port v0x9b4c36c60, 5106;
E_0x9b50e6d80/1276 .event anyedge, v0x9b4c36c60_5103, v0x9b4c36c60_5104, v0x9b4c36c60_5105, v0x9b4c36c60_5106;
v0x9b4c36c60_5107 .array/port v0x9b4c36c60, 5107;
v0x9b4c36c60_5108 .array/port v0x9b4c36c60, 5108;
v0x9b4c36c60_5109 .array/port v0x9b4c36c60, 5109;
v0x9b4c36c60_5110 .array/port v0x9b4c36c60, 5110;
E_0x9b50e6d80/1277 .event anyedge, v0x9b4c36c60_5107, v0x9b4c36c60_5108, v0x9b4c36c60_5109, v0x9b4c36c60_5110;
v0x9b4c36c60_5111 .array/port v0x9b4c36c60, 5111;
v0x9b4c36c60_5112 .array/port v0x9b4c36c60, 5112;
v0x9b4c36c60_5113 .array/port v0x9b4c36c60, 5113;
v0x9b4c36c60_5114 .array/port v0x9b4c36c60, 5114;
E_0x9b50e6d80/1278 .event anyedge, v0x9b4c36c60_5111, v0x9b4c36c60_5112, v0x9b4c36c60_5113, v0x9b4c36c60_5114;
v0x9b4c36c60_5115 .array/port v0x9b4c36c60, 5115;
v0x9b4c36c60_5116 .array/port v0x9b4c36c60, 5116;
v0x9b4c36c60_5117 .array/port v0x9b4c36c60, 5117;
v0x9b4c36c60_5118 .array/port v0x9b4c36c60, 5118;
E_0x9b50e6d80/1279 .event anyedge, v0x9b4c36c60_5115, v0x9b4c36c60_5116, v0x9b4c36c60_5117, v0x9b4c36c60_5118;
v0x9b4c36c60_5119 .array/port v0x9b4c36c60, 5119;
v0x9b4c36c60_5120 .array/port v0x9b4c36c60, 5120;
v0x9b4c36c60_5121 .array/port v0x9b4c36c60, 5121;
v0x9b4c36c60_5122 .array/port v0x9b4c36c60, 5122;
E_0x9b50e6d80/1280 .event anyedge, v0x9b4c36c60_5119, v0x9b4c36c60_5120, v0x9b4c36c60_5121, v0x9b4c36c60_5122;
v0x9b4c36c60_5123 .array/port v0x9b4c36c60, 5123;
v0x9b4c36c60_5124 .array/port v0x9b4c36c60, 5124;
v0x9b4c36c60_5125 .array/port v0x9b4c36c60, 5125;
v0x9b4c36c60_5126 .array/port v0x9b4c36c60, 5126;
E_0x9b50e6d80/1281 .event anyedge, v0x9b4c36c60_5123, v0x9b4c36c60_5124, v0x9b4c36c60_5125, v0x9b4c36c60_5126;
v0x9b4c36c60_5127 .array/port v0x9b4c36c60, 5127;
v0x9b4c36c60_5128 .array/port v0x9b4c36c60, 5128;
v0x9b4c36c60_5129 .array/port v0x9b4c36c60, 5129;
v0x9b4c36c60_5130 .array/port v0x9b4c36c60, 5130;
E_0x9b50e6d80/1282 .event anyedge, v0x9b4c36c60_5127, v0x9b4c36c60_5128, v0x9b4c36c60_5129, v0x9b4c36c60_5130;
v0x9b4c36c60_5131 .array/port v0x9b4c36c60, 5131;
v0x9b4c36c60_5132 .array/port v0x9b4c36c60, 5132;
v0x9b4c36c60_5133 .array/port v0x9b4c36c60, 5133;
v0x9b4c36c60_5134 .array/port v0x9b4c36c60, 5134;
E_0x9b50e6d80/1283 .event anyedge, v0x9b4c36c60_5131, v0x9b4c36c60_5132, v0x9b4c36c60_5133, v0x9b4c36c60_5134;
v0x9b4c36c60_5135 .array/port v0x9b4c36c60, 5135;
v0x9b4c36c60_5136 .array/port v0x9b4c36c60, 5136;
v0x9b4c36c60_5137 .array/port v0x9b4c36c60, 5137;
v0x9b4c36c60_5138 .array/port v0x9b4c36c60, 5138;
E_0x9b50e6d80/1284 .event anyedge, v0x9b4c36c60_5135, v0x9b4c36c60_5136, v0x9b4c36c60_5137, v0x9b4c36c60_5138;
v0x9b4c36c60_5139 .array/port v0x9b4c36c60, 5139;
v0x9b4c36c60_5140 .array/port v0x9b4c36c60, 5140;
v0x9b4c36c60_5141 .array/port v0x9b4c36c60, 5141;
v0x9b4c36c60_5142 .array/port v0x9b4c36c60, 5142;
E_0x9b50e6d80/1285 .event anyedge, v0x9b4c36c60_5139, v0x9b4c36c60_5140, v0x9b4c36c60_5141, v0x9b4c36c60_5142;
v0x9b4c36c60_5143 .array/port v0x9b4c36c60, 5143;
v0x9b4c36c60_5144 .array/port v0x9b4c36c60, 5144;
v0x9b4c36c60_5145 .array/port v0x9b4c36c60, 5145;
v0x9b4c36c60_5146 .array/port v0x9b4c36c60, 5146;
E_0x9b50e6d80/1286 .event anyedge, v0x9b4c36c60_5143, v0x9b4c36c60_5144, v0x9b4c36c60_5145, v0x9b4c36c60_5146;
v0x9b4c36c60_5147 .array/port v0x9b4c36c60, 5147;
v0x9b4c36c60_5148 .array/port v0x9b4c36c60, 5148;
v0x9b4c36c60_5149 .array/port v0x9b4c36c60, 5149;
v0x9b4c36c60_5150 .array/port v0x9b4c36c60, 5150;
E_0x9b50e6d80/1287 .event anyedge, v0x9b4c36c60_5147, v0x9b4c36c60_5148, v0x9b4c36c60_5149, v0x9b4c36c60_5150;
v0x9b4c36c60_5151 .array/port v0x9b4c36c60, 5151;
v0x9b4c36c60_5152 .array/port v0x9b4c36c60, 5152;
v0x9b4c36c60_5153 .array/port v0x9b4c36c60, 5153;
v0x9b4c36c60_5154 .array/port v0x9b4c36c60, 5154;
E_0x9b50e6d80/1288 .event anyedge, v0x9b4c36c60_5151, v0x9b4c36c60_5152, v0x9b4c36c60_5153, v0x9b4c36c60_5154;
v0x9b4c36c60_5155 .array/port v0x9b4c36c60, 5155;
v0x9b4c36c60_5156 .array/port v0x9b4c36c60, 5156;
v0x9b4c36c60_5157 .array/port v0x9b4c36c60, 5157;
v0x9b4c36c60_5158 .array/port v0x9b4c36c60, 5158;
E_0x9b50e6d80/1289 .event anyedge, v0x9b4c36c60_5155, v0x9b4c36c60_5156, v0x9b4c36c60_5157, v0x9b4c36c60_5158;
v0x9b4c36c60_5159 .array/port v0x9b4c36c60, 5159;
v0x9b4c36c60_5160 .array/port v0x9b4c36c60, 5160;
v0x9b4c36c60_5161 .array/port v0x9b4c36c60, 5161;
v0x9b4c36c60_5162 .array/port v0x9b4c36c60, 5162;
E_0x9b50e6d80/1290 .event anyedge, v0x9b4c36c60_5159, v0x9b4c36c60_5160, v0x9b4c36c60_5161, v0x9b4c36c60_5162;
v0x9b4c36c60_5163 .array/port v0x9b4c36c60, 5163;
v0x9b4c36c60_5164 .array/port v0x9b4c36c60, 5164;
v0x9b4c36c60_5165 .array/port v0x9b4c36c60, 5165;
v0x9b4c36c60_5166 .array/port v0x9b4c36c60, 5166;
E_0x9b50e6d80/1291 .event anyedge, v0x9b4c36c60_5163, v0x9b4c36c60_5164, v0x9b4c36c60_5165, v0x9b4c36c60_5166;
v0x9b4c36c60_5167 .array/port v0x9b4c36c60, 5167;
v0x9b4c36c60_5168 .array/port v0x9b4c36c60, 5168;
v0x9b4c36c60_5169 .array/port v0x9b4c36c60, 5169;
v0x9b4c36c60_5170 .array/port v0x9b4c36c60, 5170;
E_0x9b50e6d80/1292 .event anyedge, v0x9b4c36c60_5167, v0x9b4c36c60_5168, v0x9b4c36c60_5169, v0x9b4c36c60_5170;
v0x9b4c36c60_5171 .array/port v0x9b4c36c60, 5171;
v0x9b4c36c60_5172 .array/port v0x9b4c36c60, 5172;
v0x9b4c36c60_5173 .array/port v0x9b4c36c60, 5173;
v0x9b4c36c60_5174 .array/port v0x9b4c36c60, 5174;
E_0x9b50e6d80/1293 .event anyedge, v0x9b4c36c60_5171, v0x9b4c36c60_5172, v0x9b4c36c60_5173, v0x9b4c36c60_5174;
v0x9b4c36c60_5175 .array/port v0x9b4c36c60, 5175;
v0x9b4c36c60_5176 .array/port v0x9b4c36c60, 5176;
v0x9b4c36c60_5177 .array/port v0x9b4c36c60, 5177;
v0x9b4c36c60_5178 .array/port v0x9b4c36c60, 5178;
E_0x9b50e6d80/1294 .event anyedge, v0x9b4c36c60_5175, v0x9b4c36c60_5176, v0x9b4c36c60_5177, v0x9b4c36c60_5178;
v0x9b4c36c60_5179 .array/port v0x9b4c36c60, 5179;
v0x9b4c36c60_5180 .array/port v0x9b4c36c60, 5180;
v0x9b4c36c60_5181 .array/port v0x9b4c36c60, 5181;
v0x9b4c36c60_5182 .array/port v0x9b4c36c60, 5182;
E_0x9b50e6d80/1295 .event anyedge, v0x9b4c36c60_5179, v0x9b4c36c60_5180, v0x9b4c36c60_5181, v0x9b4c36c60_5182;
v0x9b4c36c60_5183 .array/port v0x9b4c36c60, 5183;
v0x9b4c36c60_5184 .array/port v0x9b4c36c60, 5184;
v0x9b4c36c60_5185 .array/port v0x9b4c36c60, 5185;
v0x9b4c36c60_5186 .array/port v0x9b4c36c60, 5186;
E_0x9b50e6d80/1296 .event anyedge, v0x9b4c36c60_5183, v0x9b4c36c60_5184, v0x9b4c36c60_5185, v0x9b4c36c60_5186;
v0x9b4c36c60_5187 .array/port v0x9b4c36c60, 5187;
v0x9b4c36c60_5188 .array/port v0x9b4c36c60, 5188;
v0x9b4c36c60_5189 .array/port v0x9b4c36c60, 5189;
v0x9b4c36c60_5190 .array/port v0x9b4c36c60, 5190;
E_0x9b50e6d80/1297 .event anyedge, v0x9b4c36c60_5187, v0x9b4c36c60_5188, v0x9b4c36c60_5189, v0x9b4c36c60_5190;
v0x9b4c36c60_5191 .array/port v0x9b4c36c60, 5191;
v0x9b4c36c60_5192 .array/port v0x9b4c36c60, 5192;
v0x9b4c36c60_5193 .array/port v0x9b4c36c60, 5193;
v0x9b4c36c60_5194 .array/port v0x9b4c36c60, 5194;
E_0x9b50e6d80/1298 .event anyedge, v0x9b4c36c60_5191, v0x9b4c36c60_5192, v0x9b4c36c60_5193, v0x9b4c36c60_5194;
v0x9b4c36c60_5195 .array/port v0x9b4c36c60, 5195;
v0x9b4c36c60_5196 .array/port v0x9b4c36c60, 5196;
v0x9b4c36c60_5197 .array/port v0x9b4c36c60, 5197;
v0x9b4c36c60_5198 .array/port v0x9b4c36c60, 5198;
E_0x9b50e6d80/1299 .event anyedge, v0x9b4c36c60_5195, v0x9b4c36c60_5196, v0x9b4c36c60_5197, v0x9b4c36c60_5198;
v0x9b4c36c60_5199 .array/port v0x9b4c36c60, 5199;
v0x9b4c36c60_5200 .array/port v0x9b4c36c60, 5200;
v0x9b4c36c60_5201 .array/port v0x9b4c36c60, 5201;
v0x9b4c36c60_5202 .array/port v0x9b4c36c60, 5202;
E_0x9b50e6d80/1300 .event anyedge, v0x9b4c36c60_5199, v0x9b4c36c60_5200, v0x9b4c36c60_5201, v0x9b4c36c60_5202;
v0x9b4c36c60_5203 .array/port v0x9b4c36c60, 5203;
v0x9b4c36c60_5204 .array/port v0x9b4c36c60, 5204;
v0x9b4c36c60_5205 .array/port v0x9b4c36c60, 5205;
v0x9b4c36c60_5206 .array/port v0x9b4c36c60, 5206;
E_0x9b50e6d80/1301 .event anyedge, v0x9b4c36c60_5203, v0x9b4c36c60_5204, v0x9b4c36c60_5205, v0x9b4c36c60_5206;
v0x9b4c36c60_5207 .array/port v0x9b4c36c60, 5207;
v0x9b4c36c60_5208 .array/port v0x9b4c36c60, 5208;
v0x9b4c36c60_5209 .array/port v0x9b4c36c60, 5209;
v0x9b4c36c60_5210 .array/port v0x9b4c36c60, 5210;
E_0x9b50e6d80/1302 .event anyedge, v0x9b4c36c60_5207, v0x9b4c36c60_5208, v0x9b4c36c60_5209, v0x9b4c36c60_5210;
v0x9b4c36c60_5211 .array/port v0x9b4c36c60, 5211;
v0x9b4c36c60_5212 .array/port v0x9b4c36c60, 5212;
v0x9b4c36c60_5213 .array/port v0x9b4c36c60, 5213;
v0x9b4c36c60_5214 .array/port v0x9b4c36c60, 5214;
E_0x9b50e6d80/1303 .event anyedge, v0x9b4c36c60_5211, v0x9b4c36c60_5212, v0x9b4c36c60_5213, v0x9b4c36c60_5214;
v0x9b4c36c60_5215 .array/port v0x9b4c36c60, 5215;
v0x9b4c36c60_5216 .array/port v0x9b4c36c60, 5216;
v0x9b4c36c60_5217 .array/port v0x9b4c36c60, 5217;
v0x9b4c36c60_5218 .array/port v0x9b4c36c60, 5218;
E_0x9b50e6d80/1304 .event anyedge, v0x9b4c36c60_5215, v0x9b4c36c60_5216, v0x9b4c36c60_5217, v0x9b4c36c60_5218;
v0x9b4c36c60_5219 .array/port v0x9b4c36c60, 5219;
v0x9b4c36c60_5220 .array/port v0x9b4c36c60, 5220;
v0x9b4c36c60_5221 .array/port v0x9b4c36c60, 5221;
v0x9b4c36c60_5222 .array/port v0x9b4c36c60, 5222;
E_0x9b50e6d80/1305 .event anyedge, v0x9b4c36c60_5219, v0x9b4c36c60_5220, v0x9b4c36c60_5221, v0x9b4c36c60_5222;
v0x9b4c36c60_5223 .array/port v0x9b4c36c60, 5223;
v0x9b4c36c60_5224 .array/port v0x9b4c36c60, 5224;
v0x9b4c36c60_5225 .array/port v0x9b4c36c60, 5225;
v0x9b4c36c60_5226 .array/port v0x9b4c36c60, 5226;
E_0x9b50e6d80/1306 .event anyedge, v0x9b4c36c60_5223, v0x9b4c36c60_5224, v0x9b4c36c60_5225, v0x9b4c36c60_5226;
v0x9b4c36c60_5227 .array/port v0x9b4c36c60, 5227;
v0x9b4c36c60_5228 .array/port v0x9b4c36c60, 5228;
v0x9b4c36c60_5229 .array/port v0x9b4c36c60, 5229;
v0x9b4c36c60_5230 .array/port v0x9b4c36c60, 5230;
E_0x9b50e6d80/1307 .event anyedge, v0x9b4c36c60_5227, v0x9b4c36c60_5228, v0x9b4c36c60_5229, v0x9b4c36c60_5230;
v0x9b4c36c60_5231 .array/port v0x9b4c36c60, 5231;
v0x9b4c36c60_5232 .array/port v0x9b4c36c60, 5232;
v0x9b4c36c60_5233 .array/port v0x9b4c36c60, 5233;
v0x9b4c36c60_5234 .array/port v0x9b4c36c60, 5234;
E_0x9b50e6d80/1308 .event anyedge, v0x9b4c36c60_5231, v0x9b4c36c60_5232, v0x9b4c36c60_5233, v0x9b4c36c60_5234;
v0x9b4c36c60_5235 .array/port v0x9b4c36c60, 5235;
v0x9b4c36c60_5236 .array/port v0x9b4c36c60, 5236;
v0x9b4c36c60_5237 .array/port v0x9b4c36c60, 5237;
v0x9b4c36c60_5238 .array/port v0x9b4c36c60, 5238;
E_0x9b50e6d80/1309 .event anyedge, v0x9b4c36c60_5235, v0x9b4c36c60_5236, v0x9b4c36c60_5237, v0x9b4c36c60_5238;
v0x9b4c36c60_5239 .array/port v0x9b4c36c60, 5239;
v0x9b4c36c60_5240 .array/port v0x9b4c36c60, 5240;
v0x9b4c36c60_5241 .array/port v0x9b4c36c60, 5241;
v0x9b4c36c60_5242 .array/port v0x9b4c36c60, 5242;
E_0x9b50e6d80/1310 .event anyedge, v0x9b4c36c60_5239, v0x9b4c36c60_5240, v0x9b4c36c60_5241, v0x9b4c36c60_5242;
v0x9b4c36c60_5243 .array/port v0x9b4c36c60, 5243;
v0x9b4c36c60_5244 .array/port v0x9b4c36c60, 5244;
v0x9b4c36c60_5245 .array/port v0x9b4c36c60, 5245;
v0x9b4c36c60_5246 .array/port v0x9b4c36c60, 5246;
E_0x9b50e6d80/1311 .event anyedge, v0x9b4c36c60_5243, v0x9b4c36c60_5244, v0x9b4c36c60_5245, v0x9b4c36c60_5246;
v0x9b4c36c60_5247 .array/port v0x9b4c36c60, 5247;
v0x9b4c36c60_5248 .array/port v0x9b4c36c60, 5248;
v0x9b4c36c60_5249 .array/port v0x9b4c36c60, 5249;
v0x9b4c36c60_5250 .array/port v0x9b4c36c60, 5250;
E_0x9b50e6d80/1312 .event anyedge, v0x9b4c36c60_5247, v0x9b4c36c60_5248, v0x9b4c36c60_5249, v0x9b4c36c60_5250;
v0x9b4c36c60_5251 .array/port v0x9b4c36c60, 5251;
v0x9b4c36c60_5252 .array/port v0x9b4c36c60, 5252;
v0x9b4c36c60_5253 .array/port v0x9b4c36c60, 5253;
v0x9b4c36c60_5254 .array/port v0x9b4c36c60, 5254;
E_0x9b50e6d80/1313 .event anyedge, v0x9b4c36c60_5251, v0x9b4c36c60_5252, v0x9b4c36c60_5253, v0x9b4c36c60_5254;
v0x9b4c36c60_5255 .array/port v0x9b4c36c60, 5255;
v0x9b4c36c60_5256 .array/port v0x9b4c36c60, 5256;
v0x9b4c36c60_5257 .array/port v0x9b4c36c60, 5257;
v0x9b4c36c60_5258 .array/port v0x9b4c36c60, 5258;
E_0x9b50e6d80/1314 .event anyedge, v0x9b4c36c60_5255, v0x9b4c36c60_5256, v0x9b4c36c60_5257, v0x9b4c36c60_5258;
v0x9b4c36c60_5259 .array/port v0x9b4c36c60, 5259;
v0x9b4c36c60_5260 .array/port v0x9b4c36c60, 5260;
v0x9b4c36c60_5261 .array/port v0x9b4c36c60, 5261;
v0x9b4c36c60_5262 .array/port v0x9b4c36c60, 5262;
E_0x9b50e6d80/1315 .event anyedge, v0x9b4c36c60_5259, v0x9b4c36c60_5260, v0x9b4c36c60_5261, v0x9b4c36c60_5262;
v0x9b4c36c60_5263 .array/port v0x9b4c36c60, 5263;
v0x9b4c36c60_5264 .array/port v0x9b4c36c60, 5264;
v0x9b4c36c60_5265 .array/port v0x9b4c36c60, 5265;
v0x9b4c36c60_5266 .array/port v0x9b4c36c60, 5266;
E_0x9b50e6d80/1316 .event anyedge, v0x9b4c36c60_5263, v0x9b4c36c60_5264, v0x9b4c36c60_5265, v0x9b4c36c60_5266;
v0x9b4c36c60_5267 .array/port v0x9b4c36c60, 5267;
v0x9b4c36c60_5268 .array/port v0x9b4c36c60, 5268;
v0x9b4c36c60_5269 .array/port v0x9b4c36c60, 5269;
v0x9b4c36c60_5270 .array/port v0x9b4c36c60, 5270;
E_0x9b50e6d80/1317 .event anyedge, v0x9b4c36c60_5267, v0x9b4c36c60_5268, v0x9b4c36c60_5269, v0x9b4c36c60_5270;
v0x9b4c36c60_5271 .array/port v0x9b4c36c60, 5271;
v0x9b4c36c60_5272 .array/port v0x9b4c36c60, 5272;
v0x9b4c36c60_5273 .array/port v0x9b4c36c60, 5273;
v0x9b4c36c60_5274 .array/port v0x9b4c36c60, 5274;
E_0x9b50e6d80/1318 .event anyedge, v0x9b4c36c60_5271, v0x9b4c36c60_5272, v0x9b4c36c60_5273, v0x9b4c36c60_5274;
v0x9b4c36c60_5275 .array/port v0x9b4c36c60, 5275;
v0x9b4c36c60_5276 .array/port v0x9b4c36c60, 5276;
v0x9b4c36c60_5277 .array/port v0x9b4c36c60, 5277;
v0x9b4c36c60_5278 .array/port v0x9b4c36c60, 5278;
E_0x9b50e6d80/1319 .event anyedge, v0x9b4c36c60_5275, v0x9b4c36c60_5276, v0x9b4c36c60_5277, v0x9b4c36c60_5278;
v0x9b4c36c60_5279 .array/port v0x9b4c36c60, 5279;
v0x9b4c36c60_5280 .array/port v0x9b4c36c60, 5280;
v0x9b4c36c60_5281 .array/port v0x9b4c36c60, 5281;
v0x9b4c36c60_5282 .array/port v0x9b4c36c60, 5282;
E_0x9b50e6d80/1320 .event anyedge, v0x9b4c36c60_5279, v0x9b4c36c60_5280, v0x9b4c36c60_5281, v0x9b4c36c60_5282;
v0x9b4c36c60_5283 .array/port v0x9b4c36c60, 5283;
v0x9b4c36c60_5284 .array/port v0x9b4c36c60, 5284;
v0x9b4c36c60_5285 .array/port v0x9b4c36c60, 5285;
v0x9b4c36c60_5286 .array/port v0x9b4c36c60, 5286;
E_0x9b50e6d80/1321 .event anyedge, v0x9b4c36c60_5283, v0x9b4c36c60_5284, v0x9b4c36c60_5285, v0x9b4c36c60_5286;
v0x9b4c36c60_5287 .array/port v0x9b4c36c60, 5287;
v0x9b4c36c60_5288 .array/port v0x9b4c36c60, 5288;
v0x9b4c36c60_5289 .array/port v0x9b4c36c60, 5289;
v0x9b4c36c60_5290 .array/port v0x9b4c36c60, 5290;
E_0x9b50e6d80/1322 .event anyedge, v0x9b4c36c60_5287, v0x9b4c36c60_5288, v0x9b4c36c60_5289, v0x9b4c36c60_5290;
v0x9b4c36c60_5291 .array/port v0x9b4c36c60, 5291;
v0x9b4c36c60_5292 .array/port v0x9b4c36c60, 5292;
v0x9b4c36c60_5293 .array/port v0x9b4c36c60, 5293;
v0x9b4c36c60_5294 .array/port v0x9b4c36c60, 5294;
E_0x9b50e6d80/1323 .event anyedge, v0x9b4c36c60_5291, v0x9b4c36c60_5292, v0x9b4c36c60_5293, v0x9b4c36c60_5294;
v0x9b4c36c60_5295 .array/port v0x9b4c36c60, 5295;
v0x9b4c36c60_5296 .array/port v0x9b4c36c60, 5296;
v0x9b4c36c60_5297 .array/port v0x9b4c36c60, 5297;
v0x9b4c36c60_5298 .array/port v0x9b4c36c60, 5298;
E_0x9b50e6d80/1324 .event anyedge, v0x9b4c36c60_5295, v0x9b4c36c60_5296, v0x9b4c36c60_5297, v0x9b4c36c60_5298;
v0x9b4c36c60_5299 .array/port v0x9b4c36c60, 5299;
v0x9b4c36c60_5300 .array/port v0x9b4c36c60, 5300;
v0x9b4c36c60_5301 .array/port v0x9b4c36c60, 5301;
v0x9b4c36c60_5302 .array/port v0x9b4c36c60, 5302;
E_0x9b50e6d80/1325 .event anyedge, v0x9b4c36c60_5299, v0x9b4c36c60_5300, v0x9b4c36c60_5301, v0x9b4c36c60_5302;
v0x9b4c36c60_5303 .array/port v0x9b4c36c60, 5303;
v0x9b4c36c60_5304 .array/port v0x9b4c36c60, 5304;
v0x9b4c36c60_5305 .array/port v0x9b4c36c60, 5305;
v0x9b4c36c60_5306 .array/port v0x9b4c36c60, 5306;
E_0x9b50e6d80/1326 .event anyedge, v0x9b4c36c60_5303, v0x9b4c36c60_5304, v0x9b4c36c60_5305, v0x9b4c36c60_5306;
v0x9b4c36c60_5307 .array/port v0x9b4c36c60, 5307;
v0x9b4c36c60_5308 .array/port v0x9b4c36c60, 5308;
v0x9b4c36c60_5309 .array/port v0x9b4c36c60, 5309;
v0x9b4c36c60_5310 .array/port v0x9b4c36c60, 5310;
E_0x9b50e6d80/1327 .event anyedge, v0x9b4c36c60_5307, v0x9b4c36c60_5308, v0x9b4c36c60_5309, v0x9b4c36c60_5310;
v0x9b4c36c60_5311 .array/port v0x9b4c36c60, 5311;
v0x9b4c36c60_5312 .array/port v0x9b4c36c60, 5312;
v0x9b4c36c60_5313 .array/port v0x9b4c36c60, 5313;
v0x9b4c36c60_5314 .array/port v0x9b4c36c60, 5314;
E_0x9b50e6d80/1328 .event anyedge, v0x9b4c36c60_5311, v0x9b4c36c60_5312, v0x9b4c36c60_5313, v0x9b4c36c60_5314;
v0x9b4c36c60_5315 .array/port v0x9b4c36c60, 5315;
v0x9b4c36c60_5316 .array/port v0x9b4c36c60, 5316;
v0x9b4c36c60_5317 .array/port v0x9b4c36c60, 5317;
v0x9b4c36c60_5318 .array/port v0x9b4c36c60, 5318;
E_0x9b50e6d80/1329 .event anyedge, v0x9b4c36c60_5315, v0x9b4c36c60_5316, v0x9b4c36c60_5317, v0x9b4c36c60_5318;
v0x9b4c36c60_5319 .array/port v0x9b4c36c60, 5319;
v0x9b4c36c60_5320 .array/port v0x9b4c36c60, 5320;
v0x9b4c36c60_5321 .array/port v0x9b4c36c60, 5321;
v0x9b4c36c60_5322 .array/port v0x9b4c36c60, 5322;
E_0x9b50e6d80/1330 .event anyedge, v0x9b4c36c60_5319, v0x9b4c36c60_5320, v0x9b4c36c60_5321, v0x9b4c36c60_5322;
v0x9b4c36c60_5323 .array/port v0x9b4c36c60, 5323;
v0x9b4c36c60_5324 .array/port v0x9b4c36c60, 5324;
v0x9b4c36c60_5325 .array/port v0x9b4c36c60, 5325;
v0x9b4c36c60_5326 .array/port v0x9b4c36c60, 5326;
E_0x9b50e6d80/1331 .event anyedge, v0x9b4c36c60_5323, v0x9b4c36c60_5324, v0x9b4c36c60_5325, v0x9b4c36c60_5326;
v0x9b4c36c60_5327 .array/port v0x9b4c36c60, 5327;
v0x9b4c36c60_5328 .array/port v0x9b4c36c60, 5328;
v0x9b4c36c60_5329 .array/port v0x9b4c36c60, 5329;
v0x9b4c36c60_5330 .array/port v0x9b4c36c60, 5330;
E_0x9b50e6d80/1332 .event anyedge, v0x9b4c36c60_5327, v0x9b4c36c60_5328, v0x9b4c36c60_5329, v0x9b4c36c60_5330;
v0x9b4c36c60_5331 .array/port v0x9b4c36c60, 5331;
v0x9b4c36c60_5332 .array/port v0x9b4c36c60, 5332;
v0x9b4c36c60_5333 .array/port v0x9b4c36c60, 5333;
v0x9b4c36c60_5334 .array/port v0x9b4c36c60, 5334;
E_0x9b50e6d80/1333 .event anyedge, v0x9b4c36c60_5331, v0x9b4c36c60_5332, v0x9b4c36c60_5333, v0x9b4c36c60_5334;
v0x9b4c36c60_5335 .array/port v0x9b4c36c60, 5335;
v0x9b4c36c60_5336 .array/port v0x9b4c36c60, 5336;
v0x9b4c36c60_5337 .array/port v0x9b4c36c60, 5337;
v0x9b4c36c60_5338 .array/port v0x9b4c36c60, 5338;
E_0x9b50e6d80/1334 .event anyedge, v0x9b4c36c60_5335, v0x9b4c36c60_5336, v0x9b4c36c60_5337, v0x9b4c36c60_5338;
v0x9b4c36c60_5339 .array/port v0x9b4c36c60, 5339;
v0x9b4c36c60_5340 .array/port v0x9b4c36c60, 5340;
v0x9b4c36c60_5341 .array/port v0x9b4c36c60, 5341;
v0x9b4c36c60_5342 .array/port v0x9b4c36c60, 5342;
E_0x9b50e6d80/1335 .event anyedge, v0x9b4c36c60_5339, v0x9b4c36c60_5340, v0x9b4c36c60_5341, v0x9b4c36c60_5342;
v0x9b4c36c60_5343 .array/port v0x9b4c36c60, 5343;
v0x9b4c36c60_5344 .array/port v0x9b4c36c60, 5344;
v0x9b4c36c60_5345 .array/port v0x9b4c36c60, 5345;
v0x9b4c36c60_5346 .array/port v0x9b4c36c60, 5346;
E_0x9b50e6d80/1336 .event anyedge, v0x9b4c36c60_5343, v0x9b4c36c60_5344, v0x9b4c36c60_5345, v0x9b4c36c60_5346;
v0x9b4c36c60_5347 .array/port v0x9b4c36c60, 5347;
v0x9b4c36c60_5348 .array/port v0x9b4c36c60, 5348;
v0x9b4c36c60_5349 .array/port v0x9b4c36c60, 5349;
v0x9b4c36c60_5350 .array/port v0x9b4c36c60, 5350;
E_0x9b50e6d80/1337 .event anyedge, v0x9b4c36c60_5347, v0x9b4c36c60_5348, v0x9b4c36c60_5349, v0x9b4c36c60_5350;
v0x9b4c36c60_5351 .array/port v0x9b4c36c60, 5351;
v0x9b4c36c60_5352 .array/port v0x9b4c36c60, 5352;
v0x9b4c36c60_5353 .array/port v0x9b4c36c60, 5353;
v0x9b4c36c60_5354 .array/port v0x9b4c36c60, 5354;
E_0x9b50e6d80/1338 .event anyedge, v0x9b4c36c60_5351, v0x9b4c36c60_5352, v0x9b4c36c60_5353, v0x9b4c36c60_5354;
v0x9b4c36c60_5355 .array/port v0x9b4c36c60, 5355;
v0x9b4c36c60_5356 .array/port v0x9b4c36c60, 5356;
v0x9b4c36c60_5357 .array/port v0x9b4c36c60, 5357;
v0x9b4c36c60_5358 .array/port v0x9b4c36c60, 5358;
E_0x9b50e6d80/1339 .event anyedge, v0x9b4c36c60_5355, v0x9b4c36c60_5356, v0x9b4c36c60_5357, v0x9b4c36c60_5358;
v0x9b4c36c60_5359 .array/port v0x9b4c36c60, 5359;
v0x9b4c36c60_5360 .array/port v0x9b4c36c60, 5360;
v0x9b4c36c60_5361 .array/port v0x9b4c36c60, 5361;
v0x9b4c36c60_5362 .array/port v0x9b4c36c60, 5362;
E_0x9b50e6d80/1340 .event anyedge, v0x9b4c36c60_5359, v0x9b4c36c60_5360, v0x9b4c36c60_5361, v0x9b4c36c60_5362;
v0x9b4c36c60_5363 .array/port v0x9b4c36c60, 5363;
v0x9b4c36c60_5364 .array/port v0x9b4c36c60, 5364;
v0x9b4c36c60_5365 .array/port v0x9b4c36c60, 5365;
v0x9b4c36c60_5366 .array/port v0x9b4c36c60, 5366;
E_0x9b50e6d80/1341 .event anyedge, v0x9b4c36c60_5363, v0x9b4c36c60_5364, v0x9b4c36c60_5365, v0x9b4c36c60_5366;
v0x9b4c36c60_5367 .array/port v0x9b4c36c60, 5367;
v0x9b4c36c60_5368 .array/port v0x9b4c36c60, 5368;
v0x9b4c36c60_5369 .array/port v0x9b4c36c60, 5369;
v0x9b4c36c60_5370 .array/port v0x9b4c36c60, 5370;
E_0x9b50e6d80/1342 .event anyedge, v0x9b4c36c60_5367, v0x9b4c36c60_5368, v0x9b4c36c60_5369, v0x9b4c36c60_5370;
v0x9b4c36c60_5371 .array/port v0x9b4c36c60, 5371;
v0x9b4c36c60_5372 .array/port v0x9b4c36c60, 5372;
v0x9b4c36c60_5373 .array/port v0x9b4c36c60, 5373;
v0x9b4c36c60_5374 .array/port v0x9b4c36c60, 5374;
E_0x9b50e6d80/1343 .event anyedge, v0x9b4c36c60_5371, v0x9b4c36c60_5372, v0x9b4c36c60_5373, v0x9b4c36c60_5374;
v0x9b4c36c60_5375 .array/port v0x9b4c36c60, 5375;
v0x9b4c36c60_5376 .array/port v0x9b4c36c60, 5376;
v0x9b4c36c60_5377 .array/port v0x9b4c36c60, 5377;
v0x9b4c36c60_5378 .array/port v0x9b4c36c60, 5378;
E_0x9b50e6d80/1344 .event anyedge, v0x9b4c36c60_5375, v0x9b4c36c60_5376, v0x9b4c36c60_5377, v0x9b4c36c60_5378;
v0x9b4c36c60_5379 .array/port v0x9b4c36c60, 5379;
v0x9b4c36c60_5380 .array/port v0x9b4c36c60, 5380;
v0x9b4c36c60_5381 .array/port v0x9b4c36c60, 5381;
v0x9b4c36c60_5382 .array/port v0x9b4c36c60, 5382;
E_0x9b50e6d80/1345 .event anyedge, v0x9b4c36c60_5379, v0x9b4c36c60_5380, v0x9b4c36c60_5381, v0x9b4c36c60_5382;
v0x9b4c36c60_5383 .array/port v0x9b4c36c60, 5383;
v0x9b4c36c60_5384 .array/port v0x9b4c36c60, 5384;
v0x9b4c36c60_5385 .array/port v0x9b4c36c60, 5385;
v0x9b4c36c60_5386 .array/port v0x9b4c36c60, 5386;
E_0x9b50e6d80/1346 .event anyedge, v0x9b4c36c60_5383, v0x9b4c36c60_5384, v0x9b4c36c60_5385, v0x9b4c36c60_5386;
v0x9b4c36c60_5387 .array/port v0x9b4c36c60, 5387;
v0x9b4c36c60_5388 .array/port v0x9b4c36c60, 5388;
v0x9b4c36c60_5389 .array/port v0x9b4c36c60, 5389;
v0x9b4c36c60_5390 .array/port v0x9b4c36c60, 5390;
E_0x9b50e6d80/1347 .event anyedge, v0x9b4c36c60_5387, v0x9b4c36c60_5388, v0x9b4c36c60_5389, v0x9b4c36c60_5390;
v0x9b4c36c60_5391 .array/port v0x9b4c36c60, 5391;
v0x9b4c36c60_5392 .array/port v0x9b4c36c60, 5392;
v0x9b4c36c60_5393 .array/port v0x9b4c36c60, 5393;
v0x9b4c36c60_5394 .array/port v0x9b4c36c60, 5394;
E_0x9b50e6d80/1348 .event anyedge, v0x9b4c36c60_5391, v0x9b4c36c60_5392, v0x9b4c36c60_5393, v0x9b4c36c60_5394;
v0x9b4c36c60_5395 .array/port v0x9b4c36c60, 5395;
v0x9b4c36c60_5396 .array/port v0x9b4c36c60, 5396;
v0x9b4c36c60_5397 .array/port v0x9b4c36c60, 5397;
v0x9b4c36c60_5398 .array/port v0x9b4c36c60, 5398;
E_0x9b50e6d80/1349 .event anyedge, v0x9b4c36c60_5395, v0x9b4c36c60_5396, v0x9b4c36c60_5397, v0x9b4c36c60_5398;
v0x9b4c36c60_5399 .array/port v0x9b4c36c60, 5399;
v0x9b4c36c60_5400 .array/port v0x9b4c36c60, 5400;
v0x9b4c36c60_5401 .array/port v0x9b4c36c60, 5401;
v0x9b4c36c60_5402 .array/port v0x9b4c36c60, 5402;
E_0x9b50e6d80/1350 .event anyedge, v0x9b4c36c60_5399, v0x9b4c36c60_5400, v0x9b4c36c60_5401, v0x9b4c36c60_5402;
v0x9b4c36c60_5403 .array/port v0x9b4c36c60, 5403;
v0x9b4c36c60_5404 .array/port v0x9b4c36c60, 5404;
v0x9b4c36c60_5405 .array/port v0x9b4c36c60, 5405;
v0x9b4c36c60_5406 .array/port v0x9b4c36c60, 5406;
E_0x9b50e6d80/1351 .event anyedge, v0x9b4c36c60_5403, v0x9b4c36c60_5404, v0x9b4c36c60_5405, v0x9b4c36c60_5406;
v0x9b4c36c60_5407 .array/port v0x9b4c36c60, 5407;
v0x9b4c36c60_5408 .array/port v0x9b4c36c60, 5408;
v0x9b4c36c60_5409 .array/port v0x9b4c36c60, 5409;
v0x9b4c36c60_5410 .array/port v0x9b4c36c60, 5410;
E_0x9b50e6d80/1352 .event anyedge, v0x9b4c36c60_5407, v0x9b4c36c60_5408, v0x9b4c36c60_5409, v0x9b4c36c60_5410;
v0x9b4c36c60_5411 .array/port v0x9b4c36c60, 5411;
v0x9b4c36c60_5412 .array/port v0x9b4c36c60, 5412;
v0x9b4c36c60_5413 .array/port v0x9b4c36c60, 5413;
v0x9b4c36c60_5414 .array/port v0x9b4c36c60, 5414;
E_0x9b50e6d80/1353 .event anyedge, v0x9b4c36c60_5411, v0x9b4c36c60_5412, v0x9b4c36c60_5413, v0x9b4c36c60_5414;
v0x9b4c36c60_5415 .array/port v0x9b4c36c60, 5415;
v0x9b4c36c60_5416 .array/port v0x9b4c36c60, 5416;
v0x9b4c36c60_5417 .array/port v0x9b4c36c60, 5417;
v0x9b4c36c60_5418 .array/port v0x9b4c36c60, 5418;
E_0x9b50e6d80/1354 .event anyedge, v0x9b4c36c60_5415, v0x9b4c36c60_5416, v0x9b4c36c60_5417, v0x9b4c36c60_5418;
v0x9b4c36c60_5419 .array/port v0x9b4c36c60, 5419;
v0x9b4c36c60_5420 .array/port v0x9b4c36c60, 5420;
v0x9b4c36c60_5421 .array/port v0x9b4c36c60, 5421;
v0x9b4c36c60_5422 .array/port v0x9b4c36c60, 5422;
E_0x9b50e6d80/1355 .event anyedge, v0x9b4c36c60_5419, v0x9b4c36c60_5420, v0x9b4c36c60_5421, v0x9b4c36c60_5422;
v0x9b4c36c60_5423 .array/port v0x9b4c36c60, 5423;
v0x9b4c36c60_5424 .array/port v0x9b4c36c60, 5424;
v0x9b4c36c60_5425 .array/port v0x9b4c36c60, 5425;
v0x9b4c36c60_5426 .array/port v0x9b4c36c60, 5426;
E_0x9b50e6d80/1356 .event anyedge, v0x9b4c36c60_5423, v0x9b4c36c60_5424, v0x9b4c36c60_5425, v0x9b4c36c60_5426;
v0x9b4c36c60_5427 .array/port v0x9b4c36c60, 5427;
v0x9b4c36c60_5428 .array/port v0x9b4c36c60, 5428;
v0x9b4c36c60_5429 .array/port v0x9b4c36c60, 5429;
v0x9b4c36c60_5430 .array/port v0x9b4c36c60, 5430;
E_0x9b50e6d80/1357 .event anyedge, v0x9b4c36c60_5427, v0x9b4c36c60_5428, v0x9b4c36c60_5429, v0x9b4c36c60_5430;
v0x9b4c36c60_5431 .array/port v0x9b4c36c60, 5431;
v0x9b4c36c60_5432 .array/port v0x9b4c36c60, 5432;
v0x9b4c36c60_5433 .array/port v0x9b4c36c60, 5433;
v0x9b4c36c60_5434 .array/port v0x9b4c36c60, 5434;
E_0x9b50e6d80/1358 .event anyedge, v0x9b4c36c60_5431, v0x9b4c36c60_5432, v0x9b4c36c60_5433, v0x9b4c36c60_5434;
v0x9b4c36c60_5435 .array/port v0x9b4c36c60, 5435;
v0x9b4c36c60_5436 .array/port v0x9b4c36c60, 5436;
v0x9b4c36c60_5437 .array/port v0x9b4c36c60, 5437;
v0x9b4c36c60_5438 .array/port v0x9b4c36c60, 5438;
E_0x9b50e6d80/1359 .event anyedge, v0x9b4c36c60_5435, v0x9b4c36c60_5436, v0x9b4c36c60_5437, v0x9b4c36c60_5438;
v0x9b4c36c60_5439 .array/port v0x9b4c36c60, 5439;
v0x9b4c36c60_5440 .array/port v0x9b4c36c60, 5440;
v0x9b4c36c60_5441 .array/port v0x9b4c36c60, 5441;
v0x9b4c36c60_5442 .array/port v0x9b4c36c60, 5442;
E_0x9b50e6d80/1360 .event anyedge, v0x9b4c36c60_5439, v0x9b4c36c60_5440, v0x9b4c36c60_5441, v0x9b4c36c60_5442;
v0x9b4c36c60_5443 .array/port v0x9b4c36c60, 5443;
v0x9b4c36c60_5444 .array/port v0x9b4c36c60, 5444;
v0x9b4c36c60_5445 .array/port v0x9b4c36c60, 5445;
v0x9b4c36c60_5446 .array/port v0x9b4c36c60, 5446;
E_0x9b50e6d80/1361 .event anyedge, v0x9b4c36c60_5443, v0x9b4c36c60_5444, v0x9b4c36c60_5445, v0x9b4c36c60_5446;
v0x9b4c36c60_5447 .array/port v0x9b4c36c60, 5447;
v0x9b4c36c60_5448 .array/port v0x9b4c36c60, 5448;
v0x9b4c36c60_5449 .array/port v0x9b4c36c60, 5449;
v0x9b4c36c60_5450 .array/port v0x9b4c36c60, 5450;
E_0x9b50e6d80/1362 .event anyedge, v0x9b4c36c60_5447, v0x9b4c36c60_5448, v0x9b4c36c60_5449, v0x9b4c36c60_5450;
v0x9b4c36c60_5451 .array/port v0x9b4c36c60, 5451;
v0x9b4c36c60_5452 .array/port v0x9b4c36c60, 5452;
v0x9b4c36c60_5453 .array/port v0x9b4c36c60, 5453;
v0x9b4c36c60_5454 .array/port v0x9b4c36c60, 5454;
E_0x9b50e6d80/1363 .event anyedge, v0x9b4c36c60_5451, v0x9b4c36c60_5452, v0x9b4c36c60_5453, v0x9b4c36c60_5454;
v0x9b4c36c60_5455 .array/port v0x9b4c36c60, 5455;
v0x9b4c36c60_5456 .array/port v0x9b4c36c60, 5456;
v0x9b4c36c60_5457 .array/port v0x9b4c36c60, 5457;
v0x9b4c36c60_5458 .array/port v0x9b4c36c60, 5458;
E_0x9b50e6d80/1364 .event anyedge, v0x9b4c36c60_5455, v0x9b4c36c60_5456, v0x9b4c36c60_5457, v0x9b4c36c60_5458;
v0x9b4c36c60_5459 .array/port v0x9b4c36c60, 5459;
v0x9b4c36c60_5460 .array/port v0x9b4c36c60, 5460;
v0x9b4c36c60_5461 .array/port v0x9b4c36c60, 5461;
v0x9b4c36c60_5462 .array/port v0x9b4c36c60, 5462;
E_0x9b50e6d80/1365 .event anyedge, v0x9b4c36c60_5459, v0x9b4c36c60_5460, v0x9b4c36c60_5461, v0x9b4c36c60_5462;
v0x9b4c36c60_5463 .array/port v0x9b4c36c60, 5463;
v0x9b4c36c60_5464 .array/port v0x9b4c36c60, 5464;
v0x9b4c36c60_5465 .array/port v0x9b4c36c60, 5465;
v0x9b4c36c60_5466 .array/port v0x9b4c36c60, 5466;
E_0x9b50e6d80/1366 .event anyedge, v0x9b4c36c60_5463, v0x9b4c36c60_5464, v0x9b4c36c60_5465, v0x9b4c36c60_5466;
v0x9b4c36c60_5467 .array/port v0x9b4c36c60, 5467;
v0x9b4c36c60_5468 .array/port v0x9b4c36c60, 5468;
v0x9b4c36c60_5469 .array/port v0x9b4c36c60, 5469;
v0x9b4c36c60_5470 .array/port v0x9b4c36c60, 5470;
E_0x9b50e6d80/1367 .event anyedge, v0x9b4c36c60_5467, v0x9b4c36c60_5468, v0x9b4c36c60_5469, v0x9b4c36c60_5470;
v0x9b4c36c60_5471 .array/port v0x9b4c36c60, 5471;
v0x9b4c36c60_5472 .array/port v0x9b4c36c60, 5472;
v0x9b4c36c60_5473 .array/port v0x9b4c36c60, 5473;
v0x9b4c36c60_5474 .array/port v0x9b4c36c60, 5474;
E_0x9b50e6d80/1368 .event anyedge, v0x9b4c36c60_5471, v0x9b4c36c60_5472, v0x9b4c36c60_5473, v0x9b4c36c60_5474;
v0x9b4c36c60_5475 .array/port v0x9b4c36c60, 5475;
v0x9b4c36c60_5476 .array/port v0x9b4c36c60, 5476;
v0x9b4c36c60_5477 .array/port v0x9b4c36c60, 5477;
v0x9b4c36c60_5478 .array/port v0x9b4c36c60, 5478;
E_0x9b50e6d80/1369 .event anyedge, v0x9b4c36c60_5475, v0x9b4c36c60_5476, v0x9b4c36c60_5477, v0x9b4c36c60_5478;
v0x9b4c36c60_5479 .array/port v0x9b4c36c60, 5479;
v0x9b4c36c60_5480 .array/port v0x9b4c36c60, 5480;
v0x9b4c36c60_5481 .array/port v0x9b4c36c60, 5481;
v0x9b4c36c60_5482 .array/port v0x9b4c36c60, 5482;
E_0x9b50e6d80/1370 .event anyedge, v0x9b4c36c60_5479, v0x9b4c36c60_5480, v0x9b4c36c60_5481, v0x9b4c36c60_5482;
v0x9b4c36c60_5483 .array/port v0x9b4c36c60, 5483;
v0x9b4c36c60_5484 .array/port v0x9b4c36c60, 5484;
v0x9b4c36c60_5485 .array/port v0x9b4c36c60, 5485;
v0x9b4c36c60_5486 .array/port v0x9b4c36c60, 5486;
E_0x9b50e6d80/1371 .event anyedge, v0x9b4c36c60_5483, v0x9b4c36c60_5484, v0x9b4c36c60_5485, v0x9b4c36c60_5486;
v0x9b4c36c60_5487 .array/port v0x9b4c36c60, 5487;
v0x9b4c36c60_5488 .array/port v0x9b4c36c60, 5488;
v0x9b4c36c60_5489 .array/port v0x9b4c36c60, 5489;
v0x9b4c36c60_5490 .array/port v0x9b4c36c60, 5490;
E_0x9b50e6d80/1372 .event anyedge, v0x9b4c36c60_5487, v0x9b4c36c60_5488, v0x9b4c36c60_5489, v0x9b4c36c60_5490;
v0x9b4c36c60_5491 .array/port v0x9b4c36c60, 5491;
v0x9b4c36c60_5492 .array/port v0x9b4c36c60, 5492;
v0x9b4c36c60_5493 .array/port v0x9b4c36c60, 5493;
v0x9b4c36c60_5494 .array/port v0x9b4c36c60, 5494;
E_0x9b50e6d80/1373 .event anyedge, v0x9b4c36c60_5491, v0x9b4c36c60_5492, v0x9b4c36c60_5493, v0x9b4c36c60_5494;
v0x9b4c36c60_5495 .array/port v0x9b4c36c60, 5495;
v0x9b4c36c60_5496 .array/port v0x9b4c36c60, 5496;
v0x9b4c36c60_5497 .array/port v0x9b4c36c60, 5497;
v0x9b4c36c60_5498 .array/port v0x9b4c36c60, 5498;
E_0x9b50e6d80/1374 .event anyedge, v0x9b4c36c60_5495, v0x9b4c36c60_5496, v0x9b4c36c60_5497, v0x9b4c36c60_5498;
v0x9b4c36c60_5499 .array/port v0x9b4c36c60, 5499;
v0x9b4c36c60_5500 .array/port v0x9b4c36c60, 5500;
v0x9b4c36c60_5501 .array/port v0x9b4c36c60, 5501;
v0x9b4c36c60_5502 .array/port v0x9b4c36c60, 5502;
E_0x9b50e6d80/1375 .event anyedge, v0x9b4c36c60_5499, v0x9b4c36c60_5500, v0x9b4c36c60_5501, v0x9b4c36c60_5502;
v0x9b4c36c60_5503 .array/port v0x9b4c36c60, 5503;
v0x9b4c36c60_5504 .array/port v0x9b4c36c60, 5504;
v0x9b4c36c60_5505 .array/port v0x9b4c36c60, 5505;
v0x9b4c36c60_5506 .array/port v0x9b4c36c60, 5506;
E_0x9b50e6d80/1376 .event anyedge, v0x9b4c36c60_5503, v0x9b4c36c60_5504, v0x9b4c36c60_5505, v0x9b4c36c60_5506;
v0x9b4c36c60_5507 .array/port v0x9b4c36c60, 5507;
v0x9b4c36c60_5508 .array/port v0x9b4c36c60, 5508;
v0x9b4c36c60_5509 .array/port v0x9b4c36c60, 5509;
v0x9b4c36c60_5510 .array/port v0x9b4c36c60, 5510;
E_0x9b50e6d80/1377 .event anyedge, v0x9b4c36c60_5507, v0x9b4c36c60_5508, v0x9b4c36c60_5509, v0x9b4c36c60_5510;
v0x9b4c36c60_5511 .array/port v0x9b4c36c60, 5511;
v0x9b4c36c60_5512 .array/port v0x9b4c36c60, 5512;
v0x9b4c36c60_5513 .array/port v0x9b4c36c60, 5513;
v0x9b4c36c60_5514 .array/port v0x9b4c36c60, 5514;
E_0x9b50e6d80/1378 .event anyedge, v0x9b4c36c60_5511, v0x9b4c36c60_5512, v0x9b4c36c60_5513, v0x9b4c36c60_5514;
v0x9b4c36c60_5515 .array/port v0x9b4c36c60, 5515;
v0x9b4c36c60_5516 .array/port v0x9b4c36c60, 5516;
v0x9b4c36c60_5517 .array/port v0x9b4c36c60, 5517;
v0x9b4c36c60_5518 .array/port v0x9b4c36c60, 5518;
E_0x9b50e6d80/1379 .event anyedge, v0x9b4c36c60_5515, v0x9b4c36c60_5516, v0x9b4c36c60_5517, v0x9b4c36c60_5518;
v0x9b4c36c60_5519 .array/port v0x9b4c36c60, 5519;
v0x9b4c36c60_5520 .array/port v0x9b4c36c60, 5520;
v0x9b4c36c60_5521 .array/port v0x9b4c36c60, 5521;
v0x9b4c36c60_5522 .array/port v0x9b4c36c60, 5522;
E_0x9b50e6d80/1380 .event anyedge, v0x9b4c36c60_5519, v0x9b4c36c60_5520, v0x9b4c36c60_5521, v0x9b4c36c60_5522;
v0x9b4c36c60_5523 .array/port v0x9b4c36c60, 5523;
v0x9b4c36c60_5524 .array/port v0x9b4c36c60, 5524;
v0x9b4c36c60_5525 .array/port v0x9b4c36c60, 5525;
v0x9b4c36c60_5526 .array/port v0x9b4c36c60, 5526;
E_0x9b50e6d80/1381 .event anyedge, v0x9b4c36c60_5523, v0x9b4c36c60_5524, v0x9b4c36c60_5525, v0x9b4c36c60_5526;
v0x9b4c36c60_5527 .array/port v0x9b4c36c60, 5527;
v0x9b4c36c60_5528 .array/port v0x9b4c36c60, 5528;
v0x9b4c36c60_5529 .array/port v0x9b4c36c60, 5529;
v0x9b4c36c60_5530 .array/port v0x9b4c36c60, 5530;
E_0x9b50e6d80/1382 .event anyedge, v0x9b4c36c60_5527, v0x9b4c36c60_5528, v0x9b4c36c60_5529, v0x9b4c36c60_5530;
v0x9b4c36c60_5531 .array/port v0x9b4c36c60, 5531;
v0x9b4c36c60_5532 .array/port v0x9b4c36c60, 5532;
v0x9b4c36c60_5533 .array/port v0x9b4c36c60, 5533;
v0x9b4c36c60_5534 .array/port v0x9b4c36c60, 5534;
E_0x9b50e6d80/1383 .event anyedge, v0x9b4c36c60_5531, v0x9b4c36c60_5532, v0x9b4c36c60_5533, v0x9b4c36c60_5534;
v0x9b4c36c60_5535 .array/port v0x9b4c36c60, 5535;
v0x9b4c36c60_5536 .array/port v0x9b4c36c60, 5536;
v0x9b4c36c60_5537 .array/port v0x9b4c36c60, 5537;
v0x9b4c36c60_5538 .array/port v0x9b4c36c60, 5538;
E_0x9b50e6d80/1384 .event anyedge, v0x9b4c36c60_5535, v0x9b4c36c60_5536, v0x9b4c36c60_5537, v0x9b4c36c60_5538;
v0x9b4c36c60_5539 .array/port v0x9b4c36c60, 5539;
v0x9b4c36c60_5540 .array/port v0x9b4c36c60, 5540;
v0x9b4c36c60_5541 .array/port v0x9b4c36c60, 5541;
v0x9b4c36c60_5542 .array/port v0x9b4c36c60, 5542;
E_0x9b50e6d80/1385 .event anyedge, v0x9b4c36c60_5539, v0x9b4c36c60_5540, v0x9b4c36c60_5541, v0x9b4c36c60_5542;
v0x9b4c36c60_5543 .array/port v0x9b4c36c60, 5543;
v0x9b4c36c60_5544 .array/port v0x9b4c36c60, 5544;
v0x9b4c36c60_5545 .array/port v0x9b4c36c60, 5545;
v0x9b4c36c60_5546 .array/port v0x9b4c36c60, 5546;
E_0x9b50e6d80/1386 .event anyedge, v0x9b4c36c60_5543, v0x9b4c36c60_5544, v0x9b4c36c60_5545, v0x9b4c36c60_5546;
v0x9b4c36c60_5547 .array/port v0x9b4c36c60, 5547;
v0x9b4c36c60_5548 .array/port v0x9b4c36c60, 5548;
v0x9b4c36c60_5549 .array/port v0x9b4c36c60, 5549;
v0x9b4c36c60_5550 .array/port v0x9b4c36c60, 5550;
E_0x9b50e6d80/1387 .event anyedge, v0x9b4c36c60_5547, v0x9b4c36c60_5548, v0x9b4c36c60_5549, v0x9b4c36c60_5550;
v0x9b4c36c60_5551 .array/port v0x9b4c36c60, 5551;
v0x9b4c36c60_5552 .array/port v0x9b4c36c60, 5552;
v0x9b4c36c60_5553 .array/port v0x9b4c36c60, 5553;
v0x9b4c36c60_5554 .array/port v0x9b4c36c60, 5554;
E_0x9b50e6d80/1388 .event anyedge, v0x9b4c36c60_5551, v0x9b4c36c60_5552, v0x9b4c36c60_5553, v0x9b4c36c60_5554;
v0x9b4c36c60_5555 .array/port v0x9b4c36c60, 5555;
v0x9b4c36c60_5556 .array/port v0x9b4c36c60, 5556;
v0x9b4c36c60_5557 .array/port v0x9b4c36c60, 5557;
v0x9b4c36c60_5558 .array/port v0x9b4c36c60, 5558;
E_0x9b50e6d80/1389 .event anyedge, v0x9b4c36c60_5555, v0x9b4c36c60_5556, v0x9b4c36c60_5557, v0x9b4c36c60_5558;
v0x9b4c36c60_5559 .array/port v0x9b4c36c60, 5559;
v0x9b4c36c60_5560 .array/port v0x9b4c36c60, 5560;
v0x9b4c36c60_5561 .array/port v0x9b4c36c60, 5561;
v0x9b4c36c60_5562 .array/port v0x9b4c36c60, 5562;
E_0x9b50e6d80/1390 .event anyedge, v0x9b4c36c60_5559, v0x9b4c36c60_5560, v0x9b4c36c60_5561, v0x9b4c36c60_5562;
v0x9b4c36c60_5563 .array/port v0x9b4c36c60, 5563;
v0x9b4c36c60_5564 .array/port v0x9b4c36c60, 5564;
v0x9b4c36c60_5565 .array/port v0x9b4c36c60, 5565;
v0x9b4c36c60_5566 .array/port v0x9b4c36c60, 5566;
E_0x9b50e6d80/1391 .event anyedge, v0x9b4c36c60_5563, v0x9b4c36c60_5564, v0x9b4c36c60_5565, v0x9b4c36c60_5566;
v0x9b4c36c60_5567 .array/port v0x9b4c36c60, 5567;
v0x9b4c36c60_5568 .array/port v0x9b4c36c60, 5568;
v0x9b4c36c60_5569 .array/port v0x9b4c36c60, 5569;
v0x9b4c36c60_5570 .array/port v0x9b4c36c60, 5570;
E_0x9b50e6d80/1392 .event anyedge, v0x9b4c36c60_5567, v0x9b4c36c60_5568, v0x9b4c36c60_5569, v0x9b4c36c60_5570;
v0x9b4c36c60_5571 .array/port v0x9b4c36c60, 5571;
v0x9b4c36c60_5572 .array/port v0x9b4c36c60, 5572;
v0x9b4c36c60_5573 .array/port v0x9b4c36c60, 5573;
v0x9b4c36c60_5574 .array/port v0x9b4c36c60, 5574;
E_0x9b50e6d80/1393 .event anyedge, v0x9b4c36c60_5571, v0x9b4c36c60_5572, v0x9b4c36c60_5573, v0x9b4c36c60_5574;
v0x9b4c36c60_5575 .array/port v0x9b4c36c60, 5575;
v0x9b4c36c60_5576 .array/port v0x9b4c36c60, 5576;
v0x9b4c36c60_5577 .array/port v0x9b4c36c60, 5577;
v0x9b4c36c60_5578 .array/port v0x9b4c36c60, 5578;
E_0x9b50e6d80/1394 .event anyedge, v0x9b4c36c60_5575, v0x9b4c36c60_5576, v0x9b4c36c60_5577, v0x9b4c36c60_5578;
v0x9b4c36c60_5579 .array/port v0x9b4c36c60, 5579;
v0x9b4c36c60_5580 .array/port v0x9b4c36c60, 5580;
v0x9b4c36c60_5581 .array/port v0x9b4c36c60, 5581;
v0x9b4c36c60_5582 .array/port v0x9b4c36c60, 5582;
E_0x9b50e6d80/1395 .event anyedge, v0x9b4c36c60_5579, v0x9b4c36c60_5580, v0x9b4c36c60_5581, v0x9b4c36c60_5582;
v0x9b4c36c60_5583 .array/port v0x9b4c36c60, 5583;
v0x9b4c36c60_5584 .array/port v0x9b4c36c60, 5584;
v0x9b4c36c60_5585 .array/port v0x9b4c36c60, 5585;
v0x9b4c36c60_5586 .array/port v0x9b4c36c60, 5586;
E_0x9b50e6d80/1396 .event anyedge, v0x9b4c36c60_5583, v0x9b4c36c60_5584, v0x9b4c36c60_5585, v0x9b4c36c60_5586;
v0x9b4c36c60_5587 .array/port v0x9b4c36c60, 5587;
v0x9b4c36c60_5588 .array/port v0x9b4c36c60, 5588;
v0x9b4c36c60_5589 .array/port v0x9b4c36c60, 5589;
v0x9b4c36c60_5590 .array/port v0x9b4c36c60, 5590;
E_0x9b50e6d80/1397 .event anyedge, v0x9b4c36c60_5587, v0x9b4c36c60_5588, v0x9b4c36c60_5589, v0x9b4c36c60_5590;
v0x9b4c36c60_5591 .array/port v0x9b4c36c60, 5591;
v0x9b4c36c60_5592 .array/port v0x9b4c36c60, 5592;
v0x9b4c36c60_5593 .array/port v0x9b4c36c60, 5593;
v0x9b4c36c60_5594 .array/port v0x9b4c36c60, 5594;
E_0x9b50e6d80/1398 .event anyedge, v0x9b4c36c60_5591, v0x9b4c36c60_5592, v0x9b4c36c60_5593, v0x9b4c36c60_5594;
v0x9b4c36c60_5595 .array/port v0x9b4c36c60, 5595;
v0x9b4c36c60_5596 .array/port v0x9b4c36c60, 5596;
v0x9b4c36c60_5597 .array/port v0x9b4c36c60, 5597;
v0x9b4c36c60_5598 .array/port v0x9b4c36c60, 5598;
E_0x9b50e6d80/1399 .event anyedge, v0x9b4c36c60_5595, v0x9b4c36c60_5596, v0x9b4c36c60_5597, v0x9b4c36c60_5598;
v0x9b4c36c60_5599 .array/port v0x9b4c36c60, 5599;
v0x9b4c36c60_5600 .array/port v0x9b4c36c60, 5600;
v0x9b4c36c60_5601 .array/port v0x9b4c36c60, 5601;
v0x9b4c36c60_5602 .array/port v0x9b4c36c60, 5602;
E_0x9b50e6d80/1400 .event anyedge, v0x9b4c36c60_5599, v0x9b4c36c60_5600, v0x9b4c36c60_5601, v0x9b4c36c60_5602;
v0x9b4c36c60_5603 .array/port v0x9b4c36c60, 5603;
v0x9b4c36c60_5604 .array/port v0x9b4c36c60, 5604;
v0x9b4c36c60_5605 .array/port v0x9b4c36c60, 5605;
v0x9b4c36c60_5606 .array/port v0x9b4c36c60, 5606;
E_0x9b50e6d80/1401 .event anyedge, v0x9b4c36c60_5603, v0x9b4c36c60_5604, v0x9b4c36c60_5605, v0x9b4c36c60_5606;
v0x9b4c36c60_5607 .array/port v0x9b4c36c60, 5607;
v0x9b4c36c60_5608 .array/port v0x9b4c36c60, 5608;
v0x9b4c36c60_5609 .array/port v0x9b4c36c60, 5609;
v0x9b4c36c60_5610 .array/port v0x9b4c36c60, 5610;
E_0x9b50e6d80/1402 .event anyedge, v0x9b4c36c60_5607, v0x9b4c36c60_5608, v0x9b4c36c60_5609, v0x9b4c36c60_5610;
v0x9b4c36c60_5611 .array/port v0x9b4c36c60, 5611;
v0x9b4c36c60_5612 .array/port v0x9b4c36c60, 5612;
v0x9b4c36c60_5613 .array/port v0x9b4c36c60, 5613;
v0x9b4c36c60_5614 .array/port v0x9b4c36c60, 5614;
E_0x9b50e6d80/1403 .event anyedge, v0x9b4c36c60_5611, v0x9b4c36c60_5612, v0x9b4c36c60_5613, v0x9b4c36c60_5614;
v0x9b4c36c60_5615 .array/port v0x9b4c36c60, 5615;
v0x9b4c36c60_5616 .array/port v0x9b4c36c60, 5616;
v0x9b4c36c60_5617 .array/port v0x9b4c36c60, 5617;
v0x9b4c36c60_5618 .array/port v0x9b4c36c60, 5618;
E_0x9b50e6d80/1404 .event anyedge, v0x9b4c36c60_5615, v0x9b4c36c60_5616, v0x9b4c36c60_5617, v0x9b4c36c60_5618;
v0x9b4c36c60_5619 .array/port v0x9b4c36c60, 5619;
v0x9b4c36c60_5620 .array/port v0x9b4c36c60, 5620;
v0x9b4c36c60_5621 .array/port v0x9b4c36c60, 5621;
v0x9b4c36c60_5622 .array/port v0x9b4c36c60, 5622;
E_0x9b50e6d80/1405 .event anyedge, v0x9b4c36c60_5619, v0x9b4c36c60_5620, v0x9b4c36c60_5621, v0x9b4c36c60_5622;
v0x9b4c36c60_5623 .array/port v0x9b4c36c60, 5623;
v0x9b4c36c60_5624 .array/port v0x9b4c36c60, 5624;
v0x9b4c36c60_5625 .array/port v0x9b4c36c60, 5625;
v0x9b4c36c60_5626 .array/port v0x9b4c36c60, 5626;
E_0x9b50e6d80/1406 .event anyedge, v0x9b4c36c60_5623, v0x9b4c36c60_5624, v0x9b4c36c60_5625, v0x9b4c36c60_5626;
v0x9b4c36c60_5627 .array/port v0x9b4c36c60, 5627;
v0x9b4c36c60_5628 .array/port v0x9b4c36c60, 5628;
v0x9b4c36c60_5629 .array/port v0x9b4c36c60, 5629;
v0x9b4c36c60_5630 .array/port v0x9b4c36c60, 5630;
E_0x9b50e6d80/1407 .event anyedge, v0x9b4c36c60_5627, v0x9b4c36c60_5628, v0x9b4c36c60_5629, v0x9b4c36c60_5630;
v0x9b4c36c60_5631 .array/port v0x9b4c36c60, 5631;
v0x9b4c36c60_5632 .array/port v0x9b4c36c60, 5632;
v0x9b4c36c60_5633 .array/port v0x9b4c36c60, 5633;
v0x9b4c36c60_5634 .array/port v0x9b4c36c60, 5634;
E_0x9b50e6d80/1408 .event anyedge, v0x9b4c36c60_5631, v0x9b4c36c60_5632, v0x9b4c36c60_5633, v0x9b4c36c60_5634;
v0x9b4c36c60_5635 .array/port v0x9b4c36c60, 5635;
v0x9b4c36c60_5636 .array/port v0x9b4c36c60, 5636;
v0x9b4c36c60_5637 .array/port v0x9b4c36c60, 5637;
v0x9b4c36c60_5638 .array/port v0x9b4c36c60, 5638;
E_0x9b50e6d80/1409 .event anyedge, v0x9b4c36c60_5635, v0x9b4c36c60_5636, v0x9b4c36c60_5637, v0x9b4c36c60_5638;
v0x9b4c36c60_5639 .array/port v0x9b4c36c60, 5639;
v0x9b4c36c60_5640 .array/port v0x9b4c36c60, 5640;
v0x9b4c36c60_5641 .array/port v0x9b4c36c60, 5641;
v0x9b4c36c60_5642 .array/port v0x9b4c36c60, 5642;
E_0x9b50e6d80/1410 .event anyedge, v0x9b4c36c60_5639, v0x9b4c36c60_5640, v0x9b4c36c60_5641, v0x9b4c36c60_5642;
v0x9b4c36c60_5643 .array/port v0x9b4c36c60, 5643;
v0x9b4c36c60_5644 .array/port v0x9b4c36c60, 5644;
v0x9b4c36c60_5645 .array/port v0x9b4c36c60, 5645;
v0x9b4c36c60_5646 .array/port v0x9b4c36c60, 5646;
E_0x9b50e6d80/1411 .event anyedge, v0x9b4c36c60_5643, v0x9b4c36c60_5644, v0x9b4c36c60_5645, v0x9b4c36c60_5646;
v0x9b4c36c60_5647 .array/port v0x9b4c36c60, 5647;
v0x9b4c36c60_5648 .array/port v0x9b4c36c60, 5648;
v0x9b4c36c60_5649 .array/port v0x9b4c36c60, 5649;
v0x9b4c36c60_5650 .array/port v0x9b4c36c60, 5650;
E_0x9b50e6d80/1412 .event anyedge, v0x9b4c36c60_5647, v0x9b4c36c60_5648, v0x9b4c36c60_5649, v0x9b4c36c60_5650;
v0x9b4c36c60_5651 .array/port v0x9b4c36c60, 5651;
v0x9b4c36c60_5652 .array/port v0x9b4c36c60, 5652;
v0x9b4c36c60_5653 .array/port v0x9b4c36c60, 5653;
v0x9b4c36c60_5654 .array/port v0x9b4c36c60, 5654;
E_0x9b50e6d80/1413 .event anyedge, v0x9b4c36c60_5651, v0x9b4c36c60_5652, v0x9b4c36c60_5653, v0x9b4c36c60_5654;
v0x9b4c36c60_5655 .array/port v0x9b4c36c60, 5655;
v0x9b4c36c60_5656 .array/port v0x9b4c36c60, 5656;
v0x9b4c36c60_5657 .array/port v0x9b4c36c60, 5657;
v0x9b4c36c60_5658 .array/port v0x9b4c36c60, 5658;
E_0x9b50e6d80/1414 .event anyedge, v0x9b4c36c60_5655, v0x9b4c36c60_5656, v0x9b4c36c60_5657, v0x9b4c36c60_5658;
v0x9b4c36c60_5659 .array/port v0x9b4c36c60, 5659;
v0x9b4c36c60_5660 .array/port v0x9b4c36c60, 5660;
v0x9b4c36c60_5661 .array/port v0x9b4c36c60, 5661;
v0x9b4c36c60_5662 .array/port v0x9b4c36c60, 5662;
E_0x9b50e6d80/1415 .event anyedge, v0x9b4c36c60_5659, v0x9b4c36c60_5660, v0x9b4c36c60_5661, v0x9b4c36c60_5662;
v0x9b4c36c60_5663 .array/port v0x9b4c36c60, 5663;
v0x9b4c36c60_5664 .array/port v0x9b4c36c60, 5664;
v0x9b4c36c60_5665 .array/port v0x9b4c36c60, 5665;
v0x9b4c36c60_5666 .array/port v0x9b4c36c60, 5666;
E_0x9b50e6d80/1416 .event anyedge, v0x9b4c36c60_5663, v0x9b4c36c60_5664, v0x9b4c36c60_5665, v0x9b4c36c60_5666;
v0x9b4c36c60_5667 .array/port v0x9b4c36c60, 5667;
v0x9b4c36c60_5668 .array/port v0x9b4c36c60, 5668;
v0x9b4c36c60_5669 .array/port v0x9b4c36c60, 5669;
v0x9b4c36c60_5670 .array/port v0x9b4c36c60, 5670;
E_0x9b50e6d80/1417 .event anyedge, v0x9b4c36c60_5667, v0x9b4c36c60_5668, v0x9b4c36c60_5669, v0x9b4c36c60_5670;
v0x9b4c36c60_5671 .array/port v0x9b4c36c60, 5671;
v0x9b4c36c60_5672 .array/port v0x9b4c36c60, 5672;
v0x9b4c36c60_5673 .array/port v0x9b4c36c60, 5673;
v0x9b4c36c60_5674 .array/port v0x9b4c36c60, 5674;
E_0x9b50e6d80/1418 .event anyedge, v0x9b4c36c60_5671, v0x9b4c36c60_5672, v0x9b4c36c60_5673, v0x9b4c36c60_5674;
v0x9b4c36c60_5675 .array/port v0x9b4c36c60, 5675;
v0x9b4c36c60_5676 .array/port v0x9b4c36c60, 5676;
v0x9b4c36c60_5677 .array/port v0x9b4c36c60, 5677;
v0x9b4c36c60_5678 .array/port v0x9b4c36c60, 5678;
E_0x9b50e6d80/1419 .event anyedge, v0x9b4c36c60_5675, v0x9b4c36c60_5676, v0x9b4c36c60_5677, v0x9b4c36c60_5678;
v0x9b4c36c60_5679 .array/port v0x9b4c36c60, 5679;
v0x9b4c36c60_5680 .array/port v0x9b4c36c60, 5680;
v0x9b4c36c60_5681 .array/port v0x9b4c36c60, 5681;
v0x9b4c36c60_5682 .array/port v0x9b4c36c60, 5682;
E_0x9b50e6d80/1420 .event anyedge, v0x9b4c36c60_5679, v0x9b4c36c60_5680, v0x9b4c36c60_5681, v0x9b4c36c60_5682;
v0x9b4c36c60_5683 .array/port v0x9b4c36c60, 5683;
v0x9b4c36c60_5684 .array/port v0x9b4c36c60, 5684;
v0x9b4c36c60_5685 .array/port v0x9b4c36c60, 5685;
v0x9b4c36c60_5686 .array/port v0x9b4c36c60, 5686;
E_0x9b50e6d80/1421 .event anyedge, v0x9b4c36c60_5683, v0x9b4c36c60_5684, v0x9b4c36c60_5685, v0x9b4c36c60_5686;
v0x9b4c36c60_5687 .array/port v0x9b4c36c60, 5687;
v0x9b4c36c60_5688 .array/port v0x9b4c36c60, 5688;
v0x9b4c36c60_5689 .array/port v0x9b4c36c60, 5689;
v0x9b4c36c60_5690 .array/port v0x9b4c36c60, 5690;
E_0x9b50e6d80/1422 .event anyedge, v0x9b4c36c60_5687, v0x9b4c36c60_5688, v0x9b4c36c60_5689, v0x9b4c36c60_5690;
v0x9b4c36c60_5691 .array/port v0x9b4c36c60, 5691;
v0x9b4c36c60_5692 .array/port v0x9b4c36c60, 5692;
v0x9b4c36c60_5693 .array/port v0x9b4c36c60, 5693;
v0x9b4c36c60_5694 .array/port v0x9b4c36c60, 5694;
E_0x9b50e6d80/1423 .event anyedge, v0x9b4c36c60_5691, v0x9b4c36c60_5692, v0x9b4c36c60_5693, v0x9b4c36c60_5694;
v0x9b4c36c60_5695 .array/port v0x9b4c36c60, 5695;
v0x9b4c36c60_5696 .array/port v0x9b4c36c60, 5696;
v0x9b4c36c60_5697 .array/port v0x9b4c36c60, 5697;
v0x9b4c36c60_5698 .array/port v0x9b4c36c60, 5698;
E_0x9b50e6d80/1424 .event anyedge, v0x9b4c36c60_5695, v0x9b4c36c60_5696, v0x9b4c36c60_5697, v0x9b4c36c60_5698;
v0x9b4c36c60_5699 .array/port v0x9b4c36c60, 5699;
v0x9b4c36c60_5700 .array/port v0x9b4c36c60, 5700;
v0x9b4c36c60_5701 .array/port v0x9b4c36c60, 5701;
v0x9b4c36c60_5702 .array/port v0x9b4c36c60, 5702;
E_0x9b50e6d80/1425 .event anyedge, v0x9b4c36c60_5699, v0x9b4c36c60_5700, v0x9b4c36c60_5701, v0x9b4c36c60_5702;
v0x9b4c36c60_5703 .array/port v0x9b4c36c60, 5703;
v0x9b4c36c60_5704 .array/port v0x9b4c36c60, 5704;
v0x9b4c36c60_5705 .array/port v0x9b4c36c60, 5705;
v0x9b4c36c60_5706 .array/port v0x9b4c36c60, 5706;
E_0x9b50e6d80/1426 .event anyedge, v0x9b4c36c60_5703, v0x9b4c36c60_5704, v0x9b4c36c60_5705, v0x9b4c36c60_5706;
v0x9b4c36c60_5707 .array/port v0x9b4c36c60, 5707;
v0x9b4c36c60_5708 .array/port v0x9b4c36c60, 5708;
v0x9b4c36c60_5709 .array/port v0x9b4c36c60, 5709;
v0x9b4c36c60_5710 .array/port v0x9b4c36c60, 5710;
E_0x9b50e6d80/1427 .event anyedge, v0x9b4c36c60_5707, v0x9b4c36c60_5708, v0x9b4c36c60_5709, v0x9b4c36c60_5710;
v0x9b4c36c60_5711 .array/port v0x9b4c36c60, 5711;
v0x9b4c36c60_5712 .array/port v0x9b4c36c60, 5712;
v0x9b4c36c60_5713 .array/port v0x9b4c36c60, 5713;
v0x9b4c36c60_5714 .array/port v0x9b4c36c60, 5714;
E_0x9b50e6d80/1428 .event anyedge, v0x9b4c36c60_5711, v0x9b4c36c60_5712, v0x9b4c36c60_5713, v0x9b4c36c60_5714;
v0x9b4c36c60_5715 .array/port v0x9b4c36c60, 5715;
v0x9b4c36c60_5716 .array/port v0x9b4c36c60, 5716;
v0x9b4c36c60_5717 .array/port v0x9b4c36c60, 5717;
v0x9b4c36c60_5718 .array/port v0x9b4c36c60, 5718;
E_0x9b50e6d80/1429 .event anyedge, v0x9b4c36c60_5715, v0x9b4c36c60_5716, v0x9b4c36c60_5717, v0x9b4c36c60_5718;
v0x9b4c36c60_5719 .array/port v0x9b4c36c60, 5719;
v0x9b4c36c60_5720 .array/port v0x9b4c36c60, 5720;
v0x9b4c36c60_5721 .array/port v0x9b4c36c60, 5721;
v0x9b4c36c60_5722 .array/port v0x9b4c36c60, 5722;
E_0x9b50e6d80/1430 .event anyedge, v0x9b4c36c60_5719, v0x9b4c36c60_5720, v0x9b4c36c60_5721, v0x9b4c36c60_5722;
v0x9b4c36c60_5723 .array/port v0x9b4c36c60, 5723;
v0x9b4c36c60_5724 .array/port v0x9b4c36c60, 5724;
v0x9b4c36c60_5725 .array/port v0x9b4c36c60, 5725;
v0x9b4c36c60_5726 .array/port v0x9b4c36c60, 5726;
E_0x9b50e6d80/1431 .event anyedge, v0x9b4c36c60_5723, v0x9b4c36c60_5724, v0x9b4c36c60_5725, v0x9b4c36c60_5726;
v0x9b4c36c60_5727 .array/port v0x9b4c36c60, 5727;
v0x9b4c36c60_5728 .array/port v0x9b4c36c60, 5728;
v0x9b4c36c60_5729 .array/port v0x9b4c36c60, 5729;
v0x9b4c36c60_5730 .array/port v0x9b4c36c60, 5730;
E_0x9b50e6d80/1432 .event anyedge, v0x9b4c36c60_5727, v0x9b4c36c60_5728, v0x9b4c36c60_5729, v0x9b4c36c60_5730;
v0x9b4c36c60_5731 .array/port v0x9b4c36c60, 5731;
v0x9b4c36c60_5732 .array/port v0x9b4c36c60, 5732;
v0x9b4c36c60_5733 .array/port v0x9b4c36c60, 5733;
v0x9b4c36c60_5734 .array/port v0x9b4c36c60, 5734;
E_0x9b50e6d80/1433 .event anyedge, v0x9b4c36c60_5731, v0x9b4c36c60_5732, v0x9b4c36c60_5733, v0x9b4c36c60_5734;
v0x9b4c36c60_5735 .array/port v0x9b4c36c60, 5735;
v0x9b4c36c60_5736 .array/port v0x9b4c36c60, 5736;
v0x9b4c36c60_5737 .array/port v0x9b4c36c60, 5737;
v0x9b4c36c60_5738 .array/port v0x9b4c36c60, 5738;
E_0x9b50e6d80/1434 .event anyedge, v0x9b4c36c60_5735, v0x9b4c36c60_5736, v0x9b4c36c60_5737, v0x9b4c36c60_5738;
v0x9b4c36c60_5739 .array/port v0x9b4c36c60, 5739;
v0x9b4c36c60_5740 .array/port v0x9b4c36c60, 5740;
v0x9b4c36c60_5741 .array/port v0x9b4c36c60, 5741;
v0x9b4c36c60_5742 .array/port v0x9b4c36c60, 5742;
E_0x9b50e6d80/1435 .event anyedge, v0x9b4c36c60_5739, v0x9b4c36c60_5740, v0x9b4c36c60_5741, v0x9b4c36c60_5742;
v0x9b4c36c60_5743 .array/port v0x9b4c36c60, 5743;
v0x9b4c36c60_5744 .array/port v0x9b4c36c60, 5744;
v0x9b4c36c60_5745 .array/port v0x9b4c36c60, 5745;
v0x9b4c36c60_5746 .array/port v0x9b4c36c60, 5746;
E_0x9b50e6d80/1436 .event anyedge, v0x9b4c36c60_5743, v0x9b4c36c60_5744, v0x9b4c36c60_5745, v0x9b4c36c60_5746;
v0x9b4c36c60_5747 .array/port v0x9b4c36c60, 5747;
v0x9b4c36c60_5748 .array/port v0x9b4c36c60, 5748;
v0x9b4c36c60_5749 .array/port v0x9b4c36c60, 5749;
v0x9b4c36c60_5750 .array/port v0x9b4c36c60, 5750;
E_0x9b50e6d80/1437 .event anyedge, v0x9b4c36c60_5747, v0x9b4c36c60_5748, v0x9b4c36c60_5749, v0x9b4c36c60_5750;
v0x9b4c36c60_5751 .array/port v0x9b4c36c60, 5751;
v0x9b4c36c60_5752 .array/port v0x9b4c36c60, 5752;
v0x9b4c36c60_5753 .array/port v0x9b4c36c60, 5753;
v0x9b4c36c60_5754 .array/port v0x9b4c36c60, 5754;
E_0x9b50e6d80/1438 .event anyedge, v0x9b4c36c60_5751, v0x9b4c36c60_5752, v0x9b4c36c60_5753, v0x9b4c36c60_5754;
v0x9b4c36c60_5755 .array/port v0x9b4c36c60, 5755;
v0x9b4c36c60_5756 .array/port v0x9b4c36c60, 5756;
v0x9b4c36c60_5757 .array/port v0x9b4c36c60, 5757;
v0x9b4c36c60_5758 .array/port v0x9b4c36c60, 5758;
E_0x9b50e6d80/1439 .event anyedge, v0x9b4c36c60_5755, v0x9b4c36c60_5756, v0x9b4c36c60_5757, v0x9b4c36c60_5758;
v0x9b4c36c60_5759 .array/port v0x9b4c36c60, 5759;
v0x9b4c36c60_5760 .array/port v0x9b4c36c60, 5760;
v0x9b4c36c60_5761 .array/port v0x9b4c36c60, 5761;
v0x9b4c36c60_5762 .array/port v0x9b4c36c60, 5762;
E_0x9b50e6d80/1440 .event anyedge, v0x9b4c36c60_5759, v0x9b4c36c60_5760, v0x9b4c36c60_5761, v0x9b4c36c60_5762;
v0x9b4c36c60_5763 .array/port v0x9b4c36c60, 5763;
v0x9b4c36c60_5764 .array/port v0x9b4c36c60, 5764;
v0x9b4c36c60_5765 .array/port v0x9b4c36c60, 5765;
v0x9b4c36c60_5766 .array/port v0x9b4c36c60, 5766;
E_0x9b50e6d80/1441 .event anyedge, v0x9b4c36c60_5763, v0x9b4c36c60_5764, v0x9b4c36c60_5765, v0x9b4c36c60_5766;
v0x9b4c36c60_5767 .array/port v0x9b4c36c60, 5767;
v0x9b4c36c60_5768 .array/port v0x9b4c36c60, 5768;
v0x9b4c36c60_5769 .array/port v0x9b4c36c60, 5769;
v0x9b4c36c60_5770 .array/port v0x9b4c36c60, 5770;
E_0x9b50e6d80/1442 .event anyedge, v0x9b4c36c60_5767, v0x9b4c36c60_5768, v0x9b4c36c60_5769, v0x9b4c36c60_5770;
v0x9b4c36c60_5771 .array/port v0x9b4c36c60, 5771;
v0x9b4c36c60_5772 .array/port v0x9b4c36c60, 5772;
v0x9b4c36c60_5773 .array/port v0x9b4c36c60, 5773;
v0x9b4c36c60_5774 .array/port v0x9b4c36c60, 5774;
E_0x9b50e6d80/1443 .event anyedge, v0x9b4c36c60_5771, v0x9b4c36c60_5772, v0x9b4c36c60_5773, v0x9b4c36c60_5774;
v0x9b4c36c60_5775 .array/port v0x9b4c36c60, 5775;
v0x9b4c36c60_5776 .array/port v0x9b4c36c60, 5776;
v0x9b4c36c60_5777 .array/port v0x9b4c36c60, 5777;
v0x9b4c36c60_5778 .array/port v0x9b4c36c60, 5778;
E_0x9b50e6d80/1444 .event anyedge, v0x9b4c36c60_5775, v0x9b4c36c60_5776, v0x9b4c36c60_5777, v0x9b4c36c60_5778;
v0x9b4c36c60_5779 .array/port v0x9b4c36c60, 5779;
v0x9b4c36c60_5780 .array/port v0x9b4c36c60, 5780;
v0x9b4c36c60_5781 .array/port v0x9b4c36c60, 5781;
v0x9b4c36c60_5782 .array/port v0x9b4c36c60, 5782;
E_0x9b50e6d80/1445 .event anyedge, v0x9b4c36c60_5779, v0x9b4c36c60_5780, v0x9b4c36c60_5781, v0x9b4c36c60_5782;
v0x9b4c36c60_5783 .array/port v0x9b4c36c60, 5783;
v0x9b4c36c60_5784 .array/port v0x9b4c36c60, 5784;
v0x9b4c36c60_5785 .array/port v0x9b4c36c60, 5785;
v0x9b4c36c60_5786 .array/port v0x9b4c36c60, 5786;
E_0x9b50e6d80/1446 .event anyedge, v0x9b4c36c60_5783, v0x9b4c36c60_5784, v0x9b4c36c60_5785, v0x9b4c36c60_5786;
v0x9b4c36c60_5787 .array/port v0x9b4c36c60, 5787;
v0x9b4c36c60_5788 .array/port v0x9b4c36c60, 5788;
v0x9b4c36c60_5789 .array/port v0x9b4c36c60, 5789;
v0x9b4c36c60_5790 .array/port v0x9b4c36c60, 5790;
E_0x9b50e6d80/1447 .event anyedge, v0x9b4c36c60_5787, v0x9b4c36c60_5788, v0x9b4c36c60_5789, v0x9b4c36c60_5790;
v0x9b4c36c60_5791 .array/port v0x9b4c36c60, 5791;
v0x9b4c36c60_5792 .array/port v0x9b4c36c60, 5792;
v0x9b4c36c60_5793 .array/port v0x9b4c36c60, 5793;
v0x9b4c36c60_5794 .array/port v0x9b4c36c60, 5794;
E_0x9b50e6d80/1448 .event anyedge, v0x9b4c36c60_5791, v0x9b4c36c60_5792, v0x9b4c36c60_5793, v0x9b4c36c60_5794;
v0x9b4c36c60_5795 .array/port v0x9b4c36c60, 5795;
v0x9b4c36c60_5796 .array/port v0x9b4c36c60, 5796;
v0x9b4c36c60_5797 .array/port v0x9b4c36c60, 5797;
v0x9b4c36c60_5798 .array/port v0x9b4c36c60, 5798;
E_0x9b50e6d80/1449 .event anyedge, v0x9b4c36c60_5795, v0x9b4c36c60_5796, v0x9b4c36c60_5797, v0x9b4c36c60_5798;
v0x9b4c36c60_5799 .array/port v0x9b4c36c60, 5799;
v0x9b4c36c60_5800 .array/port v0x9b4c36c60, 5800;
v0x9b4c36c60_5801 .array/port v0x9b4c36c60, 5801;
v0x9b4c36c60_5802 .array/port v0x9b4c36c60, 5802;
E_0x9b50e6d80/1450 .event anyedge, v0x9b4c36c60_5799, v0x9b4c36c60_5800, v0x9b4c36c60_5801, v0x9b4c36c60_5802;
v0x9b4c36c60_5803 .array/port v0x9b4c36c60, 5803;
v0x9b4c36c60_5804 .array/port v0x9b4c36c60, 5804;
v0x9b4c36c60_5805 .array/port v0x9b4c36c60, 5805;
v0x9b4c36c60_5806 .array/port v0x9b4c36c60, 5806;
E_0x9b50e6d80/1451 .event anyedge, v0x9b4c36c60_5803, v0x9b4c36c60_5804, v0x9b4c36c60_5805, v0x9b4c36c60_5806;
v0x9b4c36c60_5807 .array/port v0x9b4c36c60, 5807;
v0x9b4c36c60_5808 .array/port v0x9b4c36c60, 5808;
v0x9b4c36c60_5809 .array/port v0x9b4c36c60, 5809;
v0x9b4c36c60_5810 .array/port v0x9b4c36c60, 5810;
E_0x9b50e6d80/1452 .event anyedge, v0x9b4c36c60_5807, v0x9b4c36c60_5808, v0x9b4c36c60_5809, v0x9b4c36c60_5810;
v0x9b4c36c60_5811 .array/port v0x9b4c36c60, 5811;
v0x9b4c36c60_5812 .array/port v0x9b4c36c60, 5812;
v0x9b4c36c60_5813 .array/port v0x9b4c36c60, 5813;
v0x9b4c36c60_5814 .array/port v0x9b4c36c60, 5814;
E_0x9b50e6d80/1453 .event anyedge, v0x9b4c36c60_5811, v0x9b4c36c60_5812, v0x9b4c36c60_5813, v0x9b4c36c60_5814;
v0x9b4c36c60_5815 .array/port v0x9b4c36c60, 5815;
v0x9b4c36c60_5816 .array/port v0x9b4c36c60, 5816;
v0x9b4c36c60_5817 .array/port v0x9b4c36c60, 5817;
v0x9b4c36c60_5818 .array/port v0x9b4c36c60, 5818;
E_0x9b50e6d80/1454 .event anyedge, v0x9b4c36c60_5815, v0x9b4c36c60_5816, v0x9b4c36c60_5817, v0x9b4c36c60_5818;
v0x9b4c36c60_5819 .array/port v0x9b4c36c60, 5819;
v0x9b4c36c60_5820 .array/port v0x9b4c36c60, 5820;
v0x9b4c36c60_5821 .array/port v0x9b4c36c60, 5821;
v0x9b4c36c60_5822 .array/port v0x9b4c36c60, 5822;
E_0x9b50e6d80/1455 .event anyedge, v0x9b4c36c60_5819, v0x9b4c36c60_5820, v0x9b4c36c60_5821, v0x9b4c36c60_5822;
v0x9b4c36c60_5823 .array/port v0x9b4c36c60, 5823;
v0x9b4c36c60_5824 .array/port v0x9b4c36c60, 5824;
v0x9b4c36c60_5825 .array/port v0x9b4c36c60, 5825;
v0x9b4c36c60_5826 .array/port v0x9b4c36c60, 5826;
E_0x9b50e6d80/1456 .event anyedge, v0x9b4c36c60_5823, v0x9b4c36c60_5824, v0x9b4c36c60_5825, v0x9b4c36c60_5826;
v0x9b4c36c60_5827 .array/port v0x9b4c36c60, 5827;
v0x9b4c36c60_5828 .array/port v0x9b4c36c60, 5828;
v0x9b4c36c60_5829 .array/port v0x9b4c36c60, 5829;
v0x9b4c36c60_5830 .array/port v0x9b4c36c60, 5830;
E_0x9b50e6d80/1457 .event anyedge, v0x9b4c36c60_5827, v0x9b4c36c60_5828, v0x9b4c36c60_5829, v0x9b4c36c60_5830;
v0x9b4c36c60_5831 .array/port v0x9b4c36c60, 5831;
v0x9b4c36c60_5832 .array/port v0x9b4c36c60, 5832;
v0x9b4c36c60_5833 .array/port v0x9b4c36c60, 5833;
v0x9b4c36c60_5834 .array/port v0x9b4c36c60, 5834;
E_0x9b50e6d80/1458 .event anyedge, v0x9b4c36c60_5831, v0x9b4c36c60_5832, v0x9b4c36c60_5833, v0x9b4c36c60_5834;
v0x9b4c36c60_5835 .array/port v0x9b4c36c60, 5835;
v0x9b4c36c60_5836 .array/port v0x9b4c36c60, 5836;
v0x9b4c36c60_5837 .array/port v0x9b4c36c60, 5837;
v0x9b4c36c60_5838 .array/port v0x9b4c36c60, 5838;
E_0x9b50e6d80/1459 .event anyedge, v0x9b4c36c60_5835, v0x9b4c36c60_5836, v0x9b4c36c60_5837, v0x9b4c36c60_5838;
v0x9b4c36c60_5839 .array/port v0x9b4c36c60, 5839;
v0x9b4c36c60_5840 .array/port v0x9b4c36c60, 5840;
v0x9b4c36c60_5841 .array/port v0x9b4c36c60, 5841;
v0x9b4c36c60_5842 .array/port v0x9b4c36c60, 5842;
E_0x9b50e6d80/1460 .event anyedge, v0x9b4c36c60_5839, v0x9b4c36c60_5840, v0x9b4c36c60_5841, v0x9b4c36c60_5842;
v0x9b4c36c60_5843 .array/port v0x9b4c36c60, 5843;
v0x9b4c36c60_5844 .array/port v0x9b4c36c60, 5844;
v0x9b4c36c60_5845 .array/port v0x9b4c36c60, 5845;
v0x9b4c36c60_5846 .array/port v0x9b4c36c60, 5846;
E_0x9b50e6d80/1461 .event anyedge, v0x9b4c36c60_5843, v0x9b4c36c60_5844, v0x9b4c36c60_5845, v0x9b4c36c60_5846;
v0x9b4c36c60_5847 .array/port v0x9b4c36c60, 5847;
v0x9b4c36c60_5848 .array/port v0x9b4c36c60, 5848;
v0x9b4c36c60_5849 .array/port v0x9b4c36c60, 5849;
v0x9b4c36c60_5850 .array/port v0x9b4c36c60, 5850;
E_0x9b50e6d80/1462 .event anyedge, v0x9b4c36c60_5847, v0x9b4c36c60_5848, v0x9b4c36c60_5849, v0x9b4c36c60_5850;
v0x9b4c36c60_5851 .array/port v0x9b4c36c60, 5851;
v0x9b4c36c60_5852 .array/port v0x9b4c36c60, 5852;
v0x9b4c36c60_5853 .array/port v0x9b4c36c60, 5853;
v0x9b4c36c60_5854 .array/port v0x9b4c36c60, 5854;
E_0x9b50e6d80/1463 .event anyedge, v0x9b4c36c60_5851, v0x9b4c36c60_5852, v0x9b4c36c60_5853, v0x9b4c36c60_5854;
v0x9b4c36c60_5855 .array/port v0x9b4c36c60, 5855;
v0x9b4c36c60_5856 .array/port v0x9b4c36c60, 5856;
v0x9b4c36c60_5857 .array/port v0x9b4c36c60, 5857;
v0x9b4c36c60_5858 .array/port v0x9b4c36c60, 5858;
E_0x9b50e6d80/1464 .event anyedge, v0x9b4c36c60_5855, v0x9b4c36c60_5856, v0x9b4c36c60_5857, v0x9b4c36c60_5858;
v0x9b4c36c60_5859 .array/port v0x9b4c36c60, 5859;
v0x9b4c36c60_5860 .array/port v0x9b4c36c60, 5860;
v0x9b4c36c60_5861 .array/port v0x9b4c36c60, 5861;
v0x9b4c36c60_5862 .array/port v0x9b4c36c60, 5862;
E_0x9b50e6d80/1465 .event anyedge, v0x9b4c36c60_5859, v0x9b4c36c60_5860, v0x9b4c36c60_5861, v0x9b4c36c60_5862;
v0x9b4c36c60_5863 .array/port v0x9b4c36c60, 5863;
v0x9b4c36c60_5864 .array/port v0x9b4c36c60, 5864;
v0x9b4c36c60_5865 .array/port v0x9b4c36c60, 5865;
v0x9b4c36c60_5866 .array/port v0x9b4c36c60, 5866;
E_0x9b50e6d80/1466 .event anyedge, v0x9b4c36c60_5863, v0x9b4c36c60_5864, v0x9b4c36c60_5865, v0x9b4c36c60_5866;
v0x9b4c36c60_5867 .array/port v0x9b4c36c60, 5867;
v0x9b4c36c60_5868 .array/port v0x9b4c36c60, 5868;
v0x9b4c36c60_5869 .array/port v0x9b4c36c60, 5869;
v0x9b4c36c60_5870 .array/port v0x9b4c36c60, 5870;
E_0x9b50e6d80/1467 .event anyedge, v0x9b4c36c60_5867, v0x9b4c36c60_5868, v0x9b4c36c60_5869, v0x9b4c36c60_5870;
v0x9b4c36c60_5871 .array/port v0x9b4c36c60, 5871;
v0x9b4c36c60_5872 .array/port v0x9b4c36c60, 5872;
v0x9b4c36c60_5873 .array/port v0x9b4c36c60, 5873;
v0x9b4c36c60_5874 .array/port v0x9b4c36c60, 5874;
E_0x9b50e6d80/1468 .event anyedge, v0x9b4c36c60_5871, v0x9b4c36c60_5872, v0x9b4c36c60_5873, v0x9b4c36c60_5874;
v0x9b4c36c60_5875 .array/port v0x9b4c36c60, 5875;
v0x9b4c36c60_5876 .array/port v0x9b4c36c60, 5876;
v0x9b4c36c60_5877 .array/port v0x9b4c36c60, 5877;
v0x9b4c36c60_5878 .array/port v0x9b4c36c60, 5878;
E_0x9b50e6d80/1469 .event anyedge, v0x9b4c36c60_5875, v0x9b4c36c60_5876, v0x9b4c36c60_5877, v0x9b4c36c60_5878;
v0x9b4c36c60_5879 .array/port v0x9b4c36c60, 5879;
v0x9b4c36c60_5880 .array/port v0x9b4c36c60, 5880;
v0x9b4c36c60_5881 .array/port v0x9b4c36c60, 5881;
v0x9b4c36c60_5882 .array/port v0x9b4c36c60, 5882;
E_0x9b50e6d80/1470 .event anyedge, v0x9b4c36c60_5879, v0x9b4c36c60_5880, v0x9b4c36c60_5881, v0x9b4c36c60_5882;
v0x9b4c36c60_5883 .array/port v0x9b4c36c60, 5883;
v0x9b4c36c60_5884 .array/port v0x9b4c36c60, 5884;
v0x9b4c36c60_5885 .array/port v0x9b4c36c60, 5885;
v0x9b4c36c60_5886 .array/port v0x9b4c36c60, 5886;
E_0x9b50e6d80/1471 .event anyedge, v0x9b4c36c60_5883, v0x9b4c36c60_5884, v0x9b4c36c60_5885, v0x9b4c36c60_5886;
v0x9b4c36c60_5887 .array/port v0x9b4c36c60, 5887;
v0x9b4c36c60_5888 .array/port v0x9b4c36c60, 5888;
v0x9b4c36c60_5889 .array/port v0x9b4c36c60, 5889;
v0x9b4c36c60_5890 .array/port v0x9b4c36c60, 5890;
E_0x9b50e6d80/1472 .event anyedge, v0x9b4c36c60_5887, v0x9b4c36c60_5888, v0x9b4c36c60_5889, v0x9b4c36c60_5890;
v0x9b4c36c60_5891 .array/port v0x9b4c36c60, 5891;
v0x9b4c36c60_5892 .array/port v0x9b4c36c60, 5892;
v0x9b4c36c60_5893 .array/port v0x9b4c36c60, 5893;
v0x9b4c36c60_5894 .array/port v0x9b4c36c60, 5894;
E_0x9b50e6d80/1473 .event anyedge, v0x9b4c36c60_5891, v0x9b4c36c60_5892, v0x9b4c36c60_5893, v0x9b4c36c60_5894;
v0x9b4c36c60_5895 .array/port v0x9b4c36c60, 5895;
v0x9b4c36c60_5896 .array/port v0x9b4c36c60, 5896;
v0x9b4c36c60_5897 .array/port v0x9b4c36c60, 5897;
v0x9b4c36c60_5898 .array/port v0x9b4c36c60, 5898;
E_0x9b50e6d80/1474 .event anyedge, v0x9b4c36c60_5895, v0x9b4c36c60_5896, v0x9b4c36c60_5897, v0x9b4c36c60_5898;
v0x9b4c36c60_5899 .array/port v0x9b4c36c60, 5899;
v0x9b4c36c60_5900 .array/port v0x9b4c36c60, 5900;
v0x9b4c36c60_5901 .array/port v0x9b4c36c60, 5901;
v0x9b4c36c60_5902 .array/port v0x9b4c36c60, 5902;
E_0x9b50e6d80/1475 .event anyedge, v0x9b4c36c60_5899, v0x9b4c36c60_5900, v0x9b4c36c60_5901, v0x9b4c36c60_5902;
v0x9b4c36c60_5903 .array/port v0x9b4c36c60, 5903;
v0x9b4c36c60_5904 .array/port v0x9b4c36c60, 5904;
v0x9b4c36c60_5905 .array/port v0x9b4c36c60, 5905;
v0x9b4c36c60_5906 .array/port v0x9b4c36c60, 5906;
E_0x9b50e6d80/1476 .event anyedge, v0x9b4c36c60_5903, v0x9b4c36c60_5904, v0x9b4c36c60_5905, v0x9b4c36c60_5906;
v0x9b4c36c60_5907 .array/port v0x9b4c36c60, 5907;
v0x9b4c36c60_5908 .array/port v0x9b4c36c60, 5908;
v0x9b4c36c60_5909 .array/port v0x9b4c36c60, 5909;
v0x9b4c36c60_5910 .array/port v0x9b4c36c60, 5910;
E_0x9b50e6d80/1477 .event anyedge, v0x9b4c36c60_5907, v0x9b4c36c60_5908, v0x9b4c36c60_5909, v0x9b4c36c60_5910;
v0x9b4c36c60_5911 .array/port v0x9b4c36c60, 5911;
v0x9b4c36c60_5912 .array/port v0x9b4c36c60, 5912;
v0x9b4c36c60_5913 .array/port v0x9b4c36c60, 5913;
v0x9b4c36c60_5914 .array/port v0x9b4c36c60, 5914;
E_0x9b50e6d80/1478 .event anyedge, v0x9b4c36c60_5911, v0x9b4c36c60_5912, v0x9b4c36c60_5913, v0x9b4c36c60_5914;
v0x9b4c36c60_5915 .array/port v0x9b4c36c60, 5915;
v0x9b4c36c60_5916 .array/port v0x9b4c36c60, 5916;
v0x9b4c36c60_5917 .array/port v0x9b4c36c60, 5917;
v0x9b4c36c60_5918 .array/port v0x9b4c36c60, 5918;
E_0x9b50e6d80/1479 .event anyedge, v0x9b4c36c60_5915, v0x9b4c36c60_5916, v0x9b4c36c60_5917, v0x9b4c36c60_5918;
v0x9b4c36c60_5919 .array/port v0x9b4c36c60, 5919;
v0x9b4c36c60_5920 .array/port v0x9b4c36c60, 5920;
v0x9b4c36c60_5921 .array/port v0x9b4c36c60, 5921;
v0x9b4c36c60_5922 .array/port v0x9b4c36c60, 5922;
E_0x9b50e6d80/1480 .event anyedge, v0x9b4c36c60_5919, v0x9b4c36c60_5920, v0x9b4c36c60_5921, v0x9b4c36c60_5922;
v0x9b4c36c60_5923 .array/port v0x9b4c36c60, 5923;
v0x9b4c36c60_5924 .array/port v0x9b4c36c60, 5924;
v0x9b4c36c60_5925 .array/port v0x9b4c36c60, 5925;
v0x9b4c36c60_5926 .array/port v0x9b4c36c60, 5926;
E_0x9b50e6d80/1481 .event anyedge, v0x9b4c36c60_5923, v0x9b4c36c60_5924, v0x9b4c36c60_5925, v0x9b4c36c60_5926;
v0x9b4c36c60_5927 .array/port v0x9b4c36c60, 5927;
v0x9b4c36c60_5928 .array/port v0x9b4c36c60, 5928;
v0x9b4c36c60_5929 .array/port v0x9b4c36c60, 5929;
v0x9b4c36c60_5930 .array/port v0x9b4c36c60, 5930;
E_0x9b50e6d80/1482 .event anyedge, v0x9b4c36c60_5927, v0x9b4c36c60_5928, v0x9b4c36c60_5929, v0x9b4c36c60_5930;
v0x9b4c36c60_5931 .array/port v0x9b4c36c60, 5931;
v0x9b4c36c60_5932 .array/port v0x9b4c36c60, 5932;
v0x9b4c36c60_5933 .array/port v0x9b4c36c60, 5933;
v0x9b4c36c60_5934 .array/port v0x9b4c36c60, 5934;
E_0x9b50e6d80/1483 .event anyedge, v0x9b4c36c60_5931, v0x9b4c36c60_5932, v0x9b4c36c60_5933, v0x9b4c36c60_5934;
v0x9b4c36c60_5935 .array/port v0x9b4c36c60, 5935;
v0x9b4c36c60_5936 .array/port v0x9b4c36c60, 5936;
v0x9b4c36c60_5937 .array/port v0x9b4c36c60, 5937;
v0x9b4c36c60_5938 .array/port v0x9b4c36c60, 5938;
E_0x9b50e6d80/1484 .event anyedge, v0x9b4c36c60_5935, v0x9b4c36c60_5936, v0x9b4c36c60_5937, v0x9b4c36c60_5938;
v0x9b4c36c60_5939 .array/port v0x9b4c36c60, 5939;
v0x9b4c36c60_5940 .array/port v0x9b4c36c60, 5940;
v0x9b4c36c60_5941 .array/port v0x9b4c36c60, 5941;
v0x9b4c36c60_5942 .array/port v0x9b4c36c60, 5942;
E_0x9b50e6d80/1485 .event anyedge, v0x9b4c36c60_5939, v0x9b4c36c60_5940, v0x9b4c36c60_5941, v0x9b4c36c60_5942;
v0x9b4c36c60_5943 .array/port v0x9b4c36c60, 5943;
v0x9b4c36c60_5944 .array/port v0x9b4c36c60, 5944;
v0x9b4c36c60_5945 .array/port v0x9b4c36c60, 5945;
v0x9b4c36c60_5946 .array/port v0x9b4c36c60, 5946;
E_0x9b50e6d80/1486 .event anyedge, v0x9b4c36c60_5943, v0x9b4c36c60_5944, v0x9b4c36c60_5945, v0x9b4c36c60_5946;
v0x9b4c36c60_5947 .array/port v0x9b4c36c60, 5947;
v0x9b4c36c60_5948 .array/port v0x9b4c36c60, 5948;
v0x9b4c36c60_5949 .array/port v0x9b4c36c60, 5949;
v0x9b4c36c60_5950 .array/port v0x9b4c36c60, 5950;
E_0x9b50e6d80/1487 .event anyedge, v0x9b4c36c60_5947, v0x9b4c36c60_5948, v0x9b4c36c60_5949, v0x9b4c36c60_5950;
v0x9b4c36c60_5951 .array/port v0x9b4c36c60, 5951;
v0x9b4c36c60_5952 .array/port v0x9b4c36c60, 5952;
v0x9b4c36c60_5953 .array/port v0x9b4c36c60, 5953;
v0x9b4c36c60_5954 .array/port v0x9b4c36c60, 5954;
E_0x9b50e6d80/1488 .event anyedge, v0x9b4c36c60_5951, v0x9b4c36c60_5952, v0x9b4c36c60_5953, v0x9b4c36c60_5954;
v0x9b4c36c60_5955 .array/port v0x9b4c36c60, 5955;
v0x9b4c36c60_5956 .array/port v0x9b4c36c60, 5956;
v0x9b4c36c60_5957 .array/port v0x9b4c36c60, 5957;
v0x9b4c36c60_5958 .array/port v0x9b4c36c60, 5958;
E_0x9b50e6d80/1489 .event anyedge, v0x9b4c36c60_5955, v0x9b4c36c60_5956, v0x9b4c36c60_5957, v0x9b4c36c60_5958;
v0x9b4c36c60_5959 .array/port v0x9b4c36c60, 5959;
v0x9b4c36c60_5960 .array/port v0x9b4c36c60, 5960;
v0x9b4c36c60_5961 .array/port v0x9b4c36c60, 5961;
v0x9b4c36c60_5962 .array/port v0x9b4c36c60, 5962;
E_0x9b50e6d80/1490 .event anyedge, v0x9b4c36c60_5959, v0x9b4c36c60_5960, v0x9b4c36c60_5961, v0x9b4c36c60_5962;
v0x9b4c36c60_5963 .array/port v0x9b4c36c60, 5963;
v0x9b4c36c60_5964 .array/port v0x9b4c36c60, 5964;
v0x9b4c36c60_5965 .array/port v0x9b4c36c60, 5965;
v0x9b4c36c60_5966 .array/port v0x9b4c36c60, 5966;
E_0x9b50e6d80/1491 .event anyedge, v0x9b4c36c60_5963, v0x9b4c36c60_5964, v0x9b4c36c60_5965, v0x9b4c36c60_5966;
v0x9b4c36c60_5967 .array/port v0x9b4c36c60, 5967;
v0x9b4c36c60_5968 .array/port v0x9b4c36c60, 5968;
v0x9b4c36c60_5969 .array/port v0x9b4c36c60, 5969;
v0x9b4c36c60_5970 .array/port v0x9b4c36c60, 5970;
E_0x9b50e6d80/1492 .event anyedge, v0x9b4c36c60_5967, v0x9b4c36c60_5968, v0x9b4c36c60_5969, v0x9b4c36c60_5970;
v0x9b4c36c60_5971 .array/port v0x9b4c36c60, 5971;
v0x9b4c36c60_5972 .array/port v0x9b4c36c60, 5972;
v0x9b4c36c60_5973 .array/port v0x9b4c36c60, 5973;
v0x9b4c36c60_5974 .array/port v0x9b4c36c60, 5974;
E_0x9b50e6d80/1493 .event anyedge, v0x9b4c36c60_5971, v0x9b4c36c60_5972, v0x9b4c36c60_5973, v0x9b4c36c60_5974;
v0x9b4c36c60_5975 .array/port v0x9b4c36c60, 5975;
v0x9b4c36c60_5976 .array/port v0x9b4c36c60, 5976;
v0x9b4c36c60_5977 .array/port v0x9b4c36c60, 5977;
v0x9b4c36c60_5978 .array/port v0x9b4c36c60, 5978;
E_0x9b50e6d80/1494 .event anyedge, v0x9b4c36c60_5975, v0x9b4c36c60_5976, v0x9b4c36c60_5977, v0x9b4c36c60_5978;
v0x9b4c36c60_5979 .array/port v0x9b4c36c60, 5979;
v0x9b4c36c60_5980 .array/port v0x9b4c36c60, 5980;
v0x9b4c36c60_5981 .array/port v0x9b4c36c60, 5981;
v0x9b4c36c60_5982 .array/port v0x9b4c36c60, 5982;
E_0x9b50e6d80/1495 .event anyedge, v0x9b4c36c60_5979, v0x9b4c36c60_5980, v0x9b4c36c60_5981, v0x9b4c36c60_5982;
v0x9b4c36c60_5983 .array/port v0x9b4c36c60, 5983;
v0x9b4c36c60_5984 .array/port v0x9b4c36c60, 5984;
v0x9b4c36c60_5985 .array/port v0x9b4c36c60, 5985;
v0x9b4c36c60_5986 .array/port v0x9b4c36c60, 5986;
E_0x9b50e6d80/1496 .event anyedge, v0x9b4c36c60_5983, v0x9b4c36c60_5984, v0x9b4c36c60_5985, v0x9b4c36c60_5986;
v0x9b4c36c60_5987 .array/port v0x9b4c36c60, 5987;
v0x9b4c36c60_5988 .array/port v0x9b4c36c60, 5988;
v0x9b4c36c60_5989 .array/port v0x9b4c36c60, 5989;
v0x9b4c36c60_5990 .array/port v0x9b4c36c60, 5990;
E_0x9b50e6d80/1497 .event anyedge, v0x9b4c36c60_5987, v0x9b4c36c60_5988, v0x9b4c36c60_5989, v0x9b4c36c60_5990;
v0x9b4c36c60_5991 .array/port v0x9b4c36c60, 5991;
v0x9b4c36c60_5992 .array/port v0x9b4c36c60, 5992;
v0x9b4c36c60_5993 .array/port v0x9b4c36c60, 5993;
v0x9b4c36c60_5994 .array/port v0x9b4c36c60, 5994;
E_0x9b50e6d80/1498 .event anyedge, v0x9b4c36c60_5991, v0x9b4c36c60_5992, v0x9b4c36c60_5993, v0x9b4c36c60_5994;
v0x9b4c36c60_5995 .array/port v0x9b4c36c60, 5995;
v0x9b4c36c60_5996 .array/port v0x9b4c36c60, 5996;
v0x9b4c36c60_5997 .array/port v0x9b4c36c60, 5997;
v0x9b4c36c60_5998 .array/port v0x9b4c36c60, 5998;
E_0x9b50e6d80/1499 .event anyedge, v0x9b4c36c60_5995, v0x9b4c36c60_5996, v0x9b4c36c60_5997, v0x9b4c36c60_5998;
v0x9b4c36c60_5999 .array/port v0x9b4c36c60, 5999;
v0x9b4c36c60_6000 .array/port v0x9b4c36c60, 6000;
v0x9b4c36c60_6001 .array/port v0x9b4c36c60, 6001;
v0x9b4c36c60_6002 .array/port v0x9b4c36c60, 6002;
E_0x9b50e6d80/1500 .event anyedge, v0x9b4c36c60_5999, v0x9b4c36c60_6000, v0x9b4c36c60_6001, v0x9b4c36c60_6002;
v0x9b4c36c60_6003 .array/port v0x9b4c36c60, 6003;
v0x9b4c36c60_6004 .array/port v0x9b4c36c60, 6004;
v0x9b4c36c60_6005 .array/port v0x9b4c36c60, 6005;
v0x9b4c36c60_6006 .array/port v0x9b4c36c60, 6006;
E_0x9b50e6d80/1501 .event anyedge, v0x9b4c36c60_6003, v0x9b4c36c60_6004, v0x9b4c36c60_6005, v0x9b4c36c60_6006;
v0x9b4c36c60_6007 .array/port v0x9b4c36c60, 6007;
v0x9b4c36c60_6008 .array/port v0x9b4c36c60, 6008;
v0x9b4c36c60_6009 .array/port v0x9b4c36c60, 6009;
v0x9b4c36c60_6010 .array/port v0x9b4c36c60, 6010;
E_0x9b50e6d80/1502 .event anyedge, v0x9b4c36c60_6007, v0x9b4c36c60_6008, v0x9b4c36c60_6009, v0x9b4c36c60_6010;
v0x9b4c36c60_6011 .array/port v0x9b4c36c60, 6011;
v0x9b4c36c60_6012 .array/port v0x9b4c36c60, 6012;
v0x9b4c36c60_6013 .array/port v0x9b4c36c60, 6013;
v0x9b4c36c60_6014 .array/port v0x9b4c36c60, 6014;
E_0x9b50e6d80/1503 .event anyedge, v0x9b4c36c60_6011, v0x9b4c36c60_6012, v0x9b4c36c60_6013, v0x9b4c36c60_6014;
v0x9b4c36c60_6015 .array/port v0x9b4c36c60, 6015;
v0x9b4c36c60_6016 .array/port v0x9b4c36c60, 6016;
v0x9b4c36c60_6017 .array/port v0x9b4c36c60, 6017;
v0x9b4c36c60_6018 .array/port v0x9b4c36c60, 6018;
E_0x9b50e6d80/1504 .event anyedge, v0x9b4c36c60_6015, v0x9b4c36c60_6016, v0x9b4c36c60_6017, v0x9b4c36c60_6018;
v0x9b4c36c60_6019 .array/port v0x9b4c36c60, 6019;
v0x9b4c36c60_6020 .array/port v0x9b4c36c60, 6020;
v0x9b4c36c60_6021 .array/port v0x9b4c36c60, 6021;
v0x9b4c36c60_6022 .array/port v0x9b4c36c60, 6022;
E_0x9b50e6d80/1505 .event anyedge, v0x9b4c36c60_6019, v0x9b4c36c60_6020, v0x9b4c36c60_6021, v0x9b4c36c60_6022;
v0x9b4c36c60_6023 .array/port v0x9b4c36c60, 6023;
v0x9b4c36c60_6024 .array/port v0x9b4c36c60, 6024;
v0x9b4c36c60_6025 .array/port v0x9b4c36c60, 6025;
v0x9b4c36c60_6026 .array/port v0x9b4c36c60, 6026;
E_0x9b50e6d80/1506 .event anyedge, v0x9b4c36c60_6023, v0x9b4c36c60_6024, v0x9b4c36c60_6025, v0x9b4c36c60_6026;
v0x9b4c36c60_6027 .array/port v0x9b4c36c60, 6027;
v0x9b4c36c60_6028 .array/port v0x9b4c36c60, 6028;
v0x9b4c36c60_6029 .array/port v0x9b4c36c60, 6029;
v0x9b4c36c60_6030 .array/port v0x9b4c36c60, 6030;
E_0x9b50e6d80/1507 .event anyedge, v0x9b4c36c60_6027, v0x9b4c36c60_6028, v0x9b4c36c60_6029, v0x9b4c36c60_6030;
v0x9b4c36c60_6031 .array/port v0x9b4c36c60, 6031;
v0x9b4c36c60_6032 .array/port v0x9b4c36c60, 6032;
v0x9b4c36c60_6033 .array/port v0x9b4c36c60, 6033;
v0x9b4c36c60_6034 .array/port v0x9b4c36c60, 6034;
E_0x9b50e6d80/1508 .event anyedge, v0x9b4c36c60_6031, v0x9b4c36c60_6032, v0x9b4c36c60_6033, v0x9b4c36c60_6034;
v0x9b4c36c60_6035 .array/port v0x9b4c36c60, 6035;
v0x9b4c36c60_6036 .array/port v0x9b4c36c60, 6036;
v0x9b4c36c60_6037 .array/port v0x9b4c36c60, 6037;
v0x9b4c36c60_6038 .array/port v0x9b4c36c60, 6038;
E_0x9b50e6d80/1509 .event anyedge, v0x9b4c36c60_6035, v0x9b4c36c60_6036, v0x9b4c36c60_6037, v0x9b4c36c60_6038;
v0x9b4c36c60_6039 .array/port v0x9b4c36c60, 6039;
v0x9b4c36c60_6040 .array/port v0x9b4c36c60, 6040;
v0x9b4c36c60_6041 .array/port v0x9b4c36c60, 6041;
v0x9b4c36c60_6042 .array/port v0x9b4c36c60, 6042;
E_0x9b50e6d80/1510 .event anyedge, v0x9b4c36c60_6039, v0x9b4c36c60_6040, v0x9b4c36c60_6041, v0x9b4c36c60_6042;
v0x9b4c36c60_6043 .array/port v0x9b4c36c60, 6043;
v0x9b4c36c60_6044 .array/port v0x9b4c36c60, 6044;
v0x9b4c36c60_6045 .array/port v0x9b4c36c60, 6045;
v0x9b4c36c60_6046 .array/port v0x9b4c36c60, 6046;
E_0x9b50e6d80/1511 .event anyedge, v0x9b4c36c60_6043, v0x9b4c36c60_6044, v0x9b4c36c60_6045, v0x9b4c36c60_6046;
v0x9b4c36c60_6047 .array/port v0x9b4c36c60, 6047;
v0x9b4c36c60_6048 .array/port v0x9b4c36c60, 6048;
v0x9b4c36c60_6049 .array/port v0x9b4c36c60, 6049;
v0x9b4c36c60_6050 .array/port v0x9b4c36c60, 6050;
E_0x9b50e6d80/1512 .event anyedge, v0x9b4c36c60_6047, v0x9b4c36c60_6048, v0x9b4c36c60_6049, v0x9b4c36c60_6050;
v0x9b4c36c60_6051 .array/port v0x9b4c36c60, 6051;
v0x9b4c36c60_6052 .array/port v0x9b4c36c60, 6052;
v0x9b4c36c60_6053 .array/port v0x9b4c36c60, 6053;
v0x9b4c36c60_6054 .array/port v0x9b4c36c60, 6054;
E_0x9b50e6d80/1513 .event anyedge, v0x9b4c36c60_6051, v0x9b4c36c60_6052, v0x9b4c36c60_6053, v0x9b4c36c60_6054;
v0x9b4c36c60_6055 .array/port v0x9b4c36c60, 6055;
v0x9b4c36c60_6056 .array/port v0x9b4c36c60, 6056;
v0x9b4c36c60_6057 .array/port v0x9b4c36c60, 6057;
v0x9b4c36c60_6058 .array/port v0x9b4c36c60, 6058;
E_0x9b50e6d80/1514 .event anyedge, v0x9b4c36c60_6055, v0x9b4c36c60_6056, v0x9b4c36c60_6057, v0x9b4c36c60_6058;
v0x9b4c36c60_6059 .array/port v0x9b4c36c60, 6059;
v0x9b4c36c60_6060 .array/port v0x9b4c36c60, 6060;
v0x9b4c36c60_6061 .array/port v0x9b4c36c60, 6061;
v0x9b4c36c60_6062 .array/port v0x9b4c36c60, 6062;
E_0x9b50e6d80/1515 .event anyedge, v0x9b4c36c60_6059, v0x9b4c36c60_6060, v0x9b4c36c60_6061, v0x9b4c36c60_6062;
v0x9b4c36c60_6063 .array/port v0x9b4c36c60, 6063;
v0x9b4c36c60_6064 .array/port v0x9b4c36c60, 6064;
v0x9b4c36c60_6065 .array/port v0x9b4c36c60, 6065;
v0x9b4c36c60_6066 .array/port v0x9b4c36c60, 6066;
E_0x9b50e6d80/1516 .event anyedge, v0x9b4c36c60_6063, v0x9b4c36c60_6064, v0x9b4c36c60_6065, v0x9b4c36c60_6066;
v0x9b4c36c60_6067 .array/port v0x9b4c36c60, 6067;
v0x9b4c36c60_6068 .array/port v0x9b4c36c60, 6068;
v0x9b4c36c60_6069 .array/port v0x9b4c36c60, 6069;
v0x9b4c36c60_6070 .array/port v0x9b4c36c60, 6070;
E_0x9b50e6d80/1517 .event anyedge, v0x9b4c36c60_6067, v0x9b4c36c60_6068, v0x9b4c36c60_6069, v0x9b4c36c60_6070;
v0x9b4c36c60_6071 .array/port v0x9b4c36c60, 6071;
v0x9b4c36c60_6072 .array/port v0x9b4c36c60, 6072;
v0x9b4c36c60_6073 .array/port v0x9b4c36c60, 6073;
v0x9b4c36c60_6074 .array/port v0x9b4c36c60, 6074;
E_0x9b50e6d80/1518 .event anyedge, v0x9b4c36c60_6071, v0x9b4c36c60_6072, v0x9b4c36c60_6073, v0x9b4c36c60_6074;
v0x9b4c36c60_6075 .array/port v0x9b4c36c60, 6075;
v0x9b4c36c60_6076 .array/port v0x9b4c36c60, 6076;
v0x9b4c36c60_6077 .array/port v0x9b4c36c60, 6077;
v0x9b4c36c60_6078 .array/port v0x9b4c36c60, 6078;
E_0x9b50e6d80/1519 .event anyedge, v0x9b4c36c60_6075, v0x9b4c36c60_6076, v0x9b4c36c60_6077, v0x9b4c36c60_6078;
v0x9b4c36c60_6079 .array/port v0x9b4c36c60, 6079;
v0x9b4c36c60_6080 .array/port v0x9b4c36c60, 6080;
v0x9b4c36c60_6081 .array/port v0x9b4c36c60, 6081;
v0x9b4c36c60_6082 .array/port v0x9b4c36c60, 6082;
E_0x9b50e6d80/1520 .event anyedge, v0x9b4c36c60_6079, v0x9b4c36c60_6080, v0x9b4c36c60_6081, v0x9b4c36c60_6082;
v0x9b4c36c60_6083 .array/port v0x9b4c36c60, 6083;
v0x9b4c36c60_6084 .array/port v0x9b4c36c60, 6084;
v0x9b4c36c60_6085 .array/port v0x9b4c36c60, 6085;
v0x9b4c36c60_6086 .array/port v0x9b4c36c60, 6086;
E_0x9b50e6d80/1521 .event anyedge, v0x9b4c36c60_6083, v0x9b4c36c60_6084, v0x9b4c36c60_6085, v0x9b4c36c60_6086;
v0x9b4c36c60_6087 .array/port v0x9b4c36c60, 6087;
v0x9b4c36c60_6088 .array/port v0x9b4c36c60, 6088;
v0x9b4c36c60_6089 .array/port v0x9b4c36c60, 6089;
v0x9b4c36c60_6090 .array/port v0x9b4c36c60, 6090;
E_0x9b50e6d80/1522 .event anyedge, v0x9b4c36c60_6087, v0x9b4c36c60_6088, v0x9b4c36c60_6089, v0x9b4c36c60_6090;
v0x9b4c36c60_6091 .array/port v0x9b4c36c60, 6091;
v0x9b4c36c60_6092 .array/port v0x9b4c36c60, 6092;
v0x9b4c36c60_6093 .array/port v0x9b4c36c60, 6093;
v0x9b4c36c60_6094 .array/port v0x9b4c36c60, 6094;
E_0x9b50e6d80/1523 .event anyedge, v0x9b4c36c60_6091, v0x9b4c36c60_6092, v0x9b4c36c60_6093, v0x9b4c36c60_6094;
v0x9b4c36c60_6095 .array/port v0x9b4c36c60, 6095;
v0x9b4c36c60_6096 .array/port v0x9b4c36c60, 6096;
v0x9b4c36c60_6097 .array/port v0x9b4c36c60, 6097;
v0x9b4c36c60_6098 .array/port v0x9b4c36c60, 6098;
E_0x9b50e6d80/1524 .event anyedge, v0x9b4c36c60_6095, v0x9b4c36c60_6096, v0x9b4c36c60_6097, v0x9b4c36c60_6098;
v0x9b4c36c60_6099 .array/port v0x9b4c36c60, 6099;
v0x9b4c36c60_6100 .array/port v0x9b4c36c60, 6100;
v0x9b4c36c60_6101 .array/port v0x9b4c36c60, 6101;
v0x9b4c36c60_6102 .array/port v0x9b4c36c60, 6102;
E_0x9b50e6d80/1525 .event anyedge, v0x9b4c36c60_6099, v0x9b4c36c60_6100, v0x9b4c36c60_6101, v0x9b4c36c60_6102;
v0x9b4c36c60_6103 .array/port v0x9b4c36c60, 6103;
v0x9b4c36c60_6104 .array/port v0x9b4c36c60, 6104;
v0x9b4c36c60_6105 .array/port v0x9b4c36c60, 6105;
v0x9b4c36c60_6106 .array/port v0x9b4c36c60, 6106;
E_0x9b50e6d80/1526 .event anyedge, v0x9b4c36c60_6103, v0x9b4c36c60_6104, v0x9b4c36c60_6105, v0x9b4c36c60_6106;
v0x9b4c36c60_6107 .array/port v0x9b4c36c60, 6107;
v0x9b4c36c60_6108 .array/port v0x9b4c36c60, 6108;
v0x9b4c36c60_6109 .array/port v0x9b4c36c60, 6109;
v0x9b4c36c60_6110 .array/port v0x9b4c36c60, 6110;
E_0x9b50e6d80/1527 .event anyedge, v0x9b4c36c60_6107, v0x9b4c36c60_6108, v0x9b4c36c60_6109, v0x9b4c36c60_6110;
v0x9b4c36c60_6111 .array/port v0x9b4c36c60, 6111;
v0x9b4c36c60_6112 .array/port v0x9b4c36c60, 6112;
v0x9b4c36c60_6113 .array/port v0x9b4c36c60, 6113;
v0x9b4c36c60_6114 .array/port v0x9b4c36c60, 6114;
E_0x9b50e6d80/1528 .event anyedge, v0x9b4c36c60_6111, v0x9b4c36c60_6112, v0x9b4c36c60_6113, v0x9b4c36c60_6114;
v0x9b4c36c60_6115 .array/port v0x9b4c36c60, 6115;
v0x9b4c36c60_6116 .array/port v0x9b4c36c60, 6116;
v0x9b4c36c60_6117 .array/port v0x9b4c36c60, 6117;
v0x9b4c36c60_6118 .array/port v0x9b4c36c60, 6118;
E_0x9b50e6d80/1529 .event anyedge, v0x9b4c36c60_6115, v0x9b4c36c60_6116, v0x9b4c36c60_6117, v0x9b4c36c60_6118;
v0x9b4c36c60_6119 .array/port v0x9b4c36c60, 6119;
v0x9b4c36c60_6120 .array/port v0x9b4c36c60, 6120;
v0x9b4c36c60_6121 .array/port v0x9b4c36c60, 6121;
v0x9b4c36c60_6122 .array/port v0x9b4c36c60, 6122;
E_0x9b50e6d80/1530 .event anyedge, v0x9b4c36c60_6119, v0x9b4c36c60_6120, v0x9b4c36c60_6121, v0x9b4c36c60_6122;
v0x9b4c36c60_6123 .array/port v0x9b4c36c60, 6123;
v0x9b4c36c60_6124 .array/port v0x9b4c36c60, 6124;
v0x9b4c36c60_6125 .array/port v0x9b4c36c60, 6125;
v0x9b4c36c60_6126 .array/port v0x9b4c36c60, 6126;
E_0x9b50e6d80/1531 .event anyedge, v0x9b4c36c60_6123, v0x9b4c36c60_6124, v0x9b4c36c60_6125, v0x9b4c36c60_6126;
v0x9b4c36c60_6127 .array/port v0x9b4c36c60, 6127;
v0x9b4c36c60_6128 .array/port v0x9b4c36c60, 6128;
v0x9b4c36c60_6129 .array/port v0x9b4c36c60, 6129;
v0x9b4c36c60_6130 .array/port v0x9b4c36c60, 6130;
E_0x9b50e6d80/1532 .event anyedge, v0x9b4c36c60_6127, v0x9b4c36c60_6128, v0x9b4c36c60_6129, v0x9b4c36c60_6130;
v0x9b4c36c60_6131 .array/port v0x9b4c36c60, 6131;
v0x9b4c36c60_6132 .array/port v0x9b4c36c60, 6132;
v0x9b4c36c60_6133 .array/port v0x9b4c36c60, 6133;
v0x9b4c36c60_6134 .array/port v0x9b4c36c60, 6134;
E_0x9b50e6d80/1533 .event anyedge, v0x9b4c36c60_6131, v0x9b4c36c60_6132, v0x9b4c36c60_6133, v0x9b4c36c60_6134;
v0x9b4c36c60_6135 .array/port v0x9b4c36c60, 6135;
v0x9b4c36c60_6136 .array/port v0x9b4c36c60, 6136;
v0x9b4c36c60_6137 .array/port v0x9b4c36c60, 6137;
v0x9b4c36c60_6138 .array/port v0x9b4c36c60, 6138;
E_0x9b50e6d80/1534 .event anyedge, v0x9b4c36c60_6135, v0x9b4c36c60_6136, v0x9b4c36c60_6137, v0x9b4c36c60_6138;
v0x9b4c36c60_6139 .array/port v0x9b4c36c60, 6139;
v0x9b4c36c60_6140 .array/port v0x9b4c36c60, 6140;
v0x9b4c36c60_6141 .array/port v0x9b4c36c60, 6141;
v0x9b4c36c60_6142 .array/port v0x9b4c36c60, 6142;
E_0x9b50e6d80/1535 .event anyedge, v0x9b4c36c60_6139, v0x9b4c36c60_6140, v0x9b4c36c60_6141, v0x9b4c36c60_6142;
v0x9b4c36c60_6143 .array/port v0x9b4c36c60, 6143;
v0x9b4c36c60_6144 .array/port v0x9b4c36c60, 6144;
v0x9b4c36c60_6145 .array/port v0x9b4c36c60, 6145;
v0x9b4c36c60_6146 .array/port v0x9b4c36c60, 6146;
E_0x9b50e6d80/1536 .event anyedge, v0x9b4c36c60_6143, v0x9b4c36c60_6144, v0x9b4c36c60_6145, v0x9b4c36c60_6146;
v0x9b4c36c60_6147 .array/port v0x9b4c36c60, 6147;
v0x9b4c36c60_6148 .array/port v0x9b4c36c60, 6148;
v0x9b4c36c60_6149 .array/port v0x9b4c36c60, 6149;
v0x9b4c36c60_6150 .array/port v0x9b4c36c60, 6150;
E_0x9b50e6d80/1537 .event anyedge, v0x9b4c36c60_6147, v0x9b4c36c60_6148, v0x9b4c36c60_6149, v0x9b4c36c60_6150;
v0x9b4c36c60_6151 .array/port v0x9b4c36c60, 6151;
v0x9b4c36c60_6152 .array/port v0x9b4c36c60, 6152;
v0x9b4c36c60_6153 .array/port v0x9b4c36c60, 6153;
v0x9b4c36c60_6154 .array/port v0x9b4c36c60, 6154;
E_0x9b50e6d80/1538 .event anyedge, v0x9b4c36c60_6151, v0x9b4c36c60_6152, v0x9b4c36c60_6153, v0x9b4c36c60_6154;
v0x9b4c36c60_6155 .array/port v0x9b4c36c60, 6155;
v0x9b4c36c60_6156 .array/port v0x9b4c36c60, 6156;
v0x9b4c36c60_6157 .array/port v0x9b4c36c60, 6157;
v0x9b4c36c60_6158 .array/port v0x9b4c36c60, 6158;
E_0x9b50e6d80/1539 .event anyedge, v0x9b4c36c60_6155, v0x9b4c36c60_6156, v0x9b4c36c60_6157, v0x9b4c36c60_6158;
v0x9b4c36c60_6159 .array/port v0x9b4c36c60, 6159;
v0x9b4c36c60_6160 .array/port v0x9b4c36c60, 6160;
v0x9b4c36c60_6161 .array/port v0x9b4c36c60, 6161;
v0x9b4c36c60_6162 .array/port v0x9b4c36c60, 6162;
E_0x9b50e6d80/1540 .event anyedge, v0x9b4c36c60_6159, v0x9b4c36c60_6160, v0x9b4c36c60_6161, v0x9b4c36c60_6162;
v0x9b4c36c60_6163 .array/port v0x9b4c36c60, 6163;
v0x9b4c36c60_6164 .array/port v0x9b4c36c60, 6164;
v0x9b4c36c60_6165 .array/port v0x9b4c36c60, 6165;
v0x9b4c36c60_6166 .array/port v0x9b4c36c60, 6166;
E_0x9b50e6d80/1541 .event anyedge, v0x9b4c36c60_6163, v0x9b4c36c60_6164, v0x9b4c36c60_6165, v0x9b4c36c60_6166;
v0x9b4c36c60_6167 .array/port v0x9b4c36c60, 6167;
v0x9b4c36c60_6168 .array/port v0x9b4c36c60, 6168;
v0x9b4c36c60_6169 .array/port v0x9b4c36c60, 6169;
v0x9b4c36c60_6170 .array/port v0x9b4c36c60, 6170;
E_0x9b50e6d80/1542 .event anyedge, v0x9b4c36c60_6167, v0x9b4c36c60_6168, v0x9b4c36c60_6169, v0x9b4c36c60_6170;
v0x9b4c36c60_6171 .array/port v0x9b4c36c60, 6171;
v0x9b4c36c60_6172 .array/port v0x9b4c36c60, 6172;
v0x9b4c36c60_6173 .array/port v0x9b4c36c60, 6173;
v0x9b4c36c60_6174 .array/port v0x9b4c36c60, 6174;
E_0x9b50e6d80/1543 .event anyedge, v0x9b4c36c60_6171, v0x9b4c36c60_6172, v0x9b4c36c60_6173, v0x9b4c36c60_6174;
v0x9b4c36c60_6175 .array/port v0x9b4c36c60, 6175;
v0x9b4c36c60_6176 .array/port v0x9b4c36c60, 6176;
v0x9b4c36c60_6177 .array/port v0x9b4c36c60, 6177;
v0x9b4c36c60_6178 .array/port v0x9b4c36c60, 6178;
E_0x9b50e6d80/1544 .event anyedge, v0x9b4c36c60_6175, v0x9b4c36c60_6176, v0x9b4c36c60_6177, v0x9b4c36c60_6178;
v0x9b4c36c60_6179 .array/port v0x9b4c36c60, 6179;
v0x9b4c36c60_6180 .array/port v0x9b4c36c60, 6180;
v0x9b4c36c60_6181 .array/port v0x9b4c36c60, 6181;
v0x9b4c36c60_6182 .array/port v0x9b4c36c60, 6182;
E_0x9b50e6d80/1545 .event anyedge, v0x9b4c36c60_6179, v0x9b4c36c60_6180, v0x9b4c36c60_6181, v0x9b4c36c60_6182;
v0x9b4c36c60_6183 .array/port v0x9b4c36c60, 6183;
v0x9b4c36c60_6184 .array/port v0x9b4c36c60, 6184;
v0x9b4c36c60_6185 .array/port v0x9b4c36c60, 6185;
v0x9b4c36c60_6186 .array/port v0x9b4c36c60, 6186;
E_0x9b50e6d80/1546 .event anyedge, v0x9b4c36c60_6183, v0x9b4c36c60_6184, v0x9b4c36c60_6185, v0x9b4c36c60_6186;
v0x9b4c36c60_6187 .array/port v0x9b4c36c60, 6187;
v0x9b4c36c60_6188 .array/port v0x9b4c36c60, 6188;
v0x9b4c36c60_6189 .array/port v0x9b4c36c60, 6189;
v0x9b4c36c60_6190 .array/port v0x9b4c36c60, 6190;
E_0x9b50e6d80/1547 .event anyedge, v0x9b4c36c60_6187, v0x9b4c36c60_6188, v0x9b4c36c60_6189, v0x9b4c36c60_6190;
v0x9b4c36c60_6191 .array/port v0x9b4c36c60, 6191;
v0x9b4c36c60_6192 .array/port v0x9b4c36c60, 6192;
v0x9b4c36c60_6193 .array/port v0x9b4c36c60, 6193;
v0x9b4c36c60_6194 .array/port v0x9b4c36c60, 6194;
E_0x9b50e6d80/1548 .event anyedge, v0x9b4c36c60_6191, v0x9b4c36c60_6192, v0x9b4c36c60_6193, v0x9b4c36c60_6194;
v0x9b4c36c60_6195 .array/port v0x9b4c36c60, 6195;
v0x9b4c36c60_6196 .array/port v0x9b4c36c60, 6196;
v0x9b4c36c60_6197 .array/port v0x9b4c36c60, 6197;
v0x9b4c36c60_6198 .array/port v0x9b4c36c60, 6198;
E_0x9b50e6d80/1549 .event anyedge, v0x9b4c36c60_6195, v0x9b4c36c60_6196, v0x9b4c36c60_6197, v0x9b4c36c60_6198;
v0x9b4c36c60_6199 .array/port v0x9b4c36c60, 6199;
v0x9b4c36c60_6200 .array/port v0x9b4c36c60, 6200;
v0x9b4c36c60_6201 .array/port v0x9b4c36c60, 6201;
v0x9b4c36c60_6202 .array/port v0x9b4c36c60, 6202;
E_0x9b50e6d80/1550 .event anyedge, v0x9b4c36c60_6199, v0x9b4c36c60_6200, v0x9b4c36c60_6201, v0x9b4c36c60_6202;
v0x9b4c36c60_6203 .array/port v0x9b4c36c60, 6203;
v0x9b4c36c60_6204 .array/port v0x9b4c36c60, 6204;
v0x9b4c36c60_6205 .array/port v0x9b4c36c60, 6205;
v0x9b4c36c60_6206 .array/port v0x9b4c36c60, 6206;
E_0x9b50e6d80/1551 .event anyedge, v0x9b4c36c60_6203, v0x9b4c36c60_6204, v0x9b4c36c60_6205, v0x9b4c36c60_6206;
v0x9b4c36c60_6207 .array/port v0x9b4c36c60, 6207;
v0x9b4c36c60_6208 .array/port v0x9b4c36c60, 6208;
v0x9b4c36c60_6209 .array/port v0x9b4c36c60, 6209;
v0x9b4c36c60_6210 .array/port v0x9b4c36c60, 6210;
E_0x9b50e6d80/1552 .event anyedge, v0x9b4c36c60_6207, v0x9b4c36c60_6208, v0x9b4c36c60_6209, v0x9b4c36c60_6210;
v0x9b4c36c60_6211 .array/port v0x9b4c36c60, 6211;
v0x9b4c36c60_6212 .array/port v0x9b4c36c60, 6212;
v0x9b4c36c60_6213 .array/port v0x9b4c36c60, 6213;
v0x9b4c36c60_6214 .array/port v0x9b4c36c60, 6214;
E_0x9b50e6d80/1553 .event anyedge, v0x9b4c36c60_6211, v0x9b4c36c60_6212, v0x9b4c36c60_6213, v0x9b4c36c60_6214;
v0x9b4c36c60_6215 .array/port v0x9b4c36c60, 6215;
v0x9b4c36c60_6216 .array/port v0x9b4c36c60, 6216;
v0x9b4c36c60_6217 .array/port v0x9b4c36c60, 6217;
v0x9b4c36c60_6218 .array/port v0x9b4c36c60, 6218;
E_0x9b50e6d80/1554 .event anyedge, v0x9b4c36c60_6215, v0x9b4c36c60_6216, v0x9b4c36c60_6217, v0x9b4c36c60_6218;
v0x9b4c36c60_6219 .array/port v0x9b4c36c60, 6219;
v0x9b4c36c60_6220 .array/port v0x9b4c36c60, 6220;
v0x9b4c36c60_6221 .array/port v0x9b4c36c60, 6221;
v0x9b4c36c60_6222 .array/port v0x9b4c36c60, 6222;
E_0x9b50e6d80/1555 .event anyedge, v0x9b4c36c60_6219, v0x9b4c36c60_6220, v0x9b4c36c60_6221, v0x9b4c36c60_6222;
v0x9b4c36c60_6223 .array/port v0x9b4c36c60, 6223;
v0x9b4c36c60_6224 .array/port v0x9b4c36c60, 6224;
v0x9b4c36c60_6225 .array/port v0x9b4c36c60, 6225;
v0x9b4c36c60_6226 .array/port v0x9b4c36c60, 6226;
E_0x9b50e6d80/1556 .event anyedge, v0x9b4c36c60_6223, v0x9b4c36c60_6224, v0x9b4c36c60_6225, v0x9b4c36c60_6226;
v0x9b4c36c60_6227 .array/port v0x9b4c36c60, 6227;
v0x9b4c36c60_6228 .array/port v0x9b4c36c60, 6228;
v0x9b4c36c60_6229 .array/port v0x9b4c36c60, 6229;
v0x9b4c36c60_6230 .array/port v0x9b4c36c60, 6230;
E_0x9b50e6d80/1557 .event anyedge, v0x9b4c36c60_6227, v0x9b4c36c60_6228, v0x9b4c36c60_6229, v0x9b4c36c60_6230;
v0x9b4c36c60_6231 .array/port v0x9b4c36c60, 6231;
v0x9b4c36c60_6232 .array/port v0x9b4c36c60, 6232;
v0x9b4c36c60_6233 .array/port v0x9b4c36c60, 6233;
v0x9b4c36c60_6234 .array/port v0x9b4c36c60, 6234;
E_0x9b50e6d80/1558 .event anyedge, v0x9b4c36c60_6231, v0x9b4c36c60_6232, v0x9b4c36c60_6233, v0x9b4c36c60_6234;
v0x9b4c36c60_6235 .array/port v0x9b4c36c60, 6235;
v0x9b4c36c60_6236 .array/port v0x9b4c36c60, 6236;
v0x9b4c36c60_6237 .array/port v0x9b4c36c60, 6237;
v0x9b4c36c60_6238 .array/port v0x9b4c36c60, 6238;
E_0x9b50e6d80/1559 .event anyedge, v0x9b4c36c60_6235, v0x9b4c36c60_6236, v0x9b4c36c60_6237, v0x9b4c36c60_6238;
v0x9b4c36c60_6239 .array/port v0x9b4c36c60, 6239;
v0x9b4c36c60_6240 .array/port v0x9b4c36c60, 6240;
v0x9b4c36c60_6241 .array/port v0x9b4c36c60, 6241;
v0x9b4c36c60_6242 .array/port v0x9b4c36c60, 6242;
E_0x9b50e6d80/1560 .event anyedge, v0x9b4c36c60_6239, v0x9b4c36c60_6240, v0x9b4c36c60_6241, v0x9b4c36c60_6242;
v0x9b4c36c60_6243 .array/port v0x9b4c36c60, 6243;
v0x9b4c36c60_6244 .array/port v0x9b4c36c60, 6244;
v0x9b4c36c60_6245 .array/port v0x9b4c36c60, 6245;
v0x9b4c36c60_6246 .array/port v0x9b4c36c60, 6246;
E_0x9b50e6d80/1561 .event anyedge, v0x9b4c36c60_6243, v0x9b4c36c60_6244, v0x9b4c36c60_6245, v0x9b4c36c60_6246;
v0x9b4c36c60_6247 .array/port v0x9b4c36c60, 6247;
v0x9b4c36c60_6248 .array/port v0x9b4c36c60, 6248;
v0x9b4c36c60_6249 .array/port v0x9b4c36c60, 6249;
v0x9b4c36c60_6250 .array/port v0x9b4c36c60, 6250;
E_0x9b50e6d80/1562 .event anyedge, v0x9b4c36c60_6247, v0x9b4c36c60_6248, v0x9b4c36c60_6249, v0x9b4c36c60_6250;
v0x9b4c36c60_6251 .array/port v0x9b4c36c60, 6251;
v0x9b4c36c60_6252 .array/port v0x9b4c36c60, 6252;
v0x9b4c36c60_6253 .array/port v0x9b4c36c60, 6253;
v0x9b4c36c60_6254 .array/port v0x9b4c36c60, 6254;
E_0x9b50e6d80/1563 .event anyedge, v0x9b4c36c60_6251, v0x9b4c36c60_6252, v0x9b4c36c60_6253, v0x9b4c36c60_6254;
v0x9b4c36c60_6255 .array/port v0x9b4c36c60, 6255;
v0x9b4c36c60_6256 .array/port v0x9b4c36c60, 6256;
v0x9b4c36c60_6257 .array/port v0x9b4c36c60, 6257;
v0x9b4c36c60_6258 .array/port v0x9b4c36c60, 6258;
E_0x9b50e6d80/1564 .event anyedge, v0x9b4c36c60_6255, v0x9b4c36c60_6256, v0x9b4c36c60_6257, v0x9b4c36c60_6258;
v0x9b4c36c60_6259 .array/port v0x9b4c36c60, 6259;
v0x9b4c36c60_6260 .array/port v0x9b4c36c60, 6260;
v0x9b4c36c60_6261 .array/port v0x9b4c36c60, 6261;
v0x9b4c36c60_6262 .array/port v0x9b4c36c60, 6262;
E_0x9b50e6d80/1565 .event anyedge, v0x9b4c36c60_6259, v0x9b4c36c60_6260, v0x9b4c36c60_6261, v0x9b4c36c60_6262;
v0x9b4c36c60_6263 .array/port v0x9b4c36c60, 6263;
v0x9b4c36c60_6264 .array/port v0x9b4c36c60, 6264;
v0x9b4c36c60_6265 .array/port v0x9b4c36c60, 6265;
v0x9b4c36c60_6266 .array/port v0x9b4c36c60, 6266;
E_0x9b50e6d80/1566 .event anyedge, v0x9b4c36c60_6263, v0x9b4c36c60_6264, v0x9b4c36c60_6265, v0x9b4c36c60_6266;
v0x9b4c36c60_6267 .array/port v0x9b4c36c60, 6267;
v0x9b4c36c60_6268 .array/port v0x9b4c36c60, 6268;
v0x9b4c36c60_6269 .array/port v0x9b4c36c60, 6269;
v0x9b4c36c60_6270 .array/port v0x9b4c36c60, 6270;
E_0x9b50e6d80/1567 .event anyedge, v0x9b4c36c60_6267, v0x9b4c36c60_6268, v0x9b4c36c60_6269, v0x9b4c36c60_6270;
v0x9b4c36c60_6271 .array/port v0x9b4c36c60, 6271;
v0x9b4c36c60_6272 .array/port v0x9b4c36c60, 6272;
v0x9b4c36c60_6273 .array/port v0x9b4c36c60, 6273;
v0x9b4c36c60_6274 .array/port v0x9b4c36c60, 6274;
E_0x9b50e6d80/1568 .event anyedge, v0x9b4c36c60_6271, v0x9b4c36c60_6272, v0x9b4c36c60_6273, v0x9b4c36c60_6274;
v0x9b4c36c60_6275 .array/port v0x9b4c36c60, 6275;
v0x9b4c36c60_6276 .array/port v0x9b4c36c60, 6276;
v0x9b4c36c60_6277 .array/port v0x9b4c36c60, 6277;
v0x9b4c36c60_6278 .array/port v0x9b4c36c60, 6278;
E_0x9b50e6d80/1569 .event anyedge, v0x9b4c36c60_6275, v0x9b4c36c60_6276, v0x9b4c36c60_6277, v0x9b4c36c60_6278;
v0x9b4c36c60_6279 .array/port v0x9b4c36c60, 6279;
v0x9b4c36c60_6280 .array/port v0x9b4c36c60, 6280;
v0x9b4c36c60_6281 .array/port v0x9b4c36c60, 6281;
v0x9b4c36c60_6282 .array/port v0x9b4c36c60, 6282;
E_0x9b50e6d80/1570 .event anyedge, v0x9b4c36c60_6279, v0x9b4c36c60_6280, v0x9b4c36c60_6281, v0x9b4c36c60_6282;
v0x9b4c36c60_6283 .array/port v0x9b4c36c60, 6283;
v0x9b4c36c60_6284 .array/port v0x9b4c36c60, 6284;
v0x9b4c36c60_6285 .array/port v0x9b4c36c60, 6285;
v0x9b4c36c60_6286 .array/port v0x9b4c36c60, 6286;
E_0x9b50e6d80/1571 .event anyedge, v0x9b4c36c60_6283, v0x9b4c36c60_6284, v0x9b4c36c60_6285, v0x9b4c36c60_6286;
v0x9b4c36c60_6287 .array/port v0x9b4c36c60, 6287;
v0x9b4c36c60_6288 .array/port v0x9b4c36c60, 6288;
v0x9b4c36c60_6289 .array/port v0x9b4c36c60, 6289;
v0x9b4c36c60_6290 .array/port v0x9b4c36c60, 6290;
E_0x9b50e6d80/1572 .event anyedge, v0x9b4c36c60_6287, v0x9b4c36c60_6288, v0x9b4c36c60_6289, v0x9b4c36c60_6290;
v0x9b4c36c60_6291 .array/port v0x9b4c36c60, 6291;
v0x9b4c36c60_6292 .array/port v0x9b4c36c60, 6292;
v0x9b4c36c60_6293 .array/port v0x9b4c36c60, 6293;
v0x9b4c36c60_6294 .array/port v0x9b4c36c60, 6294;
E_0x9b50e6d80/1573 .event anyedge, v0x9b4c36c60_6291, v0x9b4c36c60_6292, v0x9b4c36c60_6293, v0x9b4c36c60_6294;
v0x9b4c36c60_6295 .array/port v0x9b4c36c60, 6295;
v0x9b4c36c60_6296 .array/port v0x9b4c36c60, 6296;
v0x9b4c36c60_6297 .array/port v0x9b4c36c60, 6297;
v0x9b4c36c60_6298 .array/port v0x9b4c36c60, 6298;
E_0x9b50e6d80/1574 .event anyedge, v0x9b4c36c60_6295, v0x9b4c36c60_6296, v0x9b4c36c60_6297, v0x9b4c36c60_6298;
v0x9b4c36c60_6299 .array/port v0x9b4c36c60, 6299;
v0x9b4c36c60_6300 .array/port v0x9b4c36c60, 6300;
v0x9b4c36c60_6301 .array/port v0x9b4c36c60, 6301;
v0x9b4c36c60_6302 .array/port v0x9b4c36c60, 6302;
E_0x9b50e6d80/1575 .event anyedge, v0x9b4c36c60_6299, v0x9b4c36c60_6300, v0x9b4c36c60_6301, v0x9b4c36c60_6302;
v0x9b4c36c60_6303 .array/port v0x9b4c36c60, 6303;
v0x9b4c36c60_6304 .array/port v0x9b4c36c60, 6304;
v0x9b4c36c60_6305 .array/port v0x9b4c36c60, 6305;
v0x9b4c36c60_6306 .array/port v0x9b4c36c60, 6306;
E_0x9b50e6d80/1576 .event anyedge, v0x9b4c36c60_6303, v0x9b4c36c60_6304, v0x9b4c36c60_6305, v0x9b4c36c60_6306;
v0x9b4c36c60_6307 .array/port v0x9b4c36c60, 6307;
v0x9b4c36c60_6308 .array/port v0x9b4c36c60, 6308;
v0x9b4c36c60_6309 .array/port v0x9b4c36c60, 6309;
v0x9b4c36c60_6310 .array/port v0x9b4c36c60, 6310;
E_0x9b50e6d80/1577 .event anyedge, v0x9b4c36c60_6307, v0x9b4c36c60_6308, v0x9b4c36c60_6309, v0x9b4c36c60_6310;
v0x9b4c36c60_6311 .array/port v0x9b4c36c60, 6311;
v0x9b4c36c60_6312 .array/port v0x9b4c36c60, 6312;
v0x9b4c36c60_6313 .array/port v0x9b4c36c60, 6313;
v0x9b4c36c60_6314 .array/port v0x9b4c36c60, 6314;
E_0x9b50e6d80/1578 .event anyedge, v0x9b4c36c60_6311, v0x9b4c36c60_6312, v0x9b4c36c60_6313, v0x9b4c36c60_6314;
v0x9b4c36c60_6315 .array/port v0x9b4c36c60, 6315;
v0x9b4c36c60_6316 .array/port v0x9b4c36c60, 6316;
v0x9b4c36c60_6317 .array/port v0x9b4c36c60, 6317;
v0x9b4c36c60_6318 .array/port v0x9b4c36c60, 6318;
E_0x9b50e6d80/1579 .event anyedge, v0x9b4c36c60_6315, v0x9b4c36c60_6316, v0x9b4c36c60_6317, v0x9b4c36c60_6318;
v0x9b4c36c60_6319 .array/port v0x9b4c36c60, 6319;
v0x9b4c36c60_6320 .array/port v0x9b4c36c60, 6320;
v0x9b4c36c60_6321 .array/port v0x9b4c36c60, 6321;
v0x9b4c36c60_6322 .array/port v0x9b4c36c60, 6322;
E_0x9b50e6d80/1580 .event anyedge, v0x9b4c36c60_6319, v0x9b4c36c60_6320, v0x9b4c36c60_6321, v0x9b4c36c60_6322;
v0x9b4c36c60_6323 .array/port v0x9b4c36c60, 6323;
v0x9b4c36c60_6324 .array/port v0x9b4c36c60, 6324;
v0x9b4c36c60_6325 .array/port v0x9b4c36c60, 6325;
v0x9b4c36c60_6326 .array/port v0x9b4c36c60, 6326;
E_0x9b50e6d80/1581 .event anyedge, v0x9b4c36c60_6323, v0x9b4c36c60_6324, v0x9b4c36c60_6325, v0x9b4c36c60_6326;
v0x9b4c36c60_6327 .array/port v0x9b4c36c60, 6327;
v0x9b4c36c60_6328 .array/port v0x9b4c36c60, 6328;
v0x9b4c36c60_6329 .array/port v0x9b4c36c60, 6329;
v0x9b4c36c60_6330 .array/port v0x9b4c36c60, 6330;
E_0x9b50e6d80/1582 .event anyedge, v0x9b4c36c60_6327, v0x9b4c36c60_6328, v0x9b4c36c60_6329, v0x9b4c36c60_6330;
v0x9b4c36c60_6331 .array/port v0x9b4c36c60, 6331;
v0x9b4c36c60_6332 .array/port v0x9b4c36c60, 6332;
v0x9b4c36c60_6333 .array/port v0x9b4c36c60, 6333;
v0x9b4c36c60_6334 .array/port v0x9b4c36c60, 6334;
E_0x9b50e6d80/1583 .event anyedge, v0x9b4c36c60_6331, v0x9b4c36c60_6332, v0x9b4c36c60_6333, v0x9b4c36c60_6334;
v0x9b4c36c60_6335 .array/port v0x9b4c36c60, 6335;
v0x9b4c36c60_6336 .array/port v0x9b4c36c60, 6336;
v0x9b4c36c60_6337 .array/port v0x9b4c36c60, 6337;
v0x9b4c36c60_6338 .array/port v0x9b4c36c60, 6338;
E_0x9b50e6d80/1584 .event anyedge, v0x9b4c36c60_6335, v0x9b4c36c60_6336, v0x9b4c36c60_6337, v0x9b4c36c60_6338;
v0x9b4c36c60_6339 .array/port v0x9b4c36c60, 6339;
v0x9b4c36c60_6340 .array/port v0x9b4c36c60, 6340;
v0x9b4c36c60_6341 .array/port v0x9b4c36c60, 6341;
v0x9b4c36c60_6342 .array/port v0x9b4c36c60, 6342;
E_0x9b50e6d80/1585 .event anyedge, v0x9b4c36c60_6339, v0x9b4c36c60_6340, v0x9b4c36c60_6341, v0x9b4c36c60_6342;
v0x9b4c36c60_6343 .array/port v0x9b4c36c60, 6343;
v0x9b4c36c60_6344 .array/port v0x9b4c36c60, 6344;
v0x9b4c36c60_6345 .array/port v0x9b4c36c60, 6345;
v0x9b4c36c60_6346 .array/port v0x9b4c36c60, 6346;
E_0x9b50e6d80/1586 .event anyedge, v0x9b4c36c60_6343, v0x9b4c36c60_6344, v0x9b4c36c60_6345, v0x9b4c36c60_6346;
v0x9b4c36c60_6347 .array/port v0x9b4c36c60, 6347;
v0x9b4c36c60_6348 .array/port v0x9b4c36c60, 6348;
v0x9b4c36c60_6349 .array/port v0x9b4c36c60, 6349;
v0x9b4c36c60_6350 .array/port v0x9b4c36c60, 6350;
E_0x9b50e6d80/1587 .event anyedge, v0x9b4c36c60_6347, v0x9b4c36c60_6348, v0x9b4c36c60_6349, v0x9b4c36c60_6350;
v0x9b4c36c60_6351 .array/port v0x9b4c36c60, 6351;
v0x9b4c36c60_6352 .array/port v0x9b4c36c60, 6352;
v0x9b4c36c60_6353 .array/port v0x9b4c36c60, 6353;
v0x9b4c36c60_6354 .array/port v0x9b4c36c60, 6354;
E_0x9b50e6d80/1588 .event anyedge, v0x9b4c36c60_6351, v0x9b4c36c60_6352, v0x9b4c36c60_6353, v0x9b4c36c60_6354;
v0x9b4c36c60_6355 .array/port v0x9b4c36c60, 6355;
v0x9b4c36c60_6356 .array/port v0x9b4c36c60, 6356;
v0x9b4c36c60_6357 .array/port v0x9b4c36c60, 6357;
v0x9b4c36c60_6358 .array/port v0x9b4c36c60, 6358;
E_0x9b50e6d80/1589 .event anyedge, v0x9b4c36c60_6355, v0x9b4c36c60_6356, v0x9b4c36c60_6357, v0x9b4c36c60_6358;
v0x9b4c36c60_6359 .array/port v0x9b4c36c60, 6359;
v0x9b4c36c60_6360 .array/port v0x9b4c36c60, 6360;
v0x9b4c36c60_6361 .array/port v0x9b4c36c60, 6361;
v0x9b4c36c60_6362 .array/port v0x9b4c36c60, 6362;
E_0x9b50e6d80/1590 .event anyedge, v0x9b4c36c60_6359, v0x9b4c36c60_6360, v0x9b4c36c60_6361, v0x9b4c36c60_6362;
v0x9b4c36c60_6363 .array/port v0x9b4c36c60, 6363;
v0x9b4c36c60_6364 .array/port v0x9b4c36c60, 6364;
v0x9b4c36c60_6365 .array/port v0x9b4c36c60, 6365;
v0x9b4c36c60_6366 .array/port v0x9b4c36c60, 6366;
E_0x9b50e6d80/1591 .event anyedge, v0x9b4c36c60_6363, v0x9b4c36c60_6364, v0x9b4c36c60_6365, v0x9b4c36c60_6366;
v0x9b4c36c60_6367 .array/port v0x9b4c36c60, 6367;
v0x9b4c36c60_6368 .array/port v0x9b4c36c60, 6368;
v0x9b4c36c60_6369 .array/port v0x9b4c36c60, 6369;
v0x9b4c36c60_6370 .array/port v0x9b4c36c60, 6370;
E_0x9b50e6d80/1592 .event anyedge, v0x9b4c36c60_6367, v0x9b4c36c60_6368, v0x9b4c36c60_6369, v0x9b4c36c60_6370;
v0x9b4c36c60_6371 .array/port v0x9b4c36c60, 6371;
v0x9b4c36c60_6372 .array/port v0x9b4c36c60, 6372;
v0x9b4c36c60_6373 .array/port v0x9b4c36c60, 6373;
v0x9b4c36c60_6374 .array/port v0x9b4c36c60, 6374;
E_0x9b50e6d80/1593 .event anyedge, v0x9b4c36c60_6371, v0x9b4c36c60_6372, v0x9b4c36c60_6373, v0x9b4c36c60_6374;
v0x9b4c36c60_6375 .array/port v0x9b4c36c60, 6375;
v0x9b4c36c60_6376 .array/port v0x9b4c36c60, 6376;
v0x9b4c36c60_6377 .array/port v0x9b4c36c60, 6377;
v0x9b4c36c60_6378 .array/port v0x9b4c36c60, 6378;
E_0x9b50e6d80/1594 .event anyedge, v0x9b4c36c60_6375, v0x9b4c36c60_6376, v0x9b4c36c60_6377, v0x9b4c36c60_6378;
v0x9b4c36c60_6379 .array/port v0x9b4c36c60, 6379;
v0x9b4c36c60_6380 .array/port v0x9b4c36c60, 6380;
v0x9b4c36c60_6381 .array/port v0x9b4c36c60, 6381;
v0x9b4c36c60_6382 .array/port v0x9b4c36c60, 6382;
E_0x9b50e6d80/1595 .event anyedge, v0x9b4c36c60_6379, v0x9b4c36c60_6380, v0x9b4c36c60_6381, v0x9b4c36c60_6382;
v0x9b4c36c60_6383 .array/port v0x9b4c36c60, 6383;
v0x9b4c36c60_6384 .array/port v0x9b4c36c60, 6384;
v0x9b4c36c60_6385 .array/port v0x9b4c36c60, 6385;
v0x9b4c36c60_6386 .array/port v0x9b4c36c60, 6386;
E_0x9b50e6d80/1596 .event anyedge, v0x9b4c36c60_6383, v0x9b4c36c60_6384, v0x9b4c36c60_6385, v0x9b4c36c60_6386;
v0x9b4c36c60_6387 .array/port v0x9b4c36c60, 6387;
v0x9b4c36c60_6388 .array/port v0x9b4c36c60, 6388;
v0x9b4c36c60_6389 .array/port v0x9b4c36c60, 6389;
v0x9b4c36c60_6390 .array/port v0x9b4c36c60, 6390;
E_0x9b50e6d80/1597 .event anyedge, v0x9b4c36c60_6387, v0x9b4c36c60_6388, v0x9b4c36c60_6389, v0x9b4c36c60_6390;
v0x9b4c36c60_6391 .array/port v0x9b4c36c60, 6391;
v0x9b4c36c60_6392 .array/port v0x9b4c36c60, 6392;
v0x9b4c36c60_6393 .array/port v0x9b4c36c60, 6393;
v0x9b4c36c60_6394 .array/port v0x9b4c36c60, 6394;
E_0x9b50e6d80/1598 .event anyedge, v0x9b4c36c60_6391, v0x9b4c36c60_6392, v0x9b4c36c60_6393, v0x9b4c36c60_6394;
v0x9b4c36c60_6395 .array/port v0x9b4c36c60, 6395;
v0x9b4c36c60_6396 .array/port v0x9b4c36c60, 6396;
v0x9b4c36c60_6397 .array/port v0x9b4c36c60, 6397;
v0x9b4c36c60_6398 .array/port v0x9b4c36c60, 6398;
E_0x9b50e6d80/1599 .event anyedge, v0x9b4c36c60_6395, v0x9b4c36c60_6396, v0x9b4c36c60_6397, v0x9b4c36c60_6398;
v0x9b4c36c60_6399 .array/port v0x9b4c36c60, 6399;
v0x9b4c36c60_6400 .array/port v0x9b4c36c60, 6400;
v0x9b4c36c60_6401 .array/port v0x9b4c36c60, 6401;
v0x9b4c36c60_6402 .array/port v0x9b4c36c60, 6402;
E_0x9b50e6d80/1600 .event anyedge, v0x9b4c36c60_6399, v0x9b4c36c60_6400, v0x9b4c36c60_6401, v0x9b4c36c60_6402;
v0x9b4c36c60_6403 .array/port v0x9b4c36c60, 6403;
v0x9b4c36c60_6404 .array/port v0x9b4c36c60, 6404;
v0x9b4c36c60_6405 .array/port v0x9b4c36c60, 6405;
v0x9b4c36c60_6406 .array/port v0x9b4c36c60, 6406;
E_0x9b50e6d80/1601 .event anyedge, v0x9b4c36c60_6403, v0x9b4c36c60_6404, v0x9b4c36c60_6405, v0x9b4c36c60_6406;
v0x9b4c36c60_6407 .array/port v0x9b4c36c60, 6407;
v0x9b4c36c60_6408 .array/port v0x9b4c36c60, 6408;
v0x9b4c36c60_6409 .array/port v0x9b4c36c60, 6409;
v0x9b4c36c60_6410 .array/port v0x9b4c36c60, 6410;
E_0x9b50e6d80/1602 .event anyedge, v0x9b4c36c60_6407, v0x9b4c36c60_6408, v0x9b4c36c60_6409, v0x9b4c36c60_6410;
v0x9b4c36c60_6411 .array/port v0x9b4c36c60, 6411;
v0x9b4c36c60_6412 .array/port v0x9b4c36c60, 6412;
v0x9b4c36c60_6413 .array/port v0x9b4c36c60, 6413;
v0x9b4c36c60_6414 .array/port v0x9b4c36c60, 6414;
E_0x9b50e6d80/1603 .event anyedge, v0x9b4c36c60_6411, v0x9b4c36c60_6412, v0x9b4c36c60_6413, v0x9b4c36c60_6414;
v0x9b4c36c60_6415 .array/port v0x9b4c36c60, 6415;
v0x9b4c36c60_6416 .array/port v0x9b4c36c60, 6416;
v0x9b4c36c60_6417 .array/port v0x9b4c36c60, 6417;
v0x9b4c36c60_6418 .array/port v0x9b4c36c60, 6418;
E_0x9b50e6d80/1604 .event anyedge, v0x9b4c36c60_6415, v0x9b4c36c60_6416, v0x9b4c36c60_6417, v0x9b4c36c60_6418;
v0x9b4c36c60_6419 .array/port v0x9b4c36c60, 6419;
v0x9b4c36c60_6420 .array/port v0x9b4c36c60, 6420;
v0x9b4c36c60_6421 .array/port v0x9b4c36c60, 6421;
v0x9b4c36c60_6422 .array/port v0x9b4c36c60, 6422;
E_0x9b50e6d80/1605 .event anyedge, v0x9b4c36c60_6419, v0x9b4c36c60_6420, v0x9b4c36c60_6421, v0x9b4c36c60_6422;
v0x9b4c36c60_6423 .array/port v0x9b4c36c60, 6423;
v0x9b4c36c60_6424 .array/port v0x9b4c36c60, 6424;
v0x9b4c36c60_6425 .array/port v0x9b4c36c60, 6425;
v0x9b4c36c60_6426 .array/port v0x9b4c36c60, 6426;
E_0x9b50e6d80/1606 .event anyedge, v0x9b4c36c60_6423, v0x9b4c36c60_6424, v0x9b4c36c60_6425, v0x9b4c36c60_6426;
v0x9b4c36c60_6427 .array/port v0x9b4c36c60, 6427;
v0x9b4c36c60_6428 .array/port v0x9b4c36c60, 6428;
v0x9b4c36c60_6429 .array/port v0x9b4c36c60, 6429;
v0x9b4c36c60_6430 .array/port v0x9b4c36c60, 6430;
E_0x9b50e6d80/1607 .event anyedge, v0x9b4c36c60_6427, v0x9b4c36c60_6428, v0x9b4c36c60_6429, v0x9b4c36c60_6430;
v0x9b4c36c60_6431 .array/port v0x9b4c36c60, 6431;
v0x9b4c36c60_6432 .array/port v0x9b4c36c60, 6432;
v0x9b4c36c60_6433 .array/port v0x9b4c36c60, 6433;
v0x9b4c36c60_6434 .array/port v0x9b4c36c60, 6434;
E_0x9b50e6d80/1608 .event anyedge, v0x9b4c36c60_6431, v0x9b4c36c60_6432, v0x9b4c36c60_6433, v0x9b4c36c60_6434;
v0x9b4c36c60_6435 .array/port v0x9b4c36c60, 6435;
v0x9b4c36c60_6436 .array/port v0x9b4c36c60, 6436;
v0x9b4c36c60_6437 .array/port v0x9b4c36c60, 6437;
v0x9b4c36c60_6438 .array/port v0x9b4c36c60, 6438;
E_0x9b50e6d80/1609 .event anyedge, v0x9b4c36c60_6435, v0x9b4c36c60_6436, v0x9b4c36c60_6437, v0x9b4c36c60_6438;
v0x9b4c36c60_6439 .array/port v0x9b4c36c60, 6439;
v0x9b4c36c60_6440 .array/port v0x9b4c36c60, 6440;
v0x9b4c36c60_6441 .array/port v0x9b4c36c60, 6441;
v0x9b4c36c60_6442 .array/port v0x9b4c36c60, 6442;
E_0x9b50e6d80/1610 .event anyedge, v0x9b4c36c60_6439, v0x9b4c36c60_6440, v0x9b4c36c60_6441, v0x9b4c36c60_6442;
v0x9b4c36c60_6443 .array/port v0x9b4c36c60, 6443;
v0x9b4c36c60_6444 .array/port v0x9b4c36c60, 6444;
v0x9b4c36c60_6445 .array/port v0x9b4c36c60, 6445;
v0x9b4c36c60_6446 .array/port v0x9b4c36c60, 6446;
E_0x9b50e6d80/1611 .event anyedge, v0x9b4c36c60_6443, v0x9b4c36c60_6444, v0x9b4c36c60_6445, v0x9b4c36c60_6446;
v0x9b4c36c60_6447 .array/port v0x9b4c36c60, 6447;
v0x9b4c36c60_6448 .array/port v0x9b4c36c60, 6448;
v0x9b4c36c60_6449 .array/port v0x9b4c36c60, 6449;
v0x9b4c36c60_6450 .array/port v0x9b4c36c60, 6450;
E_0x9b50e6d80/1612 .event anyedge, v0x9b4c36c60_6447, v0x9b4c36c60_6448, v0x9b4c36c60_6449, v0x9b4c36c60_6450;
v0x9b4c36c60_6451 .array/port v0x9b4c36c60, 6451;
v0x9b4c36c60_6452 .array/port v0x9b4c36c60, 6452;
v0x9b4c36c60_6453 .array/port v0x9b4c36c60, 6453;
v0x9b4c36c60_6454 .array/port v0x9b4c36c60, 6454;
E_0x9b50e6d80/1613 .event anyedge, v0x9b4c36c60_6451, v0x9b4c36c60_6452, v0x9b4c36c60_6453, v0x9b4c36c60_6454;
v0x9b4c36c60_6455 .array/port v0x9b4c36c60, 6455;
v0x9b4c36c60_6456 .array/port v0x9b4c36c60, 6456;
v0x9b4c36c60_6457 .array/port v0x9b4c36c60, 6457;
v0x9b4c36c60_6458 .array/port v0x9b4c36c60, 6458;
E_0x9b50e6d80/1614 .event anyedge, v0x9b4c36c60_6455, v0x9b4c36c60_6456, v0x9b4c36c60_6457, v0x9b4c36c60_6458;
v0x9b4c36c60_6459 .array/port v0x9b4c36c60, 6459;
v0x9b4c36c60_6460 .array/port v0x9b4c36c60, 6460;
v0x9b4c36c60_6461 .array/port v0x9b4c36c60, 6461;
v0x9b4c36c60_6462 .array/port v0x9b4c36c60, 6462;
E_0x9b50e6d80/1615 .event anyedge, v0x9b4c36c60_6459, v0x9b4c36c60_6460, v0x9b4c36c60_6461, v0x9b4c36c60_6462;
v0x9b4c36c60_6463 .array/port v0x9b4c36c60, 6463;
v0x9b4c36c60_6464 .array/port v0x9b4c36c60, 6464;
v0x9b4c36c60_6465 .array/port v0x9b4c36c60, 6465;
v0x9b4c36c60_6466 .array/port v0x9b4c36c60, 6466;
E_0x9b50e6d80/1616 .event anyedge, v0x9b4c36c60_6463, v0x9b4c36c60_6464, v0x9b4c36c60_6465, v0x9b4c36c60_6466;
v0x9b4c36c60_6467 .array/port v0x9b4c36c60, 6467;
v0x9b4c36c60_6468 .array/port v0x9b4c36c60, 6468;
v0x9b4c36c60_6469 .array/port v0x9b4c36c60, 6469;
v0x9b4c36c60_6470 .array/port v0x9b4c36c60, 6470;
E_0x9b50e6d80/1617 .event anyedge, v0x9b4c36c60_6467, v0x9b4c36c60_6468, v0x9b4c36c60_6469, v0x9b4c36c60_6470;
v0x9b4c36c60_6471 .array/port v0x9b4c36c60, 6471;
v0x9b4c36c60_6472 .array/port v0x9b4c36c60, 6472;
v0x9b4c36c60_6473 .array/port v0x9b4c36c60, 6473;
v0x9b4c36c60_6474 .array/port v0x9b4c36c60, 6474;
E_0x9b50e6d80/1618 .event anyedge, v0x9b4c36c60_6471, v0x9b4c36c60_6472, v0x9b4c36c60_6473, v0x9b4c36c60_6474;
v0x9b4c36c60_6475 .array/port v0x9b4c36c60, 6475;
v0x9b4c36c60_6476 .array/port v0x9b4c36c60, 6476;
v0x9b4c36c60_6477 .array/port v0x9b4c36c60, 6477;
v0x9b4c36c60_6478 .array/port v0x9b4c36c60, 6478;
E_0x9b50e6d80/1619 .event anyedge, v0x9b4c36c60_6475, v0x9b4c36c60_6476, v0x9b4c36c60_6477, v0x9b4c36c60_6478;
v0x9b4c36c60_6479 .array/port v0x9b4c36c60, 6479;
v0x9b4c36c60_6480 .array/port v0x9b4c36c60, 6480;
v0x9b4c36c60_6481 .array/port v0x9b4c36c60, 6481;
v0x9b4c36c60_6482 .array/port v0x9b4c36c60, 6482;
E_0x9b50e6d80/1620 .event anyedge, v0x9b4c36c60_6479, v0x9b4c36c60_6480, v0x9b4c36c60_6481, v0x9b4c36c60_6482;
v0x9b4c36c60_6483 .array/port v0x9b4c36c60, 6483;
v0x9b4c36c60_6484 .array/port v0x9b4c36c60, 6484;
v0x9b4c36c60_6485 .array/port v0x9b4c36c60, 6485;
v0x9b4c36c60_6486 .array/port v0x9b4c36c60, 6486;
E_0x9b50e6d80/1621 .event anyedge, v0x9b4c36c60_6483, v0x9b4c36c60_6484, v0x9b4c36c60_6485, v0x9b4c36c60_6486;
v0x9b4c36c60_6487 .array/port v0x9b4c36c60, 6487;
v0x9b4c36c60_6488 .array/port v0x9b4c36c60, 6488;
v0x9b4c36c60_6489 .array/port v0x9b4c36c60, 6489;
v0x9b4c36c60_6490 .array/port v0x9b4c36c60, 6490;
E_0x9b50e6d80/1622 .event anyedge, v0x9b4c36c60_6487, v0x9b4c36c60_6488, v0x9b4c36c60_6489, v0x9b4c36c60_6490;
v0x9b4c36c60_6491 .array/port v0x9b4c36c60, 6491;
v0x9b4c36c60_6492 .array/port v0x9b4c36c60, 6492;
v0x9b4c36c60_6493 .array/port v0x9b4c36c60, 6493;
v0x9b4c36c60_6494 .array/port v0x9b4c36c60, 6494;
E_0x9b50e6d80/1623 .event anyedge, v0x9b4c36c60_6491, v0x9b4c36c60_6492, v0x9b4c36c60_6493, v0x9b4c36c60_6494;
v0x9b4c36c60_6495 .array/port v0x9b4c36c60, 6495;
v0x9b4c36c60_6496 .array/port v0x9b4c36c60, 6496;
v0x9b4c36c60_6497 .array/port v0x9b4c36c60, 6497;
v0x9b4c36c60_6498 .array/port v0x9b4c36c60, 6498;
E_0x9b50e6d80/1624 .event anyedge, v0x9b4c36c60_6495, v0x9b4c36c60_6496, v0x9b4c36c60_6497, v0x9b4c36c60_6498;
v0x9b4c36c60_6499 .array/port v0x9b4c36c60, 6499;
v0x9b4c36c60_6500 .array/port v0x9b4c36c60, 6500;
v0x9b4c36c60_6501 .array/port v0x9b4c36c60, 6501;
v0x9b4c36c60_6502 .array/port v0x9b4c36c60, 6502;
E_0x9b50e6d80/1625 .event anyedge, v0x9b4c36c60_6499, v0x9b4c36c60_6500, v0x9b4c36c60_6501, v0x9b4c36c60_6502;
v0x9b4c36c60_6503 .array/port v0x9b4c36c60, 6503;
v0x9b4c36c60_6504 .array/port v0x9b4c36c60, 6504;
v0x9b4c36c60_6505 .array/port v0x9b4c36c60, 6505;
v0x9b4c36c60_6506 .array/port v0x9b4c36c60, 6506;
E_0x9b50e6d80/1626 .event anyedge, v0x9b4c36c60_6503, v0x9b4c36c60_6504, v0x9b4c36c60_6505, v0x9b4c36c60_6506;
v0x9b4c36c60_6507 .array/port v0x9b4c36c60, 6507;
v0x9b4c36c60_6508 .array/port v0x9b4c36c60, 6508;
v0x9b4c36c60_6509 .array/port v0x9b4c36c60, 6509;
v0x9b4c36c60_6510 .array/port v0x9b4c36c60, 6510;
E_0x9b50e6d80/1627 .event anyedge, v0x9b4c36c60_6507, v0x9b4c36c60_6508, v0x9b4c36c60_6509, v0x9b4c36c60_6510;
v0x9b4c36c60_6511 .array/port v0x9b4c36c60, 6511;
v0x9b4c36c60_6512 .array/port v0x9b4c36c60, 6512;
v0x9b4c36c60_6513 .array/port v0x9b4c36c60, 6513;
v0x9b4c36c60_6514 .array/port v0x9b4c36c60, 6514;
E_0x9b50e6d80/1628 .event anyedge, v0x9b4c36c60_6511, v0x9b4c36c60_6512, v0x9b4c36c60_6513, v0x9b4c36c60_6514;
v0x9b4c36c60_6515 .array/port v0x9b4c36c60, 6515;
v0x9b4c36c60_6516 .array/port v0x9b4c36c60, 6516;
v0x9b4c36c60_6517 .array/port v0x9b4c36c60, 6517;
v0x9b4c36c60_6518 .array/port v0x9b4c36c60, 6518;
E_0x9b50e6d80/1629 .event anyedge, v0x9b4c36c60_6515, v0x9b4c36c60_6516, v0x9b4c36c60_6517, v0x9b4c36c60_6518;
v0x9b4c36c60_6519 .array/port v0x9b4c36c60, 6519;
v0x9b4c36c60_6520 .array/port v0x9b4c36c60, 6520;
v0x9b4c36c60_6521 .array/port v0x9b4c36c60, 6521;
v0x9b4c36c60_6522 .array/port v0x9b4c36c60, 6522;
E_0x9b50e6d80/1630 .event anyedge, v0x9b4c36c60_6519, v0x9b4c36c60_6520, v0x9b4c36c60_6521, v0x9b4c36c60_6522;
v0x9b4c36c60_6523 .array/port v0x9b4c36c60, 6523;
v0x9b4c36c60_6524 .array/port v0x9b4c36c60, 6524;
v0x9b4c36c60_6525 .array/port v0x9b4c36c60, 6525;
v0x9b4c36c60_6526 .array/port v0x9b4c36c60, 6526;
E_0x9b50e6d80/1631 .event anyedge, v0x9b4c36c60_6523, v0x9b4c36c60_6524, v0x9b4c36c60_6525, v0x9b4c36c60_6526;
v0x9b4c36c60_6527 .array/port v0x9b4c36c60, 6527;
v0x9b4c36c60_6528 .array/port v0x9b4c36c60, 6528;
v0x9b4c36c60_6529 .array/port v0x9b4c36c60, 6529;
v0x9b4c36c60_6530 .array/port v0x9b4c36c60, 6530;
E_0x9b50e6d80/1632 .event anyedge, v0x9b4c36c60_6527, v0x9b4c36c60_6528, v0x9b4c36c60_6529, v0x9b4c36c60_6530;
v0x9b4c36c60_6531 .array/port v0x9b4c36c60, 6531;
v0x9b4c36c60_6532 .array/port v0x9b4c36c60, 6532;
v0x9b4c36c60_6533 .array/port v0x9b4c36c60, 6533;
v0x9b4c36c60_6534 .array/port v0x9b4c36c60, 6534;
E_0x9b50e6d80/1633 .event anyedge, v0x9b4c36c60_6531, v0x9b4c36c60_6532, v0x9b4c36c60_6533, v0x9b4c36c60_6534;
v0x9b4c36c60_6535 .array/port v0x9b4c36c60, 6535;
v0x9b4c36c60_6536 .array/port v0x9b4c36c60, 6536;
v0x9b4c36c60_6537 .array/port v0x9b4c36c60, 6537;
v0x9b4c36c60_6538 .array/port v0x9b4c36c60, 6538;
E_0x9b50e6d80/1634 .event anyedge, v0x9b4c36c60_6535, v0x9b4c36c60_6536, v0x9b4c36c60_6537, v0x9b4c36c60_6538;
v0x9b4c36c60_6539 .array/port v0x9b4c36c60, 6539;
v0x9b4c36c60_6540 .array/port v0x9b4c36c60, 6540;
v0x9b4c36c60_6541 .array/port v0x9b4c36c60, 6541;
v0x9b4c36c60_6542 .array/port v0x9b4c36c60, 6542;
E_0x9b50e6d80/1635 .event anyedge, v0x9b4c36c60_6539, v0x9b4c36c60_6540, v0x9b4c36c60_6541, v0x9b4c36c60_6542;
v0x9b4c36c60_6543 .array/port v0x9b4c36c60, 6543;
v0x9b4c36c60_6544 .array/port v0x9b4c36c60, 6544;
v0x9b4c36c60_6545 .array/port v0x9b4c36c60, 6545;
v0x9b4c36c60_6546 .array/port v0x9b4c36c60, 6546;
E_0x9b50e6d80/1636 .event anyedge, v0x9b4c36c60_6543, v0x9b4c36c60_6544, v0x9b4c36c60_6545, v0x9b4c36c60_6546;
v0x9b4c36c60_6547 .array/port v0x9b4c36c60, 6547;
v0x9b4c36c60_6548 .array/port v0x9b4c36c60, 6548;
v0x9b4c36c60_6549 .array/port v0x9b4c36c60, 6549;
v0x9b4c36c60_6550 .array/port v0x9b4c36c60, 6550;
E_0x9b50e6d80/1637 .event anyedge, v0x9b4c36c60_6547, v0x9b4c36c60_6548, v0x9b4c36c60_6549, v0x9b4c36c60_6550;
v0x9b4c36c60_6551 .array/port v0x9b4c36c60, 6551;
v0x9b4c36c60_6552 .array/port v0x9b4c36c60, 6552;
v0x9b4c36c60_6553 .array/port v0x9b4c36c60, 6553;
v0x9b4c36c60_6554 .array/port v0x9b4c36c60, 6554;
E_0x9b50e6d80/1638 .event anyedge, v0x9b4c36c60_6551, v0x9b4c36c60_6552, v0x9b4c36c60_6553, v0x9b4c36c60_6554;
v0x9b4c36c60_6555 .array/port v0x9b4c36c60, 6555;
v0x9b4c36c60_6556 .array/port v0x9b4c36c60, 6556;
v0x9b4c36c60_6557 .array/port v0x9b4c36c60, 6557;
v0x9b4c36c60_6558 .array/port v0x9b4c36c60, 6558;
E_0x9b50e6d80/1639 .event anyedge, v0x9b4c36c60_6555, v0x9b4c36c60_6556, v0x9b4c36c60_6557, v0x9b4c36c60_6558;
v0x9b4c36c60_6559 .array/port v0x9b4c36c60, 6559;
v0x9b4c36c60_6560 .array/port v0x9b4c36c60, 6560;
v0x9b4c36c60_6561 .array/port v0x9b4c36c60, 6561;
v0x9b4c36c60_6562 .array/port v0x9b4c36c60, 6562;
E_0x9b50e6d80/1640 .event anyedge, v0x9b4c36c60_6559, v0x9b4c36c60_6560, v0x9b4c36c60_6561, v0x9b4c36c60_6562;
v0x9b4c36c60_6563 .array/port v0x9b4c36c60, 6563;
v0x9b4c36c60_6564 .array/port v0x9b4c36c60, 6564;
v0x9b4c36c60_6565 .array/port v0x9b4c36c60, 6565;
v0x9b4c36c60_6566 .array/port v0x9b4c36c60, 6566;
E_0x9b50e6d80/1641 .event anyedge, v0x9b4c36c60_6563, v0x9b4c36c60_6564, v0x9b4c36c60_6565, v0x9b4c36c60_6566;
v0x9b4c36c60_6567 .array/port v0x9b4c36c60, 6567;
v0x9b4c36c60_6568 .array/port v0x9b4c36c60, 6568;
v0x9b4c36c60_6569 .array/port v0x9b4c36c60, 6569;
v0x9b4c36c60_6570 .array/port v0x9b4c36c60, 6570;
E_0x9b50e6d80/1642 .event anyedge, v0x9b4c36c60_6567, v0x9b4c36c60_6568, v0x9b4c36c60_6569, v0x9b4c36c60_6570;
v0x9b4c36c60_6571 .array/port v0x9b4c36c60, 6571;
v0x9b4c36c60_6572 .array/port v0x9b4c36c60, 6572;
v0x9b4c36c60_6573 .array/port v0x9b4c36c60, 6573;
v0x9b4c36c60_6574 .array/port v0x9b4c36c60, 6574;
E_0x9b50e6d80/1643 .event anyedge, v0x9b4c36c60_6571, v0x9b4c36c60_6572, v0x9b4c36c60_6573, v0x9b4c36c60_6574;
v0x9b4c36c60_6575 .array/port v0x9b4c36c60, 6575;
v0x9b4c36c60_6576 .array/port v0x9b4c36c60, 6576;
v0x9b4c36c60_6577 .array/port v0x9b4c36c60, 6577;
v0x9b4c36c60_6578 .array/port v0x9b4c36c60, 6578;
E_0x9b50e6d80/1644 .event anyedge, v0x9b4c36c60_6575, v0x9b4c36c60_6576, v0x9b4c36c60_6577, v0x9b4c36c60_6578;
v0x9b4c36c60_6579 .array/port v0x9b4c36c60, 6579;
v0x9b4c36c60_6580 .array/port v0x9b4c36c60, 6580;
v0x9b4c36c60_6581 .array/port v0x9b4c36c60, 6581;
v0x9b4c36c60_6582 .array/port v0x9b4c36c60, 6582;
E_0x9b50e6d80/1645 .event anyedge, v0x9b4c36c60_6579, v0x9b4c36c60_6580, v0x9b4c36c60_6581, v0x9b4c36c60_6582;
v0x9b4c36c60_6583 .array/port v0x9b4c36c60, 6583;
v0x9b4c36c60_6584 .array/port v0x9b4c36c60, 6584;
v0x9b4c36c60_6585 .array/port v0x9b4c36c60, 6585;
v0x9b4c36c60_6586 .array/port v0x9b4c36c60, 6586;
E_0x9b50e6d80/1646 .event anyedge, v0x9b4c36c60_6583, v0x9b4c36c60_6584, v0x9b4c36c60_6585, v0x9b4c36c60_6586;
v0x9b4c36c60_6587 .array/port v0x9b4c36c60, 6587;
v0x9b4c36c60_6588 .array/port v0x9b4c36c60, 6588;
v0x9b4c36c60_6589 .array/port v0x9b4c36c60, 6589;
v0x9b4c36c60_6590 .array/port v0x9b4c36c60, 6590;
E_0x9b50e6d80/1647 .event anyedge, v0x9b4c36c60_6587, v0x9b4c36c60_6588, v0x9b4c36c60_6589, v0x9b4c36c60_6590;
v0x9b4c36c60_6591 .array/port v0x9b4c36c60, 6591;
v0x9b4c36c60_6592 .array/port v0x9b4c36c60, 6592;
v0x9b4c36c60_6593 .array/port v0x9b4c36c60, 6593;
v0x9b4c36c60_6594 .array/port v0x9b4c36c60, 6594;
E_0x9b50e6d80/1648 .event anyedge, v0x9b4c36c60_6591, v0x9b4c36c60_6592, v0x9b4c36c60_6593, v0x9b4c36c60_6594;
v0x9b4c36c60_6595 .array/port v0x9b4c36c60, 6595;
v0x9b4c36c60_6596 .array/port v0x9b4c36c60, 6596;
v0x9b4c36c60_6597 .array/port v0x9b4c36c60, 6597;
v0x9b4c36c60_6598 .array/port v0x9b4c36c60, 6598;
E_0x9b50e6d80/1649 .event anyedge, v0x9b4c36c60_6595, v0x9b4c36c60_6596, v0x9b4c36c60_6597, v0x9b4c36c60_6598;
v0x9b4c36c60_6599 .array/port v0x9b4c36c60, 6599;
v0x9b4c36c60_6600 .array/port v0x9b4c36c60, 6600;
v0x9b4c36c60_6601 .array/port v0x9b4c36c60, 6601;
v0x9b4c36c60_6602 .array/port v0x9b4c36c60, 6602;
E_0x9b50e6d80/1650 .event anyedge, v0x9b4c36c60_6599, v0x9b4c36c60_6600, v0x9b4c36c60_6601, v0x9b4c36c60_6602;
v0x9b4c36c60_6603 .array/port v0x9b4c36c60, 6603;
v0x9b4c36c60_6604 .array/port v0x9b4c36c60, 6604;
v0x9b4c36c60_6605 .array/port v0x9b4c36c60, 6605;
v0x9b4c36c60_6606 .array/port v0x9b4c36c60, 6606;
E_0x9b50e6d80/1651 .event anyedge, v0x9b4c36c60_6603, v0x9b4c36c60_6604, v0x9b4c36c60_6605, v0x9b4c36c60_6606;
v0x9b4c36c60_6607 .array/port v0x9b4c36c60, 6607;
v0x9b4c36c60_6608 .array/port v0x9b4c36c60, 6608;
v0x9b4c36c60_6609 .array/port v0x9b4c36c60, 6609;
v0x9b4c36c60_6610 .array/port v0x9b4c36c60, 6610;
E_0x9b50e6d80/1652 .event anyedge, v0x9b4c36c60_6607, v0x9b4c36c60_6608, v0x9b4c36c60_6609, v0x9b4c36c60_6610;
v0x9b4c36c60_6611 .array/port v0x9b4c36c60, 6611;
v0x9b4c36c60_6612 .array/port v0x9b4c36c60, 6612;
v0x9b4c36c60_6613 .array/port v0x9b4c36c60, 6613;
v0x9b4c36c60_6614 .array/port v0x9b4c36c60, 6614;
E_0x9b50e6d80/1653 .event anyedge, v0x9b4c36c60_6611, v0x9b4c36c60_6612, v0x9b4c36c60_6613, v0x9b4c36c60_6614;
v0x9b4c36c60_6615 .array/port v0x9b4c36c60, 6615;
v0x9b4c36c60_6616 .array/port v0x9b4c36c60, 6616;
v0x9b4c36c60_6617 .array/port v0x9b4c36c60, 6617;
v0x9b4c36c60_6618 .array/port v0x9b4c36c60, 6618;
E_0x9b50e6d80/1654 .event anyedge, v0x9b4c36c60_6615, v0x9b4c36c60_6616, v0x9b4c36c60_6617, v0x9b4c36c60_6618;
v0x9b4c36c60_6619 .array/port v0x9b4c36c60, 6619;
v0x9b4c36c60_6620 .array/port v0x9b4c36c60, 6620;
v0x9b4c36c60_6621 .array/port v0x9b4c36c60, 6621;
v0x9b4c36c60_6622 .array/port v0x9b4c36c60, 6622;
E_0x9b50e6d80/1655 .event anyedge, v0x9b4c36c60_6619, v0x9b4c36c60_6620, v0x9b4c36c60_6621, v0x9b4c36c60_6622;
v0x9b4c36c60_6623 .array/port v0x9b4c36c60, 6623;
v0x9b4c36c60_6624 .array/port v0x9b4c36c60, 6624;
v0x9b4c36c60_6625 .array/port v0x9b4c36c60, 6625;
v0x9b4c36c60_6626 .array/port v0x9b4c36c60, 6626;
E_0x9b50e6d80/1656 .event anyedge, v0x9b4c36c60_6623, v0x9b4c36c60_6624, v0x9b4c36c60_6625, v0x9b4c36c60_6626;
v0x9b4c36c60_6627 .array/port v0x9b4c36c60, 6627;
v0x9b4c36c60_6628 .array/port v0x9b4c36c60, 6628;
v0x9b4c36c60_6629 .array/port v0x9b4c36c60, 6629;
v0x9b4c36c60_6630 .array/port v0x9b4c36c60, 6630;
E_0x9b50e6d80/1657 .event anyedge, v0x9b4c36c60_6627, v0x9b4c36c60_6628, v0x9b4c36c60_6629, v0x9b4c36c60_6630;
v0x9b4c36c60_6631 .array/port v0x9b4c36c60, 6631;
v0x9b4c36c60_6632 .array/port v0x9b4c36c60, 6632;
v0x9b4c36c60_6633 .array/port v0x9b4c36c60, 6633;
v0x9b4c36c60_6634 .array/port v0x9b4c36c60, 6634;
E_0x9b50e6d80/1658 .event anyedge, v0x9b4c36c60_6631, v0x9b4c36c60_6632, v0x9b4c36c60_6633, v0x9b4c36c60_6634;
v0x9b4c36c60_6635 .array/port v0x9b4c36c60, 6635;
v0x9b4c36c60_6636 .array/port v0x9b4c36c60, 6636;
v0x9b4c36c60_6637 .array/port v0x9b4c36c60, 6637;
v0x9b4c36c60_6638 .array/port v0x9b4c36c60, 6638;
E_0x9b50e6d80/1659 .event anyedge, v0x9b4c36c60_6635, v0x9b4c36c60_6636, v0x9b4c36c60_6637, v0x9b4c36c60_6638;
v0x9b4c36c60_6639 .array/port v0x9b4c36c60, 6639;
v0x9b4c36c60_6640 .array/port v0x9b4c36c60, 6640;
v0x9b4c36c60_6641 .array/port v0x9b4c36c60, 6641;
v0x9b4c36c60_6642 .array/port v0x9b4c36c60, 6642;
E_0x9b50e6d80/1660 .event anyedge, v0x9b4c36c60_6639, v0x9b4c36c60_6640, v0x9b4c36c60_6641, v0x9b4c36c60_6642;
v0x9b4c36c60_6643 .array/port v0x9b4c36c60, 6643;
v0x9b4c36c60_6644 .array/port v0x9b4c36c60, 6644;
v0x9b4c36c60_6645 .array/port v0x9b4c36c60, 6645;
v0x9b4c36c60_6646 .array/port v0x9b4c36c60, 6646;
E_0x9b50e6d80/1661 .event anyedge, v0x9b4c36c60_6643, v0x9b4c36c60_6644, v0x9b4c36c60_6645, v0x9b4c36c60_6646;
v0x9b4c36c60_6647 .array/port v0x9b4c36c60, 6647;
v0x9b4c36c60_6648 .array/port v0x9b4c36c60, 6648;
v0x9b4c36c60_6649 .array/port v0x9b4c36c60, 6649;
v0x9b4c36c60_6650 .array/port v0x9b4c36c60, 6650;
E_0x9b50e6d80/1662 .event anyedge, v0x9b4c36c60_6647, v0x9b4c36c60_6648, v0x9b4c36c60_6649, v0x9b4c36c60_6650;
v0x9b4c36c60_6651 .array/port v0x9b4c36c60, 6651;
v0x9b4c36c60_6652 .array/port v0x9b4c36c60, 6652;
v0x9b4c36c60_6653 .array/port v0x9b4c36c60, 6653;
v0x9b4c36c60_6654 .array/port v0x9b4c36c60, 6654;
E_0x9b50e6d80/1663 .event anyedge, v0x9b4c36c60_6651, v0x9b4c36c60_6652, v0x9b4c36c60_6653, v0x9b4c36c60_6654;
v0x9b4c36c60_6655 .array/port v0x9b4c36c60, 6655;
v0x9b4c36c60_6656 .array/port v0x9b4c36c60, 6656;
v0x9b4c36c60_6657 .array/port v0x9b4c36c60, 6657;
v0x9b4c36c60_6658 .array/port v0x9b4c36c60, 6658;
E_0x9b50e6d80/1664 .event anyedge, v0x9b4c36c60_6655, v0x9b4c36c60_6656, v0x9b4c36c60_6657, v0x9b4c36c60_6658;
v0x9b4c36c60_6659 .array/port v0x9b4c36c60, 6659;
v0x9b4c36c60_6660 .array/port v0x9b4c36c60, 6660;
v0x9b4c36c60_6661 .array/port v0x9b4c36c60, 6661;
v0x9b4c36c60_6662 .array/port v0x9b4c36c60, 6662;
E_0x9b50e6d80/1665 .event anyedge, v0x9b4c36c60_6659, v0x9b4c36c60_6660, v0x9b4c36c60_6661, v0x9b4c36c60_6662;
v0x9b4c36c60_6663 .array/port v0x9b4c36c60, 6663;
v0x9b4c36c60_6664 .array/port v0x9b4c36c60, 6664;
v0x9b4c36c60_6665 .array/port v0x9b4c36c60, 6665;
v0x9b4c36c60_6666 .array/port v0x9b4c36c60, 6666;
E_0x9b50e6d80/1666 .event anyedge, v0x9b4c36c60_6663, v0x9b4c36c60_6664, v0x9b4c36c60_6665, v0x9b4c36c60_6666;
v0x9b4c36c60_6667 .array/port v0x9b4c36c60, 6667;
v0x9b4c36c60_6668 .array/port v0x9b4c36c60, 6668;
v0x9b4c36c60_6669 .array/port v0x9b4c36c60, 6669;
v0x9b4c36c60_6670 .array/port v0x9b4c36c60, 6670;
E_0x9b50e6d80/1667 .event anyedge, v0x9b4c36c60_6667, v0x9b4c36c60_6668, v0x9b4c36c60_6669, v0x9b4c36c60_6670;
v0x9b4c36c60_6671 .array/port v0x9b4c36c60, 6671;
v0x9b4c36c60_6672 .array/port v0x9b4c36c60, 6672;
v0x9b4c36c60_6673 .array/port v0x9b4c36c60, 6673;
v0x9b4c36c60_6674 .array/port v0x9b4c36c60, 6674;
E_0x9b50e6d80/1668 .event anyedge, v0x9b4c36c60_6671, v0x9b4c36c60_6672, v0x9b4c36c60_6673, v0x9b4c36c60_6674;
v0x9b4c36c60_6675 .array/port v0x9b4c36c60, 6675;
v0x9b4c36c60_6676 .array/port v0x9b4c36c60, 6676;
v0x9b4c36c60_6677 .array/port v0x9b4c36c60, 6677;
v0x9b4c36c60_6678 .array/port v0x9b4c36c60, 6678;
E_0x9b50e6d80/1669 .event anyedge, v0x9b4c36c60_6675, v0x9b4c36c60_6676, v0x9b4c36c60_6677, v0x9b4c36c60_6678;
v0x9b4c36c60_6679 .array/port v0x9b4c36c60, 6679;
v0x9b4c36c60_6680 .array/port v0x9b4c36c60, 6680;
v0x9b4c36c60_6681 .array/port v0x9b4c36c60, 6681;
v0x9b4c36c60_6682 .array/port v0x9b4c36c60, 6682;
E_0x9b50e6d80/1670 .event anyedge, v0x9b4c36c60_6679, v0x9b4c36c60_6680, v0x9b4c36c60_6681, v0x9b4c36c60_6682;
v0x9b4c36c60_6683 .array/port v0x9b4c36c60, 6683;
v0x9b4c36c60_6684 .array/port v0x9b4c36c60, 6684;
v0x9b4c36c60_6685 .array/port v0x9b4c36c60, 6685;
v0x9b4c36c60_6686 .array/port v0x9b4c36c60, 6686;
E_0x9b50e6d80/1671 .event anyedge, v0x9b4c36c60_6683, v0x9b4c36c60_6684, v0x9b4c36c60_6685, v0x9b4c36c60_6686;
v0x9b4c36c60_6687 .array/port v0x9b4c36c60, 6687;
v0x9b4c36c60_6688 .array/port v0x9b4c36c60, 6688;
v0x9b4c36c60_6689 .array/port v0x9b4c36c60, 6689;
v0x9b4c36c60_6690 .array/port v0x9b4c36c60, 6690;
E_0x9b50e6d80/1672 .event anyedge, v0x9b4c36c60_6687, v0x9b4c36c60_6688, v0x9b4c36c60_6689, v0x9b4c36c60_6690;
v0x9b4c36c60_6691 .array/port v0x9b4c36c60, 6691;
v0x9b4c36c60_6692 .array/port v0x9b4c36c60, 6692;
v0x9b4c36c60_6693 .array/port v0x9b4c36c60, 6693;
v0x9b4c36c60_6694 .array/port v0x9b4c36c60, 6694;
E_0x9b50e6d80/1673 .event anyedge, v0x9b4c36c60_6691, v0x9b4c36c60_6692, v0x9b4c36c60_6693, v0x9b4c36c60_6694;
v0x9b4c36c60_6695 .array/port v0x9b4c36c60, 6695;
v0x9b4c36c60_6696 .array/port v0x9b4c36c60, 6696;
v0x9b4c36c60_6697 .array/port v0x9b4c36c60, 6697;
v0x9b4c36c60_6698 .array/port v0x9b4c36c60, 6698;
E_0x9b50e6d80/1674 .event anyedge, v0x9b4c36c60_6695, v0x9b4c36c60_6696, v0x9b4c36c60_6697, v0x9b4c36c60_6698;
v0x9b4c36c60_6699 .array/port v0x9b4c36c60, 6699;
v0x9b4c36c60_6700 .array/port v0x9b4c36c60, 6700;
v0x9b4c36c60_6701 .array/port v0x9b4c36c60, 6701;
v0x9b4c36c60_6702 .array/port v0x9b4c36c60, 6702;
E_0x9b50e6d80/1675 .event anyedge, v0x9b4c36c60_6699, v0x9b4c36c60_6700, v0x9b4c36c60_6701, v0x9b4c36c60_6702;
v0x9b4c36c60_6703 .array/port v0x9b4c36c60, 6703;
v0x9b4c36c60_6704 .array/port v0x9b4c36c60, 6704;
v0x9b4c36c60_6705 .array/port v0x9b4c36c60, 6705;
v0x9b4c36c60_6706 .array/port v0x9b4c36c60, 6706;
E_0x9b50e6d80/1676 .event anyedge, v0x9b4c36c60_6703, v0x9b4c36c60_6704, v0x9b4c36c60_6705, v0x9b4c36c60_6706;
v0x9b4c36c60_6707 .array/port v0x9b4c36c60, 6707;
v0x9b4c36c60_6708 .array/port v0x9b4c36c60, 6708;
v0x9b4c36c60_6709 .array/port v0x9b4c36c60, 6709;
v0x9b4c36c60_6710 .array/port v0x9b4c36c60, 6710;
E_0x9b50e6d80/1677 .event anyedge, v0x9b4c36c60_6707, v0x9b4c36c60_6708, v0x9b4c36c60_6709, v0x9b4c36c60_6710;
v0x9b4c36c60_6711 .array/port v0x9b4c36c60, 6711;
v0x9b4c36c60_6712 .array/port v0x9b4c36c60, 6712;
v0x9b4c36c60_6713 .array/port v0x9b4c36c60, 6713;
v0x9b4c36c60_6714 .array/port v0x9b4c36c60, 6714;
E_0x9b50e6d80/1678 .event anyedge, v0x9b4c36c60_6711, v0x9b4c36c60_6712, v0x9b4c36c60_6713, v0x9b4c36c60_6714;
v0x9b4c36c60_6715 .array/port v0x9b4c36c60, 6715;
v0x9b4c36c60_6716 .array/port v0x9b4c36c60, 6716;
v0x9b4c36c60_6717 .array/port v0x9b4c36c60, 6717;
v0x9b4c36c60_6718 .array/port v0x9b4c36c60, 6718;
E_0x9b50e6d80/1679 .event anyedge, v0x9b4c36c60_6715, v0x9b4c36c60_6716, v0x9b4c36c60_6717, v0x9b4c36c60_6718;
v0x9b4c36c60_6719 .array/port v0x9b4c36c60, 6719;
v0x9b4c36c60_6720 .array/port v0x9b4c36c60, 6720;
v0x9b4c36c60_6721 .array/port v0x9b4c36c60, 6721;
v0x9b4c36c60_6722 .array/port v0x9b4c36c60, 6722;
E_0x9b50e6d80/1680 .event anyedge, v0x9b4c36c60_6719, v0x9b4c36c60_6720, v0x9b4c36c60_6721, v0x9b4c36c60_6722;
v0x9b4c36c60_6723 .array/port v0x9b4c36c60, 6723;
v0x9b4c36c60_6724 .array/port v0x9b4c36c60, 6724;
v0x9b4c36c60_6725 .array/port v0x9b4c36c60, 6725;
v0x9b4c36c60_6726 .array/port v0x9b4c36c60, 6726;
E_0x9b50e6d80/1681 .event anyedge, v0x9b4c36c60_6723, v0x9b4c36c60_6724, v0x9b4c36c60_6725, v0x9b4c36c60_6726;
v0x9b4c36c60_6727 .array/port v0x9b4c36c60, 6727;
v0x9b4c36c60_6728 .array/port v0x9b4c36c60, 6728;
v0x9b4c36c60_6729 .array/port v0x9b4c36c60, 6729;
v0x9b4c36c60_6730 .array/port v0x9b4c36c60, 6730;
E_0x9b50e6d80/1682 .event anyedge, v0x9b4c36c60_6727, v0x9b4c36c60_6728, v0x9b4c36c60_6729, v0x9b4c36c60_6730;
v0x9b4c36c60_6731 .array/port v0x9b4c36c60, 6731;
v0x9b4c36c60_6732 .array/port v0x9b4c36c60, 6732;
v0x9b4c36c60_6733 .array/port v0x9b4c36c60, 6733;
v0x9b4c36c60_6734 .array/port v0x9b4c36c60, 6734;
E_0x9b50e6d80/1683 .event anyedge, v0x9b4c36c60_6731, v0x9b4c36c60_6732, v0x9b4c36c60_6733, v0x9b4c36c60_6734;
v0x9b4c36c60_6735 .array/port v0x9b4c36c60, 6735;
v0x9b4c36c60_6736 .array/port v0x9b4c36c60, 6736;
v0x9b4c36c60_6737 .array/port v0x9b4c36c60, 6737;
v0x9b4c36c60_6738 .array/port v0x9b4c36c60, 6738;
E_0x9b50e6d80/1684 .event anyedge, v0x9b4c36c60_6735, v0x9b4c36c60_6736, v0x9b4c36c60_6737, v0x9b4c36c60_6738;
v0x9b4c36c60_6739 .array/port v0x9b4c36c60, 6739;
v0x9b4c36c60_6740 .array/port v0x9b4c36c60, 6740;
v0x9b4c36c60_6741 .array/port v0x9b4c36c60, 6741;
v0x9b4c36c60_6742 .array/port v0x9b4c36c60, 6742;
E_0x9b50e6d80/1685 .event anyedge, v0x9b4c36c60_6739, v0x9b4c36c60_6740, v0x9b4c36c60_6741, v0x9b4c36c60_6742;
v0x9b4c36c60_6743 .array/port v0x9b4c36c60, 6743;
v0x9b4c36c60_6744 .array/port v0x9b4c36c60, 6744;
v0x9b4c36c60_6745 .array/port v0x9b4c36c60, 6745;
v0x9b4c36c60_6746 .array/port v0x9b4c36c60, 6746;
E_0x9b50e6d80/1686 .event anyedge, v0x9b4c36c60_6743, v0x9b4c36c60_6744, v0x9b4c36c60_6745, v0x9b4c36c60_6746;
v0x9b4c36c60_6747 .array/port v0x9b4c36c60, 6747;
v0x9b4c36c60_6748 .array/port v0x9b4c36c60, 6748;
v0x9b4c36c60_6749 .array/port v0x9b4c36c60, 6749;
v0x9b4c36c60_6750 .array/port v0x9b4c36c60, 6750;
E_0x9b50e6d80/1687 .event anyedge, v0x9b4c36c60_6747, v0x9b4c36c60_6748, v0x9b4c36c60_6749, v0x9b4c36c60_6750;
v0x9b4c36c60_6751 .array/port v0x9b4c36c60, 6751;
v0x9b4c36c60_6752 .array/port v0x9b4c36c60, 6752;
v0x9b4c36c60_6753 .array/port v0x9b4c36c60, 6753;
v0x9b4c36c60_6754 .array/port v0x9b4c36c60, 6754;
E_0x9b50e6d80/1688 .event anyedge, v0x9b4c36c60_6751, v0x9b4c36c60_6752, v0x9b4c36c60_6753, v0x9b4c36c60_6754;
v0x9b4c36c60_6755 .array/port v0x9b4c36c60, 6755;
v0x9b4c36c60_6756 .array/port v0x9b4c36c60, 6756;
v0x9b4c36c60_6757 .array/port v0x9b4c36c60, 6757;
v0x9b4c36c60_6758 .array/port v0x9b4c36c60, 6758;
E_0x9b50e6d80/1689 .event anyedge, v0x9b4c36c60_6755, v0x9b4c36c60_6756, v0x9b4c36c60_6757, v0x9b4c36c60_6758;
v0x9b4c36c60_6759 .array/port v0x9b4c36c60, 6759;
v0x9b4c36c60_6760 .array/port v0x9b4c36c60, 6760;
v0x9b4c36c60_6761 .array/port v0x9b4c36c60, 6761;
v0x9b4c36c60_6762 .array/port v0x9b4c36c60, 6762;
E_0x9b50e6d80/1690 .event anyedge, v0x9b4c36c60_6759, v0x9b4c36c60_6760, v0x9b4c36c60_6761, v0x9b4c36c60_6762;
v0x9b4c36c60_6763 .array/port v0x9b4c36c60, 6763;
v0x9b4c36c60_6764 .array/port v0x9b4c36c60, 6764;
v0x9b4c36c60_6765 .array/port v0x9b4c36c60, 6765;
v0x9b4c36c60_6766 .array/port v0x9b4c36c60, 6766;
E_0x9b50e6d80/1691 .event anyedge, v0x9b4c36c60_6763, v0x9b4c36c60_6764, v0x9b4c36c60_6765, v0x9b4c36c60_6766;
v0x9b4c36c60_6767 .array/port v0x9b4c36c60, 6767;
v0x9b4c36c60_6768 .array/port v0x9b4c36c60, 6768;
v0x9b4c36c60_6769 .array/port v0x9b4c36c60, 6769;
v0x9b4c36c60_6770 .array/port v0x9b4c36c60, 6770;
E_0x9b50e6d80/1692 .event anyedge, v0x9b4c36c60_6767, v0x9b4c36c60_6768, v0x9b4c36c60_6769, v0x9b4c36c60_6770;
v0x9b4c36c60_6771 .array/port v0x9b4c36c60, 6771;
v0x9b4c36c60_6772 .array/port v0x9b4c36c60, 6772;
v0x9b4c36c60_6773 .array/port v0x9b4c36c60, 6773;
v0x9b4c36c60_6774 .array/port v0x9b4c36c60, 6774;
E_0x9b50e6d80/1693 .event anyedge, v0x9b4c36c60_6771, v0x9b4c36c60_6772, v0x9b4c36c60_6773, v0x9b4c36c60_6774;
v0x9b4c36c60_6775 .array/port v0x9b4c36c60, 6775;
v0x9b4c36c60_6776 .array/port v0x9b4c36c60, 6776;
v0x9b4c36c60_6777 .array/port v0x9b4c36c60, 6777;
v0x9b4c36c60_6778 .array/port v0x9b4c36c60, 6778;
E_0x9b50e6d80/1694 .event anyedge, v0x9b4c36c60_6775, v0x9b4c36c60_6776, v0x9b4c36c60_6777, v0x9b4c36c60_6778;
v0x9b4c36c60_6779 .array/port v0x9b4c36c60, 6779;
v0x9b4c36c60_6780 .array/port v0x9b4c36c60, 6780;
v0x9b4c36c60_6781 .array/port v0x9b4c36c60, 6781;
v0x9b4c36c60_6782 .array/port v0x9b4c36c60, 6782;
E_0x9b50e6d80/1695 .event anyedge, v0x9b4c36c60_6779, v0x9b4c36c60_6780, v0x9b4c36c60_6781, v0x9b4c36c60_6782;
v0x9b4c36c60_6783 .array/port v0x9b4c36c60, 6783;
v0x9b4c36c60_6784 .array/port v0x9b4c36c60, 6784;
v0x9b4c36c60_6785 .array/port v0x9b4c36c60, 6785;
v0x9b4c36c60_6786 .array/port v0x9b4c36c60, 6786;
E_0x9b50e6d80/1696 .event anyedge, v0x9b4c36c60_6783, v0x9b4c36c60_6784, v0x9b4c36c60_6785, v0x9b4c36c60_6786;
v0x9b4c36c60_6787 .array/port v0x9b4c36c60, 6787;
v0x9b4c36c60_6788 .array/port v0x9b4c36c60, 6788;
v0x9b4c36c60_6789 .array/port v0x9b4c36c60, 6789;
v0x9b4c36c60_6790 .array/port v0x9b4c36c60, 6790;
E_0x9b50e6d80/1697 .event anyedge, v0x9b4c36c60_6787, v0x9b4c36c60_6788, v0x9b4c36c60_6789, v0x9b4c36c60_6790;
v0x9b4c36c60_6791 .array/port v0x9b4c36c60, 6791;
v0x9b4c36c60_6792 .array/port v0x9b4c36c60, 6792;
v0x9b4c36c60_6793 .array/port v0x9b4c36c60, 6793;
v0x9b4c36c60_6794 .array/port v0x9b4c36c60, 6794;
E_0x9b50e6d80/1698 .event anyedge, v0x9b4c36c60_6791, v0x9b4c36c60_6792, v0x9b4c36c60_6793, v0x9b4c36c60_6794;
v0x9b4c36c60_6795 .array/port v0x9b4c36c60, 6795;
v0x9b4c36c60_6796 .array/port v0x9b4c36c60, 6796;
v0x9b4c36c60_6797 .array/port v0x9b4c36c60, 6797;
v0x9b4c36c60_6798 .array/port v0x9b4c36c60, 6798;
E_0x9b50e6d80/1699 .event anyedge, v0x9b4c36c60_6795, v0x9b4c36c60_6796, v0x9b4c36c60_6797, v0x9b4c36c60_6798;
v0x9b4c36c60_6799 .array/port v0x9b4c36c60, 6799;
v0x9b4c36c60_6800 .array/port v0x9b4c36c60, 6800;
v0x9b4c36c60_6801 .array/port v0x9b4c36c60, 6801;
v0x9b4c36c60_6802 .array/port v0x9b4c36c60, 6802;
E_0x9b50e6d80/1700 .event anyedge, v0x9b4c36c60_6799, v0x9b4c36c60_6800, v0x9b4c36c60_6801, v0x9b4c36c60_6802;
v0x9b4c36c60_6803 .array/port v0x9b4c36c60, 6803;
v0x9b4c36c60_6804 .array/port v0x9b4c36c60, 6804;
v0x9b4c36c60_6805 .array/port v0x9b4c36c60, 6805;
v0x9b4c36c60_6806 .array/port v0x9b4c36c60, 6806;
E_0x9b50e6d80/1701 .event anyedge, v0x9b4c36c60_6803, v0x9b4c36c60_6804, v0x9b4c36c60_6805, v0x9b4c36c60_6806;
v0x9b4c36c60_6807 .array/port v0x9b4c36c60, 6807;
v0x9b4c36c60_6808 .array/port v0x9b4c36c60, 6808;
v0x9b4c36c60_6809 .array/port v0x9b4c36c60, 6809;
v0x9b4c36c60_6810 .array/port v0x9b4c36c60, 6810;
E_0x9b50e6d80/1702 .event anyedge, v0x9b4c36c60_6807, v0x9b4c36c60_6808, v0x9b4c36c60_6809, v0x9b4c36c60_6810;
v0x9b4c36c60_6811 .array/port v0x9b4c36c60, 6811;
v0x9b4c36c60_6812 .array/port v0x9b4c36c60, 6812;
v0x9b4c36c60_6813 .array/port v0x9b4c36c60, 6813;
v0x9b4c36c60_6814 .array/port v0x9b4c36c60, 6814;
E_0x9b50e6d80/1703 .event anyedge, v0x9b4c36c60_6811, v0x9b4c36c60_6812, v0x9b4c36c60_6813, v0x9b4c36c60_6814;
v0x9b4c36c60_6815 .array/port v0x9b4c36c60, 6815;
v0x9b4c36c60_6816 .array/port v0x9b4c36c60, 6816;
v0x9b4c36c60_6817 .array/port v0x9b4c36c60, 6817;
v0x9b4c36c60_6818 .array/port v0x9b4c36c60, 6818;
E_0x9b50e6d80/1704 .event anyedge, v0x9b4c36c60_6815, v0x9b4c36c60_6816, v0x9b4c36c60_6817, v0x9b4c36c60_6818;
v0x9b4c36c60_6819 .array/port v0x9b4c36c60, 6819;
v0x9b4c36c60_6820 .array/port v0x9b4c36c60, 6820;
v0x9b4c36c60_6821 .array/port v0x9b4c36c60, 6821;
v0x9b4c36c60_6822 .array/port v0x9b4c36c60, 6822;
E_0x9b50e6d80/1705 .event anyedge, v0x9b4c36c60_6819, v0x9b4c36c60_6820, v0x9b4c36c60_6821, v0x9b4c36c60_6822;
v0x9b4c36c60_6823 .array/port v0x9b4c36c60, 6823;
v0x9b4c36c60_6824 .array/port v0x9b4c36c60, 6824;
v0x9b4c36c60_6825 .array/port v0x9b4c36c60, 6825;
v0x9b4c36c60_6826 .array/port v0x9b4c36c60, 6826;
E_0x9b50e6d80/1706 .event anyedge, v0x9b4c36c60_6823, v0x9b4c36c60_6824, v0x9b4c36c60_6825, v0x9b4c36c60_6826;
v0x9b4c36c60_6827 .array/port v0x9b4c36c60, 6827;
v0x9b4c36c60_6828 .array/port v0x9b4c36c60, 6828;
v0x9b4c36c60_6829 .array/port v0x9b4c36c60, 6829;
v0x9b4c36c60_6830 .array/port v0x9b4c36c60, 6830;
E_0x9b50e6d80/1707 .event anyedge, v0x9b4c36c60_6827, v0x9b4c36c60_6828, v0x9b4c36c60_6829, v0x9b4c36c60_6830;
v0x9b4c36c60_6831 .array/port v0x9b4c36c60, 6831;
v0x9b4c36c60_6832 .array/port v0x9b4c36c60, 6832;
v0x9b4c36c60_6833 .array/port v0x9b4c36c60, 6833;
v0x9b4c36c60_6834 .array/port v0x9b4c36c60, 6834;
E_0x9b50e6d80/1708 .event anyedge, v0x9b4c36c60_6831, v0x9b4c36c60_6832, v0x9b4c36c60_6833, v0x9b4c36c60_6834;
v0x9b4c36c60_6835 .array/port v0x9b4c36c60, 6835;
v0x9b4c36c60_6836 .array/port v0x9b4c36c60, 6836;
v0x9b4c36c60_6837 .array/port v0x9b4c36c60, 6837;
v0x9b4c36c60_6838 .array/port v0x9b4c36c60, 6838;
E_0x9b50e6d80/1709 .event anyedge, v0x9b4c36c60_6835, v0x9b4c36c60_6836, v0x9b4c36c60_6837, v0x9b4c36c60_6838;
v0x9b4c36c60_6839 .array/port v0x9b4c36c60, 6839;
v0x9b4c36c60_6840 .array/port v0x9b4c36c60, 6840;
v0x9b4c36c60_6841 .array/port v0x9b4c36c60, 6841;
v0x9b4c36c60_6842 .array/port v0x9b4c36c60, 6842;
E_0x9b50e6d80/1710 .event anyedge, v0x9b4c36c60_6839, v0x9b4c36c60_6840, v0x9b4c36c60_6841, v0x9b4c36c60_6842;
v0x9b4c36c60_6843 .array/port v0x9b4c36c60, 6843;
v0x9b4c36c60_6844 .array/port v0x9b4c36c60, 6844;
v0x9b4c36c60_6845 .array/port v0x9b4c36c60, 6845;
v0x9b4c36c60_6846 .array/port v0x9b4c36c60, 6846;
E_0x9b50e6d80/1711 .event anyedge, v0x9b4c36c60_6843, v0x9b4c36c60_6844, v0x9b4c36c60_6845, v0x9b4c36c60_6846;
v0x9b4c36c60_6847 .array/port v0x9b4c36c60, 6847;
v0x9b4c36c60_6848 .array/port v0x9b4c36c60, 6848;
v0x9b4c36c60_6849 .array/port v0x9b4c36c60, 6849;
v0x9b4c36c60_6850 .array/port v0x9b4c36c60, 6850;
E_0x9b50e6d80/1712 .event anyedge, v0x9b4c36c60_6847, v0x9b4c36c60_6848, v0x9b4c36c60_6849, v0x9b4c36c60_6850;
v0x9b4c36c60_6851 .array/port v0x9b4c36c60, 6851;
v0x9b4c36c60_6852 .array/port v0x9b4c36c60, 6852;
v0x9b4c36c60_6853 .array/port v0x9b4c36c60, 6853;
v0x9b4c36c60_6854 .array/port v0x9b4c36c60, 6854;
E_0x9b50e6d80/1713 .event anyedge, v0x9b4c36c60_6851, v0x9b4c36c60_6852, v0x9b4c36c60_6853, v0x9b4c36c60_6854;
v0x9b4c36c60_6855 .array/port v0x9b4c36c60, 6855;
v0x9b4c36c60_6856 .array/port v0x9b4c36c60, 6856;
v0x9b4c36c60_6857 .array/port v0x9b4c36c60, 6857;
v0x9b4c36c60_6858 .array/port v0x9b4c36c60, 6858;
E_0x9b50e6d80/1714 .event anyedge, v0x9b4c36c60_6855, v0x9b4c36c60_6856, v0x9b4c36c60_6857, v0x9b4c36c60_6858;
v0x9b4c36c60_6859 .array/port v0x9b4c36c60, 6859;
v0x9b4c36c60_6860 .array/port v0x9b4c36c60, 6860;
v0x9b4c36c60_6861 .array/port v0x9b4c36c60, 6861;
v0x9b4c36c60_6862 .array/port v0x9b4c36c60, 6862;
E_0x9b50e6d80/1715 .event anyedge, v0x9b4c36c60_6859, v0x9b4c36c60_6860, v0x9b4c36c60_6861, v0x9b4c36c60_6862;
v0x9b4c36c60_6863 .array/port v0x9b4c36c60, 6863;
v0x9b4c36c60_6864 .array/port v0x9b4c36c60, 6864;
v0x9b4c36c60_6865 .array/port v0x9b4c36c60, 6865;
v0x9b4c36c60_6866 .array/port v0x9b4c36c60, 6866;
E_0x9b50e6d80/1716 .event anyedge, v0x9b4c36c60_6863, v0x9b4c36c60_6864, v0x9b4c36c60_6865, v0x9b4c36c60_6866;
v0x9b4c36c60_6867 .array/port v0x9b4c36c60, 6867;
v0x9b4c36c60_6868 .array/port v0x9b4c36c60, 6868;
v0x9b4c36c60_6869 .array/port v0x9b4c36c60, 6869;
v0x9b4c36c60_6870 .array/port v0x9b4c36c60, 6870;
E_0x9b50e6d80/1717 .event anyedge, v0x9b4c36c60_6867, v0x9b4c36c60_6868, v0x9b4c36c60_6869, v0x9b4c36c60_6870;
v0x9b4c36c60_6871 .array/port v0x9b4c36c60, 6871;
v0x9b4c36c60_6872 .array/port v0x9b4c36c60, 6872;
v0x9b4c36c60_6873 .array/port v0x9b4c36c60, 6873;
v0x9b4c36c60_6874 .array/port v0x9b4c36c60, 6874;
E_0x9b50e6d80/1718 .event anyedge, v0x9b4c36c60_6871, v0x9b4c36c60_6872, v0x9b4c36c60_6873, v0x9b4c36c60_6874;
v0x9b4c36c60_6875 .array/port v0x9b4c36c60, 6875;
v0x9b4c36c60_6876 .array/port v0x9b4c36c60, 6876;
v0x9b4c36c60_6877 .array/port v0x9b4c36c60, 6877;
v0x9b4c36c60_6878 .array/port v0x9b4c36c60, 6878;
E_0x9b50e6d80/1719 .event anyedge, v0x9b4c36c60_6875, v0x9b4c36c60_6876, v0x9b4c36c60_6877, v0x9b4c36c60_6878;
v0x9b4c36c60_6879 .array/port v0x9b4c36c60, 6879;
v0x9b4c36c60_6880 .array/port v0x9b4c36c60, 6880;
v0x9b4c36c60_6881 .array/port v0x9b4c36c60, 6881;
v0x9b4c36c60_6882 .array/port v0x9b4c36c60, 6882;
E_0x9b50e6d80/1720 .event anyedge, v0x9b4c36c60_6879, v0x9b4c36c60_6880, v0x9b4c36c60_6881, v0x9b4c36c60_6882;
v0x9b4c36c60_6883 .array/port v0x9b4c36c60, 6883;
v0x9b4c36c60_6884 .array/port v0x9b4c36c60, 6884;
v0x9b4c36c60_6885 .array/port v0x9b4c36c60, 6885;
v0x9b4c36c60_6886 .array/port v0x9b4c36c60, 6886;
E_0x9b50e6d80/1721 .event anyedge, v0x9b4c36c60_6883, v0x9b4c36c60_6884, v0x9b4c36c60_6885, v0x9b4c36c60_6886;
v0x9b4c36c60_6887 .array/port v0x9b4c36c60, 6887;
v0x9b4c36c60_6888 .array/port v0x9b4c36c60, 6888;
v0x9b4c36c60_6889 .array/port v0x9b4c36c60, 6889;
v0x9b4c36c60_6890 .array/port v0x9b4c36c60, 6890;
E_0x9b50e6d80/1722 .event anyedge, v0x9b4c36c60_6887, v0x9b4c36c60_6888, v0x9b4c36c60_6889, v0x9b4c36c60_6890;
v0x9b4c36c60_6891 .array/port v0x9b4c36c60, 6891;
v0x9b4c36c60_6892 .array/port v0x9b4c36c60, 6892;
v0x9b4c36c60_6893 .array/port v0x9b4c36c60, 6893;
v0x9b4c36c60_6894 .array/port v0x9b4c36c60, 6894;
E_0x9b50e6d80/1723 .event anyedge, v0x9b4c36c60_6891, v0x9b4c36c60_6892, v0x9b4c36c60_6893, v0x9b4c36c60_6894;
v0x9b4c36c60_6895 .array/port v0x9b4c36c60, 6895;
v0x9b4c36c60_6896 .array/port v0x9b4c36c60, 6896;
v0x9b4c36c60_6897 .array/port v0x9b4c36c60, 6897;
v0x9b4c36c60_6898 .array/port v0x9b4c36c60, 6898;
E_0x9b50e6d80/1724 .event anyedge, v0x9b4c36c60_6895, v0x9b4c36c60_6896, v0x9b4c36c60_6897, v0x9b4c36c60_6898;
v0x9b4c36c60_6899 .array/port v0x9b4c36c60, 6899;
v0x9b4c36c60_6900 .array/port v0x9b4c36c60, 6900;
v0x9b4c36c60_6901 .array/port v0x9b4c36c60, 6901;
v0x9b4c36c60_6902 .array/port v0x9b4c36c60, 6902;
E_0x9b50e6d80/1725 .event anyedge, v0x9b4c36c60_6899, v0x9b4c36c60_6900, v0x9b4c36c60_6901, v0x9b4c36c60_6902;
v0x9b4c36c60_6903 .array/port v0x9b4c36c60, 6903;
v0x9b4c36c60_6904 .array/port v0x9b4c36c60, 6904;
v0x9b4c36c60_6905 .array/port v0x9b4c36c60, 6905;
v0x9b4c36c60_6906 .array/port v0x9b4c36c60, 6906;
E_0x9b50e6d80/1726 .event anyedge, v0x9b4c36c60_6903, v0x9b4c36c60_6904, v0x9b4c36c60_6905, v0x9b4c36c60_6906;
v0x9b4c36c60_6907 .array/port v0x9b4c36c60, 6907;
v0x9b4c36c60_6908 .array/port v0x9b4c36c60, 6908;
v0x9b4c36c60_6909 .array/port v0x9b4c36c60, 6909;
v0x9b4c36c60_6910 .array/port v0x9b4c36c60, 6910;
E_0x9b50e6d80/1727 .event anyedge, v0x9b4c36c60_6907, v0x9b4c36c60_6908, v0x9b4c36c60_6909, v0x9b4c36c60_6910;
v0x9b4c36c60_6911 .array/port v0x9b4c36c60, 6911;
v0x9b4c36c60_6912 .array/port v0x9b4c36c60, 6912;
v0x9b4c36c60_6913 .array/port v0x9b4c36c60, 6913;
v0x9b4c36c60_6914 .array/port v0x9b4c36c60, 6914;
E_0x9b50e6d80/1728 .event anyedge, v0x9b4c36c60_6911, v0x9b4c36c60_6912, v0x9b4c36c60_6913, v0x9b4c36c60_6914;
v0x9b4c36c60_6915 .array/port v0x9b4c36c60, 6915;
v0x9b4c36c60_6916 .array/port v0x9b4c36c60, 6916;
v0x9b4c36c60_6917 .array/port v0x9b4c36c60, 6917;
v0x9b4c36c60_6918 .array/port v0x9b4c36c60, 6918;
E_0x9b50e6d80/1729 .event anyedge, v0x9b4c36c60_6915, v0x9b4c36c60_6916, v0x9b4c36c60_6917, v0x9b4c36c60_6918;
v0x9b4c36c60_6919 .array/port v0x9b4c36c60, 6919;
v0x9b4c36c60_6920 .array/port v0x9b4c36c60, 6920;
v0x9b4c36c60_6921 .array/port v0x9b4c36c60, 6921;
v0x9b4c36c60_6922 .array/port v0x9b4c36c60, 6922;
E_0x9b50e6d80/1730 .event anyedge, v0x9b4c36c60_6919, v0x9b4c36c60_6920, v0x9b4c36c60_6921, v0x9b4c36c60_6922;
v0x9b4c36c60_6923 .array/port v0x9b4c36c60, 6923;
v0x9b4c36c60_6924 .array/port v0x9b4c36c60, 6924;
v0x9b4c36c60_6925 .array/port v0x9b4c36c60, 6925;
v0x9b4c36c60_6926 .array/port v0x9b4c36c60, 6926;
E_0x9b50e6d80/1731 .event anyedge, v0x9b4c36c60_6923, v0x9b4c36c60_6924, v0x9b4c36c60_6925, v0x9b4c36c60_6926;
v0x9b4c36c60_6927 .array/port v0x9b4c36c60, 6927;
v0x9b4c36c60_6928 .array/port v0x9b4c36c60, 6928;
v0x9b4c36c60_6929 .array/port v0x9b4c36c60, 6929;
v0x9b4c36c60_6930 .array/port v0x9b4c36c60, 6930;
E_0x9b50e6d80/1732 .event anyedge, v0x9b4c36c60_6927, v0x9b4c36c60_6928, v0x9b4c36c60_6929, v0x9b4c36c60_6930;
v0x9b4c36c60_6931 .array/port v0x9b4c36c60, 6931;
v0x9b4c36c60_6932 .array/port v0x9b4c36c60, 6932;
v0x9b4c36c60_6933 .array/port v0x9b4c36c60, 6933;
v0x9b4c36c60_6934 .array/port v0x9b4c36c60, 6934;
E_0x9b50e6d80/1733 .event anyedge, v0x9b4c36c60_6931, v0x9b4c36c60_6932, v0x9b4c36c60_6933, v0x9b4c36c60_6934;
v0x9b4c36c60_6935 .array/port v0x9b4c36c60, 6935;
v0x9b4c36c60_6936 .array/port v0x9b4c36c60, 6936;
v0x9b4c36c60_6937 .array/port v0x9b4c36c60, 6937;
v0x9b4c36c60_6938 .array/port v0x9b4c36c60, 6938;
E_0x9b50e6d80/1734 .event anyedge, v0x9b4c36c60_6935, v0x9b4c36c60_6936, v0x9b4c36c60_6937, v0x9b4c36c60_6938;
v0x9b4c36c60_6939 .array/port v0x9b4c36c60, 6939;
v0x9b4c36c60_6940 .array/port v0x9b4c36c60, 6940;
v0x9b4c36c60_6941 .array/port v0x9b4c36c60, 6941;
v0x9b4c36c60_6942 .array/port v0x9b4c36c60, 6942;
E_0x9b50e6d80/1735 .event anyedge, v0x9b4c36c60_6939, v0x9b4c36c60_6940, v0x9b4c36c60_6941, v0x9b4c36c60_6942;
v0x9b4c36c60_6943 .array/port v0x9b4c36c60, 6943;
v0x9b4c36c60_6944 .array/port v0x9b4c36c60, 6944;
v0x9b4c36c60_6945 .array/port v0x9b4c36c60, 6945;
v0x9b4c36c60_6946 .array/port v0x9b4c36c60, 6946;
E_0x9b50e6d80/1736 .event anyedge, v0x9b4c36c60_6943, v0x9b4c36c60_6944, v0x9b4c36c60_6945, v0x9b4c36c60_6946;
v0x9b4c36c60_6947 .array/port v0x9b4c36c60, 6947;
v0x9b4c36c60_6948 .array/port v0x9b4c36c60, 6948;
v0x9b4c36c60_6949 .array/port v0x9b4c36c60, 6949;
v0x9b4c36c60_6950 .array/port v0x9b4c36c60, 6950;
E_0x9b50e6d80/1737 .event anyedge, v0x9b4c36c60_6947, v0x9b4c36c60_6948, v0x9b4c36c60_6949, v0x9b4c36c60_6950;
v0x9b4c36c60_6951 .array/port v0x9b4c36c60, 6951;
v0x9b4c36c60_6952 .array/port v0x9b4c36c60, 6952;
v0x9b4c36c60_6953 .array/port v0x9b4c36c60, 6953;
v0x9b4c36c60_6954 .array/port v0x9b4c36c60, 6954;
E_0x9b50e6d80/1738 .event anyedge, v0x9b4c36c60_6951, v0x9b4c36c60_6952, v0x9b4c36c60_6953, v0x9b4c36c60_6954;
v0x9b4c36c60_6955 .array/port v0x9b4c36c60, 6955;
v0x9b4c36c60_6956 .array/port v0x9b4c36c60, 6956;
v0x9b4c36c60_6957 .array/port v0x9b4c36c60, 6957;
v0x9b4c36c60_6958 .array/port v0x9b4c36c60, 6958;
E_0x9b50e6d80/1739 .event anyedge, v0x9b4c36c60_6955, v0x9b4c36c60_6956, v0x9b4c36c60_6957, v0x9b4c36c60_6958;
v0x9b4c36c60_6959 .array/port v0x9b4c36c60, 6959;
v0x9b4c36c60_6960 .array/port v0x9b4c36c60, 6960;
v0x9b4c36c60_6961 .array/port v0x9b4c36c60, 6961;
v0x9b4c36c60_6962 .array/port v0x9b4c36c60, 6962;
E_0x9b50e6d80/1740 .event anyedge, v0x9b4c36c60_6959, v0x9b4c36c60_6960, v0x9b4c36c60_6961, v0x9b4c36c60_6962;
v0x9b4c36c60_6963 .array/port v0x9b4c36c60, 6963;
v0x9b4c36c60_6964 .array/port v0x9b4c36c60, 6964;
v0x9b4c36c60_6965 .array/port v0x9b4c36c60, 6965;
v0x9b4c36c60_6966 .array/port v0x9b4c36c60, 6966;
E_0x9b50e6d80/1741 .event anyedge, v0x9b4c36c60_6963, v0x9b4c36c60_6964, v0x9b4c36c60_6965, v0x9b4c36c60_6966;
v0x9b4c36c60_6967 .array/port v0x9b4c36c60, 6967;
v0x9b4c36c60_6968 .array/port v0x9b4c36c60, 6968;
v0x9b4c36c60_6969 .array/port v0x9b4c36c60, 6969;
v0x9b4c36c60_6970 .array/port v0x9b4c36c60, 6970;
E_0x9b50e6d80/1742 .event anyedge, v0x9b4c36c60_6967, v0x9b4c36c60_6968, v0x9b4c36c60_6969, v0x9b4c36c60_6970;
v0x9b4c36c60_6971 .array/port v0x9b4c36c60, 6971;
v0x9b4c36c60_6972 .array/port v0x9b4c36c60, 6972;
v0x9b4c36c60_6973 .array/port v0x9b4c36c60, 6973;
v0x9b4c36c60_6974 .array/port v0x9b4c36c60, 6974;
E_0x9b50e6d80/1743 .event anyedge, v0x9b4c36c60_6971, v0x9b4c36c60_6972, v0x9b4c36c60_6973, v0x9b4c36c60_6974;
v0x9b4c36c60_6975 .array/port v0x9b4c36c60, 6975;
v0x9b4c36c60_6976 .array/port v0x9b4c36c60, 6976;
v0x9b4c36c60_6977 .array/port v0x9b4c36c60, 6977;
v0x9b4c36c60_6978 .array/port v0x9b4c36c60, 6978;
E_0x9b50e6d80/1744 .event anyedge, v0x9b4c36c60_6975, v0x9b4c36c60_6976, v0x9b4c36c60_6977, v0x9b4c36c60_6978;
v0x9b4c36c60_6979 .array/port v0x9b4c36c60, 6979;
v0x9b4c36c60_6980 .array/port v0x9b4c36c60, 6980;
v0x9b4c36c60_6981 .array/port v0x9b4c36c60, 6981;
v0x9b4c36c60_6982 .array/port v0x9b4c36c60, 6982;
E_0x9b50e6d80/1745 .event anyedge, v0x9b4c36c60_6979, v0x9b4c36c60_6980, v0x9b4c36c60_6981, v0x9b4c36c60_6982;
v0x9b4c36c60_6983 .array/port v0x9b4c36c60, 6983;
v0x9b4c36c60_6984 .array/port v0x9b4c36c60, 6984;
v0x9b4c36c60_6985 .array/port v0x9b4c36c60, 6985;
v0x9b4c36c60_6986 .array/port v0x9b4c36c60, 6986;
E_0x9b50e6d80/1746 .event anyedge, v0x9b4c36c60_6983, v0x9b4c36c60_6984, v0x9b4c36c60_6985, v0x9b4c36c60_6986;
v0x9b4c36c60_6987 .array/port v0x9b4c36c60, 6987;
v0x9b4c36c60_6988 .array/port v0x9b4c36c60, 6988;
v0x9b4c36c60_6989 .array/port v0x9b4c36c60, 6989;
v0x9b4c36c60_6990 .array/port v0x9b4c36c60, 6990;
E_0x9b50e6d80/1747 .event anyedge, v0x9b4c36c60_6987, v0x9b4c36c60_6988, v0x9b4c36c60_6989, v0x9b4c36c60_6990;
v0x9b4c36c60_6991 .array/port v0x9b4c36c60, 6991;
v0x9b4c36c60_6992 .array/port v0x9b4c36c60, 6992;
v0x9b4c36c60_6993 .array/port v0x9b4c36c60, 6993;
v0x9b4c36c60_6994 .array/port v0x9b4c36c60, 6994;
E_0x9b50e6d80/1748 .event anyedge, v0x9b4c36c60_6991, v0x9b4c36c60_6992, v0x9b4c36c60_6993, v0x9b4c36c60_6994;
v0x9b4c36c60_6995 .array/port v0x9b4c36c60, 6995;
v0x9b4c36c60_6996 .array/port v0x9b4c36c60, 6996;
v0x9b4c36c60_6997 .array/port v0x9b4c36c60, 6997;
v0x9b4c36c60_6998 .array/port v0x9b4c36c60, 6998;
E_0x9b50e6d80/1749 .event anyedge, v0x9b4c36c60_6995, v0x9b4c36c60_6996, v0x9b4c36c60_6997, v0x9b4c36c60_6998;
v0x9b4c36c60_6999 .array/port v0x9b4c36c60, 6999;
v0x9b4c36c60_7000 .array/port v0x9b4c36c60, 7000;
v0x9b4c36c60_7001 .array/port v0x9b4c36c60, 7001;
v0x9b4c36c60_7002 .array/port v0x9b4c36c60, 7002;
E_0x9b50e6d80/1750 .event anyedge, v0x9b4c36c60_6999, v0x9b4c36c60_7000, v0x9b4c36c60_7001, v0x9b4c36c60_7002;
v0x9b4c36c60_7003 .array/port v0x9b4c36c60, 7003;
v0x9b4c36c60_7004 .array/port v0x9b4c36c60, 7004;
v0x9b4c36c60_7005 .array/port v0x9b4c36c60, 7005;
v0x9b4c36c60_7006 .array/port v0x9b4c36c60, 7006;
E_0x9b50e6d80/1751 .event anyedge, v0x9b4c36c60_7003, v0x9b4c36c60_7004, v0x9b4c36c60_7005, v0x9b4c36c60_7006;
v0x9b4c36c60_7007 .array/port v0x9b4c36c60, 7007;
v0x9b4c36c60_7008 .array/port v0x9b4c36c60, 7008;
v0x9b4c36c60_7009 .array/port v0x9b4c36c60, 7009;
v0x9b4c36c60_7010 .array/port v0x9b4c36c60, 7010;
E_0x9b50e6d80/1752 .event anyedge, v0x9b4c36c60_7007, v0x9b4c36c60_7008, v0x9b4c36c60_7009, v0x9b4c36c60_7010;
v0x9b4c36c60_7011 .array/port v0x9b4c36c60, 7011;
v0x9b4c36c60_7012 .array/port v0x9b4c36c60, 7012;
v0x9b4c36c60_7013 .array/port v0x9b4c36c60, 7013;
v0x9b4c36c60_7014 .array/port v0x9b4c36c60, 7014;
E_0x9b50e6d80/1753 .event anyedge, v0x9b4c36c60_7011, v0x9b4c36c60_7012, v0x9b4c36c60_7013, v0x9b4c36c60_7014;
v0x9b4c36c60_7015 .array/port v0x9b4c36c60, 7015;
v0x9b4c36c60_7016 .array/port v0x9b4c36c60, 7016;
v0x9b4c36c60_7017 .array/port v0x9b4c36c60, 7017;
v0x9b4c36c60_7018 .array/port v0x9b4c36c60, 7018;
E_0x9b50e6d80/1754 .event anyedge, v0x9b4c36c60_7015, v0x9b4c36c60_7016, v0x9b4c36c60_7017, v0x9b4c36c60_7018;
v0x9b4c36c60_7019 .array/port v0x9b4c36c60, 7019;
v0x9b4c36c60_7020 .array/port v0x9b4c36c60, 7020;
v0x9b4c36c60_7021 .array/port v0x9b4c36c60, 7021;
v0x9b4c36c60_7022 .array/port v0x9b4c36c60, 7022;
E_0x9b50e6d80/1755 .event anyedge, v0x9b4c36c60_7019, v0x9b4c36c60_7020, v0x9b4c36c60_7021, v0x9b4c36c60_7022;
v0x9b4c36c60_7023 .array/port v0x9b4c36c60, 7023;
v0x9b4c36c60_7024 .array/port v0x9b4c36c60, 7024;
v0x9b4c36c60_7025 .array/port v0x9b4c36c60, 7025;
v0x9b4c36c60_7026 .array/port v0x9b4c36c60, 7026;
E_0x9b50e6d80/1756 .event anyedge, v0x9b4c36c60_7023, v0x9b4c36c60_7024, v0x9b4c36c60_7025, v0x9b4c36c60_7026;
v0x9b4c36c60_7027 .array/port v0x9b4c36c60, 7027;
v0x9b4c36c60_7028 .array/port v0x9b4c36c60, 7028;
v0x9b4c36c60_7029 .array/port v0x9b4c36c60, 7029;
v0x9b4c36c60_7030 .array/port v0x9b4c36c60, 7030;
E_0x9b50e6d80/1757 .event anyedge, v0x9b4c36c60_7027, v0x9b4c36c60_7028, v0x9b4c36c60_7029, v0x9b4c36c60_7030;
v0x9b4c36c60_7031 .array/port v0x9b4c36c60, 7031;
v0x9b4c36c60_7032 .array/port v0x9b4c36c60, 7032;
v0x9b4c36c60_7033 .array/port v0x9b4c36c60, 7033;
v0x9b4c36c60_7034 .array/port v0x9b4c36c60, 7034;
E_0x9b50e6d80/1758 .event anyedge, v0x9b4c36c60_7031, v0x9b4c36c60_7032, v0x9b4c36c60_7033, v0x9b4c36c60_7034;
v0x9b4c36c60_7035 .array/port v0x9b4c36c60, 7035;
v0x9b4c36c60_7036 .array/port v0x9b4c36c60, 7036;
v0x9b4c36c60_7037 .array/port v0x9b4c36c60, 7037;
v0x9b4c36c60_7038 .array/port v0x9b4c36c60, 7038;
E_0x9b50e6d80/1759 .event anyedge, v0x9b4c36c60_7035, v0x9b4c36c60_7036, v0x9b4c36c60_7037, v0x9b4c36c60_7038;
v0x9b4c36c60_7039 .array/port v0x9b4c36c60, 7039;
v0x9b4c36c60_7040 .array/port v0x9b4c36c60, 7040;
v0x9b4c36c60_7041 .array/port v0x9b4c36c60, 7041;
v0x9b4c36c60_7042 .array/port v0x9b4c36c60, 7042;
E_0x9b50e6d80/1760 .event anyedge, v0x9b4c36c60_7039, v0x9b4c36c60_7040, v0x9b4c36c60_7041, v0x9b4c36c60_7042;
v0x9b4c36c60_7043 .array/port v0x9b4c36c60, 7043;
v0x9b4c36c60_7044 .array/port v0x9b4c36c60, 7044;
v0x9b4c36c60_7045 .array/port v0x9b4c36c60, 7045;
v0x9b4c36c60_7046 .array/port v0x9b4c36c60, 7046;
E_0x9b50e6d80/1761 .event anyedge, v0x9b4c36c60_7043, v0x9b4c36c60_7044, v0x9b4c36c60_7045, v0x9b4c36c60_7046;
v0x9b4c36c60_7047 .array/port v0x9b4c36c60, 7047;
v0x9b4c36c60_7048 .array/port v0x9b4c36c60, 7048;
v0x9b4c36c60_7049 .array/port v0x9b4c36c60, 7049;
v0x9b4c36c60_7050 .array/port v0x9b4c36c60, 7050;
E_0x9b50e6d80/1762 .event anyedge, v0x9b4c36c60_7047, v0x9b4c36c60_7048, v0x9b4c36c60_7049, v0x9b4c36c60_7050;
v0x9b4c36c60_7051 .array/port v0x9b4c36c60, 7051;
v0x9b4c36c60_7052 .array/port v0x9b4c36c60, 7052;
v0x9b4c36c60_7053 .array/port v0x9b4c36c60, 7053;
v0x9b4c36c60_7054 .array/port v0x9b4c36c60, 7054;
E_0x9b50e6d80/1763 .event anyedge, v0x9b4c36c60_7051, v0x9b4c36c60_7052, v0x9b4c36c60_7053, v0x9b4c36c60_7054;
v0x9b4c36c60_7055 .array/port v0x9b4c36c60, 7055;
v0x9b4c36c60_7056 .array/port v0x9b4c36c60, 7056;
v0x9b4c36c60_7057 .array/port v0x9b4c36c60, 7057;
v0x9b4c36c60_7058 .array/port v0x9b4c36c60, 7058;
E_0x9b50e6d80/1764 .event anyedge, v0x9b4c36c60_7055, v0x9b4c36c60_7056, v0x9b4c36c60_7057, v0x9b4c36c60_7058;
v0x9b4c36c60_7059 .array/port v0x9b4c36c60, 7059;
v0x9b4c36c60_7060 .array/port v0x9b4c36c60, 7060;
v0x9b4c36c60_7061 .array/port v0x9b4c36c60, 7061;
v0x9b4c36c60_7062 .array/port v0x9b4c36c60, 7062;
E_0x9b50e6d80/1765 .event anyedge, v0x9b4c36c60_7059, v0x9b4c36c60_7060, v0x9b4c36c60_7061, v0x9b4c36c60_7062;
v0x9b4c36c60_7063 .array/port v0x9b4c36c60, 7063;
v0x9b4c36c60_7064 .array/port v0x9b4c36c60, 7064;
v0x9b4c36c60_7065 .array/port v0x9b4c36c60, 7065;
v0x9b4c36c60_7066 .array/port v0x9b4c36c60, 7066;
E_0x9b50e6d80/1766 .event anyedge, v0x9b4c36c60_7063, v0x9b4c36c60_7064, v0x9b4c36c60_7065, v0x9b4c36c60_7066;
v0x9b4c36c60_7067 .array/port v0x9b4c36c60, 7067;
v0x9b4c36c60_7068 .array/port v0x9b4c36c60, 7068;
v0x9b4c36c60_7069 .array/port v0x9b4c36c60, 7069;
v0x9b4c36c60_7070 .array/port v0x9b4c36c60, 7070;
E_0x9b50e6d80/1767 .event anyedge, v0x9b4c36c60_7067, v0x9b4c36c60_7068, v0x9b4c36c60_7069, v0x9b4c36c60_7070;
v0x9b4c36c60_7071 .array/port v0x9b4c36c60, 7071;
v0x9b4c36c60_7072 .array/port v0x9b4c36c60, 7072;
v0x9b4c36c60_7073 .array/port v0x9b4c36c60, 7073;
v0x9b4c36c60_7074 .array/port v0x9b4c36c60, 7074;
E_0x9b50e6d80/1768 .event anyedge, v0x9b4c36c60_7071, v0x9b4c36c60_7072, v0x9b4c36c60_7073, v0x9b4c36c60_7074;
v0x9b4c36c60_7075 .array/port v0x9b4c36c60, 7075;
v0x9b4c36c60_7076 .array/port v0x9b4c36c60, 7076;
v0x9b4c36c60_7077 .array/port v0x9b4c36c60, 7077;
v0x9b4c36c60_7078 .array/port v0x9b4c36c60, 7078;
E_0x9b50e6d80/1769 .event anyedge, v0x9b4c36c60_7075, v0x9b4c36c60_7076, v0x9b4c36c60_7077, v0x9b4c36c60_7078;
v0x9b4c36c60_7079 .array/port v0x9b4c36c60, 7079;
v0x9b4c36c60_7080 .array/port v0x9b4c36c60, 7080;
v0x9b4c36c60_7081 .array/port v0x9b4c36c60, 7081;
v0x9b4c36c60_7082 .array/port v0x9b4c36c60, 7082;
E_0x9b50e6d80/1770 .event anyedge, v0x9b4c36c60_7079, v0x9b4c36c60_7080, v0x9b4c36c60_7081, v0x9b4c36c60_7082;
v0x9b4c36c60_7083 .array/port v0x9b4c36c60, 7083;
v0x9b4c36c60_7084 .array/port v0x9b4c36c60, 7084;
v0x9b4c36c60_7085 .array/port v0x9b4c36c60, 7085;
v0x9b4c36c60_7086 .array/port v0x9b4c36c60, 7086;
E_0x9b50e6d80/1771 .event anyedge, v0x9b4c36c60_7083, v0x9b4c36c60_7084, v0x9b4c36c60_7085, v0x9b4c36c60_7086;
v0x9b4c36c60_7087 .array/port v0x9b4c36c60, 7087;
v0x9b4c36c60_7088 .array/port v0x9b4c36c60, 7088;
v0x9b4c36c60_7089 .array/port v0x9b4c36c60, 7089;
v0x9b4c36c60_7090 .array/port v0x9b4c36c60, 7090;
E_0x9b50e6d80/1772 .event anyedge, v0x9b4c36c60_7087, v0x9b4c36c60_7088, v0x9b4c36c60_7089, v0x9b4c36c60_7090;
v0x9b4c36c60_7091 .array/port v0x9b4c36c60, 7091;
v0x9b4c36c60_7092 .array/port v0x9b4c36c60, 7092;
v0x9b4c36c60_7093 .array/port v0x9b4c36c60, 7093;
v0x9b4c36c60_7094 .array/port v0x9b4c36c60, 7094;
E_0x9b50e6d80/1773 .event anyedge, v0x9b4c36c60_7091, v0x9b4c36c60_7092, v0x9b4c36c60_7093, v0x9b4c36c60_7094;
v0x9b4c36c60_7095 .array/port v0x9b4c36c60, 7095;
v0x9b4c36c60_7096 .array/port v0x9b4c36c60, 7096;
v0x9b4c36c60_7097 .array/port v0x9b4c36c60, 7097;
v0x9b4c36c60_7098 .array/port v0x9b4c36c60, 7098;
E_0x9b50e6d80/1774 .event anyedge, v0x9b4c36c60_7095, v0x9b4c36c60_7096, v0x9b4c36c60_7097, v0x9b4c36c60_7098;
v0x9b4c36c60_7099 .array/port v0x9b4c36c60, 7099;
v0x9b4c36c60_7100 .array/port v0x9b4c36c60, 7100;
v0x9b4c36c60_7101 .array/port v0x9b4c36c60, 7101;
v0x9b4c36c60_7102 .array/port v0x9b4c36c60, 7102;
E_0x9b50e6d80/1775 .event anyedge, v0x9b4c36c60_7099, v0x9b4c36c60_7100, v0x9b4c36c60_7101, v0x9b4c36c60_7102;
v0x9b4c36c60_7103 .array/port v0x9b4c36c60, 7103;
v0x9b4c36c60_7104 .array/port v0x9b4c36c60, 7104;
v0x9b4c36c60_7105 .array/port v0x9b4c36c60, 7105;
v0x9b4c36c60_7106 .array/port v0x9b4c36c60, 7106;
E_0x9b50e6d80/1776 .event anyedge, v0x9b4c36c60_7103, v0x9b4c36c60_7104, v0x9b4c36c60_7105, v0x9b4c36c60_7106;
v0x9b4c36c60_7107 .array/port v0x9b4c36c60, 7107;
v0x9b4c36c60_7108 .array/port v0x9b4c36c60, 7108;
v0x9b4c36c60_7109 .array/port v0x9b4c36c60, 7109;
v0x9b4c36c60_7110 .array/port v0x9b4c36c60, 7110;
E_0x9b50e6d80/1777 .event anyedge, v0x9b4c36c60_7107, v0x9b4c36c60_7108, v0x9b4c36c60_7109, v0x9b4c36c60_7110;
v0x9b4c36c60_7111 .array/port v0x9b4c36c60, 7111;
v0x9b4c36c60_7112 .array/port v0x9b4c36c60, 7112;
v0x9b4c36c60_7113 .array/port v0x9b4c36c60, 7113;
v0x9b4c36c60_7114 .array/port v0x9b4c36c60, 7114;
E_0x9b50e6d80/1778 .event anyedge, v0x9b4c36c60_7111, v0x9b4c36c60_7112, v0x9b4c36c60_7113, v0x9b4c36c60_7114;
v0x9b4c36c60_7115 .array/port v0x9b4c36c60, 7115;
v0x9b4c36c60_7116 .array/port v0x9b4c36c60, 7116;
v0x9b4c36c60_7117 .array/port v0x9b4c36c60, 7117;
v0x9b4c36c60_7118 .array/port v0x9b4c36c60, 7118;
E_0x9b50e6d80/1779 .event anyedge, v0x9b4c36c60_7115, v0x9b4c36c60_7116, v0x9b4c36c60_7117, v0x9b4c36c60_7118;
v0x9b4c36c60_7119 .array/port v0x9b4c36c60, 7119;
v0x9b4c36c60_7120 .array/port v0x9b4c36c60, 7120;
v0x9b4c36c60_7121 .array/port v0x9b4c36c60, 7121;
v0x9b4c36c60_7122 .array/port v0x9b4c36c60, 7122;
E_0x9b50e6d80/1780 .event anyedge, v0x9b4c36c60_7119, v0x9b4c36c60_7120, v0x9b4c36c60_7121, v0x9b4c36c60_7122;
v0x9b4c36c60_7123 .array/port v0x9b4c36c60, 7123;
v0x9b4c36c60_7124 .array/port v0x9b4c36c60, 7124;
v0x9b4c36c60_7125 .array/port v0x9b4c36c60, 7125;
v0x9b4c36c60_7126 .array/port v0x9b4c36c60, 7126;
E_0x9b50e6d80/1781 .event anyedge, v0x9b4c36c60_7123, v0x9b4c36c60_7124, v0x9b4c36c60_7125, v0x9b4c36c60_7126;
v0x9b4c36c60_7127 .array/port v0x9b4c36c60, 7127;
v0x9b4c36c60_7128 .array/port v0x9b4c36c60, 7128;
v0x9b4c36c60_7129 .array/port v0x9b4c36c60, 7129;
v0x9b4c36c60_7130 .array/port v0x9b4c36c60, 7130;
E_0x9b50e6d80/1782 .event anyedge, v0x9b4c36c60_7127, v0x9b4c36c60_7128, v0x9b4c36c60_7129, v0x9b4c36c60_7130;
v0x9b4c36c60_7131 .array/port v0x9b4c36c60, 7131;
v0x9b4c36c60_7132 .array/port v0x9b4c36c60, 7132;
v0x9b4c36c60_7133 .array/port v0x9b4c36c60, 7133;
v0x9b4c36c60_7134 .array/port v0x9b4c36c60, 7134;
E_0x9b50e6d80/1783 .event anyedge, v0x9b4c36c60_7131, v0x9b4c36c60_7132, v0x9b4c36c60_7133, v0x9b4c36c60_7134;
v0x9b4c36c60_7135 .array/port v0x9b4c36c60, 7135;
v0x9b4c36c60_7136 .array/port v0x9b4c36c60, 7136;
v0x9b4c36c60_7137 .array/port v0x9b4c36c60, 7137;
v0x9b4c36c60_7138 .array/port v0x9b4c36c60, 7138;
E_0x9b50e6d80/1784 .event anyedge, v0x9b4c36c60_7135, v0x9b4c36c60_7136, v0x9b4c36c60_7137, v0x9b4c36c60_7138;
v0x9b4c36c60_7139 .array/port v0x9b4c36c60, 7139;
v0x9b4c36c60_7140 .array/port v0x9b4c36c60, 7140;
v0x9b4c36c60_7141 .array/port v0x9b4c36c60, 7141;
v0x9b4c36c60_7142 .array/port v0x9b4c36c60, 7142;
E_0x9b50e6d80/1785 .event anyedge, v0x9b4c36c60_7139, v0x9b4c36c60_7140, v0x9b4c36c60_7141, v0x9b4c36c60_7142;
v0x9b4c36c60_7143 .array/port v0x9b4c36c60, 7143;
v0x9b4c36c60_7144 .array/port v0x9b4c36c60, 7144;
v0x9b4c36c60_7145 .array/port v0x9b4c36c60, 7145;
v0x9b4c36c60_7146 .array/port v0x9b4c36c60, 7146;
E_0x9b50e6d80/1786 .event anyedge, v0x9b4c36c60_7143, v0x9b4c36c60_7144, v0x9b4c36c60_7145, v0x9b4c36c60_7146;
v0x9b4c36c60_7147 .array/port v0x9b4c36c60, 7147;
v0x9b4c36c60_7148 .array/port v0x9b4c36c60, 7148;
v0x9b4c36c60_7149 .array/port v0x9b4c36c60, 7149;
v0x9b4c36c60_7150 .array/port v0x9b4c36c60, 7150;
E_0x9b50e6d80/1787 .event anyedge, v0x9b4c36c60_7147, v0x9b4c36c60_7148, v0x9b4c36c60_7149, v0x9b4c36c60_7150;
v0x9b4c36c60_7151 .array/port v0x9b4c36c60, 7151;
v0x9b4c36c60_7152 .array/port v0x9b4c36c60, 7152;
v0x9b4c36c60_7153 .array/port v0x9b4c36c60, 7153;
v0x9b4c36c60_7154 .array/port v0x9b4c36c60, 7154;
E_0x9b50e6d80/1788 .event anyedge, v0x9b4c36c60_7151, v0x9b4c36c60_7152, v0x9b4c36c60_7153, v0x9b4c36c60_7154;
v0x9b4c36c60_7155 .array/port v0x9b4c36c60, 7155;
v0x9b4c36c60_7156 .array/port v0x9b4c36c60, 7156;
v0x9b4c36c60_7157 .array/port v0x9b4c36c60, 7157;
v0x9b4c36c60_7158 .array/port v0x9b4c36c60, 7158;
E_0x9b50e6d80/1789 .event anyedge, v0x9b4c36c60_7155, v0x9b4c36c60_7156, v0x9b4c36c60_7157, v0x9b4c36c60_7158;
v0x9b4c36c60_7159 .array/port v0x9b4c36c60, 7159;
v0x9b4c36c60_7160 .array/port v0x9b4c36c60, 7160;
v0x9b4c36c60_7161 .array/port v0x9b4c36c60, 7161;
v0x9b4c36c60_7162 .array/port v0x9b4c36c60, 7162;
E_0x9b50e6d80/1790 .event anyedge, v0x9b4c36c60_7159, v0x9b4c36c60_7160, v0x9b4c36c60_7161, v0x9b4c36c60_7162;
v0x9b4c36c60_7163 .array/port v0x9b4c36c60, 7163;
v0x9b4c36c60_7164 .array/port v0x9b4c36c60, 7164;
v0x9b4c36c60_7165 .array/port v0x9b4c36c60, 7165;
v0x9b4c36c60_7166 .array/port v0x9b4c36c60, 7166;
E_0x9b50e6d80/1791 .event anyedge, v0x9b4c36c60_7163, v0x9b4c36c60_7164, v0x9b4c36c60_7165, v0x9b4c36c60_7166;
v0x9b4c36c60_7167 .array/port v0x9b4c36c60, 7167;
v0x9b4c36c60_7168 .array/port v0x9b4c36c60, 7168;
v0x9b4c36c60_7169 .array/port v0x9b4c36c60, 7169;
v0x9b4c36c60_7170 .array/port v0x9b4c36c60, 7170;
E_0x9b50e6d80/1792 .event anyedge, v0x9b4c36c60_7167, v0x9b4c36c60_7168, v0x9b4c36c60_7169, v0x9b4c36c60_7170;
v0x9b4c36c60_7171 .array/port v0x9b4c36c60, 7171;
v0x9b4c36c60_7172 .array/port v0x9b4c36c60, 7172;
v0x9b4c36c60_7173 .array/port v0x9b4c36c60, 7173;
v0x9b4c36c60_7174 .array/port v0x9b4c36c60, 7174;
E_0x9b50e6d80/1793 .event anyedge, v0x9b4c36c60_7171, v0x9b4c36c60_7172, v0x9b4c36c60_7173, v0x9b4c36c60_7174;
v0x9b4c36c60_7175 .array/port v0x9b4c36c60, 7175;
v0x9b4c36c60_7176 .array/port v0x9b4c36c60, 7176;
v0x9b4c36c60_7177 .array/port v0x9b4c36c60, 7177;
v0x9b4c36c60_7178 .array/port v0x9b4c36c60, 7178;
E_0x9b50e6d80/1794 .event anyedge, v0x9b4c36c60_7175, v0x9b4c36c60_7176, v0x9b4c36c60_7177, v0x9b4c36c60_7178;
v0x9b4c36c60_7179 .array/port v0x9b4c36c60, 7179;
v0x9b4c36c60_7180 .array/port v0x9b4c36c60, 7180;
v0x9b4c36c60_7181 .array/port v0x9b4c36c60, 7181;
v0x9b4c36c60_7182 .array/port v0x9b4c36c60, 7182;
E_0x9b50e6d80/1795 .event anyedge, v0x9b4c36c60_7179, v0x9b4c36c60_7180, v0x9b4c36c60_7181, v0x9b4c36c60_7182;
v0x9b4c36c60_7183 .array/port v0x9b4c36c60, 7183;
v0x9b4c36c60_7184 .array/port v0x9b4c36c60, 7184;
v0x9b4c36c60_7185 .array/port v0x9b4c36c60, 7185;
v0x9b4c36c60_7186 .array/port v0x9b4c36c60, 7186;
E_0x9b50e6d80/1796 .event anyedge, v0x9b4c36c60_7183, v0x9b4c36c60_7184, v0x9b4c36c60_7185, v0x9b4c36c60_7186;
v0x9b4c36c60_7187 .array/port v0x9b4c36c60, 7187;
v0x9b4c36c60_7188 .array/port v0x9b4c36c60, 7188;
v0x9b4c36c60_7189 .array/port v0x9b4c36c60, 7189;
v0x9b4c36c60_7190 .array/port v0x9b4c36c60, 7190;
E_0x9b50e6d80/1797 .event anyedge, v0x9b4c36c60_7187, v0x9b4c36c60_7188, v0x9b4c36c60_7189, v0x9b4c36c60_7190;
v0x9b4c36c60_7191 .array/port v0x9b4c36c60, 7191;
v0x9b4c36c60_7192 .array/port v0x9b4c36c60, 7192;
v0x9b4c36c60_7193 .array/port v0x9b4c36c60, 7193;
v0x9b4c36c60_7194 .array/port v0x9b4c36c60, 7194;
E_0x9b50e6d80/1798 .event anyedge, v0x9b4c36c60_7191, v0x9b4c36c60_7192, v0x9b4c36c60_7193, v0x9b4c36c60_7194;
v0x9b4c36c60_7195 .array/port v0x9b4c36c60, 7195;
v0x9b4c36c60_7196 .array/port v0x9b4c36c60, 7196;
v0x9b4c36c60_7197 .array/port v0x9b4c36c60, 7197;
v0x9b4c36c60_7198 .array/port v0x9b4c36c60, 7198;
E_0x9b50e6d80/1799 .event anyedge, v0x9b4c36c60_7195, v0x9b4c36c60_7196, v0x9b4c36c60_7197, v0x9b4c36c60_7198;
v0x9b4c36c60_7199 .array/port v0x9b4c36c60, 7199;
v0x9b4c36c60_7200 .array/port v0x9b4c36c60, 7200;
v0x9b4c36c60_7201 .array/port v0x9b4c36c60, 7201;
v0x9b4c36c60_7202 .array/port v0x9b4c36c60, 7202;
E_0x9b50e6d80/1800 .event anyedge, v0x9b4c36c60_7199, v0x9b4c36c60_7200, v0x9b4c36c60_7201, v0x9b4c36c60_7202;
v0x9b4c36c60_7203 .array/port v0x9b4c36c60, 7203;
v0x9b4c36c60_7204 .array/port v0x9b4c36c60, 7204;
v0x9b4c36c60_7205 .array/port v0x9b4c36c60, 7205;
v0x9b4c36c60_7206 .array/port v0x9b4c36c60, 7206;
E_0x9b50e6d80/1801 .event anyedge, v0x9b4c36c60_7203, v0x9b4c36c60_7204, v0x9b4c36c60_7205, v0x9b4c36c60_7206;
v0x9b4c36c60_7207 .array/port v0x9b4c36c60, 7207;
v0x9b4c36c60_7208 .array/port v0x9b4c36c60, 7208;
v0x9b4c36c60_7209 .array/port v0x9b4c36c60, 7209;
v0x9b4c36c60_7210 .array/port v0x9b4c36c60, 7210;
E_0x9b50e6d80/1802 .event anyedge, v0x9b4c36c60_7207, v0x9b4c36c60_7208, v0x9b4c36c60_7209, v0x9b4c36c60_7210;
v0x9b4c36c60_7211 .array/port v0x9b4c36c60, 7211;
v0x9b4c36c60_7212 .array/port v0x9b4c36c60, 7212;
v0x9b4c36c60_7213 .array/port v0x9b4c36c60, 7213;
v0x9b4c36c60_7214 .array/port v0x9b4c36c60, 7214;
E_0x9b50e6d80/1803 .event anyedge, v0x9b4c36c60_7211, v0x9b4c36c60_7212, v0x9b4c36c60_7213, v0x9b4c36c60_7214;
v0x9b4c36c60_7215 .array/port v0x9b4c36c60, 7215;
v0x9b4c36c60_7216 .array/port v0x9b4c36c60, 7216;
v0x9b4c36c60_7217 .array/port v0x9b4c36c60, 7217;
v0x9b4c36c60_7218 .array/port v0x9b4c36c60, 7218;
E_0x9b50e6d80/1804 .event anyedge, v0x9b4c36c60_7215, v0x9b4c36c60_7216, v0x9b4c36c60_7217, v0x9b4c36c60_7218;
v0x9b4c36c60_7219 .array/port v0x9b4c36c60, 7219;
v0x9b4c36c60_7220 .array/port v0x9b4c36c60, 7220;
v0x9b4c36c60_7221 .array/port v0x9b4c36c60, 7221;
v0x9b4c36c60_7222 .array/port v0x9b4c36c60, 7222;
E_0x9b50e6d80/1805 .event anyedge, v0x9b4c36c60_7219, v0x9b4c36c60_7220, v0x9b4c36c60_7221, v0x9b4c36c60_7222;
v0x9b4c36c60_7223 .array/port v0x9b4c36c60, 7223;
v0x9b4c36c60_7224 .array/port v0x9b4c36c60, 7224;
v0x9b4c36c60_7225 .array/port v0x9b4c36c60, 7225;
v0x9b4c36c60_7226 .array/port v0x9b4c36c60, 7226;
E_0x9b50e6d80/1806 .event anyedge, v0x9b4c36c60_7223, v0x9b4c36c60_7224, v0x9b4c36c60_7225, v0x9b4c36c60_7226;
v0x9b4c36c60_7227 .array/port v0x9b4c36c60, 7227;
v0x9b4c36c60_7228 .array/port v0x9b4c36c60, 7228;
v0x9b4c36c60_7229 .array/port v0x9b4c36c60, 7229;
v0x9b4c36c60_7230 .array/port v0x9b4c36c60, 7230;
E_0x9b50e6d80/1807 .event anyedge, v0x9b4c36c60_7227, v0x9b4c36c60_7228, v0x9b4c36c60_7229, v0x9b4c36c60_7230;
v0x9b4c36c60_7231 .array/port v0x9b4c36c60, 7231;
v0x9b4c36c60_7232 .array/port v0x9b4c36c60, 7232;
v0x9b4c36c60_7233 .array/port v0x9b4c36c60, 7233;
v0x9b4c36c60_7234 .array/port v0x9b4c36c60, 7234;
E_0x9b50e6d80/1808 .event anyedge, v0x9b4c36c60_7231, v0x9b4c36c60_7232, v0x9b4c36c60_7233, v0x9b4c36c60_7234;
v0x9b4c36c60_7235 .array/port v0x9b4c36c60, 7235;
v0x9b4c36c60_7236 .array/port v0x9b4c36c60, 7236;
v0x9b4c36c60_7237 .array/port v0x9b4c36c60, 7237;
v0x9b4c36c60_7238 .array/port v0x9b4c36c60, 7238;
E_0x9b50e6d80/1809 .event anyedge, v0x9b4c36c60_7235, v0x9b4c36c60_7236, v0x9b4c36c60_7237, v0x9b4c36c60_7238;
v0x9b4c36c60_7239 .array/port v0x9b4c36c60, 7239;
v0x9b4c36c60_7240 .array/port v0x9b4c36c60, 7240;
v0x9b4c36c60_7241 .array/port v0x9b4c36c60, 7241;
v0x9b4c36c60_7242 .array/port v0x9b4c36c60, 7242;
E_0x9b50e6d80/1810 .event anyedge, v0x9b4c36c60_7239, v0x9b4c36c60_7240, v0x9b4c36c60_7241, v0x9b4c36c60_7242;
v0x9b4c36c60_7243 .array/port v0x9b4c36c60, 7243;
v0x9b4c36c60_7244 .array/port v0x9b4c36c60, 7244;
v0x9b4c36c60_7245 .array/port v0x9b4c36c60, 7245;
v0x9b4c36c60_7246 .array/port v0x9b4c36c60, 7246;
E_0x9b50e6d80/1811 .event anyedge, v0x9b4c36c60_7243, v0x9b4c36c60_7244, v0x9b4c36c60_7245, v0x9b4c36c60_7246;
v0x9b4c36c60_7247 .array/port v0x9b4c36c60, 7247;
v0x9b4c36c60_7248 .array/port v0x9b4c36c60, 7248;
v0x9b4c36c60_7249 .array/port v0x9b4c36c60, 7249;
v0x9b4c36c60_7250 .array/port v0x9b4c36c60, 7250;
E_0x9b50e6d80/1812 .event anyedge, v0x9b4c36c60_7247, v0x9b4c36c60_7248, v0x9b4c36c60_7249, v0x9b4c36c60_7250;
v0x9b4c36c60_7251 .array/port v0x9b4c36c60, 7251;
v0x9b4c36c60_7252 .array/port v0x9b4c36c60, 7252;
v0x9b4c36c60_7253 .array/port v0x9b4c36c60, 7253;
v0x9b4c36c60_7254 .array/port v0x9b4c36c60, 7254;
E_0x9b50e6d80/1813 .event anyedge, v0x9b4c36c60_7251, v0x9b4c36c60_7252, v0x9b4c36c60_7253, v0x9b4c36c60_7254;
v0x9b4c36c60_7255 .array/port v0x9b4c36c60, 7255;
v0x9b4c36c60_7256 .array/port v0x9b4c36c60, 7256;
v0x9b4c36c60_7257 .array/port v0x9b4c36c60, 7257;
v0x9b4c36c60_7258 .array/port v0x9b4c36c60, 7258;
E_0x9b50e6d80/1814 .event anyedge, v0x9b4c36c60_7255, v0x9b4c36c60_7256, v0x9b4c36c60_7257, v0x9b4c36c60_7258;
v0x9b4c36c60_7259 .array/port v0x9b4c36c60, 7259;
v0x9b4c36c60_7260 .array/port v0x9b4c36c60, 7260;
v0x9b4c36c60_7261 .array/port v0x9b4c36c60, 7261;
v0x9b4c36c60_7262 .array/port v0x9b4c36c60, 7262;
E_0x9b50e6d80/1815 .event anyedge, v0x9b4c36c60_7259, v0x9b4c36c60_7260, v0x9b4c36c60_7261, v0x9b4c36c60_7262;
v0x9b4c36c60_7263 .array/port v0x9b4c36c60, 7263;
v0x9b4c36c60_7264 .array/port v0x9b4c36c60, 7264;
v0x9b4c36c60_7265 .array/port v0x9b4c36c60, 7265;
v0x9b4c36c60_7266 .array/port v0x9b4c36c60, 7266;
E_0x9b50e6d80/1816 .event anyedge, v0x9b4c36c60_7263, v0x9b4c36c60_7264, v0x9b4c36c60_7265, v0x9b4c36c60_7266;
v0x9b4c36c60_7267 .array/port v0x9b4c36c60, 7267;
v0x9b4c36c60_7268 .array/port v0x9b4c36c60, 7268;
v0x9b4c36c60_7269 .array/port v0x9b4c36c60, 7269;
v0x9b4c36c60_7270 .array/port v0x9b4c36c60, 7270;
E_0x9b50e6d80/1817 .event anyedge, v0x9b4c36c60_7267, v0x9b4c36c60_7268, v0x9b4c36c60_7269, v0x9b4c36c60_7270;
v0x9b4c36c60_7271 .array/port v0x9b4c36c60, 7271;
v0x9b4c36c60_7272 .array/port v0x9b4c36c60, 7272;
v0x9b4c36c60_7273 .array/port v0x9b4c36c60, 7273;
v0x9b4c36c60_7274 .array/port v0x9b4c36c60, 7274;
E_0x9b50e6d80/1818 .event anyedge, v0x9b4c36c60_7271, v0x9b4c36c60_7272, v0x9b4c36c60_7273, v0x9b4c36c60_7274;
v0x9b4c36c60_7275 .array/port v0x9b4c36c60, 7275;
v0x9b4c36c60_7276 .array/port v0x9b4c36c60, 7276;
v0x9b4c36c60_7277 .array/port v0x9b4c36c60, 7277;
v0x9b4c36c60_7278 .array/port v0x9b4c36c60, 7278;
E_0x9b50e6d80/1819 .event anyedge, v0x9b4c36c60_7275, v0x9b4c36c60_7276, v0x9b4c36c60_7277, v0x9b4c36c60_7278;
v0x9b4c36c60_7279 .array/port v0x9b4c36c60, 7279;
v0x9b4c36c60_7280 .array/port v0x9b4c36c60, 7280;
v0x9b4c36c60_7281 .array/port v0x9b4c36c60, 7281;
v0x9b4c36c60_7282 .array/port v0x9b4c36c60, 7282;
E_0x9b50e6d80/1820 .event anyedge, v0x9b4c36c60_7279, v0x9b4c36c60_7280, v0x9b4c36c60_7281, v0x9b4c36c60_7282;
v0x9b4c36c60_7283 .array/port v0x9b4c36c60, 7283;
v0x9b4c36c60_7284 .array/port v0x9b4c36c60, 7284;
v0x9b4c36c60_7285 .array/port v0x9b4c36c60, 7285;
v0x9b4c36c60_7286 .array/port v0x9b4c36c60, 7286;
E_0x9b50e6d80/1821 .event anyedge, v0x9b4c36c60_7283, v0x9b4c36c60_7284, v0x9b4c36c60_7285, v0x9b4c36c60_7286;
v0x9b4c36c60_7287 .array/port v0x9b4c36c60, 7287;
v0x9b4c36c60_7288 .array/port v0x9b4c36c60, 7288;
v0x9b4c36c60_7289 .array/port v0x9b4c36c60, 7289;
v0x9b4c36c60_7290 .array/port v0x9b4c36c60, 7290;
E_0x9b50e6d80/1822 .event anyedge, v0x9b4c36c60_7287, v0x9b4c36c60_7288, v0x9b4c36c60_7289, v0x9b4c36c60_7290;
v0x9b4c36c60_7291 .array/port v0x9b4c36c60, 7291;
v0x9b4c36c60_7292 .array/port v0x9b4c36c60, 7292;
v0x9b4c36c60_7293 .array/port v0x9b4c36c60, 7293;
v0x9b4c36c60_7294 .array/port v0x9b4c36c60, 7294;
E_0x9b50e6d80/1823 .event anyedge, v0x9b4c36c60_7291, v0x9b4c36c60_7292, v0x9b4c36c60_7293, v0x9b4c36c60_7294;
v0x9b4c36c60_7295 .array/port v0x9b4c36c60, 7295;
v0x9b4c36c60_7296 .array/port v0x9b4c36c60, 7296;
v0x9b4c36c60_7297 .array/port v0x9b4c36c60, 7297;
v0x9b4c36c60_7298 .array/port v0x9b4c36c60, 7298;
E_0x9b50e6d80/1824 .event anyedge, v0x9b4c36c60_7295, v0x9b4c36c60_7296, v0x9b4c36c60_7297, v0x9b4c36c60_7298;
v0x9b4c36c60_7299 .array/port v0x9b4c36c60, 7299;
v0x9b4c36c60_7300 .array/port v0x9b4c36c60, 7300;
v0x9b4c36c60_7301 .array/port v0x9b4c36c60, 7301;
v0x9b4c36c60_7302 .array/port v0x9b4c36c60, 7302;
E_0x9b50e6d80/1825 .event anyedge, v0x9b4c36c60_7299, v0x9b4c36c60_7300, v0x9b4c36c60_7301, v0x9b4c36c60_7302;
v0x9b4c36c60_7303 .array/port v0x9b4c36c60, 7303;
v0x9b4c36c60_7304 .array/port v0x9b4c36c60, 7304;
v0x9b4c36c60_7305 .array/port v0x9b4c36c60, 7305;
v0x9b4c36c60_7306 .array/port v0x9b4c36c60, 7306;
E_0x9b50e6d80/1826 .event anyedge, v0x9b4c36c60_7303, v0x9b4c36c60_7304, v0x9b4c36c60_7305, v0x9b4c36c60_7306;
v0x9b4c36c60_7307 .array/port v0x9b4c36c60, 7307;
v0x9b4c36c60_7308 .array/port v0x9b4c36c60, 7308;
v0x9b4c36c60_7309 .array/port v0x9b4c36c60, 7309;
v0x9b4c36c60_7310 .array/port v0x9b4c36c60, 7310;
E_0x9b50e6d80/1827 .event anyedge, v0x9b4c36c60_7307, v0x9b4c36c60_7308, v0x9b4c36c60_7309, v0x9b4c36c60_7310;
v0x9b4c36c60_7311 .array/port v0x9b4c36c60, 7311;
v0x9b4c36c60_7312 .array/port v0x9b4c36c60, 7312;
v0x9b4c36c60_7313 .array/port v0x9b4c36c60, 7313;
v0x9b4c36c60_7314 .array/port v0x9b4c36c60, 7314;
E_0x9b50e6d80/1828 .event anyedge, v0x9b4c36c60_7311, v0x9b4c36c60_7312, v0x9b4c36c60_7313, v0x9b4c36c60_7314;
v0x9b4c36c60_7315 .array/port v0x9b4c36c60, 7315;
v0x9b4c36c60_7316 .array/port v0x9b4c36c60, 7316;
v0x9b4c36c60_7317 .array/port v0x9b4c36c60, 7317;
v0x9b4c36c60_7318 .array/port v0x9b4c36c60, 7318;
E_0x9b50e6d80/1829 .event anyedge, v0x9b4c36c60_7315, v0x9b4c36c60_7316, v0x9b4c36c60_7317, v0x9b4c36c60_7318;
v0x9b4c36c60_7319 .array/port v0x9b4c36c60, 7319;
v0x9b4c36c60_7320 .array/port v0x9b4c36c60, 7320;
v0x9b4c36c60_7321 .array/port v0x9b4c36c60, 7321;
v0x9b4c36c60_7322 .array/port v0x9b4c36c60, 7322;
E_0x9b50e6d80/1830 .event anyedge, v0x9b4c36c60_7319, v0x9b4c36c60_7320, v0x9b4c36c60_7321, v0x9b4c36c60_7322;
v0x9b4c36c60_7323 .array/port v0x9b4c36c60, 7323;
v0x9b4c36c60_7324 .array/port v0x9b4c36c60, 7324;
v0x9b4c36c60_7325 .array/port v0x9b4c36c60, 7325;
v0x9b4c36c60_7326 .array/port v0x9b4c36c60, 7326;
E_0x9b50e6d80/1831 .event anyedge, v0x9b4c36c60_7323, v0x9b4c36c60_7324, v0x9b4c36c60_7325, v0x9b4c36c60_7326;
v0x9b4c36c60_7327 .array/port v0x9b4c36c60, 7327;
v0x9b4c36c60_7328 .array/port v0x9b4c36c60, 7328;
v0x9b4c36c60_7329 .array/port v0x9b4c36c60, 7329;
v0x9b4c36c60_7330 .array/port v0x9b4c36c60, 7330;
E_0x9b50e6d80/1832 .event anyedge, v0x9b4c36c60_7327, v0x9b4c36c60_7328, v0x9b4c36c60_7329, v0x9b4c36c60_7330;
v0x9b4c36c60_7331 .array/port v0x9b4c36c60, 7331;
v0x9b4c36c60_7332 .array/port v0x9b4c36c60, 7332;
v0x9b4c36c60_7333 .array/port v0x9b4c36c60, 7333;
v0x9b4c36c60_7334 .array/port v0x9b4c36c60, 7334;
E_0x9b50e6d80/1833 .event anyedge, v0x9b4c36c60_7331, v0x9b4c36c60_7332, v0x9b4c36c60_7333, v0x9b4c36c60_7334;
v0x9b4c36c60_7335 .array/port v0x9b4c36c60, 7335;
v0x9b4c36c60_7336 .array/port v0x9b4c36c60, 7336;
v0x9b4c36c60_7337 .array/port v0x9b4c36c60, 7337;
v0x9b4c36c60_7338 .array/port v0x9b4c36c60, 7338;
E_0x9b50e6d80/1834 .event anyedge, v0x9b4c36c60_7335, v0x9b4c36c60_7336, v0x9b4c36c60_7337, v0x9b4c36c60_7338;
v0x9b4c36c60_7339 .array/port v0x9b4c36c60, 7339;
v0x9b4c36c60_7340 .array/port v0x9b4c36c60, 7340;
v0x9b4c36c60_7341 .array/port v0x9b4c36c60, 7341;
v0x9b4c36c60_7342 .array/port v0x9b4c36c60, 7342;
E_0x9b50e6d80/1835 .event anyedge, v0x9b4c36c60_7339, v0x9b4c36c60_7340, v0x9b4c36c60_7341, v0x9b4c36c60_7342;
v0x9b4c36c60_7343 .array/port v0x9b4c36c60, 7343;
v0x9b4c36c60_7344 .array/port v0x9b4c36c60, 7344;
v0x9b4c36c60_7345 .array/port v0x9b4c36c60, 7345;
v0x9b4c36c60_7346 .array/port v0x9b4c36c60, 7346;
E_0x9b50e6d80/1836 .event anyedge, v0x9b4c36c60_7343, v0x9b4c36c60_7344, v0x9b4c36c60_7345, v0x9b4c36c60_7346;
v0x9b4c36c60_7347 .array/port v0x9b4c36c60, 7347;
v0x9b4c36c60_7348 .array/port v0x9b4c36c60, 7348;
v0x9b4c36c60_7349 .array/port v0x9b4c36c60, 7349;
v0x9b4c36c60_7350 .array/port v0x9b4c36c60, 7350;
E_0x9b50e6d80/1837 .event anyedge, v0x9b4c36c60_7347, v0x9b4c36c60_7348, v0x9b4c36c60_7349, v0x9b4c36c60_7350;
v0x9b4c36c60_7351 .array/port v0x9b4c36c60, 7351;
v0x9b4c36c60_7352 .array/port v0x9b4c36c60, 7352;
v0x9b4c36c60_7353 .array/port v0x9b4c36c60, 7353;
v0x9b4c36c60_7354 .array/port v0x9b4c36c60, 7354;
E_0x9b50e6d80/1838 .event anyedge, v0x9b4c36c60_7351, v0x9b4c36c60_7352, v0x9b4c36c60_7353, v0x9b4c36c60_7354;
v0x9b4c36c60_7355 .array/port v0x9b4c36c60, 7355;
v0x9b4c36c60_7356 .array/port v0x9b4c36c60, 7356;
v0x9b4c36c60_7357 .array/port v0x9b4c36c60, 7357;
v0x9b4c36c60_7358 .array/port v0x9b4c36c60, 7358;
E_0x9b50e6d80/1839 .event anyedge, v0x9b4c36c60_7355, v0x9b4c36c60_7356, v0x9b4c36c60_7357, v0x9b4c36c60_7358;
v0x9b4c36c60_7359 .array/port v0x9b4c36c60, 7359;
v0x9b4c36c60_7360 .array/port v0x9b4c36c60, 7360;
v0x9b4c36c60_7361 .array/port v0x9b4c36c60, 7361;
v0x9b4c36c60_7362 .array/port v0x9b4c36c60, 7362;
E_0x9b50e6d80/1840 .event anyedge, v0x9b4c36c60_7359, v0x9b4c36c60_7360, v0x9b4c36c60_7361, v0x9b4c36c60_7362;
v0x9b4c36c60_7363 .array/port v0x9b4c36c60, 7363;
v0x9b4c36c60_7364 .array/port v0x9b4c36c60, 7364;
v0x9b4c36c60_7365 .array/port v0x9b4c36c60, 7365;
v0x9b4c36c60_7366 .array/port v0x9b4c36c60, 7366;
E_0x9b50e6d80/1841 .event anyedge, v0x9b4c36c60_7363, v0x9b4c36c60_7364, v0x9b4c36c60_7365, v0x9b4c36c60_7366;
v0x9b4c36c60_7367 .array/port v0x9b4c36c60, 7367;
v0x9b4c36c60_7368 .array/port v0x9b4c36c60, 7368;
v0x9b4c36c60_7369 .array/port v0x9b4c36c60, 7369;
v0x9b4c36c60_7370 .array/port v0x9b4c36c60, 7370;
E_0x9b50e6d80/1842 .event anyedge, v0x9b4c36c60_7367, v0x9b4c36c60_7368, v0x9b4c36c60_7369, v0x9b4c36c60_7370;
v0x9b4c36c60_7371 .array/port v0x9b4c36c60, 7371;
v0x9b4c36c60_7372 .array/port v0x9b4c36c60, 7372;
v0x9b4c36c60_7373 .array/port v0x9b4c36c60, 7373;
v0x9b4c36c60_7374 .array/port v0x9b4c36c60, 7374;
E_0x9b50e6d80/1843 .event anyedge, v0x9b4c36c60_7371, v0x9b4c36c60_7372, v0x9b4c36c60_7373, v0x9b4c36c60_7374;
v0x9b4c36c60_7375 .array/port v0x9b4c36c60, 7375;
v0x9b4c36c60_7376 .array/port v0x9b4c36c60, 7376;
v0x9b4c36c60_7377 .array/port v0x9b4c36c60, 7377;
v0x9b4c36c60_7378 .array/port v0x9b4c36c60, 7378;
E_0x9b50e6d80/1844 .event anyedge, v0x9b4c36c60_7375, v0x9b4c36c60_7376, v0x9b4c36c60_7377, v0x9b4c36c60_7378;
v0x9b4c36c60_7379 .array/port v0x9b4c36c60, 7379;
v0x9b4c36c60_7380 .array/port v0x9b4c36c60, 7380;
v0x9b4c36c60_7381 .array/port v0x9b4c36c60, 7381;
v0x9b4c36c60_7382 .array/port v0x9b4c36c60, 7382;
E_0x9b50e6d80/1845 .event anyedge, v0x9b4c36c60_7379, v0x9b4c36c60_7380, v0x9b4c36c60_7381, v0x9b4c36c60_7382;
v0x9b4c36c60_7383 .array/port v0x9b4c36c60, 7383;
v0x9b4c36c60_7384 .array/port v0x9b4c36c60, 7384;
v0x9b4c36c60_7385 .array/port v0x9b4c36c60, 7385;
v0x9b4c36c60_7386 .array/port v0x9b4c36c60, 7386;
E_0x9b50e6d80/1846 .event anyedge, v0x9b4c36c60_7383, v0x9b4c36c60_7384, v0x9b4c36c60_7385, v0x9b4c36c60_7386;
v0x9b4c36c60_7387 .array/port v0x9b4c36c60, 7387;
v0x9b4c36c60_7388 .array/port v0x9b4c36c60, 7388;
v0x9b4c36c60_7389 .array/port v0x9b4c36c60, 7389;
v0x9b4c36c60_7390 .array/port v0x9b4c36c60, 7390;
E_0x9b50e6d80/1847 .event anyedge, v0x9b4c36c60_7387, v0x9b4c36c60_7388, v0x9b4c36c60_7389, v0x9b4c36c60_7390;
v0x9b4c36c60_7391 .array/port v0x9b4c36c60, 7391;
v0x9b4c36c60_7392 .array/port v0x9b4c36c60, 7392;
v0x9b4c36c60_7393 .array/port v0x9b4c36c60, 7393;
v0x9b4c36c60_7394 .array/port v0x9b4c36c60, 7394;
E_0x9b50e6d80/1848 .event anyedge, v0x9b4c36c60_7391, v0x9b4c36c60_7392, v0x9b4c36c60_7393, v0x9b4c36c60_7394;
v0x9b4c36c60_7395 .array/port v0x9b4c36c60, 7395;
v0x9b4c36c60_7396 .array/port v0x9b4c36c60, 7396;
v0x9b4c36c60_7397 .array/port v0x9b4c36c60, 7397;
v0x9b4c36c60_7398 .array/port v0x9b4c36c60, 7398;
E_0x9b50e6d80/1849 .event anyedge, v0x9b4c36c60_7395, v0x9b4c36c60_7396, v0x9b4c36c60_7397, v0x9b4c36c60_7398;
v0x9b4c36c60_7399 .array/port v0x9b4c36c60, 7399;
v0x9b4c36c60_7400 .array/port v0x9b4c36c60, 7400;
v0x9b4c36c60_7401 .array/port v0x9b4c36c60, 7401;
v0x9b4c36c60_7402 .array/port v0x9b4c36c60, 7402;
E_0x9b50e6d80/1850 .event anyedge, v0x9b4c36c60_7399, v0x9b4c36c60_7400, v0x9b4c36c60_7401, v0x9b4c36c60_7402;
v0x9b4c36c60_7403 .array/port v0x9b4c36c60, 7403;
v0x9b4c36c60_7404 .array/port v0x9b4c36c60, 7404;
v0x9b4c36c60_7405 .array/port v0x9b4c36c60, 7405;
v0x9b4c36c60_7406 .array/port v0x9b4c36c60, 7406;
E_0x9b50e6d80/1851 .event anyedge, v0x9b4c36c60_7403, v0x9b4c36c60_7404, v0x9b4c36c60_7405, v0x9b4c36c60_7406;
v0x9b4c36c60_7407 .array/port v0x9b4c36c60, 7407;
v0x9b4c36c60_7408 .array/port v0x9b4c36c60, 7408;
v0x9b4c36c60_7409 .array/port v0x9b4c36c60, 7409;
v0x9b4c36c60_7410 .array/port v0x9b4c36c60, 7410;
E_0x9b50e6d80/1852 .event anyedge, v0x9b4c36c60_7407, v0x9b4c36c60_7408, v0x9b4c36c60_7409, v0x9b4c36c60_7410;
v0x9b4c36c60_7411 .array/port v0x9b4c36c60, 7411;
v0x9b4c36c60_7412 .array/port v0x9b4c36c60, 7412;
v0x9b4c36c60_7413 .array/port v0x9b4c36c60, 7413;
v0x9b4c36c60_7414 .array/port v0x9b4c36c60, 7414;
E_0x9b50e6d80/1853 .event anyedge, v0x9b4c36c60_7411, v0x9b4c36c60_7412, v0x9b4c36c60_7413, v0x9b4c36c60_7414;
v0x9b4c36c60_7415 .array/port v0x9b4c36c60, 7415;
v0x9b4c36c60_7416 .array/port v0x9b4c36c60, 7416;
v0x9b4c36c60_7417 .array/port v0x9b4c36c60, 7417;
v0x9b4c36c60_7418 .array/port v0x9b4c36c60, 7418;
E_0x9b50e6d80/1854 .event anyedge, v0x9b4c36c60_7415, v0x9b4c36c60_7416, v0x9b4c36c60_7417, v0x9b4c36c60_7418;
v0x9b4c36c60_7419 .array/port v0x9b4c36c60, 7419;
v0x9b4c36c60_7420 .array/port v0x9b4c36c60, 7420;
v0x9b4c36c60_7421 .array/port v0x9b4c36c60, 7421;
v0x9b4c36c60_7422 .array/port v0x9b4c36c60, 7422;
E_0x9b50e6d80/1855 .event anyedge, v0x9b4c36c60_7419, v0x9b4c36c60_7420, v0x9b4c36c60_7421, v0x9b4c36c60_7422;
v0x9b4c36c60_7423 .array/port v0x9b4c36c60, 7423;
v0x9b4c36c60_7424 .array/port v0x9b4c36c60, 7424;
v0x9b4c36c60_7425 .array/port v0x9b4c36c60, 7425;
v0x9b4c36c60_7426 .array/port v0x9b4c36c60, 7426;
E_0x9b50e6d80/1856 .event anyedge, v0x9b4c36c60_7423, v0x9b4c36c60_7424, v0x9b4c36c60_7425, v0x9b4c36c60_7426;
v0x9b4c36c60_7427 .array/port v0x9b4c36c60, 7427;
v0x9b4c36c60_7428 .array/port v0x9b4c36c60, 7428;
v0x9b4c36c60_7429 .array/port v0x9b4c36c60, 7429;
v0x9b4c36c60_7430 .array/port v0x9b4c36c60, 7430;
E_0x9b50e6d80/1857 .event anyedge, v0x9b4c36c60_7427, v0x9b4c36c60_7428, v0x9b4c36c60_7429, v0x9b4c36c60_7430;
v0x9b4c36c60_7431 .array/port v0x9b4c36c60, 7431;
v0x9b4c36c60_7432 .array/port v0x9b4c36c60, 7432;
v0x9b4c36c60_7433 .array/port v0x9b4c36c60, 7433;
v0x9b4c36c60_7434 .array/port v0x9b4c36c60, 7434;
E_0x9b50e6d80/1858 .event anyedge, v0x9b4c36c60_7431, v0x9b4c36c60_7432, v0x9b4c36c60_7433, v0x9b4c36c60_7434;
v0x9b4c36c60_7435 .array/port v0x9b4c36c60, 7435;
v0x9b4c36c60_7436 .array/port v0x9b4c36c60, 7436;
v0x9b4c36c60_7437 .array/port v0x9b4c36c60, 7437;
v0x9b4c36c60_7438 .array/port v0x9b4c36c60, 7438;
E_0x9b50e6d80/1859 .event anyedge, v0x9b4c36c60_7435, v0x9b4c36c60_7436, v0x9b4c36c60_7437, v0x9b4c36c60_7438;
v0x9b4c36c60_7439 .array/port v0x9b4c36c60, 7439;
v0x9b4c36c60_7440 .array/port v0x9b4c36c60, 7440;
v0x9b4c36c60_7441 .array/port v0x9b4c36c60, 7441;
v0x9b4c36c60_7442 .array/port v0x9b4c36c60, 7442;
E_0x9b50e6d80/1860 .event anyedge, v0x9b4c36c60_7439, v0x9b4c36c60_7440, v0x9b4c36c60_7441, v0x9b4c36c60_7442;
v0x9b4c36c60_7443 .array/port v0x9b4c36c60, 7443;
v0x9b4c36c60_7444 .array/port v0x9b4c36c60, 7444;
v0x9b4c36c60_7445 .array/port v0x9b4c36c60, 7445;
v0x9b4c36c60_7446 .array/port v0x9b4c36c60, 7446;
E_0x9b50e6d80/1861 .event anyedge, v0x9b4c36c60_7443, v0x9b4c36c60_7444, v0x9b4c36c60_7445, v0x9b4c36c60_7446;
v0x9b4c36c60_7447 .array/port v0x9b4c36c60, 7447;
v0x9b4c36c60_7448 .array/port v0x9b4c36c60, 7448;
v0x9b4c36c60_7449 .array/port v0x9b4c36c60, 7449;
v0x9b4c36c60_7450 .array/port v0x9b4c36c60, 7450;
E_0x9b50e6d80/1862 .event anyedge, v0x9b4c36c60_7447, v0x9b4c36c60_7448, v0x9b4c36c60_7449, v0x9b4c36c60_7450;
v0x9b4c36c60_7451 .array/port v0x9b4c36c60, 7451;
v0x9b4c36c60_7452 .array/port v0x9b4c36c60, 7452;
v0x9b4c36c60_7453 .array/port v0x9b4c36c60, 7453;
v0x9b4c36c60_7454 .array/port v0x9b4c36c60, 7454;
E_0x9b50e6d80/1863 .event anyedge, v0x9b4c36c60_7451, v0x9b4c36c60_7452, v0x9b4c36c60_7453, v0x9b4c36c60_7454;
v0x9b4c36c60_7455 .array/port v0x9b4c36c60, 7455;
v0x9b4c36c60_7456 .array/port v0x9b4c36c60, 7456;
v0x9b4c36c60_7457 .array/port v0x9b4c36c60, 7457;
v0x9b4c36c60_7458 .array/port v0x9b4c36c60, 7458;
E_0x9b50e6d80/1864 .event anyedge, v0x9b4c36c60_7455, v0x9b4c36c60_7456, v0x9b4c36c60_7457, v0x9b4c36c60_7458;
v0x9b4c36c60_7459 .array/port v0x9b4c36c60, 7459;
v0x9b4c36c60_7460 .array/port v0x9b4c36c60, 7460;
v0x9b4c36c60_7461 .array/port v0x9b4c36c60, 7461;
v0x9b4c36c60_7462 .array/port v0x9b4c36c60, 7462;
E_0x9b50e6d80/1865 .event anyedge, v0x9b4c36c60_7459, v0x9b4c36c60_7460, v0x9b4c36c60_7461, v0x9b4c36c60_7462;
v0x9b4c36c60_7463 .array/port v0x9b4c36c60, 7463;
v0x9b4c36c60_7464 .array/port v0x9b4c36c60, 7464;
v0x9b4c36c60_7465 .array/port v0x9b4c36c60, 7465;
v0x9b4c36c60_7466 .array/port v0x9b4c36c60, 7466;
E_0x9b50e6d80/1866 .event anyedge, v0x9b4c36c60_7463, v0x9b4c36c60_7464, v0x9b4c36c60_7465, v0x9b4c36c60_7466;
v0x9b4c36c60_7467 .array/port v0x9b4c36c60, 7467;
v0x9b4c36c60_7468 .array/port v0x9b4c36c60, 7468;
v0x9b4c36c60_7469 .array/port v0x9b4c36c60, 7469;
v0x9b4c36c60_7470 .array/port v0x9b4c36c60, 7470;
E_0x9b50e6d80/1867 .event anyedge, v0x9b4c36c60_7467, v0x9b4c36c60_7468, v0x9b4c36c60_7469, v0x9b4c36c60_7470;
v0x9b4c36c60_7471 .array/port v0x9b4c36c60, 7471;
v0x9b4c36c60_7472 .array/port v0x9b4c36c60, 7472;
v0x9b4c36c60_7473 .array/port v0x9b4c36c60, 7473;
v0x9b4c36c60_7474 .array/port v0x9b4c36c60, 7474;
E_0x9b50e6d80/1868 .event anyedge, v0x9b4c36c60_7471, v0x9b4c36c60_7472, v0x9b4c36c60_7473, v0x9b4c36c60_7474;
v0x9b4c36c60_7475 .array/port v0x9b4c36c60, 7475;
v0x9b4c36c60_7476 .array/port v0x9b4c36c60, 7476;
v0x9b4c36c60_7477 .array/port v0x9b4c36c60, 7477;
v0x9b4c36c60_7478 .array/port v0x9b4c36c60, 7478;
E_0x9b50e6d80/1869 .event anyedge, v0x9b4c36c60_7475, v0x9b4c36c60_7476, v0x9b4c36c60_7477, v0x9b4c36c60_7478;
v0x9b4c36c60_7479 .array/port v0x9b4c36c60, 7479;
v0x9b4c36c60_7480 .array/port v0x9b4c36c60, 7480;
v0x9b4c36c60_7481 .array/port v0x9b4c36c60, 7481;
v0x9b4c36c60_7482 .array/port v0x9b4c36c60, 7482;
E_0x9b50e6d80/1870 .event anyedge, v0x9b4c36c60_7479, v0x9b4c36c60_7480, v0x9b4c36c60_7481, v0x9b4c36c60_7482;
v0x9b4c36c60_7483 .array/port v0x9b4c36c60, 7483;
v0x9b4c36c60_7484 .array/port v0x9b4c36c60, 7484;
v0x9b4c36c60_7485 .array/port v0x9b4c36c60, 7485;
v0x9b4c36c60_7486 .array/port v0x9b4c36c60, 7486;
E_0x9b50e6d80/1871 .event anyedge, v0x9b4c36c60_7483, v0x9b4c36c60_7484, v0x9b4c36c60_7485, v0x9b4c36c60_7486;
v0x9b4c36c60_7487 .array/port v0x9b4c36c60, 7487;
v0x9b4c36c60_7488 .array/port v0x9b4c36c60, 7488;
v0x9b4c36c60_7489 .array/port v0x9b4c36c60, 7489;
v0x9b4c36c60_7490 .array/port v0x9b4c36c60, 7490;
E_0x9b50e6d80/1872 .event anyedge, v0x9b4c36c60_7487, v0x9b4c36c60_7488, v0x9b4c36c60_7489, v0x9b4c36c60_7490;
v0x9b4c36c60_7491 .array/port v0x9b4c36c60, 7491;
v0x9b4c36c60_7492 .array/port v0x9b4c36c60, 7492;
v0x9b4c36c60_7493 .array/port v0x9b4c36c60, 7493;
v0x9b4c36c60_7494 .array/port v0x9b4c36c60, 7494;
E_0x9b50e6d80/1873 .event anyedge, v0x9b4c36c60_7491, v0x9b4c36c60_7492, v0x9b4c36c60_7493, v0x9b4c36c60_7494;
v0x9b4c36c60_7495 .array/port v0x9b4c36c60, 7495;
v0x9b4c36c60_7496 .array/port v0x9b4c36c60, 7496;
v0x9b4c36c60_7497 .array/port v0x9b4c36c60, 7497;
v0x9b4c36c60_7498 .array/port v0x9b4c36c60, 7498;
E_0x9b50e6d80/1874 .event anyedge, v0x9b4c36c60_7495, v0x9b4c36c60_7496, v0x9b4c36c60_7497, v0x9b4c36c60_7498;
v0x9b4c36c60_7499 .array/port v0x9b4c36c60, 7499;
v0x9b4c36c60_7500 .array/port v0x9b4c36c60, 7500;
v0x9b4c36c60_7501 .array/port v0x9b4c36c60, 7501;
v0x9b4c36c60_7502 .array/port v0x9b4c36c60, 7502;
E_0x9b50e6d80/1875 .event anyedge, v0x9b4c36c60_7499, v0x9b4c36c60_7500, v0x9b4c36c60_7501, v0x9b4c36c60_7502;
v0x9b4c36c60_7503 .array/port v0x9b4c36c60, 7503;
v0x9b4c36c60_7504 .array/port v0x9b4c36c60, 7504;
v0x9b4c36c60_7505 .array/port v0x9b4c36c60, 7505;
v0x9b4c36c60_7506 .array/port v0x9b4c36c60, 7506;
E_0x9b50e6d80/1876 .event anyedge, v0x9b4c36c60_7503, v0x9b4c36c60_7504, v0x9b4c36c60_7505, v0x9b4c36c60_7506;
v0x9b4c36c60_7507 .array/port v0x9b4c36c60, 7507;
v0x9b4c36c60_7508 .array/port v0x9b4c36c60, 7508;
v0x9b4c36c60_7509 .array/port v0x9b4c36c60, 7509;
v0x9b4c36c60_7510 .array/port v0x9b4c36c60, 7510;
E_0x9b50e6d80/1877 .event anyedge, v0x9b4c36c60_7507, v0x9b4c36c60_7508, v0x9b4c36c60_7509, v0x9b4c36c60_7510;
v0x9b4c36c60_7511 .array/port v0x9b4c36c60, 7511;
v0x9b4c36c60_7512 .array/port v0x9b4c36c60, 7512;
v0x9b4c36c60_7513 .array/port v0x9b4c36c60, 7513;
v0x9b4c36c60_7514 .array/port v0x9b4c36c60, 7514;
E_0x9b50e6d80/1878 .event anyedge, v0x9b4c36c60_7511, v0x9b4c36c60_7512, v0x9b4c36c60_7513, v0x9b4c36c60_7514;
v0x9b4c36c60_7515 .array/port v0x9b4c36c60, 7515;
v0x9b4c36c60_7516 .array/port v0x9b4c36c60, 7516;
v0x9b4c36c60_7517 .array/port v0x9b4c36c60, 7517;
v0x9b4c36c60_7518 .array/port v0x9b4c36c60, 7518;
E_0x9b50e6d80/1879 .event anyedge, v0x9b4c36c60_7515, v0x9b4c36c60_7516, v0x9b4c36c60_7517, v0x9b4c36c60_7518;
v0x9b4c36c60_7519 .array/port v0x9b4c36c60, 7519;
v0x9b4c36c60_7520 .array/port v0x9b4c36c60, 7520;
v0x9b4c36c60_7521 .array/port v0x9b4c36c60, 7521;
v0x9b4c36c60_7522 .array/port v0x9b4c36c60, 7522;
E_0x9b50e6d80/1880 .event anyedge, v0x9b4c36c60_7519, v0x9b4c36c60_7520, v0x9b4c36c60_7521, v0x9b4c36c60_7522;
v0x9b4c36c60_7523 .array/port v0x9b4c36c60, 7523;
v0x9b4c36c60_7524 .array/port v0x9b4c36c60, 7524;
v0x9b4c36c60_7525 .array/port v0x9b4c36c60, 7525;
v0x9b4c36c60_7526 .array/port v0x9b4c36c60, 7526;
E_0x9b50e6d80/1881 .event anyedge, v0x9b4c36c60_7523, v0x9b4c36c60_7524, v0x9b4c36c60_7525, v0x9b4c36c60_7526;
v0x9b4c36c60_7527 .array/port v0x9b4c36c60, 7527;
v0x9b4c36c60_7528 .array/port v0x9b4c36c60, 7528;
v0x9b4c36c60_7529 .array/port v0x9b4c36c60, 7529;
v0x9b4c36c60_7530 .array/port v0x9b4c36c60, 7530;
E_0x9b50e6d80/1882 .event anyedge, v0x9b4c36c60_7527, v0x9b4c36c60_7528, v0x9b4c36c60_7529, v0x9b4c36c60_7530;
v0x9b4c36c60_7531 .array/port v0x9b4c36c60, 7531;
v0x9b4c36c60_7532 .array/port v0x9b4c36c60, 7532;
v0x9b4c36c60_7533 .array/port v0x9b4c36c60, 7533;
v0x9b4c36c60_7534 .array/port v0x9b4c36c60, 7534;
E_0x9b50e6d80/1883 .event anyedge, v0x9b4c36c60_7531, v0x9b4c36c60_7532, v0x9b4c36c60_7533, v0x9b4c36c60_7534;
v0x9b4c36c60_7535 .array/port v0x9b4c36c60, 7535;
v0x9b4c36c60_7536 .array/port v0x9b4c36c60, 7536;
v0x9b4c36c60_7537 .array/port v0x9b4c36c60, 7537;
v0x9b4c36c60_7538 .array/port v0x9b4c36c60, 7538;
E_0x9b50e6d80/1884 .event anyedge, v0x9b4c36c60_7535, v0x9b4c36c60_7536, v0x9b4c36c60_7537, v0x9b4c36c60_7538;
v0x9b4c36c60_7539 .array/port v0x9b4c36c60, 7539;
v0x9b4c36c60_7540 .array/port v0x9b4c36c60, 7540;
v0x9b4c36c60_7541 .array/port v0x9b4c36c60, 7541;
v0x9b4c36c60_7542 .array/port v0x9b4c36c60, 7542;
E_0x9b50e6d80/1885 .event anyedge, v0x9b4c36c60_7539, v0x9b4c36c60_7540, v0x9b4c36c60_7541, v0x9b4c36c60_7542;
v0x9b4c36c60_7543 .array/port v0x9b4c36c60, 7543;
v0x9b4c36c60_7544 .array/port v0x9b4c36c60, 7544;
v0x9b4c36c60_7545 .array/port v0x9b4c36c60, 7545;
v0x9b4c36c60_7546 .array/port v0x9b4c36c60, 7546;
E_0x9b50e6d80/1886 .event anyedge, v0x9b4c36c60_7543, v0x9b4c36c60_7544, v0x9b4c36c60_7545, v0x9b4c36c60_7546;
v0x9b4c36c60_7547 .array/port v0x9b4c36c60, 7547;
v0x9b4c36c60_7548 .array/port v0x9b4c36c60, 7548;
v0x9b4c36c60_7549 .array/port v0x9b4c36c60, 7549;
v0x9b4c36c60_7550 .array/port v0x9b4c36c60, 7550;
E_0x9b50e6d80/1887 .event anyedge, v0x9b4c36c60_7547, v0x9b4c36c60_7548, v0x9b4c36c60_7549, v0x9b4c36c60_7550;
v0x9b4c36c60_7551 .array/port v0x9b4c36c60, 7551;
v0x9b4c36c60_7552 .array/port v0x9b4c36c60, 7552;
v0x9b4c36c60_7553 .array/port v0x9b4c36c60, 7553;
v0x9b4c36c60_7554 .array/port v0x9b4c36c60, 7554;
E_0x9b50e6d80/1888 .event anyedge, v0x9b4c36c60_7551, v0x9b4c36c60_7552, v0x9b4c36c60_7553, v0x9b4c36c60_7554;
v0x9b4c36c60_7555 .array/port v0x9b4c36c60, 7555;
v0x9b4c36c60_7556 .array/port v0x9b4c36c60, 7556;
v0x9b4c36c60_7557 .array/port v0x9b4c36c60, 7557;
v0x9b4c36c60_7558 .array/port v0x9b4c36c60, 7558;
E_0x9b50e6d80/1889 .event anyedge, v0x9b4c36c60_7555, v0x9b4c36c60_7556, v0x9b4c36c60_7557, v0x9b4c36c60_7558;
v0x9b4c36c60_7559 .array/port v0x9b4c36c60, 7559;
v0x9b4c36c60_7560 .array/port v0x9b4c36c60, 7560;
v0x9b4c36c60_7561 .array/port v0x9b4c36c60, 7561;
v0x9b4c36c60_7562 .array/port v0x9b4c36c60, 7562;
E_0x9b50e6d80/1890 .event anyedge, v0x9b4c36c60_7559, v0x9b4c36c60_7560, v0x9b4c36c60_7561, v0x9b4c36c60_7562;
v0x9b4c36c60_7563 .array/port v0x9b4c36c60, 7563;
v0x9b4c36c60_7564 .array/port v0x9b4c36c60, 7564;
v0x9b4c36c60_7565 .array/port v0x9b4c36c60, 7565;
v0x9b4c36c60_7566 .array/port v0x9b4c36c60, 7566;
E_0x9b50e6d80/1891 .event anyedge, v0x9b4c36c60_7563, v0x9b4c36c60_7564, v0x9b4c36c60_7565, v0x9b4c36c60_7566;
v0x9b4c36c60_7567 .array/port v0x9b4c36c60, 7567;
v0x9b4c36c60_7568 .array/port v0x9b4c36c60, 7568;
v0x9b4c36c60_7569 .array/port v0x9b4c36c60, 7569;
v0x9b4c36c60_7570 .array/port v0x9b4c36c60, 7570;
E_0x9b50e6d80/1892 .event anyedge, v0x9b4c36c60_7567, v0x9b4c36c60_7568, v0x9b4c36c60_7569, v0x9b4c36c60_7570;
v0x9b4c36c60_7571 .array/port v0x9b4c36c60, 7571;
v0x9b4c36c60_7572 .array/port v0x9b4c36c60, 7572;
v0x9b4c36c60_7573 .array/port v0x9b4c36c60, 7573;
v0x9b4c36c60_7574 .array/port v0x9b4c36c60, 7574;
E_0x9b50e6d80/1893 .event anyedge, v0x9b4c36c60_7571, v0x9b4c36c60_7572, v0x9b4c36c60_7573, v0x9b4c36c60_7574;
v0x9b4c36c60_7575 .array/port v0x9b4c36c60, 7575;
v0x9b4c36c60_7576 .array/port v0x9b4c36c60, 7576;
v0x9b4c36c60_7577 .array/port v0x9b4c36c60, 7577;
v0x9b4c36c60_7578 .array/port v0x9b4c36c60, 7578;
E_0x9b50e6d80/1894 .event anyedge, v0x9b4c36c60_7575, v0x9b4c36c60_7576, v0x9b4c36c60_7577, v0x9b4c36c60_7578;
v0x9b4c36c60_7579 .array/port v0x9b4c36c60, 7579;
v0x9b4c36c60_7580 .array/port v0x9b4c36c60, 7580;
v0x9b4c36c60_7581 .array/port v0x9b4c36c60, 7581;
v0x9b4c36c60_7582 .array/port v0x9b4c36c60, 7582;
E_0x9b50e6d80/1895 .event anyedge, v0x9b4c36c60_7579, v0x9b4c36c60_7580, v0x9b4c36c60_7581, v0x9b4c36c60_7582;
v0x9b4c36c60_7583 .array/port v0x9b4c36c60, 7583;
v0x9b4c36c60_7584 .array/port v0x9b4c36c60, 7584;
v0x9b4c36c60_7585 .array/port v0x9b4c36c60, 7585;
v0x9b4c36c60_7586 .array/port v0x9b4c36c60, 7586;
E_0x9b50e6d80/1896 .event anyedge, v0x9b4c36c60_7583, v0x9b4c36c60_7584, v0x9b4c36c60_7585, v0x9b4c36c60_7586;
v0x9b4c36c60_7587 .array/port v0x9b4c36c60, 7587;
v0x9b4c36c60_7588 .array/port v0x9b4c36c60, 7588;
v0x9b4c36c60_7589 .array/port v0x9b4c36c60, 7589;
v0x9b4c36c60_7590 .array/port v0x9b4c36c60, 7590;
E_0x9b50e6d80/1897 .event anyedge, v0x9b4c36c60_7587, v0x9b4c36c60_7588, v0x9b4c36c60_7589, v0x9b4c36c60_7590;
v0x9b4c36c60_7591 .array/port v0x9b4c36c60, 7591;
v0x9b4c36c60_7592 .array/port v0x9b4c36c60, 7592;
v0x9b4c36c60_7593 .array/port v0x9b4c36c60, 7593;
v0x9b4c36c60_7594 .array/port v0x9b4c36c60, 7594;
E_0x9b50e6d80/1898 .event anyedge, v0x9b4c36c60_7591, v0x9b4c36c60_7592, v0x9b4c36c60_7593, v0x9b4c36c60_7594;
v0x9b4c36c60_7595 .array/port v0x9b4c36c60, 7595;
v0x9b4c36c60_7596 .array/port v0x9b4c36c60, 7596;
v0x9b4c36c60_7597 .array/port v0x9b4c36c60, 7597;
v0x9b4c36c60_7598 .array/port v0x9b4c36c60, 7598;
E_0x9b50e6d80/1899 .event anyedge, v0x9b4c36c60_7595, v0x9b4c36c60_7596, v0x9b4c36c60_7597, v0x9b4c36c60_7598;
v0x9b4c36c60_7599 .array/port v0x9b4c36c60, 7599;
v0x9b4c36c60_7600 .array/port v0x9b4c36c60, 7600;
v0x9b4c36c60_7601 .array/port v0x9b4c36c60, 7601;
v0x9b4c36c60_7602 .array/port v0x9b4c36c60, 7602;
E_0x9b50e6d80/1900 .event anyedge, v0x9b4c36c60_7599, v0x9b4c36c60_7600, v0x9b4c36c60_7601, v0x9b4c36c60_7602;
v0x9b4c36c60_7603 .array/port v0x9b4c36c60, 7603;
v0x9b4c36c60_7604 .array/port v0x9b4c36c60, 7604;
v0x9b4c36c60_7605 .array/port v0x9b4c36c60, 7605;
v0x9b4c36c60_7606 .array/port v0x9b4c36c60, 7606;
E_0x9b50e6d80/1901 .event anyedge, v0x9b4c36c60_7603, v0x9b4c36c60_7604, v0x9b4c36c60_7605, v0x9b4c36c60_7606;
v0x9b4c36c60_7607 .array/port v0x9b4c36c60, 7607;
v0x9b4c36c60_7608 .array/port v0x9b4c36c60, 7608;
v0x9b4c36c60_7609 .array/port v0x9b4c36c60, 7609;
v0x9b4c36c60_7610 .array/port v0x9b4c36c60, 7610;
E_0x9b50e6d80/1902 .event anyedge, v0x9b4c36c60_7607, v0x9b4c36c60_7608, v0x9b4c36c60_7609, v0x9b4c36c60_7610;
v0x9b4c36c60_7611 .array/port v0x9b4c36c60, 7611;
v0x9b4c36c60_7612 .array/port v0x9b4c36c60, 7612;
v0x9b4c36c60_7613 .array/port v0x9b4c36c60, 7613;
v0x9b4c36c60_7614 .array/port v0x9b4c36c60, 7614;
E_0x9b50e6d80/1903 .event anyedge, v0x9b4c36c60_7611, v0x9b4c36c60_7612, v0x9b4c36c60_7613, v0x9b4c36c60_7614;
v0x9b4c36c60_7615 .array/port v0x9b4c36c60, 7615;
v0x9b4c36c60_7616 .array/port v0x9b4c36c60, 7616;
v0x9b4c36c60_7617 .array/port v0x9b4c36c60, 7617;
v0x9b4c36c60_7618 .array/port v0x9b4c36c60, 7618;
E_0x9b50e6d80/1904 .event anyedge, v0x9b4c36c60_7615, v0x9b4c36c60_7616, v0x9b4c36c60_7617, v0x9b4c36c60_7618;
v0x9b4c36c60_7619 .array/port v0x9b4c36c60, 7619;
v0x9b4c36c60_7620 .array/port v0x9b4c36c60, 7620;
v0x9b4c36c60_7621 .array/port v0x9b4c36c60, 7621;
v0x9b4c36c60_7622 .array/port v0x9b4c36c60, 7622;
E_0x9b50e6d80/1905 .event anyedge, v0x9b4c36c60_7619, v0x9b4c36c60_7620, v0x9b4c36c60_7621, v0x9b4c36c60_7622;
v0x9b4c36c60_7623 .array/port v0x9b4c36c60, 7623;
v0x9b4c36c60_7624 .array/port v0x9b4c36c60, 7624;
v0x9b4c36c60_7625 .array/port v0x9b4c36c60, 7625;
v0x9b4c36c60_7626 .array/port v0x9b4c36c60, 7626;
E_0x9b50e6d80/1906 .event anyedge, v0x9b4c36c60_7623, v0x9b4c36c60_7624, v0x9b4c36c60_7625, v0x9b4c36c60_7626;
v0x9b4c36c60_7627 .array/port v0x9b4c36c60, 7627;
v0x9b4c36c60_7628 .array/port v0x9b4c36c60, 7628;
v0x9b4c36c60_7629 .array/port v0x9b4c36c60, 7629;
v0x9b4c36c60_7630 .array/port v0x9b4c36c60, 7630;
E_0x9b50e6d80/1907 .event anyedge, v0x9b4c36c60_7627, v0x9b4c36c60_7628, v0x9b4c36c60_7629, v0x9b4c36c60_7630;
v0x9b4c36c60_7631 .array/port v0x9b4c36c60, 7631;
v0x9b4c36c60_7632 .array/port v0x9b4c36c60, 7632;
v0x9b4c36c60_7633 .array/port v0x9b4c36c60, 7633;
v0x9b4c36c60_7634 .array/port v0x9b4c36c60, 7634;
E_0x9b50e6d80/1908 .event anyedge, v0x9b4c36c60_7631, v0x9b4c36c60_7632, v0x9b4c36c60_7633, v0x9b4c36c60_7634;
v0x9b4c36c60_7635 .array/port v0x9b4c36c60, 7635;
v0x9b4c36c60_7636 .array/port v0x9b4c36c60, 7636;
v0x9b4c36c60_7637 .array/port v0x9b4c36c60, 7637;
v0x9b4c36c60_7638 .array/port v0x9b4c36c60, 7638;
E_0x9b50e6d80/1909 .event anyedge, v0x9b4c36c60_7635, v0x9b4c36c60_7636, v0x9b4c36c60_7637, v0x9b4c36c60_7638;
v0x9b4c36c60_7639 .array/port v0x9b4c36c60, 7639;
v0x9b4c36c60_7640 .array/port v0x9b4c36c60, 7640;
v0x9b4c36c60_7641 .array/port v0x9b4c36c60, 7641;
v0x9b4c36c60_7642 .array/port v0x9b4c36c60, 7642;
E_0x9b50e6d80/1910 .event anyedge, v0x9b4c36c60_7639, v0x9b4c36c60_7640, v0x9b4c36c60_7641, v0x9b4c36c60_7642;
v0x9b4c36c60_7643 .array/port v0x9b4c36c60, 7643;
v0x9b4c36c60_7644 .array/port v0x9b4c36c60, 7644;
v0x9b4c36c60_7645 .array/port v0x9b4c36c60, 7645;
v0x9b4c36c60_7646 .array/port v0x9b4c36c60, 7646;
E_0x9b50e6d80/1911 .event anyedge, v0x9b4c36c60_7643, v0x9b4c36c60_7644, v0x9b4c36c60_7645, v0x9b4c36c60_7646;
v0x9b4c36c60_7647 .array/port v0x9b4c36c60, 7647;
v0x9b4c36c60_7648 .array/port v0x9b4c36c60, 7648;
v0x9b4c36c60_7649 .array/port v0x9b4c36c60, 7649;
v0x9b4c36c60_7650 .array/port v0x9b4c36c60, 7650;
E_0x9b50e6d80/1912 .event anyedge, v0x9b4c36c60_7647, v0x9b4c36c60_7648, v0x9b4c36c60_7649, v0x9b4c36c60_7650;
v0x9b4c36c60_7651 .array/port v0x9b4c36c60, 7651;
v0x9b4c36c60_7652 .array/port v0x9b4c36c60, 7652;
v0x9b4c36c60_7653 .array/port v0x9b4c36c60, 7653;
v0x9b4c36c60_7654 .array/port v0x9b4c36c60, 7654;
E_0x9b50e6d80/1913 .event anyedge, v0x9b4c36c60_7651, v0x9b4c36c60_7652, v0x9b4c36c60_7653, v0x9b4c36c60_7654;
v0x9b4c36c60_7655 .array/port v0x9b4c36c60, 7655;
v0x9b4c36c60_7656 .array/port v0x9b4c36c60, 7656;
v0x9b4c36c60_7657 .array/port v0x9b4c36c60, 7657;
v0x9b4c36c60_7658 .array/port v0x9b4c36c60, 7658;
E_0x9b50e6d80/1914 .event anyedge, v0x9b4c36c60_7655, v0x9b4c36c60_7656, v0x9b4c36c60_7657, v0x9b4c36c60_7658;
v0x9b4c36c60_7659 .array/port v0x9b4c36c60, 7659;
v0x9b4c36c60_7660 .array/port v0x9b4c36c60, 7660;
v0x9b4c36c60_7661 .array/port v0x9b4c36c60, 7661;
v0x9b4c36c60_7662 .array/port v0x9b4c36c60, 7662;
E_0x9b50e6d80/1915 .event anyedge, v0x9b4c36c60_7659, v0x9b4c36c60_7660, v0x9b4c36c60_7661, v0x9b4c36c60_7662;
v0x9b4c36c60_7663 .array/port v0x9b4c36c60, 7663;
v0x9b4c36c60_7664 .array/port v0x9b4c36c60, 7664;
v0x9b4c36c60_7665 .array/port v0x9b4c36c60, 7665;
v0x9b4c36c60_7666 .array/port v0x9b4c36c60, 7666;
E_0x9b50e6d80/1916 .event anyedge, v0x9b4c36c60_7663, v0x9b4c36c60_7664, v0x9b4c36c60_7665, v0x9b4c36c60_7666;
v0x9b4c36c60_7667 .array/port v0x9b4c36c60, 7667;
v0x9b4c36c60_7668 .array/port v0x9b4c36c60, 7668;
v0x9b4c36c60_7669 .array/port v0x9b4c36c60, 7669;
v0x9b4c36c60_7670 .array/port v0x9b4c36c60, 7670;
E_0x9b50e6d80/1917 .event anyedge, v0x9b4c36c60_7667, v0x9b4c36c60_7668, v0x9b4c36c60_7669, v0x9b4c36c60_7670;
v0x9b4c36c60_7671 .array/port v0x9b4c36c60, 7671;
v0x9b4c36c60_7672 .array/port v0x9b4c36c60, 7672;
v0x9b4c36c60_7673 .array/port v0x9b4c36c60, 7673;
v0x9b4c36c60_7674 .array/port v0x9b4c36c60, 7674;
E_0x9b50e6d80/1918 .event anyedge, v0x9b4c36c60_7671, v0x9b4c36c60_7672, v0x9b4c36c60_7673, v0x9b4c36c60_7674;
v0x9b4c36c60_7675 .array/port v0x9b4c36c60, 7675;
v0x9b4c36c60_7676 .array/port v0x9b4c36c60, 7676;
v0x9b4c36c60_7677 .array/port v0x9b4c36c60, 7677;
v0x9b4c36c60_7678 .array/port v0x9b4c36c60, 7678;
E_0x9b50e6d80/1919 .event anyedge, v0x9b4c36c60_7675, v0x9b4c36c60_7676, v0x9b4c36c60_7677, v0x9b4c36c60_7678;
v0x9b4c36c60_7679 .array/port v0x9b4c36c60, 7679;
v0x9b4c36c60_7680 .array/port v0x9b4c36c60, 7680;
v0x9b4c36c60_7681 .array/port v0x9b4c36c60, 7681;
v0x9b4c36c60_7682 .array/port v0x9b4c36c60, 7682;
E_0x9b50e6d80/1920 .event anyedge, v0x9b4c36c60_7679, v0x9b4c36c60_7680, v0x9b4c36c60_7681, v0x9b4c36c60_7682;
v0x9b4c36c60_7683 .array/port v0x9b4c36c60, 7683;
v0x9b4c36c60_7684 .array/port v0x9b4c36c60, 7684;
v0x9b4c36c60_7685 .array/port v0x9b4c36c60, 7685;
v0x9b4c36c60_7686 .array/port v0x9b4c36c60, 7686;
E_0x9b50e6d80/1921 .event anyedge, v0x9b4c36c60_7683, v0x9b4c36c60_7684, v0x9b4c36c60_7685, v0x9b4c36c60_7686;
v0x9b4c36c60_7687 .array/port v0x9b4c36c60, 7687;
v0x9b4c36c60_7688 .array/port v0x9b4c36c60, 7688;
v0x9b4c36c60_7689 .array/port v0x9b4c36c60, 7689;
v0x9b4c36c60_7690 .array/port v0x9b4c36c60, 7690;
E_0x9b50e6d80/1922 .event anyedge, v0x9b4c36c60_7687, v0x9b4c36c60_7688, v0x9b4c36c60_7689, v0x9b4c36c60_7690;
v0x9b4c36c60_7691 .array/port v0x9b4c36c60, 7691;
v0x9b4c36c60_7692 .array/port v0x9b4c36c60, 7692;
v0x9b4c36c60_7693 .array/port v0x9b4c36c60, 7693;
v0x9b4c36c60_7694 .array/port v0x9b4c36c60, 7694;
E_0x9b50e6d80/1923 .event anyedge, v0x9b4c36c60_7691, v0x9b4c36c60_7692, v0x9b4c36c60_7693, v0x9b4c36c60_7694;
v0x9b4c36c60_7695 .array/port v0x9b4c36c60, 7695;
v0x9b4c36c60_7696 .array/port v0x9b4c36c60, 7696;
v0x9b4c36c60_7697 .array/port v0x9b4c36c60, 7697;
v0x9b4c36c60_7698 .array/port v0x9b4c36c60, 7698;
E_0x9b50e6d80/1924 .event anyedge, v0x9b4c36c60_7695, v0x9b4c36c60_7696, v0x9b4c36c60_7697, v0x9b4c36c60_7698;
v0x9b4c36c60_7699 .array/port v0x9b4c36c60, 7699;
v0x9b4c36c60_7700 .array/port v0x9b4c36c60, 7700;
v0x9b4c36c60_7701 .array/port v0x9b4c36c60, 7701;
v0x9b4c36c60_7702 .array/port v0x9b4c36c60, 7702;
E_0x9b50e6d80/1925 .event anyedge, v0x9b4c36c60_7699, v0x9b4c36c60_7700, v0x9b4c36c60_7701, v0x9b4c36c60_7702;
v0x9b4c36c60_7703 .array/port v0x9b4c36c60, 7703;
v0x9b4c36c60_7704 .array/port v0x9b4c36c60, 7704;
v0x9b4c36c60_7705 .array/port v0x9b4c36c60, 7705;
v0x9b4c36c60_7706 .array/port v0x9b4c36c60, 7706;
E_0x9b50e6d80/1926 .event anyedge, v0x9b4c36c60_7703, v0x9b4c36c60_7704, v0x9b4c36c60_7705, v0x9b4c36c60_7706;
v0x9b4c36c60_7707 .array/port v0x9b4c36c60, 7707;
v0x9b4c36c60_7708 .array/port v0x9b4c36c60, 7708;
v0x9b4c36c60_7709 .array/port v0x9b4c36c60, 7709;
v0x9b4c36c60_7710 .array/port v0x9b4c36c60, 7710;
E_0x9b50e6d80/1927 .event anyedge, v0x9b4c36c60_7707, v0x9b4c36c60_7708, v0x9b4c36c60_7709, v0x9b4c36c60_7710;
v0x9b4c36c60_7711 .array/port v0x9b4c36c60, 7711;
v0x9b4c36c60_7712 .array/port v0x9b4c36c60, 7712;
v0x9b4c36c60_7713 .array/port v0x9b4c36c60, 7713;
v0x9b4c36c60_7714 .array/port v0x9b4c36c60, 7714;
E_0x9b50e6d80/1928 .event anyedge, v0x9b4c36c60_7711, v0x9b4c36c60_7712, v0x9b4c36c60_7713, v0x9b4c36c60_7714;
v0x9b4c36c60_7715 .array/port v0x9b4c36c60, 7715;
v0x9b4c36c60_7716 .array/port v0x9b4c36c60, 7716;
v0x9b4c36c60_7717 .array/port v0x9b4c36c60, 7717;
v0x9b4c36c60_7718 .array/port v0x9b4c36c60, 7718;
E_0x9b50e6d80/1929 .event anyedge, v0x9b4c36c60_7715, v0x9b4c36c60_7716, v0x9b4c36c60_7717, v0x9b4c36c60_7718;
v0x9b4c36c60_7719 .array/port v0x9b4c36c60, 7719;
v0x9b4c36c60_7720 .array/port v0x9b4c36c60, 7720;
v0x9b4c36c60_7721 .array/port v0x9b4c36c60, 7721;
v0x9b4c36c60_7722 .array/port v0x9b4c36c60, 7722;
E_0x9b50e6d80/1930 .event anyedge, v0x9b4c36c60_7719, v0x9b4c36c60_7720, v0x9b4c36c60_7721, v0x9b4c36c60_7722;
v0x9b4c36c60_7723 .array/port v0x9b4c36c60, 7723;
v0x9b4c36c60_7724 .array/port v0x9b4c36c60, 7724;
v0x9b4c36c60_7725 .array/port v0x9b4c36c60, 7725;
v0x9b4c36c60_7726 .array/port v0x9b4c36c60, 7726;
E_0x9b50e6d80/1931 .event anyedge, v0x9b4c36c60_7723, v0x9b4c36c60_7724, v0x9b4c36c60_7725, v0x9b4c36c60_7726;
v0x9b4c36c60_7727 .array/port v0x9b4c36c60, 7727;
v0x9b4c36c60_7728 .array/port v0x9b4c36c60, 7728;
v0x9b4c36c60_7729 .array/port v0x9b4c36c60, 7729;
v0x9b4c36c60_7730 .array/port v0x9b4c36c60, 7730;
E_0x9b50e6d80/1932 .event anyedge, v0x9b4c36c60_7727, v0x9b4c36c60_7728, v0x9b4c36c60_7729, v0x9b4c36c60_7730;
v0x9b4c36c60_7731 .array/port v0x9b4c36c60, 7731;
v0x9b4c36c60_7732 .array/port v0x9b4c36c60, 7732;
v0x9b4c36c60_7733 .array/port v0x9b4c36c60, 7733;
v0x9b4c36c60_7734 .array/port v0x9b4c36c60, 7734;
E_0x9b50e6d80/1933 .event anyedge, v0x9b4c36c60_7731, v0x9b4c36c60_7732, v0x9b4c36c60_7733, v0x9b4c36c60_7734;
v0x9b4c36c60_7735 .array/port v0x9b4c36c60, 7735;
v0x9b4c36c60_7736 .array/port v0x9b4c36c60, 7736;
v0x9b4c36c60_7737 .array/port v0x9b4c36c60, 7737;
v0x9b4c36c60_7738 .array/port v0x9b4c36c60, 7738;
E_0x9b50e6d80/1934 .event anyedge, v0x9b4c36c60_7735, v0x9b4c36c60_7736, v0x9b4c36c60_7737, v0x9b4c36c60_7738;
v0x9b4c36c60_7739 .array/port v0x9b4c36c60, 7739;
v0x9b4c36c60_7740 .array/port v0x9b4c36c60, 7740;
v0x9b4c36c60_7741 .array/port v0x9b4c36c60, 7741;
v0x9b4c36c60_7742 .array/port v0x9b4c36c60, 7742;
E_0x9b50e6d80/1935 .event anyedge, v0x9b4c36c60_7739, v0x9b4c36c60_7740, v0x9b4c36c60_7741, v0x9b4c36c60_7742;
v0x9b4c36c60_7743 .array/port v0x9b4c36c60, 7743;
v0x9b4c36c60_7744 .array/port v0x9b4c36c60, 7744;
v0x9b4c36c60_7745 .array/port v0x9b4c36c60, 7745;
v0x9b4c36c60_7746 .array/port v0x9b4c36c60, 7746;
E_0x9b50e6d80/1936 .event anyedge, v0x9b4c36c60_7743, v0x9b4c36c60_7744, v0x9b4c36c60_7745, v0x9b4c36c60_7746;
v0x9b4c36c60_7747 .array/port v0x9b4c36c60, 7747;
v0x9b4c36c60_7748 .array/port v0x9b4c36c60, 7748;
v0x9b4c36c60_7749 .array/port v0x9b4c36c60, 7749;
v0x9b4c36c60_7750 .array/port v0x9b4c36c60, 7750;
E_0x9b50e6d80/1937 .event anyedge, v0x9b4c36c60_7747, v0x9b4c36c60_7748, v0x9b4c36c60_7749, v0x9b4c36c60_7750;
v0x9b4c36c60_7751 .array/port v0x9b4c36c60, 7751;
v0x9b4c36c60_7752 .array/port v0x9b4c36c60, 7752;
v0x9b4c36c60_7753 .array/port v0x9b4c36c60, 7753;
v0x9b4c36c60_7754 .array/port v0x9b4c36c60, 7754;
E_0x9b50e6d80/1938 .event anyedge, v0x9b4c36c60_7751, v0x9b4c36c60_7752, v0x9b4c36c60_7753, v0x9b4c36c60_7754;
v0x9b4c36c60_7755 .array/port v0x9b4c36c60, 7755;
v0x9b4c36c60_7756 .array/port v0x9b4c36c60, 7756;
v0x9b4c36c60_7757 .array/port v0x9b4c36c60, 7757;
v0x9b4c36c60_7758 .array/port v0x9b4c36c60, 7758;
E_0x9b50e6d80/1939 .event anyedge, v0x9b4c36c60_7755, v0x9b4c36c60_7756, v0x9b4c36c60_7757, v0x9b4c36c60_7758;
v0x9b4c36c60_7759 .array/port v0x9b4c36c60, 7759;
v0x9b4c36c60_7760 .array/port v0x9b4c36c60, 7760;
v0x9b4c36c60_7761 .array/port v0x9b4c36c60, 7761;
v0x9b4c36c60_7762 .array/port v0x9b4c36c60, 7762;
E_0x9b50e6d80/1940 .event anyedge, v0x9b4c36c60_7759, v0x9b4c36c60_7760, v0x9b4c36c60_7761, v0x9b4c36c60_7762;
v0x9b4c36c60_7763 .array/port v0x9b4c36c60, 7763;
v0x9b4c36c60_7764 .array/port v0x9b4c36c60, 7764;
v0x9b4c36c60_7765 .array/port v0x9b4c36c60, 7765;
v0x9b4c36c60_7766 .array/port v0x9b4c36c60, 7766;
E_0x9b50e6d80/1941 .event anyedge, v0x9b4c36c60_7763, v0x9b4c36c60_7764, v0x9b4c36c60_7765, v0x9b4c36c60_7766;
v0x9b4c36c60_7767 .array/port v0x9b4c36c60, 7767;
v0x9b4c36c60_7768 .array/port v0x9b4c36c60, 7768;
v0x9b4c36c60_7769 .array/port v0x9b4c36c60, 7769;
v0x9b4c36c60_7770 .array/port v0x9b4c36c60, 7770;
E_0x9b50e6d80/1942 .event anyedge, v0x9b4c36c60_7767, v0x9b4c36c60_7768, v0x9b4c36c60_7769, v0x9b4c36c60_7770;
v0x9b4c36c60_7771 .array/port v0x9b4c36c60, 7771;
v0x9b4c36c60_7772 .array/port v0x9b4c36c60, 7772;
v0x9b4c36c60_7773 .array/port v0x9b4c36c60, 7773;
v0x9b4c36c60_7774 .array/port v0x9b4c36c60, 7774;
E_0x9b50e6d80/1943 .event anyedge, v0x9b4c36c60_7771, v0x9b4c36c60_7772, v0x9b4c36c60_7773, v0x9b4c36c60_7774;
v0x9b4c36c60_7775 .array/port v0x9b4c36c60, 7775;
v0x9b4c36c60_7776 .array/port v0x9b4c36c60, 7776;
v0x9b4c36c60_7777 .array/port v0x9b4c36c60, 7777;
v0x9b4c36c60_7778 .array/port v0x9b4c36c60, 7778;
E_0x9b50e6d80/1944 .event anyedge, v0x9b4c36c60_7775, v0x9b4c36c60_7776, v0x9b4c36c60_7777, v0x9b4c36c60_7778;
v0x9b4c36c60_7779 .array/port v0x9b4c36c60, 7779;
v0x9b4c36c60_7780 .array/port v0x9b4c36c60, 7780;
v0x9b4c36c60_7781 .array/port v0x9b4c36c60, 7781;
v0x9b4c36c60_7782 .array/port v0x9b4c36c60, 7782;
E_0x9b50e6d80/1945 .event anyedge, v0x9b4c36c60_7779, v0x9b4c36c60_7780, v0x9b4c36c60_7781, v0x9b4c36c60_7782;
v0x9b4c36c60_7783 .array/port v0x9b4c36c60, 7783;
v0x9b4c36c60_7784 .array/port v0x9b4c36c60, 7784;
v0x9b4c36c60_7785 .array/port v0x9b4c36c60, 7785;
v0x9b4c36c60_7786 .array/port v0x9b4c36c60, 7786;
E_0x9b50e6d80/1946 .event anyedge, v0x9b4c36c60_7783, v0x9b4c36c60_7784, v0x9b4c36c60_7785, v0x9b4c36c60_7786;
v0x9b4c36c60_7787 .array/port v0x9b4c36c60, 7787;
v0x9b4c36c60_7788 .array/port v0x9b4c36c60, 7788;
v0x9b4c36c60_7789 .array/port v0x9b4c36c60, 7789;
v0x9b4c36c60_7790 .array/port v0x9b4c36c60, 7790;
E_0x9b50e6d80/1947 .event anyedge, v0x9b4c36c60_7787, v0x9b4c36c60_7788, v0x9b4c36c60_7789, v0x9b4c36c60_7790;
v0x9b4c36c60_7791 .array/port v0x9b4c36c60, 7791;
v0x9b4c36c60_7792 .array/port v0x9b4c36c60, 7792;
v0x9b4c36c60_7793 .array/port v0x9b4c36c60, 7793;
v0x9b4c36c60_7794 .array/port v0x9b4c36c60, 7794;
E_0x9b50e6d80/1948 .event anyedge, v0x9b4c36c60_7791, v0x9b4c36c60_7792, v0x9b4c36c60_7793, v0x9b4c36c60_7794;
v0x9b4c36c60_7795 .array/port v0x9b4c36c60, 7795;
v0x9b4c36c60_7796 .array/port v0x9b4c36c60, 7796;
v0x9b4c36c60_7797 .array/port v0x9b4c36c60, 7797;
v0x9b4c36c60_7798 .array/port v0x9b4c36c60, 7798;
E_0x9b50e6d80/1949 .event anyedge, v0x9b4c36c60_7795, v0x9b4c36c60_7796, v0x9b4c36c60_7797, v0x9b4c36c60_7798;
v0x9b4c36c60_7799 .array/port v0x9b4c36c60, 7799;
v0x9b4c36c60_7800 .array/port v0x9b4c36c60, 7800;
v0x9b4c36c60_7801 .array/port v0x9b4c36c60, 7801;
v0x9b4c36c60_7802 .array/port v0x9b4c36c60, 7802;
E_0x9b50e6d80/1950 .event anyedge, v0x9b4c36c60_7799, v0x9b4c36c60_7800, v0x9b4c36c60_7801, v0x9b4c36c60_7802;
v0x9b4c36c60_7803 .array/port v0x9b4c36c60, 7803;
v0x9b4c36c60_7804 .array/port v0x9b4c36c60, 7804;
v0x9b4c36c60_7805 .array/port v0x9b4c36c60, 7805;
v0x9b4c36c60_7806 .array/port v0x9b4c36c60, 7806;
E_0x9b50e6d80/1951 .event anyedge, v0x9b4c36c60_7803, v0x9b4c36c60_7804, v0x9b4c36c60_7805, v0x9b4c36c60_7806;
v0x9b4c36c60_7807 .array/port v0x9b4c36c60, 7807;
v0x9b4c36c60_7808 .array/port v0x9b4c36c60, 7808;
v0x9b4c36c60_7809 .array/port v0x9b4c36c60, 7809;
v0x9b4c36c60_7810 .array/port v0x9b4c36c60, 7810;
E_0x9b50e6d80/1952 .event anyedge, v0x9b4c36c60_7807, v0x9b4c36c60_7808, v0x9b4c36c60_7809, v0x9b4c36c60_7810;
v0x9b4c36c60_7811 .array/port v0x9b4c36c60, 7811;
v0x9b4c36c60_7812 .array/port v0x9b4c36c60, 7812;
v0x9b4c36c60_7813 .array/port v0x9b4c36c60, 7813;
v0x9b4c36c60_7814 .array/port v0x9b4c36c60, 7814;
E_0x9b50e6d80/1953 .event anyedge, v0x9b4c36c60_7811, v0x9b4c36c60_7812, v0x9b4c36c60_7813, v0x9b4c36c60_7814;
v0x9b4c36c60_7815 .array/port v0x9b4c36c60, 7815;
v0x9b4c36c60_7816 .array/port v0x9b4c36c60, 7816;
v0x9b4c36c60_7817 .array/port v0x9b4c36c60, 7817;
v0x9b4c36c60_7818 .array/port v0x9b4c36c60, 7818;
E_0x9b50e6d80/1954 .event anyedge, v0x9b4c36c60_7815, v0x9b4c36c60_7816, v0x9b4c36c60_7817, v0x9b4c36c60_7818;
v0x9b4c36c60_7819 .array/port v0x9b4c36c60, 7819;
v0x9b4c36c60_7820 .array/port v0x9b4c36c60, 7820;
v0x9b4c36c60_7821 .array/port v0x9b4c36c60, 7821;
v0x9b4c36c60_7822 .array/port v0x9b4c36c60, 7822;
E_0x9b50e6d80/1955 .event anyedge, v0x9b4c36c60_7819, v0x9b4c36c60_7820, v0x9b4c36c60_7821, v0x9b4c36c60_7822;
v0x9b4c36c60_7823 .array/port v0x9b4c36c60, 7823;
v0x9b4c36c60_7824 .array/port v0x9b4c36c60, 7824;
v0x9b4c36c60_7825 .array/port v0x9b4c36c60, 7825;
v0x9b4c36c60_7826 .array/port v0x9b4c36c60, 7826;
E_0x9b50e6d80/1956 .event anyedge, v0x9b4c36c60_7823, v0x9b4c36c60_7824, v0x9b4c36c60_7825, v0x9b4c36c60_7826;
v0x9b4c36c60_7827 .array/port v0x9b4c36c60, 7827;
v0x9b4c36c60_7828 .array/port v0x9b4c36c60, 7828;
v0x9b4c36c60_7829 .array/port v0x9b4c36c60, 7829;
v0x9b4c36c60_7830 .array/port v0x9b4c36c60, 7830;
E_0x9b50e6d80/1957 .event anyedge, v0x9b4c36c60_7827, v0x9b4c36c60_7828, v0x9b4c36c60_7829, v0x9b4c36c60_7830;
v0x9b4c36c60_7831 .array/port v0x9b4c36c60, 7831;
v0x9b4c36c60_7832 .array/port v0x9b4c36c60, 7832;
v0x9b4c36c60_7833 .array/port v0x9b4c36c60, 7833;
v0x9b4c36c60_7834 .array/port v0x9b4c36c60, 7834;
E_0x9b50e6d80/1958 .event anyedge, v0x9b4c36c60_7831, v0x9b4c36c60_7832, v0x9b4c36c60_7833, v0x9b4c36c60_7834;
v0x9b4c36c60_7835 .array/port v0x9b4c36c60, 7835;
v0x9b4c36c60_7836 .array/port v0x9b4c36c60, 7836;
v0x9b4c36c60_7837 .array/port v0x9b4c36c60, 7837;
v0x9b4c36c60_7838 .array/port v0x9b4c36c60, 7838;
E_0x9b50e6d80/1959 .event anyedge, v0x9b4c36c60_7835, v0x9b4c36c60_7836, v0x9b4c36c60_7837, v0x9b4c36c60_7838;
v0x9b4c36c60_7839 .array/port v0x9b4c36c60, 7839;
v0x9b4c36c60_7840 .array/port v0x9b4c36c60, 7840;
v0x9b4c36c60_7841 .array/port v0x9b4c36c60, 7841;
v0x9b4c36c60_7842 .array/port v0x9b4c36c60, 7842;
E_0x9b50e6d80/1960 .event anyedge, v0x9b4c36c60_7839, v0x9b4c36c60_7840, v0x9b4c36c60_7841, v0x9b4c36c60_7842;
v0x9b4c36c60_7843 .array/port v0x9b4c36c60, 7843;
v0x9b4c36c60_7844 .array/port v0x9b4c36c60, 7844;
v0x9b4c36c60_7845 .array/port v0x9b4c36c60, 7845;
v0x9b4c36c60_7846 .array/port v0x9b4c36c60, 7846;
E_0x9b50e6d80/1961 .event anyedge, v0x9b4c36c60_7843, v0x9b4c36c60_7844, v0x9b4c36c60_7845, v0x9b4c36c60_7846;
v0x9b4c36c60_7847 .array/port v0x9b4c36c60, 7847;
v0x9b4c36c60_7848 .array/port v0x9b4c36c60, 7848;
v0x9b4c36c60_7849 .array/port v0x9b4c36c60, 7849;
v0x9b4c36c60_7850 .array/port v0x9b4c36c60, 7850;
E_0x9b50e6d80/1962 .event anyedge, v0x9b4c36c60_7847, v0x9b4c36c60_7848, v0x9b4c36c60_7849, v0x9b4c36c60_7850;
v0x9b4c36c60_7851 .array/port v0x9b4c36c60, 7851;
v0x9b4c36c60_7852 .array/port v0x9b4c36c60, 7852;
v0x9b4c36c60_7853 .array/port v0x9b4c36c60, 7853;
v0x9b4c36c60_7854 .array/port v0x9b4c36c60, 7854;
E_0x9b50e6d80/1963 .event anyedge, v0x9b4c36c60_7851, v0x9b4c36c60_7852, v0x9b4c36c60_7853, v0x9b4c36c60_7854;
v0x9b4c36c60_7855 .array/port v0x9b4c36c60, 7855;
v0x9b4c36c60_7856 .array/port v0x9b4c36c60, 7856;
v0x9b4c36c60_7857 .array/port v0x9b4c36c60, 7857;
v0x9b4c36c60_7858 .array/port v0x9b4c36c60, 7858;
E_0x9b50e6d80/1964 .event anyedge, v0x9b4c36c60_7855, v0x9b4c36c60_7856, v0x9b4c36c60_7857, v0x9b4c36c60_7858;
v0x9b4c36c60_7859 .array/port v0x9b4c36c60, 7859;
v0x9b4c36c60_7860 .array/port v0x9b4c36c60, 7860;
v0x9b4c36c60_7861 .array/port v0x9b4c36c60, 7861;
v0x9b4c36c60_7862 .array/port v0x9b4c36c60, 7862;
E_0x9b50e6d80/1965 .event anyedge, v0x9b4c36c60_7859, v0x9b4c36c60_7860, v0x9b4c36c60_7861, v0x9b4c36c60_7862;
v0x9b4c36c60_7863 .array/port v0x9b4c36c60, 7863;
v0x9b4c36c60_7864 .array/port v0x9b4c36c60, 7864;
v0x9b4c36c60_7865 .array/port v0x9b4c36c60, 7865;
v0x9b4c36c60_7866 .array/port v0x9b4c36c60, 7866;
E_0x9b50e6d80/1966 .event anyedge, v0x9b4c36c60_7863, v0x9b4c36c60_7864, v0x9b4c36c60_7865, v0x9b4c36c60_7866;
v0x9b4c36c60_7867 .array/port v0x9b4c36c60, 7867;
v0x9b4c36c60_7868 .array/port v0x9b4c36c60, 7868;
v0x9b4c36c60_7869 .array/port v0x9b4c36c60, 7869;
v0x9b4c36c60_7870 .array/port v0x9b4c36c60, 7870;
E_0x9b50e6d80/1967 .event anyedge, v0x9b4c36c60_7867, v0x9b4c36c60_7868, v0x9b4c36c60_7869, v0x9b4c36c60_7870;
v0x9b4c36c60_7871 .array/port v0x9b4c36c60, 7871;
v0x9b4c36c60_7872 .array/port v0x9b4c36c60, 7872;
v0x9b4c36c60_7873 .array/port v0x9b4c36c60, 7873;
v0x9b4c36c60_7874 .array/port v0x9b4c36c60, 7874;
E_0x9b50e6d80/1968 .event anyedge, v0x9b4c36c60_7871, v0x9b4c36c60_7872, v0x9b4c36c60_7873, v0x9b4c36c60_7874;
v0x9b4c36c60_7875 .array/port v0x9b4c36c60, 7875;
v0x9b4c36c60_7876 .array/port v0x9b4c36c60, 7876;
v0x9b4c36c60_7877 .array/port v0x9b4c36c60, 7877;
v0x9b4c36c60_7878 .array/port v0x9b4c36c60, 7878;
E_0x9b50e6d80/1969 .event anyedge, v0x9b4c36c60_7875, v0x9b4c36c60_7876, v0x9b4c36c60_7877, v0x9b4c36c60_7878;
v0x9b4c36c60_7879 .array/port v0x9b4c36c60, 7879;
v0x9b4c36c60_7880 .array/port v0x9b4c36c60, 7880;
v0x9b4c36c60_7881 .array/port v0x9b4c36c60, 7881;
v0x9b4c36c60_7882 .array/port v0x9b4c36c60, 7882;
E_0x9b50e6d80/1970 .event anyedge, v0x9b4c36c60_7879, v0x9b4c36c60_7880, v0x9b4c36c60_7881, v0x9b4c36c60_7882;
v0x9b4c36c60_7883 .array/port v0x9b4c36c60, 7883;
v0x9b4c36c60_7884 .array/port v0x9b4c36c60, 7884;
v0x9b4c36c60_7885 .array/port v0x9b4c36c60, 7885;
v0x9b4c36c60_7886 .array/port v0x9b4c36c60, 7886;
E_0x9b50e6d80/1971 .event anyedge, v0x9b4c36c60_7883, v0x9b4c36c60_7884, v0x9b4c36c60_7885, v0x9b4c36c60_7886;
v0x9b4c36c60_7887 .array/port v0x9b4c36c60, 7887;
v0x9b4c36c60_7888 .array/port v0x9b4c36c60, 7888;
v0x9b4c36c60_7889 .array/port v0x9b4c36c60, 7889;
v0x9b4c36c60_7890 .array/port v0x9b4c36c60, 7890;
E_0x9b50e6d80/1972 .event anyedge, v0x9b4c36c60_7887, v0x9b4c36c60_7888, v0x9b4c36c60_7889, v0x9b4c36c60_7890;
v0x9b4c36c60_7891 .array/port v0x9b4c36c60, 7891;
v0x9b4c36c60_7892 .array/port v0x9b4c36c60, 7892;
v0x9b4c36c60_7893 .array/port v0x9b4c36c60, 7893;
v0x9b4c36c60_7894 .array/port v0x9b4c36c60, 7894;
E_0x9b50e6d80/1973 .event anyedge, v0x9b4c36c60_7891, v0x9b4c36c60_7892, v0x9b4c36c60_7893, v0x9b4c36c60_7894;
v0x9b4c36c60_7895 .array/port v0x9b4c36c60, 7895;
v0x9b4c36c60_7896 .array/port v0x9b4c36c60, 7896;
v0x9b4c36c60_7897 .array/port v0x9b4c36c60, 7897;
v0x9b4c36c60_7898 .array/port v0x9b4c36c60, 7898;
E_0x9b50e6d80/1974 .event anyedge, v0x9b4c36c60_7895, v0x9b4c36c60_7896, v0x9b4c36c60_7897, v0x9b4c36c60_7898;
v0x9b4c36c60_7899 .array/port v0x9b4c36c60, 7899;
v0x9b4c36c60_7900 .array/port v0x9b4c36c60, 7900;
v0x9b4c36c60_7901 .array/port v0x9b4c36c60, 7901;
v0x9b4c36c60_7902 .array/port v0x9b4c36c60, 7902;
E_0x9b50e6d80/1975 .event anyedge, v0x9b4c36c60_7899, v0x9b4c36c60_7900, v0x9b4c36c60_7901, v0x9b4c36c60_7902;
v0x9b4c36c60_7903 .array/port v0x9b4c36c60, 7903;
v0x9b4c36c60_7904 .array/port v0x9b4c36c60, 7904;
v0x9b4c36c60_7905 .array/port v0x9b4c36c60, 7905;
v0x9b4c36c60_7906 .array/port v0x9b4c36c60, 7906;
E_0x9b50e6d80/1976 .event anyedge, v0x9b4c36c60_7903, v0x9b4c36c60_7904, v0x9b4c36c60_7905, v0x9b4c36c60_7906;
v0x9b4c36c60_7907 .array/port v0x9b4c36c60, 7907;
v0x9b4c36c60_7908 .array/port v0x9b4c36c60, 7908;
v0x9b4c36c60_7909 .array/port v0x9b4c36c60, 7909;
v0x9b4c36c60_7910 .array/port v0x9b4c36c60, 7910;
E_0x9b50e6d80/1977 .event anyedge, v0x9b4c36c60_7907, v0x9b4c36c60_7908, v0x9b4c36c60_7909, v0x9b4c36c60_7910;
v0x9b4c36c60_7911 .array/port v0x9b4c36c60, 7911;
v0x9b4c36c60_7912 .array/port v0x9b4c36c60, 7912;
v0x9b4c36c60_7913 .array/port v0x9b4c36c60, 7913;
v0x9b4c36c60_7914 .array/port v0x9b4c36c60, 7914;
E_0x9b50e6d80/1978 .event anyedge, v0x9b4c36c60_7911, v0x9b4c36c60_7912, v0x9b4c36c60_7913, v0x9b4c36c60_7914;
v0x9b4c36c60_7915 .array/port v0x9b4c36c60, 7915;
v0x9b4c36c60_7916 .array/port v0x9b4c36c60, 7916;
v0x9b4c36c60_7917 .array/port v0x9b4c36c60, 7917;
v0x9b4c36c60_7918 .array/port v0x9b4c36c60, 7918;
E_0x9b50e6d80/1979 .event anyedge, v0x9b4c36c60_7915, v0x9b4c36c60_7916, v0x9b4c36c60_7917, v0x9b4c36c60_7918;
v0x9b4c36c60_7919 .array/port v0x9b4c36c60, 7919;
v0x9b4c36c60_7920 .array/port v0x9b4c36c60, 7920;
v0x9b4c36c60_7921 .array/port v0x9b4c36c60, 7921;
v0x9b4c36c60_7922 .array/port v0x9b4c36c60, 7922;
E_0x9b50e6d80/1980 .event anyedge, v0x9b4c36c60_7919, v0x9b4c36c60_7920, v0x9b4c36c60_7921, v0x9b4c36c60_7922;
v0x9b4c36c60_7923 .array/port v0x9b4c36c60, 7923;
v0x9b4c36c60_7924 .array/port v0x9b4c36c60, 7924;
v0x9b4c36c60_7925 .array/port v0x9b4c36c60, 7925;
v0x9b4c36c60_7926 .array/port v0x9b4c36c60, 7926;
E_0x9b50e6d80/1981 .event anyedge, v0x9b4c36c60_7923, v0x9b4c36c60_7924, v0x9b4c36c60_7925, v0x9b4c36c60_7926;
v0x9b4c36c60_7927 .array/port v0x9b4c36c60, 7927;
v0x9b4c36c60_7928 .array/port v0x9b4c36c60, 7928;
v0x9b4c36c60_7929 .array/port v0x9b4c36c60, 7929;
v0x9b4c36c60_7930 .array/port v0x9b4c36c60, 7930;
E_0x9b50e6d80/1982 .event anyedge, v0x9b4c36c60_7927, v0x9b4c36c60_7928, v0x9b4c36c60_7929, v0x9b4c36c60_7930;
v0x9b4c36c60_7931 .array/port v0x9b4c36c60, 7931;
v0x9b4c36c60_7932 .array/port v0x9b4c36c60, 7932;
v0x9b4c36c60_7933 .array/port v0x9b4c36c60, 7933;
v0x9b4c36c60_7934 .array/port v0x9b4c36c60, 7934;
E_0x9b50e6d80/1983 .event anyedge, v0x9b4c36c60_7931, v0x9b4c36c60_7932, v0x9b4c36c60_7933, v0x9b4c36c60_7934;
v0x9b4c36c60_7935 .array/port v0x9b4c36c60, 7935;
v0x9b4c36c60_7936 .array/port v0x9b4c36c60, 7936;
v0x9b4c36c60_7937 .array/port v0x9b4c36c60, 7937;
v0x9b4c36c60_7938 .array/port v0x9b4c36c60, 7938;
E_0x9b50e6d80/1984 .event anyedge, v0x9b4c36c60_7935, v0x9b4c36c60_7936, v0x9b4c36c60_7937, v0x9b4c36c60_7938;
v0x9b4c36c60_7939 .array/port v0x9b4c36c60, 7939;
v0x9b4c36c60_7940 .array/port v0x9b4c36c60, 7940;
v0x9b4c36c60_7941 .array/port v0x9b4c36c60, 7941;
v0x9b4c36c60_7942 .array/port v0x9b4c36c60, 7942;
E_0x9b50e6d80/1985 .event anyedge, v0x9b4c36c60_7939, v0x9b4c36c60_7940, v0x9b4c36c60_7941, v0x9b4c36c60_7942;
v0x9b4c36c60_7943 .array/port v0x9b4c36c60, 7943;
v0x9b4c36c60_7944 .array/port v0x9b4c36c60, 7944;
v0x9b4c36c60_7945 .array/port v0x9b4c36c60, 7945;
v0x9b4c36c60_7946 .array/port v0x9b4c36c60, 7946;
E_0x9b50e6d80/1986 .event anyedge, v0x9b4c36c60_7943, v0x9b4c36c60_7944, v0x9b4c36c60_7945, v0x9b4c36c60_7946;
v0x9b4c36c60_7947 .array/port v0x9b4c36c60, 7947;
v0x9b4c36c60_7948 .array/port v0x9b4c36c60, 7948;
v0x9b4c36c60_7949 .array/port v0x9b4c36c60, 7949;
v0x9b4c36c60_7950 .array/port v0x9b4c36c60, 7950;
E_0x9b50e6d80/1987 .event anyedge, v0x9b4c36c60_7947, v0x9b4c36c60_7948, v0x9b4c36c60_7949, v0x9b4c36c60_7950;
v0x9b4c36c60_7951 .array/port v0x9b4c36c60, 7951;
v0x9b4c36c60_7952 .array/port v0x9b4c36c60, 7952;
v0x9b4c36c60_7953 .array/port v0x9b4c36c60, 7953;
v0x9b4c36c60_7954 .array/port v0x9b4c36c60, 7954;
E_0x9b50e6d80/1988 .event anyedge, v0x9b4c36c60_7951, v0x9b4c36c60_7952, v0x9b4c36c60_7953, v0x9b4c36c60_7954;
v0x9b4c36c60_7955 .array/port v0x9b4c36c60, 7955;
v0x9b4c36c60_7956 .array/port v0x9b4c36c60, 7956;
v0x9b4c36c60_7957 .array/port v0x9b4c36c60, 7957;
v0x9b4c36c60_7958 .array/port v0x9b4c36c60, 7958;
E_0x9b50e6d80/1989 .event anyedge, v0x9b4c36c60_7955, v0x9b4c36c60_7956, v0x9b4c36c60_7957, v0x9b4c36c60_7958;
v0x9b4c36c60_7959 .array/port v0x9b4c36c60, 7959;
v0x9b4c36c60_7960 .array/port v0x9b4c36c60, 7960;
v0x9b4c36c60_7961 .array/port v0x9b4c36c60, 7961;
v0x9b4c36c60_7962 .array/port v0x9b4c36c60, 7962;
E_0x9b50e6d80/1990 .event anyedge, v0x9b4c36c60_7959, v0x9b4c36c60_7960, v0x9b4c36c60_7961, v0x9b4c36c60_7962;
v0x9b4c36c60_7963 .array/port v0x9b4c36c60, 7963;
v0x9b4c36c60_7964 .array/port v0x9b4c36c60, 7964;
v0x9b4c36c60_7965 .array/port v0x9b4c36c60, 7965;
v0x9b4c36c60_7966 .array/port v0x9b4c36c60, 7966;
E_0x9b50e6d80/1991 .event anyedge, v0x9b4c36c60_7963, v0x9b4c36c60_7964, v0x9b4c36c60_7965, v0x9b4c36c60_7966;
v0x9b4c36c60_7967 .array/port v0x9b4c36c60, 7967;
v0x9b4c36c60_7968 .array/port v0x9b4c36c60, 7968;
v0x9b4c36c60_7969 .array/port v0x9b4c36c60, 7969;
v0x9b4c36c60_7970 .array/port v0x9b4c36c60, 7970;
E_0x9b50e6d80/1992 .event anyedge, v0x9b4c36c60_7967, v0x9b4c36c60_7968, v0x9b4c36c60_7969, v0x9b4c36c60_7970;
v0x9b4c36c60_7971 .array/port v0x9b4c36c60, 7971;
v0x9b4c36c60_7972 .array/port v0x9b4c36c60, 7972;
v0x9b4c36c60_7973 .array/port v0x9b4c36c60, 7973;
v0x9b4c36c60_7974 .array/port v0x9b4c36c60, 7974;
E_0x9b50e6d80/1993 .event anyedge, v0x9b4c36c60_7971, v0x9b4c36c60_7972, v0x9b4c36c60_7973, v0x9b4c36c60_7974;
v0x9b4c36c60_7975 .array/port v0x9b4c36c60, 7975;
v0x9b4c36c60_7976 .array/port v0x9b4c36c60, 7976;
v0x9b4c36c60_7977 .array/port v0x9b4c36c60, 7977;
v0x9b4c36c60_7978 .array/port v0x9b4c36c60, 7978;
E_0x9b50e6d80/1994 .event anyedge, v0x9b4c36c60_7975, v0x9b4c36c60_7976, v0x9b4c36c60_7977, v0x9b4c36c60_7978;
v0x9b4c36c60_7979 .array/port v0x9b4c36c60, 7979;
v0x9b4c36c60_7980 .array/port v0x9b4c36c60, 7980;
v0x9b4c36c60_7981 .array/port v0x9b4c36c60, 7981;
v0x9b4c36c60_7982 .array/port v0x9b4c36c60, 7982;
E_0x9b50e6d80/1995 .event anyedge, v0x9b4c36c60_7979, v0x9b4c36c60_7980, v0x9b4c36c60_7981, v0x9b4c36c60_7982;
v0x9b4c36c60_7983 .array/port v0x9b4c36c60, 7983;
v0x9b4c36c60_7984 .array/port v0x9b4c36c60, 7984;
v0x9b4c36c60_7985 .array/port v0x9b4c36c60, 7985;
v0x9b4c36c60_7986 .array/port v0x9b4c36c60, 7986;
E_0x9b50e6d80/1996 .event anyedge, v0x9b4c36c60_7983, v0x9b4c36c60_7984, v0x9b4c36c60_7985, v0x9b4c36c60_7986;
v0x9b4c36c60_7987 .array/port v0x9b4c36c60, 7987;
v0x9b4c36c60_7988 .array/port v0x9b4c36c60, 7988;
v0x9b4c36c60_7989 .array/port v0x9b4c36c60, 7989;
v0x9b4c36c60_7990 .array/port v0x9b4c36c60, 7990;
E_0x9b50e6d80/1997 .event anyedge, v0x9b4c36c60_7987, v0x9b4c36c60_7988, v0x9b4c36c60_7989, v0x9b4c36c60_7990;
v0x9b4c36c60_7991 .array/port v0x9b4c36c60, 7991;
v0x9b4c36c60_7992 .array/port v0x9b4c36c60, 7992;
v0x9b4c36c60_7993 .array/port v0x9b4c36c60, 7993;
v0x9b4c36c60_7994 .array/port v0x9b4c36c60, 7994;
E_0x9b50e6d80/1998 .event anyedge, v0x9b4c36c60_7991, v0x9b4c36c60_7992, v0x9b4c36c60_7993, v0x9b4c36c60_7994;
v0x9b4c36c60_7995 .array/port v0x9b4c36c60, 7995;
v0x9b4c36c60_7996 .array/port v0x9b4c36c60, 7996;
v0x9b4c36c60_7997 .array/port v0x9b4c36c60, 7997;
v0x9b4c36c60_7998 .array/port v0x9b4c36c60, 7998;
E_0x9b50e6d80/1999 .event anyedge, v0x9b4c36c60_7995, v0x9b4c36c60_7996, v0x9b4c36c60_7997, v0x9b4c36c60_7998;
v0x9b4c36c60_7999 .array/port v0x9b4c36c60, 7999;
v0x9b4c36c60_8000 .array/port v0x9b4c36c60, 8000;
v0x9b4c36c60_8001 .array/port v0x9b4c36c60, 8001;
v0x9b4c36c60_8002 .array/port v0x9b4c36c60, 8002;
E_0x9b50e6d80/2000 .event anyedge, v0x9b4c36c60_7999, v0x9b4c36c60_8000, v0x9b4c36c60_8001, v0x9b4c36c60_8002;
v0x9b4c36c60_8003 .array/port v0x9b4c36c60, 8003;
v0x9b4c36c60_8004 .array/port v0x9b4c36c60, 8004;
v0x9b4c36c60_8005 .array/port v0x9b4c36c60, 8005;
v0x9b4c36c60_8006 .array/port v0x9b4c36c60, 8006;
E_0x9b50e6d80/2001 .event anyedge, v0x9b4c36c60_8003, v0x9b4c36c60_8004, v0x9b4c36c60_8005, v0x9b4c36c60_8006;
v0x9b4c36c60_8007 .array/port v0x9b4c36c60, 8007;
v0x9b4c36c60_8008 .array/port v0x9b4c36c60, 8008;
v0x9b4c36c60_8009 .array/port v0x9b4c36c60, 8009;
v0x9b4c36c60_8010 .array/port v0x9b4c36c60, 8010;
E_0x9b50e6d80/2002 .event anyedge, v0x9b4c36c60_8007, v0x9b4c36c60_8008, v0x9b4c36c60_8009, v0x9b4c36c60_8010;
v0x9b4c36c60_8011 .array/port v0x9b4c36c60, 8011;
v0x9b4c36c60_8012 .array/port v0x9b4c36c60, 8012;
v0x9b4c36c60_8013 .array/port v0x9b4c36c60, 8013;
v0x9b4c36c60_8014 .array/port v0x9b4c36c60, 8014;
E_0x9b50e6d80/2003 .event anyedge, v0x9b4c36c60_8011, v0x9b4c36c60_8012, v0x9b4c36c60_8013, v0x9b4c36c60_8014;
v0x9b4c36c60_8015 .array/port v0x9b4c36c60, 8015;
v0x9b4c36c60_8016 .array/port v0x9b4c36c60, 8016;
v0x9b4c36c60_8017 .array/port v0x9b4c36c60, 8017;
v0x9b4c36c60_8018 .array/port v0x9b4c36c60, 8018;
E_0x9b50e6d80/2004 .event anyedge, v0x9b4c36c60_8015, v0x9b4c36c60_8016, v0x9b4c36c60_8017, v0x9b4c36c60_8018;
v0x9b4c36c60_8019 .array/port v0x9b4c36c60, 8019;
v0x9b4c36c60_8020 .array/port v0x9b4c36c60, 8020;
v0x9b4c36c60_8021 .array/port v0x9b4c36c60, 8021;
v0x9b4c36c60_8022 .array/port v0x9b4c36c60, 8022;
E_0x9b50e6d80/2005 .event anyedge, v0x9b4c36c60_8019, v0x9b4c36c60_8020, v0x9b4c36c60_8021, v0x9b4c36c60_8022;
v0x9b4c36c60_8023 .array/port v0x9b4c36c60, 8023;
v0x9b4c36c60_8024 .array/port v0x9b4c36c60, 8024;
v0x9b4c36c60_8025 .array/port v0x9b4c36c60, 8025;
v0x9b4c36c60_8026 .array/port v0x9b4c36c60, 8026;
E_0x9b50e6d80/2006 .event anyedge, v0x9b4c36c60_8023, v0x9b4c36c60_8024, v0x9b4c36c60_8025, v0x9b4c36c60_8026;
v0x9b4c36c60_8027 .array/port v0x9b4c36c60, 8027;
v0x9b4c36c60_8028 .array/port v0x9b4c36c60, 8028;
v0x9b4c36c60_8029 .array/port v0x9b4c36c60, 8029;
v0x9b4c36c60_8030 .array/port v0x9b4c36c60, 8030;
E_0x9b50e6d80/2007 .event anyedge, v0x9b4c36c60_8027, v0x9b4c36c60_8028, v0x9b4c36c60_8029, v0x9b4c36c60_8030;
v0x9b4c36c60_8031 .array/port v0x9b4c36c60, 8031;
v0x9b4c36c60_8032 .array/port v0x9b4c36c60, 8032;
v0x9b4c36c60_8033 .array/port v0x9b4c36c60, 8033;
v0x9b4c36c60_8034 .array/port v0x9b4c36c60, 8034;
E_0x9b50e6d80/2008 .event anyedge, v0x9b4c36c60_8031, v0x9b4c36c60_8032, v0x9b4c36c60_8033, v0x9b4c36c60_8034;
v0x9b4c36c60_8035 .array/port v0x9b4c36c60, 8035;
v0x9b4c36c60_8036 .array/port v0x9b4c36c60, 8036;
v0x9b4c36c60_8037 .array/port v0x9b4c36c60, 8037;
v0x9b4c36c60_8038 .array/port v0x9b4c36c60, 8038;
E_0x9b50e6d80/2009 .event anyedge, v0x9b4c36c60_8035, v0x9b4c36c60_8036, v0x9b4c36c60_8037, v0x9b4c36c60_8038;
v0x9b4c36c60_8039 .array/port v0x9b4c36c60, 8039;
v0x9b4c36c60_8040 .array/port v0x9b4c36c60, 8040;
v0x9b4c36c60_8041 .array/port v0x9b4c36c60, 8041;
v0x9b4c36c60_8042 .array/port v0x9b4c36c60, 8042;
E_0x9b50e6d80/2010 .event anyedge, v0x9b4c36c60_8039, v0x9b4c36c60_8040, v0x9b4c36c60_8041, v0x9b4c36c60_8042;
v0x9b4c36c60_8043 .array/port v0x9b4c36c60, 8043;
v0x9b4c36c60_8044 .array/port v0x9b4c36c60, 8044;
v0x9b4c36c60_8045 .array/port v0x9b4c36c60, 8045;
v0x9b4c36c60_8046 .array/port v0x9b4c36c60, 8046;
E_0x9b50e6d80/2011 .event anyedge, v0x9b4c36c60_8043, v0x9b4c36c60_8044, v0x9b4c36c60_8045, v0x9b4c36c60_8046;
v0x9b4c36c60_8047 .array/port v0x9b4c36c60, 8047;
v0x9b4c36c60_8048 .array/port v0x9b4c36c60, 8048;
v0x9b4c36c60_8049 .array/port v0x9b4c36c60, 8049;
v0x9b4c36c60_8050 .array/port v0x9b4c36c60, 8050;
E_0x9b50e6d80/2012 .event anyedge, v0x9b4c36c60_8047, v0x9b4c36c60_8048, v0x9b4c36c60_8049, v0x9b4c36c60_8050;
v0x9b4c36c60_8051 .array/port v0x9b4c36c60, 8051;
v0x9b4c36c60_8052 .array/port v0x9b4c36c60, 8052;
v0x9b4c36c60_8053 .array/port v0x9b4c36c60, 8053;
v0x9b4c36c60_8054 .array/port v0x9b4c36c60, 8054;
E_0x9b50e6d80/2013 .event anyedge, v0x9b4c36c60_8051, v0x9b4c36c60_8052, v0x9b4c36c60_8053, v0x9b4c36c60_8054;
v0x9b4c36c60_8055 .array/port v0x9b4c36c60, 8055;
v0x9b4c36c60_8056 .array/port v0x9b4c36c60, 8056;
v0x9b4c36c60_8057 .array/port v0x9b4c36c60, 8057;
v0x9b4c36c60_8058 .array/port v0x9b4c36c60, 8058;
E_0x9b50e6d80/2014 .event anyedge, v0x9b4c36c60_8055, v0x9b4c36c60_8056, v0x9b4c36c60_8057, v0x9b4c36c60_8058;
v0x9b4c36c60_8059 .array/port v0x9b4c36c60, 8059;
v0x9b4c36c60_8060 .array/port v0x9b4c36c60, 8060;
v0x9b4c36c60_8061 .array/port v0x9b4c36c60, 8061;
v0x9b4c36c60_8062 .array/port v0x9b4c36c60, 8062;
E_0x9b50e6d80/2015 .event anyedge, v0x9b4c36c60_8059, v0x9b4c36c60_8060, v0x9b4c36c60_8061, v0x9b4c36c60_8062;
v0x9b4c36c60_8063 .array/port v0x9b4c36c60, 8063;
v0x9b4c36c60_8064 .array/port v0x9b4c36c60, 8064;
v0x9b4c36c60_8065 .array/port v0x9b4c36c60, 8065;
v0x9b4c36c60_8066 .array/port v0x9b4c36c60, 8066;
E_0x9b50e6d80/2016 .event anyedge, v0x9b4c36c60_8063, v0x9b4c36c60_8064, v0x9b4c36c60_8065, v0x9b4c36c60_8066;
v0x9b4c36c60_8067 .array/port v0x9b4c36c60, 8067;
v0x9b4c36c60_8068 .array/port v0x9b4c36c60, 8068;
v0x9b4c36c60_8069 .array/port v0x9b4c36c60, 8069;
v0x9b4c36c60_8070 .array/port v0x9b4c36c60, 8070;
E_0x9b50e6d80/2017 .event anyedge, v0x9b4c36c60_8067, v0x9b4c36c60_8068, v0x9b4c36c60_8069, v0x9b4c36c60_8070;
v0x9b4c36c60_8071 .array/port v0x9b4c36c60, 8071;
v0x9b4c36c60_8072 .array/port v0x9b4c36c60, 8072;
v0x9b4c36c60_8073 .array/port v0x9b4c36c60, 8073;
v0x9b4c36c60_8074 .array/port v0x9b4c36c60, 8074;
E_0x9b50e6d80/2018 .event anyedge, v0x9b4c36c60_8071, v0x9b4c36c60_8072, v0x9b4c36c60_8073, v0x9b4c36c60_8074;
v0x9b4c36c60_8075 .array/port v0x9b4c36c60, 8075;
v0x9b4c36c60_8076 .array/port v0x9b4c36c60, 8076;
v0x9b4c36c60_8077 .array/port v0x9b4c36c60, 8077;
v0x9b4c36c60_8078 .array/port v0x9b4c36c60, 8078;
E_0x9b50e6d80/2019 .event anyedge, v0x9b4c36c60_8075, v0x9b4c36c60_8076, v0x9b4c36c60_8077, v0x9b4c36c60_8078;
v0x9b4c36c60_8079 .array/port v0x9b4c36c60, 8079;
v0x9b4c36c60_8080 .array/port v0x9b4c36c60, 8080;
v0x9b4c36c60_8081 .array/port v0x9b4c36c60, 8081;
v0x9b4c36c60_8082 .array/port v0x9b4c36c60, 8082;
E_0x9b50e6d80/2020 .event anyedge, v0x9b4c36c60_8079, v0x9b4c36c60_8080, v0x9b4c36c60_8081, v0x9b4c36c60_8082;
v0x9b4c36c60_8083 .array/port v0x9b4c36c60, 8083;
v0x9b4c36c60_8084 .array/port v0x9b4c36c60, 8084;
v0x9b4c36c60_8085 .array/port v0x9b4c36c60, 8085;
v0x9b4c36c60_8086 .array/port v0x9b4c36c60, 8086;
E_0x9b50e6d80/2021 .event anyedge, v0x9b4c36c60_8083, v0x9b4c36c60_8084, v0x9b4c36c60_8085, v0x9b4c36c60_8086;
v0x9b4c36c60_8087 .array/port v0x9b4c36c60, 8087;
v0x9b4c36c60_8088 .array/port v0x9b4c36c60, 8088;
v0x9b4c36c60_8089 .array/port v0x9b4c36c60, 8089;
v0x9b4c36c60_8090 .array/port v0x9b4c36c60, 8090;
E_0x9b50e6d80/2022 .event anyedge, v0x9b4c36c60_8087, v0x9b4c36c60_8088, v0x9b4c36c60_8089, v0x9b4c36c60_8090;
v0x9b4c36c60_8091 .array/port v0x9b4c36c60, 8091;
v0x9b4c36c60_8092 .array/port v0x9b4c36c60, 8092;
v0x9b4c36c60_8093 .array/port v0x9b4c36c60, 8093;
v0x9b4c36c60_8094 .array/port v0x9b4c36c60, 8094;
E_0x9b50e6d80/2023 .event anyedge, v0x9b4c36c60_8091, v0x9b4c36c60_8092, v0x9b4c36c60_8093, v0x9b4c36c60_8094;
v0x9b4c36c60_8095 .array/port v0x9b4c36c60, 8095;
v0x9b4c36c60_8096 .array/port v0x9b4c36c60, 8096;
v0x9b4c36c60_8097 .array/port v0x9b4c36c60, 8097;
v0x9b4c36c60_8098 .array/port v0x9b4c36c60, 8098;
E_0x9b50e6d80/2024 .event anyedge, v0x9b4c36c60_8095, v0x9b4c36c60_8096, v0x9b4c36c60_8097, v0x9b4c36c60_8098;
v0x9b4c36c60_8099 .array/port v0x9b4c36c60, 8099;
v0x9b4c36c60_8100 .array/port v0x9b4c36c60, 8100;
v0x9b4c36c60_8101 .array/port v0x9b4c36c60, 8101;
v0x9b4c36c60_8102 .array/port v0x9b4c36c60, 8102;
E_0x9b50e6d80/2025 .event anyedge, v0x9b4c36c60_8099, v0x9b4c36c60_8100, v0x9b4c36c60_8101, v0x9b4c36c60_8102;
v0x9b4c36c60_8103 .array/port v0x9b4c36c60, 8103;
v0x9b4c36c60_8104 .array/port v0x9b4c36c60, 8104;
v0x9b4c36c60_8105 .array/port v0x9b4c36c60, 8105;
v0x9b4c36c60_8106 .array/port v0x9b4c36c60, 8106;
E_0x9b50e6d80/2026 .event anyedge, v0x9b4c36c60_8103, v0x9b4c36c60_8104, v0x9b4c36c60_8105, v0x9b4c36c60_8106;
v0x9b4c36c60_8107 .array/port v0x9b4c36c60, 8107;
v0x9b4c36c60_8108 .array/port v0x9b4c36c60, 8108;
v0x9b4c36c60_8109 .array/port v0x9b4c36c60, 8109;
v0x9b4c36c60_8110 .array/port v0x9b4c36c60, 8110;
E_0x9b50e6d80/2027 .event anyedge, v0x9b4c36c60_8107, v0x9b4c36c60_8108, v0x9b4c36c60_8109, v0x9b4c36c60_8110;
v0x9b4c36c60_8111 .array/port v0x9b4c36c60, 8111;
v0x9b4c36c60_8112 .array/port v0x9b4c36c60, 8112;
v0x9b4c36c60_8113 .array/port v0x9b4c36c60, 8113;
v0x9b4c36c60_8114 .array/port v0x9b4c36c60, 8114;
E_0x9b50e6d80/2028 .event anyedge, v0x9b4c36c60_8111, v0x9b4c36c60_8112, v0x9b4c36c60_8113, v0x9b4c36c60_8114;
v0x9b4c36c60_8115 .array/port v0x9b4c36c60, 8115;
v0x9b4c36c60_8116 .array/port v0x9b4c36c60, 8116;
v0x9b4c36c60_8117 .array/port v0x9b4c36c60, 8117;
v0x9b4c36c60_8118 .array/port v0x9b4c36c60, 8118;
E_0x9b50e6d80/2029 .event anyedge, v0x9b4c36c60_8115, v0x9b4c36c60_8116, v0x9b4c36c60_8117, v0x9b4c36c60_8118;
v0x9b4c36c60_8119 .array/port v0x9b4c36c60, 8119;
v0x9b4c36c60_8120 .array/port v0x9b4c36c60, 8120;
v0x9b4c36c60_8121 .array/port v0x9b4c36c60, 8121;
v0x9b4c36c60_8122 .array/port v0x9b4c36c60, 8122;
E_0x9b50e6d80/2030 .event anyedge, v0x9b4c36c60_8119, v0x9b4c36c60_8120, v0x9b4c36c60_8121, v0x9b4c36c60_8122;
v0x9b4c36c60_8123 .array/port v0x9b4c36c60, 8123;
v0x9b4c36c60_8124 .array/port v0x9b4c36c60, 8124;
v0x9b4c36c60_8125 .array/port v0x9b4c36c60, 8125;
v0x9b4c36c60_8126 .array/port v0x9b4c36c60, 8126;
E_0x9b50e6d80/2031 .event anyedge, v0x9b4c36c60_8123, v0x9b4c36c60_8124, v0x9b4c36c60_8125, v0x9b4c36c60_8126;
v0x9b4c36c60_8127 .array/port v0x9b4c36c60, 8127;
v0x9b4c36c60_8128 .array/port v0x9b4c36c60, 8128;
v0x9b4c36c60_8129 .array/port v0x9b4c36c60, 8129;
v0x9b4c36c60_8130 .array/port v0x9b4c36c60, 8130;
E_0x9b50e6d80/2032 .event anyedge, v0x9b4c36c60_8127, v0x9b4c36c60_8128, v0x9b4c36c60_8129, v0x9b4c36c60_8130;
v0x9b4c36c60_8131 .array/port v0x9b4c36c60, 8131;
v0x9b4c36c60_8132 .array/port v0x9b4c36c60, 8132;
v0x9b4c36c60_8133 .array/port v0x9b4c36c60, 8133;
v0x9b4c36c60_8134 .array/port v0x9b4c36c60, 8134;
E_0x9b50e6d80/2033 .event anyedge, v0x9b4c36c60_8131, v0x9b4c36c60_8132, v0x9b4c36c60_8133, v0x9b4c36c60_8134;
v0x9b4c36c60_8135 .array/port v0x9b4c36c60, 8135;
v0x9b4c36c60_8136 .array/port v0x9b4c36c60, 8136;
v0x9b4c36c60_8137 .array/port v0x9b4c36c60, 8137;
v0x9b4c36c60_8138 .array/port v0x9b4c36c60, 8138;
E_0x9b50e6d80/2034 .event anyedge, v0x9b4c36c60_8135, v0x9b4c36c60_8136, v0x9b4c36c60_8137, v0x9b4c36c60_8138;
v0x9b4c36c60_8139 .array/port v0x9b4c36c60, 8139;
v0x9b4c36c60_8140 .array/port v0x9b4c36c60, 8140;
v0x9b4c36c60_8141 .array/port v0x9b4c36c60, 8141;
v0x9b4c36c60_8142 .array/port v0x9b4c36c60, 8142;
E_0x9b50e6d80/2035 .event anyedge, v0x9b4c36c60_8139, v0x9b4c36c60_8140, v0x9b4c36c60_8141, v0x9b4c36c60_8142;
v0x9b4c36c60_8143 .array/port v0x9b4c36c60, 8143;
v0x9b4c36c60_8144 .array/port v0x9b4c36c60, 8144;
v0x9b4c36c60_8145 .array/port v0x9b4c36c60, 8145;
v0x9b4c36c60_8146 .array/port v0x9b4c36c60, 8146;
E_0x9b50e6d80/2036 .event anyedge, v0x9b4c36c60_8143, v0x9b4c36c60_8144, v0x9b4c36c60_8145, v0x9b4c36c60_8146;
v0x9b4c36c60_8147 .array/port v0x9b4c36c60, 8147;
v0x9b4c36c60_8148 .array/port v0x9b4c36c60, 8148;
v0x9b4c36c60_8149 .array/port v0x9b4c36c60, 8149;
v0x9b4c36c60_8150 .array/port v0x9b4c36c60, 8150;
E_0x9b50e6d80/2037 .event anyedge, v0x9b4c36c60_8147, v0x9b4c36c60_8148, v0x9b4c36c60_8149, v0x9b4c36c60_8150;
v0x9b4c36c60_8151 .array/port v0x9b4c36c60, 8151;
v0x9b4c36c60_8152 .array/port v0x9b4c36c60, 8152;
v0x9b4c36c60_8153 .array/port v0x9b4c36c60, 8153;
v0x9b4c36c60_8154 .array/port v0x9b4c36c60, 8154;
E_0x9b50e6d80/2038 .event anyedge, v0x9b4c36c60_8151, v0x9b4c36c60_8152, v0x9b4c36c60_8153, v0x9b4c36c60_8154;
v0x9b4c36c60_8155 .array/port v0x9b4c36c60, 8155;
v0x9b4c36c60_8156 .array/port v0x9b4c36c60, 8156;
v0x9b4c36c60_8157 .array/port v0x9b4c36c60, 8157;
v0x9b4c36c60_8158 .array/port v0x9b4c36c60, 8158;
E_0x9b50e6d80/2039 .event anyedge, v0x9b4c36c60_8155, v0x9b4c36c60_8156, v0x9b4c36c60_8157, v0x9b4c36c60_8158;
v0x9b4c36c60_8159 .array/port v0x9b4c36c60, 8159;
v0x9b4c36c60_8160 .array/port v0x9b4c36c60, 8160;
v0x9b4c36c60_8161 .array/port v0x9b4c36c60, 8161;
v0x9b4c36c60_8162 .array/port v0x9b4c36c60, 8162;
E_0x9b50e6d80/2040 .event anyedge, v0x9b4c36c60_8159, v0x9b4c36c60_8160, v0x9b4c36c60_8161, v0x9b4c36c60_8162;
v0x9b4c36c60_8163 .array/port v0x9b4c36c60, 8163;
v0x9b4c36c60_8164 .array/port v0x9b4c36c60, 8164;
v0x9b4c36c60_8165 .array/port v0x9b4c36c60, 8165;
v0x9b4c36c60_8166 .array/port v0x9b4c36c60, 8166;
E_0x9b50e6d80/2041 .event anyedge, v0x9b4c36c60_8163, v0x9b4c36c60_8164, v0x9b4c36c60_8165, v0x9b4c36c60_8166;
v0x9b4c36c60_8167 .array/port v0x9b4c36c60, 8167;
v0x9b4c36c60_8168 .array/port v0x9b4c36c60, 8168;
v0x9b4c36c60_8169 .array/port v0x9b4c36c60, 8169;
v0x9b4c36c60_8170 .array/port v0x9b4c36c60, 8170;
E_0x9b50e6d80/2042 .event anyedge, v0x9b4c36c60_8167, v0x9b4c36c60_8168, v0x9b4c36c60_8169, v0x9b4c36c60_8170;
v0x9b4c36c60_8171 .array/port v0x9b4c36c60, 8171;
v0x9b4c36c60_8172 .array/port v0x9b4c36c60, 8172;
v0x9b4c36c60_8173 .array/port v0x9b4c36c60, 8173;
v0x9b4c36c60_8174 .array/port v0x9b4c36c60, 8174;
E_0x9b50e6d80/2043 .event anyedge, v0x9b4c36c60_8171, v0x9b4c36c60_8172, v0x9b4c36c60_8173, v0x9b4c36c60_8174;
v0x9b4c36c60_8175 .array/port v0x9b4c36c60, 8175;
v0x9b4c36c60_8176 .array/port v0x9b4c36c60, 8176;
v0x9b4c36c60_8177 .array/port v0x9b4c36c60, 8177;
v0x9b4c36c60_8178 .array/port v0x9b4c36c60, 8178;
E_0x9b50e6d80/2044 .event anyedge, v0x9b4c36c60_8175, v0x9b4c36c60_8176, v0x9b4c36c60_8177, v0x9b4c36c60_8178;
v0x9b4c36c60_8179 .array/port v0x9b4c36c60, 8179;
v0x9b4c36c60_8180 .array/port v0x9b4c36c60, 8180;
v0x9b4c36c60_8181 .array/port v0x9b4c36c60, 8181;
v0x9b4c36c60_8182 .array/port v0x9b4c36c60, 8182;
E_0x9b50e6d80/2045 .event anyedge, v0x9b4c36c60_8179, v0x9b4c36c60_8180, v0x9b4c36c60_8181, v0x9b4c36c60_8182;
v0x9b4c36c60_8183 .array/port v0x9b4c36c60, 8183;
v0x9b4c36c60_8184 .array/port v0x9b4c36c60, 8184;
v0x9b4c36c60_8185 .array/port v0x9b4c36c60, 8185;
v0x9b4c36c60_8186 .array/port v0x9b4c36c60, 8186;
E_0x9b50e6d80/2046 .event anyedge, v0x9b4c36c60_8183, v0x9b4c36c60_8184, v0x9b4c36c60_8185, v0x9b4c36c60_8186;
v0x9b4c36c60_8187 .array/port v0x9b4c36c60, 8187;
v0x9b4c36c60_8188 .array/port v0x9b4c36c60, 8188;
v0x9b4c36c60_8189 .array/port v0x9b4c36c60, 8189;
v0x9b4c36c60_8190 .array/port v0x9b4c36c60, 8190;
E_0x9b50e6d80/2047 .event anyedge, v0x9b4c36c60_8187, v0x9b4c36c60_8188, v0x9b4c36c60_8189, v0x9b4c36c60_8190;
v0x9b4c36c60_8191 .array/port v0x9b4c36c60, 8191;
E_0x9b50e6d80/2048 .event anyedge, v0x9b4c36c60_8191, v0x9b4c36a80_0;
E_0x9b50e6d80 .event/or E_0x9b50e6d80/0, E_0x9b50e6d80/1, E_0x9b50e6d80/2, E_0x9b50e6d80/3, E_0x9b50e6d80/4, E_0x9b50e6d80/5, E_0x9b50e6d80/6, E_0x9b50e6d80/7, E_0x9b50e6d80/8, E_0x9b50e6d80/9, E_0x9b50e6d80/10, E_0x9b50e6d80/11, E_0x9b50e6d80/12, E_0x9b50e6d80/13, E_0x9b50e6d80/14, E_0x9b50e6d80/15, E_0x9b50e6d80/16, E_0x9b50e6d80/17, E_0x9b50e6d80/18, E_0x9b50e6d80/19, E_0x9b50e6d80/20, E_0x9b50e6d80/21, E_0x9b50e6d80/22, E_0x9b50e6d80/23, E_0x9b50e6d80/24, E_0x9b50e6d80/25, E_0x9b50e6d80/26, E_0x9b50e6d80/27, E_0x9b50e6d80/28, E_0x9b50e6d80/29, E_0x9b50e6d80/30, E_0x9b50e6d80/31, E_0x9b50e6d80/32, E_0x9b50e6d80/33, E_0x9b50e6d80/34, E_0x9b50e6d80/35, E_0x9b50e6d80/36, E_0x9b50e6d80/37, E_0x9b50e6d80/38, E_0x9b50e6d80/39, E_0x9b50e6d80/40, E_0x9b50e6d80/41, E_0x9b50e6d80/42, E_0x9b50e6d80/43, E_0x9b50e6d80/44, E_0x9b50e6d80/45, E_0x9b50e6d80/46, E_0x9b50e6d80/47, E_0x9b50e6d80/48, E_0x9b50e6d80/49, E_0x9b50e6d80/50, E_0x9b50e6d80/51, E_0x9b50e6d80/52, E_0x9b50e6d80/53, E_0x9b50e6d80/54, E_0x9b50e6d80/55, E_0x9b50e6d80/56, E_0x9b50e6d80/57, E_0x9b50e6d80/58, E_0x9b50e6d80/59, E_0x9b50e6d80/60, E_0x9b50e6d80/61, E_0x9b50e6d80/62, E_0x9b50e6d80/63, E_0x9b50e6d80/64, E_0x9b50e6d80/65, E_0x9b50e6d80/66, E_0x9b50e6d80/67, E_0x9b50e6d80/68, E_0x9b50e6d80/69, E_0x9b50e6d80/70, E_0x9b50e6d80/71, E_0x9b50e6d80/72, E_0x9b50e6d80/73, E_0x9b50e6d80/74, E_0x9b50e6d80/75, E_0x9b50e6d80/76, E_0x9b50e6d80/77, E_0x9b50e6d80/78, E_0x9b50e6d80/79, E_0x9b50e6d80/80, E_0x9b50e6d80/81, E_0x9b50e6d80/82, E_0x9b50e6d80/83, E_0x9b50e6d80/84, E_0x9b50e6d80/85, E_0x9b50e6d80/86, E_0x9b50e6d80/87, E_0x9b50e6d80/88, E_0x9b50e6d80/89, E_0x9b50e6d80/90, E_0x9b50e6d80/91, E_0x9b50e6d80/92, E_0x9b50e6d80/93, E_0x9b50e6d80/94, E_0x9b50e6d80/95, E_0x9b50e6d80/96, E_0x9b50e6d80/97, E_0x9b50e6d80/98, E_0x9b50e6d80/99, E_0x9b50e6d80/100, E_0x9b50e6d80/101, E_0x9b50e6d80/102, E_0x9b50e6d80/103, E_0x9b50e6d80/104, E_0x9b50e6d80/105, E_0x9b50e6d80/106, E_0x9b50e6d80/107, E_0x9b50e6d80/108, E_0x9b50e6d80/109, E_0x9b50e6d80/110, E_0x9b50e6d80/111, E_0x9b50e6d80/112, E_0x9b50e6d80/113, E_0x9b50e6d80/114, E_0x9b50e6d80/115, E_0x9b50e6d80/116, E_0x9b50e6d80/117, E_0x9b50e6d80/118, E_0x9b50e6d80/119, E_0x9b50e6d80/120, E_0x9b50e6d80/121, E_0x9b50e6d80/122, E_0x9b50e6d80/123, E_0x9b50e6d80/124, E_0x9b50e6d80/125, E_0x9b50e6d80/126, E_0x9b50e6d80/127, E_0x9b50e6d80/128, E_0x9b50e6d80/129, E_0x9b50e6d80/130, E_0x9b50e6d80/131, E_0x9b50e6d80/132, E_0x9b50e6d80/133, E_0x9b50e6d80/134, E_0x9b50e6d80/135, E_0x9b50e6d80/136, E_0x9b50e6d80/137, E_0x9b50e6d80/138, E_0x9b50e6d80/139, E_0x9b50e6d80/140, E_0x9b50e6d80/141, E_0x9b50e6d80/142, E_0x9b50e6d80/143, E_0x9b50e6d80/144, E_0x9b50e6d80/145, E_0x9b50e6d80/146, E_0x9b50e6d80/147, E_0x9b50e6d80/148, E_0x9b50e6d80/149, E_0x9b50e6d80/150, E_0x9b50e6d80/151, E_0x9b50e6d80/152, E_0x9b50e6d80/153, E_0x9b50e6d80/154, E_0x9b50e6d80/155, E_0x9b50e6d80/156, E_0x9b50e6d80/157, E_0x9b50e6d80/158, E_0x9b50e6d80/159, E_0x9b50e6d80/160, E_0x9b50e6d80/161, E_0x9b50e6d80/162, E_0x9b50e6d80/163, E_0x9b50e6d80/164, E_0x9b50e6d80/165, E_0x9b50e6d80/166, E_0x9b50e6d80/167, E_0x9b50e6d80/168, E_0x9b50e6d80/169, E_0x9b50e6d80/170, E_0x9b50e6d80/171, E_0x9b50e6d80/172, E_0x9b50e6d80/173, E_0x9b50e6d80/174, E_0x9b50e6d80/175, E_0x9b50e6d80/176, E_0x9b50e6d80/177, E_0x9b50e6d80/178, E_0x9b50e6d80/179, E_0x9b50e6d80/180, E_0x9b50e6d80/181, E_0x9b50e6d80/182, E_0x9b50e6d80/183, E_0x9b50e6d80/184, E_0x9b50e6d80/185, E_0x9b50e6d80/186, E_0x9b50e6d80/187, E_0x9b50e6d80/188, E_0x9b50e6d80/189, E_0x9b50e6d80/190, E_0x9b50e6d80/191, E_0x9b50e6d80/192, E_0x9b50e6d80/193, E_0x9b50e6d80/194, E_0x9b50e6d80/195, E_0x9b50e6d80/196, E_0x9b50e6d80/197, E_0x9b50e6d80/198, E_0x9b50e6d80/199, E_0x9b50e6d80/200, E_0x9b50e6d80/201, E_0x9b50e6d80/202, E_0x9b50e6d80/203, E_0x9b50e6d80/204, E_0x9b50e6d80/205, E_0x9b50e6d80/206, E_0x9b50e6d80/207, E_0x9b50e6d80/208, E_0x9b50e6d80/209, E_0x9b50e6d80/210, E_0x9b50e6d80/211, E_0x9b50e6d80/212, E_0x9b50e6d80/213, E_0x9b50e6d80/214, E_0x9b50e6d80/215, E_0x9b50e6d80/216, E_0x9b50e6d80/217, E_0x9b50e6d80/218, E_0x9b50e6d80/219, E_0x9b50e6d80/220, E_0x9b50e6d80/221, E_0x9b50e6d80/222, E_0x9b50e6d80/223, E_0x9b50e6d80/224, E_0x9b50e6d80/225, E_0x9b50e6d80/226, E_0x9b50e6d80/227, E_0x9b50e6d80/228, E_0x9b50e6d80/229, E_0x9b50e6d80/230, E_0x9b50e6d80/231, E_0x9b50e6d80/232, E_0x9b50e6d80/233, E_0x9b50e6d80/234, E_0x9b50e6d80/235, E_0x9b50e6d80/236, E_0x9b50e6d80/237, E_0x9b50e6d80/238, E_0x9b50e6d80/239, E_0x9b50e6d80/240, E_0x9b50e6d80/241, E_0x9b50e6d80/242, E_0x9b50e6d80/243, E_0x9b50e6d80/244, E_0x9b50e6d80/245, E_0x9b50e6d80/246, E_0x9b50e6d80/247, E_0x9b50e6d80/248, E_0x9b50e6d80/249, E_0x9b50e6d80/250, E_0x9b50e6d80/251, E_0x9b50e6d80/252, E_0x9b50e6d80/253, E_0x9b50e6d80/254, E_0x9b50e6d80/255, E_0x9b50e6d80/256, E_0x9b50e6d80/257, E_0x9b50e6d80/258, E_0x9b50e6d80/259, E_0x9b50e6d80/260, E_0x9b50e6d80/261, E_0x9b50e6d80/262, E_0x9b50e6d80/263, E_0x9b50e6d80/264, E_0x9b50e6d80/265, E_0x9b50e6d80/266, E_0x9b50e6d80/267, E_0x9b50e6d80/268, E_0x9b50e6d80/269, E_0x9b50e6d80/270, E_0x9b50e6d80/271, E_0x9b50e6d80/272, E_0x9b50e6d80/273, E_0x9b50e6d80/274, E_0x9b50e6d80/275, E_0x9b50e6d80/276, E_0x9b50e6d80/277, E_0x9b50e6d80/278, E_0x9b50e6d80/279, E_0x9b50e6d80/280, E_0x9b50e6d80/281, E_0x9b50e6d80/282, E_0x9b50e6d80/283, E_0x9b50e6d80/284, E_0x9b50e6d80/285, E_0x9b50e6d80/286, E_0x9b50e6d80/287, E_0x9b50e6d80/288, E_0x9b50e6d80/289, E_0x9b50e6d80/290, E_0x9b50e6d80/291, E_0x9b50e6d80/292, E_0x9b50e6d80/293, E_0x9b50e6d80/294, E_0x9b50e6d80/295, E_0x9b50e6d80/296, E_0x9b50e6d80/297, E_0x9b50e6d80/298, E_0x9b50e6d80/299, E_0x9b50e6d80/300, E_0x9b50e6d80/301, E_0x9b50e6d80/302, E_0x9b50e6d80/303, E_0x9b50e6d80/304, E_0x9b50e6d80/305, E_0x9b50e6d80/306, E_0x9b50e6d80/307, E_0x9b50e6d80/308, E_0x9b50e6d80/309, E_0x9b50e6d80/310, E_0x9b50e6d80/311, E_0x9b50e6d80/312, E_0x9b50e6d80/313, E_0x9b50e6d80/314, E_0x9b50e6d80/315, E_0x9b50e6d80/316, E_0x9b50e6d80/317, E_0x9b50e6d80/318, E_0x9b50e6d80/319, E_0x9b50e6d80/320, E_0x9b50e6d80/321, E_0x9b50e6d80/322, E_0x9b50e6d80/323, E_0x9b50e6d80/324, E_0x9b50e6d80/325, E_0x9b50e6d80/326, E_0x9b50e6d80/327, E_0x9b50e6d80/328, E_0x9b50e6d80/329, E_0x9b50e6d80/330, E_0x9b50e6d80/331, E_0x9b50e6d80/332, E_0x9b50e6d80/333, E_0x9b50e6d80/334, E_0x9b50e6d80/335, E_0x9b50e6d80/336, E_0x9b50e6d80/337, E_0x9b50e6d80/338, E_0x9b50e6d80/339, E_0x9b50e6d80/340, E_0x9b50e6d80/341, E_0x9b50e6d80/342, E_0x9b50e6d80/343, E_0x9b50e6d80/344, E_0x9b50e6d80/345, E_0x9b50e6d80/346, E_0x9b50e6d80/347, E_0x9b50e6d80/348, E_0x9b50e6d80/349, E_0x9b50e6d80/350, E_0x9b50e6d80/351, E_0x9b50e6d80/352, E_0x9b50e6d80/353, E_0x9b50e6d80/354, E_0x9b50e6d80/355, E_0x9b50e6d80/356, E_0x9b50e6d80/357, E_0x9b50e6d80/358, E_0x9b50e6d80/359, E_0x9b50e6d80/360, E_0x9b50e6d80/361, E_0x9b50e6d80/362, E_0x9b50e6d80/363, E_0x9b50e6d80/364, E_0x9b50e6d80/365, E_0x9b50e6d80/366, E_0x9b50e6d80/367, E_0x9b50e6d80/368, E_0x9b50e6d80/369, E_0x9b50e6d80/370, E_0x9b50e6d80/371, E_0x9b50e6d80/372, E_0x9b50e6d80/373, E_0x9b50e6d80/374, E_0x9b50e6d80/375, E_0x9b50e6d80/376, E_0x9b50e6d80/377, E_0x9b50e6d80/378, E_0x9b50e6d80/379, E_0x9b50e6d80/380, E_0x9b50e6d80/381, E_0x9b50e6d80/382, E_0x9b50e6d80/383, E_0x9b50e6d80/384, E_0x9b50e6d80/385, E_0x9b50e6d80/386, E_0x9b50e6d80/387, E_0x9b50e6d80/388, E_0x9b50e6d80/389, E_0x9b50e6d80/390, E_0x9b50e6d80/391, E_0x9b50e6d80/392, E_0x9b50e6d80/393, E_0x9b50e6d80/394, E_0x9b50e6d80/395, E_0x9b50e6d80/396, E_0x9b50e6d80/397, E_0x9b50e6d80/398, E_0x9b50e6d80/399, E_0x9b50e6d80/400, E_0x9b50e6d80/401, E_0x9b50e6d80/402, E_0x9b50e6d80/403, E_0x9b50e6d80/404, E_0x9b50e6d80/405, E_0x9b50e6d80/406, E_0x9b50e6d80/407, E_0x9b50e6d80/408, E_0x9b50e6d80/409, E_0x9b50e6d80/410, E_0x9b50e6d80/411, E_0x9b50e6d80/412, E_0x9b50e6d80/413, E_0x9b50e6d80/414, E_0x9b50e6d80/415, E_0x9b50e6d80/416, E_0x9b50e6d80/417, E_0x9b50e6d80/418, E_0x9b50e6d80/419, E_0x9b50e6d80/420, E_0x9b50e6d80/421, E_0x9b50e6d80/422, E_0x9b50e6d80/423, E_0x9b50e6d80/424, E_0x9b50e6d80/425, E_0x9b50e6d80/426, E_0x9b50e6d80/427, E_0x9b50e6d80/428, E_0x9b50e6d80/429, E_0x9b50e6d80/430, E_0x9b50e6d80/431, E_0x9b50e6d80/432, E_0x9b50e6d80/433, E_0x9b50e6d80/434, E_0x9b50e6d80/435, E_0x9b50e6d80/436, E_0x9b50e6d80/437, E_0x9b50e6d80/438, E_0x9b50e6d80/439, E_0x9b50e6d80/440, E_0x9b50e6d80/441, E_0x9b50e6d80/442, E_0x9b50e6d80/443, E_0x9b50e6d80/444, E_0x9b50e6d80/445, E_0x9b50e6d80/446, E_0x9b50e6d80/447, E_0x9b50e6d80/448, E_0x9b50e6d80/449, E_0x9b50e6d80/450, E_0x9b50e6d80/451, E_0x9b50e6d80/452, E_0x9b50e6d80/453, E_0x9b50e6d80/454, E_0x9b50e6d80/455, E_0x9b50e6d80/456, E_0x9b50e6d80/457, E_0x9b50e6d80/458, E_0x9b50e6d80/459, E_0x9b50e6d80/460, E_0x9b50e6d80/461, E_0x9b50e6d80/462, E_0x9b50e6d80/463, E_0x9b50e6d80/464, E_0x9b50e6d80/465, E_0x9b50e6d80/466, E_0x9b50e6d80/467, E_0x9b50e6d80/468, E_0x9b50e6d80/469, E_0x9b50e6d80/470, E_0x9b50e6d80/471, E_0x9b50e6d80/472, E_0x9b50e6d80/473, E_0x9b50e6d80/474, E_0x9b50e6d80/475, E_0x9b50e6d80/476, E_0x9b50e6d80/477, E_0x9b50e6d80/478, E_0x9b50e6d80/479, E_0x9b50e6d80/480, E_0x9b50e6d80/481, E_0x9b50e6d80/482, E_0x9b50e6d80/483, E_0x9b50e6d80/484, E_0x9b50e6d80/485, E_0x9b50e6d80/486, E_0x9b50e6d80/487, E_0x9b50e6d80/488, E_0x9b50e6d80/489, E_0x9b50e6d80/490, E_0x9b50e6d80/491, E_0x9b50e6d80/492, E_0x9b50e6d80/493, E_0x9b50e6d80/494, E_0x9b50e6d80/495, E_0x9b50e6d80/496, E_0x9b50e6d80/497, E_0x9b50e6d80/498, E_0x9b50e6d80/499, E_0x9b50e6d80/500, E_0x9b50e6d80/501, E_0x9b50e6d80/502, E_0x9b50e6d80/503, E_0x9b50e6d80/504, E_0x9b50e6d80/505, E_0x9b50e6d80/506, E_0x9b50e6d80/507, E_0x9b50e6d80/508, E_0x9b50e6d80/509, E_0x9b50e6d80/510, E_0x9b50e6d80/511, E_0x9b50e6d80/512, E_0x9b50e6d80/513, E_0x9b50e6d80/514, E_0x9b50e6d80/515, E_0x9b50e6d80/516, E_0x9b50e6d80/517, E_0x9b50e6d80/518, E_0x9b50e6d80/519, E_0x9b50e6d80/520, E_0x9b50e6d80/521, E_0x9b50e6d80/522, E_0x9b50e6d80/523, E_0x9b50e6d80/524, E_0x9b50e6d80/525, E_0x9b50e6d80/526, E_0x9b50e6d80/527, E_0x9b50e6d80/528, E_0x9b50e6d80/529, E_0x9b50e6d80/530, E_0x9b50e6d80/531, E_0x9b50e6d80/532, E_0x9b50e6d80/533, E_0x9b50e6d80/534, E_0x9b50e6d80/535, E_0x9b50e6d80/536, E_0x9b50e6d80/537, E_0x9b50e6d80/538, E_0x9b50e6d80/539, E_0x9b50e6d80/540, E_0x9b50e6d80/541, E_0x9b50e6d80/542, E_0x9b50e6d80/543, E_0x9b50e6d80/544, E_0x9b50e6d80/545, E_0x9b50e6d80/546, E_0x9b50e6d80/547, E_0x9b50e6d80/548, E_0x9b50e6d80/549, E_0x9b50e6d80/550, E_0x9b50e6d80/551, E_0x9b50e6d80/552, E_0x9b50e6d80/553, E_0x9b50e6d80/554, E_0x9b50e6d80/555, E_0x9b50e6d80/556, E_0x9b50e6d80/557, E_0x9b50e6d80/558, E_0x9b50e6d80/559, E_0x9b50e6d80/560, E_0x9b50e6d80/561, E_0x9b50e6d80/562, E_0x9b50e6d80/563, E_0x9b50e6d80/564, E_0x9b50e6d80/565, E_0x9b50e6d80/566, E_0x9b50e6d80/567, E_0x9b50e6d80/568, E_0x9b50e6d80/569, E_0x9b50e6d80/570, E_0x9b50e6d80/571, E_0x9b50e6d80/572, E_0x9b50e6d80/573, E_0x9b50e6d80/574, E_0x9b50e6d80/575, E_0x9b50e6d80/576, E_0x9b50e6d80/577, E_0x9b50e6d80/578, E_0x9b50e6d80/579, E_0x9b50e6d80/580, E_0x9b50e6d80/581, E_0x9b50e6d80/582, E_0x9b50e6d80/583, E_0x9b50e6d80/584, E_0x9b50e6d80/585, E_0x9b50e6d80/586, E_0x9b50e6d80/587, E_0x9b50e6d80/588, E_0x9b50e6d80/589, E_0x9b50e6d80/590, E_0x9b50e6d80/591, E_0x9b50e6d80/592, E_0x9b50e6d80/593, E_0x9b50e6d80/594, E_0x9b50e6d80/595, E_0x9b50e6d80/596, E_0x9b50e6d80/597, E_0x9b50e6d80/598, E_0x9b50e6d80/599, E_0x9b50e6d80/600, E_0x9b50e6d80/601, E_0x9b50e6d80/602, E_0x9b50e6d80/603, E_0x9b50e6d80/604, E_0x9b50e6d80/605, E_0x9b50e6d80/606, E_0x9b50e6d80/607, E_0x9b50e6d80/608, E_0x9b50e6d80/609, E_0x9b50e6d80/610, E_0x9b50e6d80/611, E_0x9b50e6d80/612, E_0x9b50e6d80/613, E_0x9b50e6d80/614, E_0x9b50e6d80/615, E_0x9b50e6d80/616, E_0x9b50e6d80/617, E_0x9b50e6d80/618, E_0x9b50e6d80/619, E_0x9b50e6d80/620, E_0x9b50e6d80/621, E_0x9b50e6d80/622, E_0x9b50e6d80/623, E_0x9b50e6d80/624, E_0x9b50e6d80/625, E_0x9b50e6d80/626, E_0x9b50e6d80/627, E_0x9b50e6d80/628, E_0x9b50e6d80/629, E_0x9b50e6d80/630, E_0x9b50e6d80/631, E_0x9b50e6d80/632, E_0x9b50e6d80/633, E_0x9b50e6d80/634, E_0x9b50e6d80/635, E_0x9b50e6d80/636, E_0x9b50e6d80/637, E_0x9b50e6d80/638, E_0x9b50e6d80/639, E_0x9b50e6d80/640, E_0x9b50e6d80/641, E_0x9b50e6d80/642, E_0x9b50e6d80/643, E_0x9b50e6d80/644, E_0x9b50e6d80/645, E_0x9b50e6d80/646, E_0x9b50e6d80/647, E_0x9b50e6d80/648, E_0x9b50e6d80/649, E_0x9b50e6d80/650, E_0x9b50e6d80/651, E_0x9b50e6d80/652, E_0x9b50e6d80/653, E_0x9b50e6d80/654, E_0x9b50e6d80/655, E_0x9b50e6d80/656, E_0x9b50e6d80/657, E_0x9b50e6d80/658, E_0x9b50e6d80/659, E_0x9b50e6d80/660, E_0x9b50e6d80/661, E_0x9b50e6d80/662, E_0x9b50e6d80/663, E_0x9b50e6d80/664, E_0x9b50e6d80/665, E_0x9b50e6d80/666, E_0x9b50e6d80/667, E_0x9b50e6d80/668, E_0x9b50e6d80/669, E_0x9b50e6d80/670, E_0x9b50e6d80/671, E_0x9b50e6d80/672, E_0x9b50e6d80/673, E_0x9b50e6d80/674, E_0x9b50e6d80/675, E_0x9b50e6d80/676, E_0x9b50e6d80/677, E_0x9b50e6d80/678, E_0x9b50e6d80/679, E_0x9b50e6d80/680, E_0x9b50e6d80/681, E_0x9b50e6d80/682, E_0x9b50e6d80/683, E_0x9b50e6d80/684, E_0x9b50e6d80/685, E_0x9b50e6d80/686, E_0x9b50e6d80/687, E_0x9b50e6d80/688, E_0x9b50e6d80/689, E_0x9b50e6d80/690, E_0x9b50e6d80/691, E_0x9b50e6d80/692, E_0x9b50e6d80/693, E_0x9b50e6d80/694, E_0x9b50e6d80/695, E_0x9b50e6d80/696, E_0x9b50e6d80/697, E_0x9b50e6d80/698, E_0x9b50e6d80/699, E_0x9b50e6d80/700, E_0x9b50e6d80/701, E_0x9b50e6d80/702, E_0x9b50e6d80/703, E_0x9b50e6d80/704, E_0x9b50e6d80/705, E_0x9b50e6d80/706, E_0x9b50e6d80/707, E_0x9b50e6d80/708, E_0x9b50e6d80/709, E_0x9b50e6d80/710, E_0x9b50e6d80/711, E_0x9b50e6d80/712, E_0x9b50e6d80/713, E_0x9b50e6d80/714, E_0x9b50e6d80/715, E_0x9b50e6d80/716, E_0x9b50e6d80/717, E_0x9b50e6d80/718, E_0x9b50e6d80/719, E_0x9b50e6d80/720, E_0x9b50e6d80/721, E_0x9b50e6d80/722, E_0x9b50e6d80/723, E_0x9b50e6d80/724, E_0x9b50e6d80/725, E_0x9b50e6d80/726, E_0x9b50e6d80/727, E_0x9b50e6d80/728, E_0x9b50e6d80/729, E_0x9b50e6d80/730, E_0x9b50e6d80/731, E_0x9b50e6d80/732, E_0x9b50e6d80/733, E_0x9b50e6d80/734, E_0x9b50e6d80/735, E_0x9b50e6d80/736, E_0x9b50e6d80/737, E_0x9b50e6d80/738, E_0x9b50e6d80/739, E_0x9b50e6d80/740, E_0x9b50e6d80/741, E_0x9b50e6d80/742, E_0x9b50e6d80/743, E_0x9b50e6d80/744, E_0x9b50e6d80/745, E_0x9b50e6d80/746, E_0x9b50e6d80/747, E_0x9b50e6d80/748, E_0x9b50e6d80/749, E_0x9b50e6d80/750, E_0x9b50e6d80/751, E_0x9b50e6d80/752, E_0x9b50e6d80/753, E_0x9b50e6d80/754, E_0x9b50e6d80/755, E_0x9b50e6d80/756, E_0x9b50e6d80/757, E_0x9b50e6d80/758, E_0x9b50e6d80/759, E_0x9b50e6d80/760, E_0x9b50e6d80/761, E_0x9b50e6d80/762, E_0x9b50e6d80/763, E_0x9b50e6d80/764, E_0x9b50e6d80/765, E_0x9b50e6d80/766, E_0x9b50e6d80/767, E_0x9b50e6d80/768, E_0x9b50e6d80/769, E_0x9b50e6d80/770, E_0x9b50e6d80/771, E_0x9b50e6d80/772, E_0x9b50e6d80/773, E_0x9b50e6d80/774, E_0x9b50e6d80/775, E_0x9b50e6d80/776, E_0x9b50e6d80/777, E_0x9b50e6d80/778, E_0x9b50e6d80/779, E_0x9b50e6d80/780, E_0x9b50e6d80/781, E_0x9b50e6d80/782, E_0x9b50e6d80/783, E_0x9b50e6d80/784, E_0x9b50e6d80/785, E_0x9b50e6d80/786, E_0x9b50e6d80/787, E_0x9b50e6d80/788, E_0x9b50e6d80/789, E_0x9b50e6d80/790, E_0x9b50e6d80/791, E_0x9b50e6d80/792, E_0x9b50e6d80/793, E_0x9b50e6d80/794, E_0x9b50e6d80/795, E_0x9b50e6d80/796, E_0x9b50e6d80/797, E_0x9b50e6d80/798, E_0x9b50e6d80/799, E_0x9b50e6d80/800, E_0x9b50e6d80/801, E_0x9b50e6d80/802, E_0x9b50e6d80/803, E_0x9b50e6d80/804, E_0x9b50e6d80/805, E_0x9b50e6d80/806, E_0x9b50e6d80/807, E_0x9b50e6d80/808, E_0x9b50e6d80/809, E_0x9b50e6d80/810, E_0x9b50e6d80/811, E_0x9b50e6d80/812, E_0x9b50e6d80/813, E_0x9b50e6d80/814, E_0x9b50e6d80/815, E_0x9b50e6d80/816, E_0x9b50e6d80/817, E_0x9b50e6d80/818, E_0x9b50e6d80/819, E_0x9b50e6d80/820, E_0x9b50e6d80/821, E_0x9b50e6d80/822, E_0x9b50e6d80/823, E_0x9b50e6d80/824, E_0x9b50e6d80/825, E_0x9b50e6d80/826, E_0x9b50e6d80/827, E_0x9b50e6d80/828, E_0x9b50e6d80/829, E_0x9b50e6d80/830, E_0x9b50e6d80/831, E_0x9b50e6d80/832, E_0x9b50e6d80/833, E_0x9b50e6d80/834, E_0x9b50e6d80/835, E_0x9b50e6d80/836, E_0x9b50e6d80/837, E_0x9b50e6d80/838, E_0x9b50e6d80/839, E_0x9b50e6d80/840, E_0x9b50e6d80/841, E_0x9b50e6d80/842, E_0x9b50e6d80/843, E_0x9b50e6d80/844, E_0x9b50e6d80/845, E_0x9b50e6d80/846, E_0x9b50e6d80/847, E_0x9b50e6d80/848, E_0x9b50e6d80/849, E_0x9b50e6d80/850, E_0x9b50e6d80/851, E_0x9b50e6d80/852, E_0x9b50e6d80/853, E_0x9b50e6d80/854, E_0x9b50e6d80/855, E_0x9b50e6d80/856, E_0x9b50e6d80/857, E_0x9b50e6d80/858, E_0x9b50e6d80/859, E_0x9b50e6d80/860, E_0x9b50e6d80/861, E_0x9b50e6d80/862, E_0x9b50e6d80/863, E_0x9b50e6d80/864, E_0x9b50e6d80/865, E_0x9b50e6d80/866, E_0x9b50e6d80/867, E_0x9b50e6d80/868, E_0x9b50e6d80/869, E_0x9b50e6d80/870, E_0x9b50e6d80/871, E_0x9b50e6d80/872, E_0x9b50e6d80/873, E_0x9b50e6d80/874, E_0x9b50e6d80/875, E_0x9b50e6d80/876, E_0x9b50e6d80/877, E_0x9b50e6d80/878, E_0x9b50e6d80/879, E_0x9b50e6d80/880, E_0x9b50e6d80/881, E_0x9b50e6d80/882, E_0x9b50e6d80/883, E_0x9b50e6d80/884, E_0x9b50e6d80/885, E_0x9b50e6d80/886, E_0x9b50e6d80/887, E_0x9b50e6d80/888, E_0x9b50e6d80/889, E_0x9b50e6d80/890, E_0x9b50e6d80/891, E_0x9b50e6d80/892, E_0x9b50e6d80/893, E_0x9b50e6d80/894, E_0x9b50e6d80/895, E_0x9b50e6d80/896, E_0x9b50e6d80/897, E_0x9b50e6d80/898, E_0x9b50e6d80/899, E_0x9b50e6d80/900, E_0x9b50e6d80/901, E_0x9b50e6d80/902, E_0x9b50e6d80/903, E_0x9b50e6d80/904, E_0x9b50e6d80/905, E_0x9b50e6d80/906, E_0x9b50e6d80/907, E_0x9b50e6d80/908, E_0x9b50e6d80/909, E_0x9b50e6d80/910, E_0x9b50e6d80/911, E_0x9b50e6d80/912, E_0x9b50e6d80/913, E_0x9b50e6d80/914, E_0x9b50e6d80/915, E_0x9b50e6d80/916, E_0x9b50e6d80/917, E_0x9b50e6d80/918, E_0x9b50e6d80/919, E_0x9b50e6d80/920, E_0x9b50e6d80/921, E_0x9b50e6d80/922, E_0x9b50e6d80/923, E_0x9b50e6d80/924, E_0x9b50e6d80/925, E_0x9b50e6d80/926, E_0x9b50e6d80/927, E_0x9b50e6d80/928, E_0x9b50e6d80/929, E_0x9b50e6d80/930, E_0x9b50e6d80/931, E_0x9b50e6d80/932, E_0x9b50e6d80/933, E_0x9b50e6d80/934, E_0x9b50e6d80/935, E_0x9b50e6d80/936, E_0x9b50e6d80/937, E_0x9b50e6d80/938, E_0x9b50e6d80/939, E_0x9b50e6d80/940, E_0x9b50e6d80/941, E_0x9b50e6d80/942, E_0x9b50e6d80/943, E_0x9b50e6d80/944, E_0x9b50e6d80/945, E_0x9b50e6d80/946, E_0x9b50e6d80/947, E_0x9b50e6d80/948, E_0x9b50e6d80/949, E_0x9b50e6d80/950, E_0x9b50e6d80/951, E_0x9b50e6d80/952, E_0x9b50e6d80/953, E_0x9b50e6d80/954, E_0x9b50e6d80/955, E_0x9b50e6d80/956, E_0x9b50e6d80/957, E_0x9b50e6d80/958, E_0x9b50e6d80/959, E_0x9b50e6d80/960, E_0x9b50e6d80/961, E_0x9b50e6d80/962, E_0x9b50e6d80/963, E_0x9b50e6d80/964, E_0x9b50e6d80/965, E_0x9b50e6d80/966, E_0x9b50e6d80/967, E_0x9b50e6d80/968, E_0x9b50e6d80/969, E_0x9b50e6d80/970, E_0x9b50e6d80/971, E_0x9b50e6d80/972, E_0x9b50e6d80/973, E_0x9b50e6d80/974, E_0x9b50e6d80/975, E_0x9b50e6d80/976, E_0x9b50e6d80/977, E_0x9b50e6d80/978, E_0x9b50e6d80/979, E_0x9b50e6d80/980, E_0x9b50e6d80/981, E_0x9b50e6d80/982, E_0x9b50e6d80/983, E_0x9b50e6d80/984, E_0x9b50e6d80/985, E_0x9b50e6d80/986, E_0x9b50e6d80/987, E_0x9b50e6d80/988, E_0x9b50e6d80/989, E_0x9b50e6d80/990, E_0x9b50e6d80/991, E_0x9b50e6d80/992, E_0x9b50e6d80/993, E_0x9b50e6d80/994, E_0x9b50e6d80/995, E_0x9b50e6d80/996, E_0x9b50e6d80/997, E_0x9b50e6d80/998, E_0x9b50e6d80/999, E_0x9b50e6d80/1000, E_0x9b50e6d80/1001, E_0x9b50e6d80/1002, E_0x9b50e6d80/1003, E_0x9b50e6d80/1004, E_0x9b50e6d80/1005, E_0x9b50e6d80/1006, E_0x9b50e6d80/1007, E_0x9b50e6d80/1008, E_0x9b50e6d80/1009, E_0x9b50e6d80/1010, E_0x9b50e6d80/1011, E_0x9b50e6d80/1012, E_0x9b50e6d80/1013, E_0x9b50e6d80/1014, E_0x9b50e6d80/1015, E_0x9b50e6d80/1016, E_0x9b50e6d80/1017, E_0x9b50e6d80/1018, E_0x9b50e6d80/1019, E_0x9b50e6d80/1020, E_0x9b50e6d80/1021, E_0x9b50e6d80/1022, E_0x9b50e6d80/1023, E_0x9b50e6d80/1024, E_0x9b50e6d80/1025, E_0x9b50e6d80/1026, E_0x9b50e6d80/1027, E_0x9b50e6d80/1028, E_0x9b50e6d80/1029, E_0x9b50e6d80/1030, E_0x9b50e6d80/1031, E_0x9b50e6d80/1032, E_0x9b50e6d80/1033, E_0x9b50e6d80/1034, E_0x9b50e6d80/1035, E_0x9b50e6d80/1036, E_0x9b50e6d80/1037, E_0x9b50e6d80/1038, E_0x9b50e6d80/1039, E_0x9b50e6d80/1040, E_0x9b50e6d80/1041, E_0x9b50e6d80/1042, E_0x9b50e6d80/1043, E_0x9b50e6d80/1044, E_0x9b50e6d80/1045, E_0x9b50e6d80/1046, E_0x9b50e6d80/1047, E_0x9b50e6d80/1048, E_0x9b50e6d80/1049, E_0x9b50e6d80/1050, E_0x9b50e6d80/1051, E_0x9b50e6d80/1052, E_0x9b50e6d80/1053, E_0x9b50e6d80/1054, E_0x9b50e6d80/1055, E_0x9b50e6d80/1056, E_0x9b50e6d80/1057, E_0x9b50e6d80/1058, E_0x9b50e6d80/1059, E_0x9b50e6d80/1060, E_0x9b50e6d80/1061, E_0x9b50e6d80/1062, E_0x9b50e6d80/1063, E_0x9b50e6d80/1064, E_0x9b50e6d80/1065, E_0x9b50e6d80/1066, E_0x9b50e6d80/1067, E_0x9b50e6d80/1068, E_0x9b50e6d80/1069, E_0x9b50e6d80/1070, E_0x9b50e6d80/1071, E_0x9b50e6d80/1072, E_0x9b50e6d80/1073, E_0x9b50e6d80/1074, E_0x9b50e6d80/1075, E_0x9b50e6d80/1076, E_0x9b50e6d80/1077, E_0x9b50e6d80/1078, E_0x9b50e6d80/1079, E_0x9b50e6d80/1080, E_0x9b50e6d80/1081, E_0x9b50e6d80/1082, E_0x9b50e6d80/1083, E_0x9b50e6d80/1084, E_0x9b50e6d80/1085, E_0x9b50e6d80/1086, E_0x9b50e6d80/1087, E_0x9b50e6d80/1088, E_0x9b50e6d80/1089, E_0x9b50e6d80/1090, E_0x9b50e6d80/1091, E_0x9b50e6d80/1092, E_0x9b50e6d80/1093, E_0x9b50e6d80/1094, E_0x9b50e6d80/1095, E_0x9b50e6d80/1096, E_0x9b50e6d80/1097, E_0x9b50e6d80/1098, E_0x9b50e6d80/1099, E_0x9b50e6d80/1100, E_0x9b50e6d80/1101, E_0x9b50e6d80/1102, E_0x9b50e6d80/1103, E_0x9b50e6d80/1104, E_0x9b50e6d80/1105, E_0x9b50e6d80/1106, E_0x9b50e6d80/1107, E_0x9b50e6d80/1108, E_0x9b50e6d80/1109, E_0x9b50e6d80/1110, E_0x9b50e6d80/1111, E_0x9b50e6d80/1112, E_0x9b50e6d80/1113, E_0x9b50e6d80/1114, E_0x9b50e6d80/1115, E_0x9b50e6d80/1116, E_0x9b50e6d80/1117, E_0x9b50e6d80/1118, E_0x9b50e6d80/1119, E_0x9b50e6d80/1120, E_0x9b50e6d80/1121, E_0x9b50e6d80/1122, E_0x9b50e6d80/1123, E_0x9b50e6d80/1124, E_0x9b50e6d80/1125, E_0x9b50e6d80/1126, E_0x9b50e6d80/1127, E_0x9b50e6d80/1128, E_0x9b50e6d80/1129, E_0x9b50e6d80/1130, E_0x9b50e6d80/1131, E_0x9b50e6d80/1132, E_0x9b50e6d80/1133, E_0x9b50e6d80/1134, E_0x9b50e6d80/1135, E_0x9b50e6d80/1136, E_0x9b50e6d80/1137, E_0x9b50e6d80/1138, E_0x9b50e6d80/1139, E_0x9b50e6d80/1140, E_0x9b50e6d80/1141, E_0x9b50e6d80/1142, E_0x9b50e6d80/1143, E_0x9b50e6d80/1144, E_0x9b50e6d80/1145, E_0x9b50e6d80/1146, E_0x9b50e6d80/1147, E_0x9b50e6d80/1148, E_0x9b50e6d80/1149, E_0x9b50e6d80/1150, E_0x9b50e6d80/1151, E_0x9b50e6d80/1152, E_0x9b50e6d80/1153, E_0x9b50e6d80/1154, E_0x9b50e6d80/1155, E_0x9b50e6d80/1156, E_0x9b50e6d80/1157, E_0x9b50e6d80/1158, E_0x9b50e6d80/1159, E_0x9b50e6d80/1160, E_0x9b50e6d80/1161, E_0x9b50e6d80/1162, E_0x9b50e6d80/1163, E_0x9b50e6d80/1164, E_0x9b50e6d80/1165, E_0x9b50e6d80/1166, E_0x9b50e6d80/1167, E_0x9b50e6d80/1168, E_0x9b50e6d80/1169, E_0x9b50e6d80/1170, E_0x9b50e6d80/1171, E_0x9b50e6d80/1172, E_0x9b50e6d80/1173, E_0x9b50e6d80/1174, E_0x9b50e6d80/1175, E_0x9b50e6d80/1176, E_0x9b50e6d80/1177, E_0x9b50e6d80/1178, E_0x9b50e6d80/1179, E_0x9b50e6d80/1180, E_0x9b50e6d80/1181, E_0x9b50e6d80/1182, E_0x9b50e6d80/1183, E_0x9b50e6d80/1184, E_0x9b50e6d80/1185, E_0x9b50e6d80/1186, E_0x9b50e6d80/1187, E_0x9b50e6d80/1188, E_0x9b50e6d80/1189, E_0x9b50e6d80/1190, E_0x9b50e6d80/1191, E_0x9b50e6d80/1192, E_0x9b50e6d80/1193, E_0x9b50e6d80/1194, E_0x9b50e6d80/1195, E_0x9b50e6d80/1196, E_0x9b50e6d80/1197, E_0x9b50e6d80/1198, E_0x9b50e6d80/1199, E_0x9b50e6d80/1200, E_0x9b50e6d80/1201, E_0x9b50e6d80/1202, E_0x9b50e6d80/1203, E_0x9b50e6d80/1204, E_0x9b50e6d80/1205, E_0x9b50e6d80/1206, E_0x9b50e6d80/1207, E_0x9b50e6d80/1208, E_0x9b50e6d80/1209, E_0x9b50e6d80/1210, E_0x9b50e6d80/1211, E_0x9b50e6d80/1212, E_0x9b50e6d80/1213, E_0x9b50e6d80/1214, E_0x9b50e6d80/1215, E_0x9b50e6d80/1216, E_0x9b50e6d80/1217, E_0x9b50e6d80/1218, E_0x9b50e6d80/1219, E_0x9b50e6d80/1220, E_0x9b50e6d80/1221, E_0x9b50e6d80/1222, E_0x9b50e6d80/1223, E_0x9b50e6d80/1224, E_0x9b50e6d80/1225, E_0x9b50e6d80/1226, E_0x9b50e6d80/1227, E_0x9b50e6d80/1228, E_0x9b50e6d80/1229, E_0x9b50e6d80/1230, E_0x9b50e6d80/1231, E_0x9b50e6d80/1232, E_0x9b50e6d80/1233, E_0x9b50e6d80/1234, E_0x9b50e6d80/1235, E_0x9b50e6d80/1236, E_0x9b50e6d80/1237, E_0x9b50e6d80/1238, E_0x9b50e6d80/1239, E_0x9b50e6d80/1240, E_0x9b50e6d80/1241, E_0x9b50e6d80/1242, E_0x9b50e6d80/1243, E_0x9b50e6d80/1244, E_0x9b50e6d80/1245, E_0x9b50e6d80/1246, E_0x9b50e6d80/1247, E_0x9b50e6d80/1248, E_0x9b50e6d80/1249, E_0x9b50e6d80/1250, E_0x9b50e6d80/1251, E_0x9b50e6d80/1252, E_0x9b50e6d80/1253, E_0x9b50e6d80/1254, E_0x9b50e6d80/1255, E_0x9b50e6d80/1256, E_0x9b50e6d80/1257, E_0x9b50e6d80/1258, E_0x9b50e6d80/1259, E_0x9b50e6d80/1260, E_0x9b50e6d80/1261, E_0x9b50e6d80/1262, E_0x9b50e6d80/1263, E_0x9b50e6d80/1264, E_0x9b50e6d80/1265, E_0x9b50e6d80/1266, E_0x9b50e6d80/1267, E_0x9b50e6d80/1268, E_0x9b50e6d80/1269, E_0x9b50e6d80/1270, E_0x9b50e6d80/1271, E_0x9b50e6d80/1272, E_0x9b50e6d80/1273, E_0x9b50e6d80/1274, E_0x9b50e6d80/1275, E_0x9b50e6d80/1276, E_0x9b50e6d80/1277, E_0x9b50e6d80/1278, E_0x9b50e6d80/1279, E_0x9b50e6d80/1280, E_0x9b50e6d80/1281, E_0x9b50e6d80/1282, E_0x9b50e6d80/1283, E_0x9b50e6d80/1284, E_0x9b50e6d80/1285, E_0x9b50e6d80/1286, E_0x9b50e6d80/1287, E_0x9b50e6d80/1288, E_0x9b50e6d80/1289, E_0x9b50e6d80/1290, E_0x9b50e6d80/1291, E_0x9b50e6d80/1292, E_0x9b50e6d80/1293, E_0x9b50e6d80/1294, E_0x9b50e6d80/1295, E_0x9b50e6d80/1296, E_0x9b50e6d80/1297, E_0x9b50e6d80/1298, E_0x9b50e6d80/1299, E_0x9b50e6d80/1300, E_0x9b50e6d80/1301, E_0x9b50e6d80/1302, E_0x9b50e6d80/1303, E_0x9b50e6d80/1304, E_0x9b50e6d80/1305, E_0x9b50e6d80/1306, E_0x9b50e6d80/1307, E_0x9b50e6d80/1308, E_0x9b50e6d80/1309, E_0x9b50e6d80/1310, E_0x9b50e6d80/1311, E_0x9b50e6d80/1312, E_0x9b50e6d80/1313, E_0x9b50e6d80/1314, E_0x9b50e6d80/1315, E_0x9b50e6d80/1316, E_0x9b50e6d80/1317, E_0x9b50e6d80/1318, E_0x9b50e6d80/1319, E_0x9b50e6d80/1320, E_0x9b50e6d80/1321, E_0x9b50e6d80/1322, E_0x9b50e6d80/1323, E_0x9b50e6d80/1324, E_0x9b50e6d80/1325, E_0x9b50e6d80/1326, E_0x9b50e6d80/1327, E_0x9b50e6d80/1328, E_0x9b50e6d80/1329, E_0x9b50e6d80/1330, E_0x9b50e6d80/1331, E_0x9b50e6d80/1332, E_0x9b50e6d80/1333, E_0x9b50e6d80/1334, E_0x9b50e6d80/1335, E_0x9b50e6d80/1336, E_0x9b50e6d80/1337, E_0x9b50e6d80/1338, E_0x9b50e6d80/1339, E_0x9b50e6d80/1340, E_0x9b50e6d80/1341, E_0x9b50e6d80/1342, E_0x9b50e6d80/1343, E_0x9b50e6d80/1344, E_0x9b50e6d80/1345, E_0x9b50e6d80/1346, E_0x9b50e6d80/1347, E_0x9b50e6d80/1348, E_0x9b50e6d80/1349, E_0x9b50e6d80/1350, E_0x9b50e6d80/1351, E_0x9b50e6d80/1352, E_0x9b50e6d80/1353, E_0x9b50e6d80/1354, E_0x9b50e6d80/1355, E_0x9b50e6d80/1356, E_0x9b50e6d80/1357, E_0x9b50e6d80/1358, E_0x9b50e6d80/1359, E_0x9b50e6d80/1360, E_0x9b50e6d80/1361, E_0x9b50e6d80/1362, E_0x9b50e6d80/1363, E_0x9b50e6d80/1364, E_0x9b50e6d80/1365, E_0x9b50e6d80/1366, E_0x9b50e6d80/1367, E_0x9b50e6d80/1368, E_0x9b50e6d80/1369, E_0x9b50e6d80/1370, E_0x9b50e6d80/1371, E_0x9b50e6d80/1372, E_0x9b50e6d80/1373, E_0x9b50e6d80/1374, E_0x9b50e6d80/1375, E_0x9b50e6d80/1376, E_0x9b50e6d80/1377, E_0x9b50e6d80/1378, E_0x9b50e6d80/1379, E_0x9b50e6d80/1380, E_0x9b50e6d80/1381, E_0x9b50e6d80/1382, E_0x9b50e6d80/1383, E_0x9b50e6d80/1384, E_0x9b50e6d80/1385, E_0x9b50e6d80/1386, E_0x9b50e6d80/1387, E_0x9b50e6d80/1388, E_0x9b50e6d80/1389, E_0x9b50e6d80/1390, E_0x9b50e6d80/1391, E_0x9b50e6d80/1392, E_0x9b50e6d80/1393, E_0x9b50e6d80/1394, E_0x9b50e6d80/1395, E_0x9b50e6d80/1396, E_0x9b50e6d80/1397, E_0x9b50e6d80/1398, E_0x9b50e6d80/1399, E_0x9b50e6d80/1400, E_0x9b50e6d80/1401, E_0x9b50e6d80/1402, E_0x9b50e6d80/1403, E_0x9b50e6d80/1404, E_0x9b50e6d80/1405, E_0x9b50e6d80/1406, E_0x9b50e6d80/1407, E_0x9b50e6d80/1408, E_0x9b50e6d80/1409, E_0x9b50e6d80/1410, E_0x9b50e6d80/1411, E_0x9b50e6d80/1412, E_0x9b50e6d80/1413, E_0x9b50e6d80/1414, E_0x9b50e6d80/1415, E_0x9b50e6d80/1416, E_0x9b50e6d80/1417, E_0x9b50e6d80/1418, E_0x9b50e6d80/1419, E_0x9b50e6d80/1420, E_0x9b50e6d80/1421, E_0x9b50e6d80/1422, E_0x9b50e6d80/1423, E_0x9b50e6d80/1424, E_0x9b50e6d80/1425, E_0x9b50e6d80/1426, E_0x9b50e6d80/1427, E_0x9b50e6d80/1428, E_0x9b50e6d80/1429, E_0x9b50e6d80/1430, E_0x9b50e6d80/1431, E_0x9b50e6d80/1432, E_0x9b50e6d80/1433, E_0x9b50e6d80/1434, E_0x9b50e6d80/1435, E_0x9b50e6d80/1436, E_0x9b50e6d80/1437, E_0x9b50e6d80/1438, E_0x9b50e6d80/1439, E_0x9b50e6d80/1440, E_0x9b50e6d80/1441, E_0x9b50e6d80/1442, E_0x9b50e6d80/1443, E_0x9b50e6d80/1444, E_0x9b50e6d80/1445, E_0x9b50e6d80/1446, E_0x9b50e6d80/1447, E_0x9b50e6d80/1448, E_0x9b50e6d80/1449, E_0x9b50e6d80/1450, E_0x9b50e6d80/1451, E_0x9b50e6d80/1452, E_0x9b50e6d80/1453, E_0x9b50e6d80/1454, E_0x9b50e6d80/1455, E_0x9b50e6d80/1456, E_0x9b50e6d80/1457, E_0x9b50e6d80/1458, E_0x9b50e6d80/1459, E_0x9b50e6d80/1460, E_0x9b50e6d80/1461, E_0x9b50e6d80/1462, E_0x9b50e6d80/1463, E_0x9b50e6d80/1464, E_0x9b50e6d80/1465, E_0x9b50e6d80/1466, E_0x9b50e6d80/1467, E_0x9b50e6d80/1468, E_0x9b50e6d80/1469, E_0x9b50e6d80/1470, E_0x9b50e6d80/1471, E_0x9b50e6d80/1472, E_0x9b50e6d80/1473, E_0x9b50e6d80/1474, E_0x9b50e6d80/1475, E_0x9b50e6d80/1476, E_0x9b50e6d80/1477, E_0x9b50e6d80/1478, E_0x9b50e6d80/1479, E_0x9b50e6d80/1480, E_0x9b50e6d80/1481, E_0x9b50e6d80/1482, E_0x9b50e6d80/1483, E_0x9b50e6d80/1484, E_0x9b50e6d80/1485, E_0x9b50e6d80/1486, E_0x9b50e6d80/1487, E_0x9b50e6d80/1488, E_0x9b50e6d80/1489, E_0x9b50e6d80/1490, E_0x9b50e6d80/1491, E_0x9b50e6d80/1492, E_0x9b50e6d80/1493, E_0x9b50e6d80/1494, E_0x9b50e6d80/1495, E_0x9b50e6d80/1496, E_0x9b50e6d80/1497, E_0x9b50e6d80/1498, E_0x9b50e6d80/1499, E_0x9b50e6d80/1500, E_0x9b50e6d80/1501, E_0x9b50e6d80/1502, E_0x9b50e6d80/1503, E_0x9b50e6d80/1504, E_0x9b50e6d80/1505, E_0x9b50e6d80/1506, E_0x9b50e6d80/1507, E_0x9b50e6d80/1508, E_0x9b50e6d80/1509, E_0x9b50e6d80/1510, E_0x9b50e6d80/1511, E_0x9b50e6d80/1512, E_0x9b50e6d80/1513, E_0x9b50e6d80/1514, E_0x9b50e6d80/1515, E_0x9b50e6d80/1516, E_0x9b50e6d80/1517, E_0x9b50e6d80/1518, E_0x9b50e6d80/1519, E_0x9b50e6d80/1520, E_0x9b50e6d80/1521, E_0x9b50e6d80/1522, E_0x9b50e6d80/1523, E_0x9b50e6d80/1524, E_0x9b50e6d80/1525, E_0x9b50e6d80/1526, E_0x9b50e6d80/1527, E_0x9b50e6d80/1528, E_0x9b50e6d80/1529, E_0x9b50e6d80/1530, E_0x9b50e6d80/1531, E_0x9b50e6d80/1532, E_0x9b50e6d80/1533, E_0x9b50e6d80/1534, E_0x9b50e6d80/1535, E_0x9b50e6d80/1536, E_0x9b50e6d80/1537, E_0x9b50e6d80/1538, E_0x9b50e6d80/1539, E_0x9b50e6d80/1540, E_0x9b50e6d80/1541, E_0x9b50e6d80/1542, E_0x9b50e6d80/1543, E_0x9b50e6d80/1544, E_0x9b50e6d80/1545, E_0x9b50e6d80/1546, E_0x9b50e6d80/1547, E_0x9b50e6d80/1548, E_0x9b50e6d80/1549, E_0x9b50e6d80/1550, E_0x9b50e6d80/1551, E_0x9b50e6d80/1552, E_0x9b50e6d80/1553, E_0x9b50e6d80/1554, E_0x9b50e6d80/1555, E_0x9b50e6d80/1556, E_0x9b50e6d80/1557, E_0x9b50e6d80/1558, E_0x9b50e6d80/1559, E_0x9b50e6d80/1560, E_0x9b50e6d80/1561, E_0x9b50e6d80/1562, E_0x9b50e6d80/1563, E_0x9b50e6d80/1564, E_0x9b50e6d80/1565, E_0x9b50e6d80/1566, E_0x9b50e6d80/1567, E_0x9b50e6d80/1568, E_0x9b50e6d80/1569, E_0x9b50e6d80/1570, E_0x9b50e6d80/1571, E_0x9b50e6d80/1572, E_0x9b50e6d80/1573, E_0x9b50e6d80/1574, E_0x9b50e6d80/1575, E_0x9b50e6d80/1576, E_0x9b50e6d80/1577, E_0x9b50e6d80/1578, E_0x9b50e6d80/1579, E_0x9b50e6d80/1580, E_0x9b50e6d80/1581, E_0x9b50e6d80/1582, E_0x9b50e6d80/1583, E_0x9b50e6d80/1584, E_0x9b50e6d80/1585, E_0x9b50e6d80/1586, E_0x9b50e6d80/1587, E_0x9b50e6d80/1588, E_0x9b50e6d80/1589, E_0x9b50e6d80/1590, E_0x9b50e6d80/1591, E_0x9b50e6d80/1592, E_0x9b50e6d80/1593, E_0x9b50e6d80/1594, E_0x9b50e6d80/1595, E_0x9b50e6d80/1596, E_0x9b50e6d80/1597, E_0x9b50e6d80/1598, E_0x9b50e6d80/1599, E_0x9b50e6d80/1600, E_0x9b50e6d80/1601, E_0x9b50e6d80/1602, E_0x9b50e6d80/1603, E_0x9b50e6d80/1604, E_0x9b50e6d80/1605, E_0x9b50e6d80/1606, E_0x9b50e6d80/1607, E_0x9b50e6d80/1608, E_0x9b50e6d80/1609, E_0x9b50e6d80/1610, E_0x9b50e6d80/1611, E_0x9b50e6d80/1612, E_0x9b50e6d80/1613, E_0x9b50e6d80/1614, E_0x9b50e6d80/1615, E_0x9b50e6d80/1616, E_0x9b50e6d80/1617, E_0x9b50e6d80/1618, E_0x9b50e6d80/1619, E_0x9b50e6d80/1620, E_0x9b50e6d80/1621, E_0x9b50e6d80/1622, E_0x9b50e6d80/1623, E_0x9b50e6d80/1624, E_0x9b50e6d80/1625, E_0x9b50e6d80/1626, E_0x9b50e6d80/1627, E_0x9b50e6d80/1628, E_0x9b50e6d80/1629, E_0x9b50e6d80/1630, E_0x9b50e6d80/1631, E_0x9b50e6d80/1632, E_0x9b50e6d80/1633, E_0x9b50e6d80/1634, E_0x9b50e6d80/1635, E_0x9b50e6d80/1636, E_0x9b50e6d80/1637, E_0x9b50e6d80/1638, E_0x9b50e6d80/1639, E_0x9b50e6d80/1640, E_0x9b50e6d80/1641, E_0x9b50e6d80/1642, E_0x9b50e6d80/1643, E_0x9b50e6d80/1644, E_0x9b50e6d80/1645, E_0x9b50e6d80/1646, E_0x9b50e6d80/1647, E_0x9b50e6d80/1648, E_0x9b50e6d80/1649, E_0x9b50e6d80/1650, E_0x9b50e6d80/1651, E_0x9b50e6d80/1652, E_0x9b50e6d80/1653, E_0x9b50e6d80/1654, E_0x9b50e6d80/1655, E_0x9b50e6d80/1656, E_0x9b50e6d80/1657, E_0x9b50e6d80/1658, E_0x9b50e6d80/1659, E_0x9b50e6d80/1660, E_0x9b50e6d80/1661, E_0x9b50e6d80/1662, E_0x9b50e6d80/1663, E_0x9b50e6d80/1664, E_0x9b50e6d80/1665, E_0x9b50e6d80/1666, E_0x9b50e6d80/1667, E_0x9b50e6d80/1668, E_0x9b50e6d80/1669, E_0x9b50e6d80/1670, E_0x9b50e6d80/1671, E_0x9b50e6d80/1672, E_0x9b50e6d80/1673, E_0x9b50e6d80/1674, E_0x9b50e6d80/1675, E_0x9b50e6d80/1676, E_0x9b50e6d80/1677, E_0x9b50e6d80/1678, E_0x9b50e6d80/1679, E_0x9b50e6d80/1680, E_0x9b50e6d80/1681, E_0x9b50e6d80/1682, E_0x9b50e6d80/1683, E_0x9b50e6d80/1684, E_0x9b50e6d80/1685, E_0x9b50e6d80/1686, E_0x9b50e6d80/1687, E_0x9b50e6d80/1688, E_0x9b50e6d80/1689, E_0x9b50e6d80/1690, E_0x9b50e6d80/1691, E_0x9b50e6d80/1692, E_0x9b50e6d80/1693, E_0x9b50e6d80/1694, E_0x9b50e6d80/1695, E_0x9b50e6d80/1696, E_0x9b50e6d80/1697, E_0x9b50e6d80/1698, E_0x9b50e6d80/1699, E_0x9b50e6d80/1700, E_0x9b50e6d80/1701, E_0x9b50e6d80/1702, E_0x9b50e6d80/1703, E_0x9b50e6d80/1704, E_0x9b50e6d80/1705, E_0x9b50e6d80/1706, E_0x9b50e6d80/1707, E_0x9b50e6d80/1708, E_0x9b50e6d80/1709, E_0x9b50e6d80/1710, E_0x9b50e6d80/1711, E_0x9b50e6d80/1712, E_0x9b50e6d80/1713, E_0x9b50e6d80/1714, E_0x9b50e6d80/1715, E_0x9b50e6d80/1716, E_0x9b50e6d80/1717, E_0x9b50e6d80/1718, E_0x9b50e6d80/1719, E_0x9b50e6d80/1720, E_0x9b50e6d80/1721, E_0x9b50e6d80/1722, E_0x9b50e6d80/1723, E_0x9b50e6d80/1724, E_0x9b50e6d80/1725, E_0x9b50e6d80/1726, E_0x9b50e6d80/1727, E_0x9b50e6d80/1728, E_0x9b50e6d80/1729, E_0x9b50e6d80/1730, E_0x9b50e6d80/1731, E_0x9b50e6d80/1732, E_0x9b50e6d80/1733, E_0x9b50e6d80/1734, E_0x9b50e6d80/1735, E_0x9b50e6d80/1736, E_0x9b50e6d80/1737, E_0x9b50e6d80/1738, E_0x9b50e6d80/1739, E_0x9b50e6d80/1740, E_0x9b50e6d80/1741, E_0x9b50e6d80/1742, E_0x9b50e6d80/1743, E_0x9b50e6d80/1744, E_0x9b50e6d80/1745, E_0x9b50e6d80/1746, E_0x9b50e6d80/1747, E_0x9b50e6d80/1748, E_0x9b50e6d80/1749, E_0x9b50e6d80/1750, E_0x9b50e6d80/1751, E_0x9b50e6d80/1752, E_0x9b50e6d80/1753, E_0x9b50e6d80/1754, E_0x9b50e6d80/1755, E_0x9b50e6d80/1756, E_0x9b50e6d80/1757, E_0x9b50e6d80/1758, E_0x9b50e6d80/1759, E_0x9b50e6d80/1760, E_0x9b50e6d80/1761, E_0x9b50e6d80/1762, E_0x9b50e6d80/1763, E_0x9b50e6d80/1764, E_0x9b50e6d80/1765, E_0x9b50e6d80/1766, E_0x9b50e6d80/1767, E_0x9b50e6d80/1768, E_0x9b50e6d80/1769, E_0x9b50e6d80/1770, E_0x9b50e6d80/1771, E_0x9b50e6d80/1772, E_0x9b50e6d80/1773, E_0x9b50e6d80/1774, E_0x9b50e6d80/1775, E_0x9b50e6d80/1776, E_0x9b50e6d80/1777, E_0x9b50e6d80/1778, E_0x9b50e6d80/1779, E_0x9b50e6d80/1780, E_0x9b50e6d80/1781, E_0x9b50e6d80/1782, E_0x9b50e6d80/1783, E_0x9b50e6d80/1784, E_0x9b50e6d80/1785, E_0x9b50e6d80/1786, E_0x9b50e6d80/1787, E_0x9b50e6d80/1788, E_0x9b50e6d80/1789, E_0x9b50e6d80/1790, E_0x9b50e6d80/1791, E_0x9b50e6d80/1792, E_0x9b50e6d80/1793, E_0x9b50e6d80/1794, E_0x9b50e6d80/1795, E_0x9b50e6d80/1796, E_0x9b50e6d80/1797, E_0x9b50e6d80/1798, E_0x9b50e6d80/1799, E_0x9b50e6d80/1800, E_0x9b50e6d80/1801, E_0x9b50e6d80/1802, E_0x9b50e6d80/1803, E_0x9b50e6d80/1804, E_0x9b50e6d80/1805, E_0x9b50e6d80/1806, E_0x9b50e6d80/1807, E_0x9b50e6d80/1808, E_0x9b50e6d80/1809, E_0x9b50e6d80/1810, E_0x9b50e6d80/1811, E_0x9b50e6d80/1812, E_0x9b50e6d80/1813, E_0x9b50e6d80/1814, E_0x9b50e6d80/1815, E_0x9b50e6d80/1816, E_0x9b50e6d80/1817, E_0x9b50e6d80/1818, E_0x9b50e6d80/1819, E_0x9b50e6d80/1820, E_0x9b50e6d80/1821, E_0x9b50e6d80/1822, E_0x9b50e6d80/1823, E_0x9b50e6d80/1824, E_0x9b50e6d80/1825, E_0x9b50e6d80/1826, E_0x9b50e6d80/1827, E_0x9b50e6d80/1828, E_0x9b50e6d80/1829, E_0x9b50e6d80/1830, E_0x9b50e6d80/1831, E_0x9b50e6d80/1832, E_0x9b50e6d80/1833, E_0x9b50e6d80/1834, E_0x9b50e6d80/1835, E_0x9b50e6d80/1836, E_0x9b50e6d80/1837, E_0x9b50e6d80/1838, E_0x9b50e6d80/1839, E_0x9b50e6d80/1840, E_0x9b50e6d80/1841, E_0x9b50e6d80/1842, E_0x9b50e6d80/1843, E_0x9b50e6d80/1844, E_0x9b50e6d80/1845, E_0x9b50e6d80/1846, E_0x9b50e6d80/1847, E_0x9b50e6d80/1848, E_0x9b50e6d80/1849, E_0x9b50e6d80/1850, E_0x9b50e6d80/1851, E_0x9b50e6d80/1852, E_0x9b50e6d80/1853, E_0x9b50e6d80/1854, E_0x9b50e6d80/1855, E_0x9b50e6d80/1856, E_0x9b50e6d80/1857, E_0x9b50e6d80/1858, E_0x9b50e6d80/1859, E_0x9b50e6d80/1860, E_0x9b50e6d80/1861, E_0x9b50e6d80/1862, E_0x9b50e6d80/1863, E_0x9b50e6d80/1864, E_0x9b50e6d80/1865, E_0x9b50e6d80/1866, E_0x9b50e6d80/1867, E_0x9b50e6d80/1868, E_0x9b50e6d80/1869, E_0x9b50e6d80/1870, E_0x9b50e6d80/1871, E_0x9b50e6d80/1872, E_0x9b50e6d80/1873, E_0x9b50e6d80/1874, E_0x9b50e6d80/1875, E_0x9b50e6d80/1876, E_0x9b50e6d80/1877, E_0x9b50e6d80/1878, E_0x9b50e6d80/1879, E_0x9b50e6d80/1880, E_0x9b50e6d80/1881, E_0x9b50e6d80/1882, E_0x9b50e6d80/1883, E_0x9b50e6d80/1884, E_0x9b50e6d80/1885, E_0x9b50e6d80/1886, E_0x9b50e6d80/1887, E_0x9b50e6d80/1888, E_0x9b50e6d80/1889, E_0x9b50e6d80/1890, E_0x9b50e6d80/1891, E_0x9b50e6d80/1892, E_0x9b50e6d80/1893, E_0x9b50e6d80/1894, E_0x9b50e6d80/1895, E_0x9b50e6d80/1896, E_0x9b50e6d80/1897, E_0x9b50e6d80/1898, E_0x9b50e6d80/1899, E_0x9b50e6d80/1900, E_0x9b50e6d80/1901, E_0x9b50e6d80/1902, E_0x9b50e6d80/1903, E_0x9b50e6d80/1904, E_0x9b50e6d80/1905, E_0x9b50e6d80/1906, E_0x9b50e6d80/1907, E_0x9b50e6d80/1908, E_0x9b50e6d80/1909, E_0x9b50e6d80/1910, E_0x9b50e6d80/1911, E_0x9b50e6d80/1912, E_0x9b50e6d80/1913, E_0x9b50e6d80/1914, E_0x9b50e6d80/1915, E_0x9b50e6d80/1916, E_0x9b50e6d80/1917, E_0x9b50e6d80/1918, E_0x9b50e6d80/1919, E_0x9b50e6d80/1920, E_0x9b50e6d80/1921, E_0x9b50e6d80/1922, E_0x9b50e6d80/1923, E_0x9b50e6d80/1924, E_0x9b50e6d80/1925, E_0x9b50e6d80/1926, E_0x9b50e6d80/1927, E_0x9b50e6d80/1928, E_0x9b50e6d80/1929, E_0x9b50e6d80/1930, E_0x9b50e6d80/1931, E_0x9b50e6d80/1932, E_0x9b50e6d80/1933, E_0x9b50e6d80/1934, E_0x9b50e6d80/1935, E_0x9b50e6d80/1936, E_0x9b50e6d80/1937, E_0x9b50e6d80/1938, E_0x9b50e6d80/1939, E_0x9b50e6d80/1940, E_0x9b50e6d80/1941, E_0x9b50e6d80/1942, E_0x9b50e6d80/1943, E_0x9b50e6d80/1944, E_0x9b50e6d80/1945, E_0x9b50e6d80/1946, E_0x9b50e6d80/1947, E_0x9b50e6d80/1948, E_0x9b50e6d80/1949, E_0x9b50e6d80/1950, E_0x9b50e6d80/1951, E_0x9b50e6d80/1952, E_0x9b50e6d80/1953, E_0x9b50e6d80/1954, E_0x9b50e6d80/1955, E_0x9b50e6d80/1956, E_0x9b50e6d80/1957, E_0x9b50e6d80/1958, E_0x9b50e6d80/1959, E_0x9b50e6d80/1960, E_0x9b50e6d80/1961, E_0x9b50e6d80/1962, E_0x9b50e6d80/1963, E_0x9b50e6d80/1964, E_0x9b50e6d80/1965, E_0x9b50e6d80/1966, E_0x9b50e6d80/1967, E_0x9b50e6d80/1968, E_0x9b50e6d80/1969, E_0x9b50e6d80/1970, E_0x9b50e6d80/1971, E_0x9b50e6d80/1972, E_0x9b50e6d80/1973, E_0x9b50e6d80/1974, E_0x9b50e6d80/1975, E_0x9b50e6d80/1976, E_0x9b50e6d80/1977, E_0x9b50e6d80/1978, E_0x9b50e6d80/1979, E_0x9b50e6d80/1980, E_0x9b50e6d80/1981, E_0x9b50e6d80/1982, E_0x9b50e6d80/1983, E_0x9b50e6d80/1984, E_0x9b50e6d80/1985, E_0x9b50e6d80/1986, E_0x9b50e6d80/1987, E_0x9b50e6d80/1988, E_0x9b50e6d80/1989, E_0x9b50e6d80/1990, E_0x9b50e6d80/1991, E_0x9b50e6d80/1992, E_0x9b50e6d80/1993, E_0x9b50e6d80/1994, E_0x9b50e6d80/1995, E_0x9b50e6d80/1996, E_0x9b50e6d80/1997, E_0x9b50e6d80/1998, E_0x9b50e6d80/1999, E_0x9b50e6d80/2000, E_0x9b50e6d80/2001, E_0x9b50e6d80/2002, E_0x9b50e6d80/2003, E_0x9b50e6d80/2004, E_0x9b50e6d80/2005, E_0x9b50e6d80/2006, E_0x9b50e6d80/2007, E_0x9b50e6d80/2008, E_0x9b50e6d80/2009, E_0x9b50e6d80/2010, E_0x9b50e6d80/2011, E_0x9b50e6d80/2012, E_0x9b50e6d80/2013, E_0x9b50e6d80/2014, E_0x9b50e6d80/2015, E_0x9b50e6d80/2016, E_0x9b50e6d80/2017, E_0x9b50e6d80/2018, E_0x9b50e6d80/2019, E_0x9b50e6d80/2020, E_0x9b50e6d80/2021, E_0x9b50e6d80/2022, E_0x9b50e6d80/2023, E_0x9b50e6d80/2024, E_0x9b50e6d80/2025, E_0x9b50e6d80/2026, E_0x9b50e6d80/2027, E_0x9b50e6d80/2028, E_0x9b50e6d80/2029, E_0x9b50e6d80/2030, E_0x9b50e6d80/2031, E_0x9b50e6d80/2032, E_0x9b50e6d80/2033, E_0x9b50e6d80/2034, E_0x9b50e6d80/2035, E_0x9b50e6d80/2036, E_0x9b50e6d80/2037, E_0x9b50e6d80/2038, E_0x9b50e6d80/2039, E_0x9b50e6d80/2040, E_0x9b50e6d80/2041, E_0x9b50e6d80/2042, E_0x9b50e6d80/2043, E_0x9b50e6d80/2044, E_0x9b50e6d80/2045, E_0x9b50e6d80/2046, E_0x9b50e6d80/2047, E_0x9b50e6d80/2048;
S_0x101ac8c90 .scope module, "rf" "RF" 3 294, 8 3 0, S_0x101ad0a00;
 .timescale -9 -10;
    .port_info 0 /INPUT 1 "clk";
    .port_info 1 /INPUT 1 "rst";
    .port_info 2 /INPUT 5 "rd_addr1";
    .port_info 3 /INPUT 5 "rd_addr2";
    .port_info 4 /OUTPUT 32 "rd_data1";
    .port_info 5 /OUTPUT 32 "rd_data2";
    .port_info 6 /INPUT 1 "RegWrite";
    .port_info 7 /INPUT 5 "wr_addr";
    .port_info 8 /INPUT 32 "wr_data";
v0x9b4c36da0_0 .net "RegWrite", 0 0, L_0x9b5072580;  alias, 1 drivers
v0x9b4c36e40_0 .net "clk", 0 0, v0x9b4e47480_0;  alias, 1 drivers
v0x9b4c36ee0_0 .net "rd_addr1", 4 0, L_0x9b506f1e0;  alias, 1 drivers
v0x9b4c36f80_0 .net "rd_addr2", 4 0, L_0x9b506f250;  alias, 1 drivers
v0x9b4c37020_0 .var "rd_data1", 31 0;
v0x9b4c370c0_0 .var "rd_data2", 31 0;
v0x9b4c37160 .array "register_file", 31 0, 31 0;
v0x9b4c37200_0 .net "rst", 0 0, v0x9b4e477a0_0;  alias, 1 drivers
v0x9b4c372a0_0 .net "wr_addr", 4 0, L_0x9b506f2c0;  alias, 1 drivers
v0x9b4c37340_0 .net "wr_data", 31 0, L_0x9b4c38b40;  alias, 1 drivers
v0x9b4c37160_0 .array/port v0x9b4c37160, 0;
v0x9b4c37160_1 .array/port v0x9b4c37160, 1;
v0x9b4c37160_2 .array/port v0x9b4c37160, 2;
E_0x9b50e6d40/0 .event anyedge, v0x9b4c36580_0, v0x9b4c37160_0, v0x9b4c37160_1, v0x9b4c37160_2;
v0x9b4c37160_3 .array/port v0x9b4c37160, 3;
v0x9b4c37160_4 .array/port v0x9b4c37160, 4;
v0x9b4c37160_5 .array/port v0x9b4c37160, 5;
v0x9b4c37160_6 .array/port v0x9b4c37160, 6;
E_0x9b50e6d40/1 .event anyedge, v0x9b4c37160_3, v0x9b4c37160_4, v0x9b4c37160_5, v0x9b4c37160_6;
v0x9b4c37160_7 .array/port v0x9b4c37160, 7;
v0x9b4c37160_8 .array/port v0x9b4c37160, 8;
v0x9b4c37160_9 .array/port v0x9b4c37160, 9;
v0x9b4c37160_10 .array/port v0x9b4c37160, 10;
E_0x9b50e6d40/2 .event anyedge, v0x9b4c37160_7, v0x9b4c37160_8, v0x9b4c37160_9, v0x9b4c37160_10;
v0x9b4c37160_11 .array/port v0x9b4c37160, 11;
v0x9b4c37160_12 .array/port v0x9b4c37160, 12;
v0x9b4c37160_13 .array/port v0x9b4c37160, 13;
v0x9b4c37160_14 .array/port v0x9b4c37160, 14;
E_0x9b50e6d40/3 .event anyedge, v0x9b4c37160_11, v0x9b4c37160_12, v0x9b4c37160_13, v0x9b4c37160_14;
v0x9b4c37160_15 .array/port v0x9b4c37160, 15;
v0x9b4c37160_16 .array/port v0x9b4c37160, 16;
v0x9b4c37160_17 .array/port v0x9b4c37160, 17;
v0x9b4c37160_18 .array/port v0x9b4c37160, 18;
E_0x9b50e6d40/4 .event anyedge, v0x9b4c37160_15, v0x9b4c37160_16, v0x9b4c37160_17, v0x9b4c37160_18;
v0x9b4c37160_19 .array/port v0x9b4c37160, 19;
v0x9b4c37160_20 .array/port v0x9b4c37160, 20;
v0x9b4c37160_21 .array/port v0x9b4c37160, 21;
v0x9b4c37160_22 .array/port v0x9b4c37160, 22;
E_0x9b50e6d40/5 .event anyedge, v0x9b4c37160_19, v0x9b4c37160_20, v0x9b4c37160_21, v0x9b4c37160_22;
v0x9b4c37160_23 .array/port v0x9b4c37160, 23;
v0x9b4c37160_24 .array/port v0x9b4c37160, 24;
v0x9b4c37160_25 .array/port v0x9b4c37160, 25;
v0x9b4c37160_26 .array/port v0x9b4c37160, 26;
E_0x9b50e6d40/6 .event anyedge, v0x9b4c37160_23, v0x9b4c37160_24, v0x9b4c37160_25, v0x9b4c37160_26;
v0x9b4c37160_27 .array/port v0x9b4c37160, 27;
v0x9b4c37160_28 .array/port v0x9b4c37160, 28;
v0x9b4c37160_29 .array/port v0x9b4c37160, 29;
v0x9b4c37160_30 .array/port v0x9b4c37160, 30;
E_0x9b50e6d40/7 .event anyedge, v0x9b4c37160_27, v0x9b4c37160_28, v0x9b4c37160_29, v0x9b4c37160_30;
v0x9b4c37160_31 .array/port v0x9b4c37160, 31;
E_0x9b50e6d40/8 .event anyedge, v0x9b4c37160_31, v0x9b4c36620_0;
E_0x9b50e6d40 .event/or E_0x9b50e6d40/0, E_0x9b50e6d40/1, E_0x9b50e6d40/2, E_0x9b50e6d40/3, E_0x9b50e6d40/4, E_0x9b50e6d40/5, E_0x9b50e6d40/6, E_0x9b50e6d40/7, E_0x9b50e6d40/8;
    .scope S_0x101acde80;
T_0 ;
    %wait E_0x9b50e6d00;
    %pushi/vec4 0, 0, 1;
    %store/vec4 v0x9b4c359a0_0, 0, 1;
    %pushi/vec4 0, 0, 1;
    %store/vec4 v0x9b4c355e0_0, 0, 1;
    %pushi/vec4 0, 0, 1;
    %store/vec4 v0x9b4c35400_0, 0, 1;
    %pushi/vec4 0, 0, 1;
    %store/vec4 v0x9b4c35720_0, 0, 1;
    %pushi/vec4 0, 0, 1;
    %store/vec4 v0x9b4c35860_0, 0, 1;
    %pushi/vec4 0, 0, 1;
    %store/vec4 v0x9b4c357c0_0, 0, 1;
    %pushi/vec4 0, 0, 1;
    %store/vec4 v0x9b4c35360_0, 0, 1;
    %pushi/vec4 0, 0, 1;
    %store/vec4 v0x9b4c35b80_0, 0, 1;
    %pushi/vec4 0, 0, 1;
    %store/vec4 v0x9b4c35a40_0, 0, 1;
    %pushi/vec4 0, 0, 4;
    %store/vec4 v0x9b4c352c0_0, 0, 4;
    %pushi/vec4 0, 0, 1;
    %store/vec4 v0x9b4c35ae0_0, 0, 1;
    %pushi/vec4 0, 0, 1;
    %store/vec4 v0x9b4c35540_0, 0, 1;
    %load/vec4 v0x9b4c35e00_0;
    %dup/vec4;
    %pushi/vec4 0, 0, 6;
    %cmp/u;
    %jmp/1 T_0.0, 6;
    %dup/vec4;
    %pushi/vec4 9, 0, 6;
    %cmp/u;
    %jmp/1 T_0.1, 6;
    %dup/vec4;
    %pushi/vec4 12, 0, 6;
    %cmp/u;
    %jmp/1 T_0.2, 6;
    %dup/vec4;
    %pushi/vec4 13, 0, 6;
    %cmp/u;
    %jmp/1 T_0.3, 6;
    %dup/vec4;
    %pushi/vec4 14, 0, 6;
    %cmp/u;
    %jmp/1 T_0.4, 6;
    %dup/vec4;
    %pushi/vec4 15, 0, 6;
    %cmp/u;
    %jmp/1 T_0.5, 6;
    %dup/vec4;
    %pushi/vec4 10, 0, 6;
    %cmp/u;
    %jmp/1 T_0.6, 6;
    %dup/vec4;
    %pushi/vec4 11, 0, 6;
    %cmp/u;
    %jmp/1 T_0.7, 6;
    %dup/vec4;
    %pushi/vec4 35, 0, 6;
    %cmp/u;
    %jmp/1 T_0.8, 6;
    %dup/vec4;
    %pushi/vec4 43, 0, 6;
    %cmp/u;
    %jmp/1 T_0.9, 6;
    %dup/vec4;
    %pushi/vec4 4, 0, 6;
    %cmp/u;
    %jmp/1 T_0.10, 6;
    %dup/vec4;
    %pushi/vec4 5, 0, 6;
    %cmp/u;
    %jmp/1 T_0.11, 6;
    %dup/vec4;
    %pushi/vec4 2, 0, 6;
    %cmp/u;
    %jmp/1 T_0.12, 6;
    %dup/vec4;
    %pushi/vec4 3, 0, 6;
    %cmp/u;
    %jmp/1 T_0.13, 6;
    %jmp T_0.15;
T_0.0 ;
    %load/vec4 v0x9b4c35d60_0;
    %cmpi/e 8, 0, 6;
    %jmp/0xz  T_0.16, 4;
    %pushi/vec4 1, 0, 1;
    %store/vec4 v0x9b4c35540_0, 0, 1;
    %jmp T_0.17;
T_0.16 ;
    %pushi/vec4 1, 0, 1;
    %store/vec4 v0x9b4c359a0_0, 0, 1;
    %pushi/vec4 1, 0, 1;
    %store/vec4 v0x9b4c35a40_0, 0, 1;
T_0.17 ;
    %load/vec4 v0x9b4c35d60_0;
    %dup/vec4;
    %pushi/vec4 33, 0, 6;
    %cmp/u;
    %jmp/1 T_0.18, 6;
    %dup/vec4;
    %pushi/vec4 36, 0, 6;
    %cmp/u;
    %jmp/1 T_0.19, 6;
    %dup/vec4;
    %pushi/vec4 39, 0, 6;
    %cmp/u;
    %jmp/1 T_0.20, 6;
    %dup/vec4;
    %pushi/vec4 37, 0, 6;
    %cmp/u;
    %jmp/1 T_0.21, 6;
    %dup/vec4;
    %pushi/vec4 42, 0, 6;
    %cmp/u;
    %jmp/1 T_0.22, 6;
    %dup/vec4;
    %pushi/vec4 43, 0, 6;
    %cmp/u;
    %jmp/1 T_0.23, 6;
    %dup/vec4;
    %pushi/vec4 35, 0, 6;
    %cmp/u;
    %jmp/1 T_0.24, 6;
    %dup/vec4;
    %pushi/vec4 38, 0, 6;
    %cmp/u;
    %jmp/1 T_0.25, 6;
    %dup/vec4;
    %pushi/vec4 0, 0, 6;
    %cmp/u;
    %jmp/1 T_0.26, 6;
    %dup/vec4;
    %pushi/vec4 3, 0, 6;
    %cmp/u;
    %jmp/1 T_0.27, 6;
    %dup/vec4;
    %pushi/vec4 2, 0, 6;
    %cmp/u;
    %jmp/1 T_0.28, 6;
    %jmp T_0.29;
T_0.18 ;
    %pushi/vec4 0, 0, 4;
    %store/vec4 v0x9b4c352c0_0, 0, 4;
    %jmp T_0.29;
T_0.19 ;
    %pushi/vec4 1, 0, 4;
    %store/vec4 v0x9b4c352c0_0, 0, 4;
    %jmp T_0.29;
T_0.20 ;
    %pushi/vec4 2, 0, 4;
    %store/vec4 v0x9b4c352c0_0, 0, 4;
    %jmp T_0.29;
T_0.21 ;
    %pushi/vec4 3, 0, 4;
    %store/vec4 v0x9b4c352c0_0, 0, 4;
    %jmp T_0.29;
T_0.22 ;
    %pushi/vec4 9, 0, 4;
    %store/vec4 v0x9b4c352c0_0, 0, 4;
    %jmp T_0.29;
T_0.23 ;
    %pushi/vec4 10, 0, 4;
    %store/vec4 v0x9b4c352c0_0, 0, 4;
    %jmp T_0.29;
T_0.24 ;
    %pushi/vec4 7, 0, 4;
    %store/vec4 v0x9b4c352c0_0, 0, 4;
    %jmp T_0.29;
T_0.25 ;
    %pushi/vec4 8, 0, 4;
    %store/vec4 v0x9b4c352c0_0, 0, 4;
    %jmp T_0.29;
T_0.26 ;
    %pushi/vec4 4, 0, 4;
    %store/vec4 v0x9b4c352c0_0, 0, 4;
    %jmp T_0.29;
T_0.27 ;
    %pushi/vec4 5, 0, 4;
    %store/vec4 v0x9b4c352c0_0, 0, 4;
    %jmp T_0.29;
T_0.28 ;
    %pushi/vec4 6, 0, 4;
    %store/vec4 v0x9b4c352c0_0, 0, 4;
    %jmp T_0.29;
T_0.29 ;
    %pop/vec4 1;
    %jmp T_0.15;
T_0.1 ;
    %pushi/vec4 1, 0, 1;
    %store/vec4 v0x9b4c35360_0, 0, 1;
    %pushi/vec4 1, 0, 1;
    %store/vec4 v0x9b4c35b80_0, 0, 1;
    %pushi/vec4 1, 0, 1;
    %store/vec4 v0x9b4c35a40_0, 0, 1;
    %pushi/vec4 0, 0, 4;
    %store/vec4 v0x9b4c352c0_0, 0, 4;
    %jmp T_0.15;
T_0.2 ;
    %pushi/vec4 1, 0, 1;
    %store/vec4 v0x9b4c35360_0, 0, 1;
    %pushi/vec4 1, 0, 1;
    %store/vec4 v0x9b4c35a40_0, 0, 1;
    %pushi/vec4 1, 0, 4;
    %store/vec4 v0x9b4c352c0_0, 0, 4;
    %jmp T_0.15;
T_0.3 ;
    %pushi/vec4 1, 0, 1;
    %store/vec4 v0x9b4c35360_0, 0, 1;
    %pushi/vec4 1, 0, 1;
    %store/vec4 v0x9b4c35a40_0, 0, 1;
    %pushi/vec4 3, 0, 4;
    %store/vec4 v0x9b4c352c0_0, 0, 4;
    %jmp T_0.15;
T_0.4 ;
    %pushi/vec4 1, 0, 1;
    %store/vec4 v0x9b4c35360_0, 0, 1;
    %pushi/vec4 1, 0, 1;
    %store/vec4 v0x9b4c35a40_0, 0, 1;
    %pushi/vec4 8, 0, 4;
    %store/vec4 v0x9b4c352c0_0, 0, 4;
    %jmp T_0.15;
T_0.5 ;
    %pushi/vec4 1, 0, 1;
    %store/vec4 v0x9b4c35a40_0, 0, 1;
    %pushi/vec4 1, 0, 1;
    %store/vec4 v0x9b4c35360_0, 0, 1;
    %pushi/vec4 13, 0, 4;
    %store/vec4 v0x9b4c352c0_0, 0, 4;
    %jmp T_0.15;
T_0.6 ;
    %pushi/vec4 1, 0, 1;
    %store/vec4 v0x9b4c35b80_0, 0, 1;
    %pushi/vec4 1, 0, 1;
    %store/vec4 v0x9b4c35a40_0, 0, 1;
    %pushi/vec4 1, 0, 1;
    %store/vec4 v0x9b4c35360_0, 0, 1;
    %pushi/vec4 9, 0, 4;
    %store/vec4 v0x9b4c352c0_0, 0, 4;
    %jmp T_0.15;
T_0.7 ;
    %pushi/vec4 1, 0, 1;
    %store/vec4 v0x9b4c35b80_0, 0, 1;
    %pushi/vec4 1, 0, 1;
    %store/vec4 v0x9b4c35a40_0, 0, 1;
    %pushi/vec4 1, 0, 1;
    %store/vec4 v0x9b4c35360_0, 0, 1;
    %pushi/vec4 10, 0, 4;
    %store/vec4 v0x9b4c352c0_0, 0, 4;
    %jmp T_0.15;
T_0.8 ;
    %pushi/vec4 1, 0, 1;
    %store/vec4 v0x9b4c35b80_0, 0, 1;
    %pushi/vec4 1, 0, 1;
    %store/vec4 v0x9b4c35720_0, 0, 1;
    %pushi/vec4 1, 0, 1;
    %store/vec4 v0x9b4c35a40_0, 0, 1;
    %pushi/vec4 1, 0, 1;
    %store/vec4 v0x9b4c35860_0, 0, 1;
    %pushi/vec4 1, 0, 1;
    %store/vec4 v0x9b4c35360_0, 0, 1;
    %pushi/vec4 0, 0, 4;
    %store/vec4 v0x9b4c352c0_0, 0, 4;
    %jmp T_0.15;
T_0.9 ;
    %pushi/vec4 1, 0, 1;
    %store/vec4 v0x9b4c35b80_0, 0, 1;
    %pushi/vec4 1, 0, 1;
    %store/vec4 v0x9b4c357c0_0, 0, 1;
    %pushi/vec4 1, 0, 1;
    %store/vec4 v0x9b4c35360_0, 0, 1;
    %pushi/vec4 0, 0, 4;
    %store/vec4 v0x9b4c352c0_0, 0, 4;
    %jmp T_0.15;
T_0.10 ;
    %pushi/vec4 1, 0, 1;
    %store/vec4 v0x9b4c35b80_0, 0, 1;
    %pushi/vec4 1, 0, 1;
    %store/vec4 v0x9b4c35400_0, 0, 1;
    %pushi/vec4 11, 0, 4;
    %store/vec4 v0x9b4c352c0_0, 0, 4;
    %jmp T_0.15;
T_0.11 ;
    %pushi/vec4 1, 0, 1;
    %store/vec4 v0x9b4c35b80_0, 0, 1;
    %pushi/vec4 1, 0, 1;
    %store/vec4 v0x9b4c35400_0, 0, 1;
    %pushi/vec4 12, 0, 4;
    %store/vec4 v0x9b4c352c0_0, 0, 4;
    %jmp T_0.15;
T_0.12 ;
    %pushi/vec4 1, 0, 1;
    %store/vec4 v0x9b4c355e0_0, 0, 1;
    %jmp T_0.15;
T_0.13 ;
    %pushi/vec4 1, 0, 1;
    %store/vec4 v0x9b4c355e0_0, 0, 1;
    %pushi/vec4 1, 0, 1;
    %store/vec4 v0x9b4c35a40_0, 0, 1;
    %pushi/vec4 1, 0, 1;
    %store/vec4 v0x9b4c35ae0_0, 0, 1;
    %jmp T_0.15;
T_0.15 ;
    %pop/vec4 1;
    %jmp T_0;
    .thread T_0, $push;
    .scope S_0x101acde80;
T_1 ;
    %wait E_0x9b50e6cc0;
    %load/vec4 v0x9b4c35900_0;
    %flag_set/vec4 8;
    %jmp/0xz  T_1.0, 8;
    %pushi/vec4 0, 0, 1;
    %store/vec4 v0x9b4c35a40_0, 0, 1;
    %pushi/vec4 0, 0, 1;
    %store/vec4 v0x9b4c357c0_0, 0, 1;
T_1.0 ;
    %load/vec4 v0x9b4c352c0_0;
    %load/vec4 v0x9b4c35360_0;
    %concat/vec4; draw_concat_vec4
    %load/vec4 v0x9b4c359a0_0;
    %concat/vec4; draw_concat_vec4
    %assign/vec4 v0x9b4c354a0_0, 0;
    %load/vec4 v0x9b4c35400_0;
    %load/vec4 v0x9b4c35720_0;
    %concat/vec4; draw_concat_vec4
    %load/vec4 v0x9b4c357c0_0;
    %concat/vec4; draw_concat_vec4
    %assign/vec4 v0x9b4c35680_0, 0;
    %load/vec4 v0x9b4c35a40_0;
    %load/vec4 v0x9b4c35860_0;
    %concat/vec4; draw_concat_vec4
    %assign/vec4 v0x9b4c35c20_0, 0;
    %jmp T_1;
    .thread T_1;
    .scope S_0x101ac8c90;
T_2 ;
    %wait E_0x9b50e6d40;
    %load/vec4 v0x9b4c36ee0_0;
    %pad/u 7;
    %ix/vec4 4;
    %load/vec4a v0x9b4c37160, 4;
    %store/vec4 v0x9b4c37020_0, 0, 32;
    %load/vec4 v0x9b4c36f80_0;
    %pad/u 7;
    %ix/vec4 4;
    %load/vec4a v0x9b4c37160, 4;
    %store/vec4 v0x9b4c370c0_0, 0, 32;
    %jmp T_2;
    .thread T_2, $push;
    .scope S_0x101ac8c90;
T_3 ;
    %wait E_0x9b50e6cc0;
    %load/vec4 v0x9b4c37200_0;
    %flag_set/vec4 8;
    %jmp/0xz  T_3.0, 8;
    %vpi_call 8 29 "$readmemh", "initial_reg.mem", v0x9b4c37160 {0 0 0};
T_3.0 ;
    %load/vec4 v0x9b4c36da0_0;
    %flag_set/vec4 8;
    %jmp/0xz  T_3.2, 8;
    %load/vec4 v0x9b4c37340_0;
    %load/vec4 v0x9b4c372a0_0;
    %pad/u 7;
    %ix/vec4 3;
    %ix/load 4, 0, 0; Constant delay
    %assign/vec4/a/d v0x9b4c37160, 0, 4;
T_3.2 ;
    %jmp T_3;
    .thread T_3;
    .scope S_0x101acffe0;
T_4 ;
    %vpi_call 7 19 "$readmemh", "initial_mem.mem", v0x9b4c36c60 {0 0 0};
    %end;
    .thread T_4;
    .scope S_0x101acffe0;
T_5 ;
    %wait E_0x9b50e6d80;
    %load/vec4 v0x9b4c369e0_0;
    %ix/load 5, 2, 0;
    %flag_set/imm 4, 0;
    %shiftr 5;
    %ix/vec4 4;
    %load/vec4a v0x9b4c36c60, 4;
    %store/vec4 v0x9b4c36940_0, 0, 32;
    %load/vec4 v0x9b4c36a80_0;
    %ix/load 5, 2, 0;
    %flag_set/imm 4, 0;
    %shiftr 5;
    %ix/vec4 4;
    %load/vec4a v0x9b4c36c60, 4;
    %store/vec4 v0x9b4c36b20_0, 0, 32;
    %jmp T_5;
    .thread T_5, $push;
    .scope S_0x101acffe0;
T_6 ;
    %wait E_0x9b50e6cc0;
    %load/vec4 v0x9b4c36d00_0;
    %nor/r;
    %flag_set/vec4 8;
    %jmp/0xz  T_6.0, 8;
    %load/vec4 v0x9b4c36800_0;
    %flag_set/vec4 8;
    %jmp/0xz  T_6.2, 8;
    %load/vec4 v0x9b4c36bc0_0;
    %load/vec4 v0x9b4c36a80_0;
    %ix/load 4, 2, 0;
    %flag_set/imm 4, 0;
    %shiftr 4;
    %ix/vec4 3;
    %ix/load 4, 0, 0; Constant delay
    %assign/vec4/a/d v0x9b4c36c60, 0, 4;
T_6.2 ;
T_6.0 ;
    %jmp T_6;
    .thread T_6;
    .scope S_0x101ad0b80;
T_7 ;
    %wait E_0x9b50e6c80;
    %load/vec4 v0x9b4c34fa0_0;
    %dup/vec4;
    %pushi/vec4 0, 0, 4;
    %cmp/u;
    %jmp/1 T_7.0, 6;
    %dup/vec4;
    %pushi/vec4 1, 0, 4;
    %cmp/u;
    %jmp/1 T_7.1, 6;
    %dup/vec4;
    %pushi/vec4 2, 0, 4;
    %cmp/u;
    %jmp/1 T_7.2, 6;
    %dup/vec4;
    %pushi/vec4 3, 0, 4;
    %cmp/u;
    %jmp/1 T_7.3, 6;
    %dup/vec4;
    %pushi/vec4 4, 0, 4;
    %cmp/u;
    %jmp/1 T_7.4, 6;
    %dup/vec4;
    %pushi/vec4 5, 0, 4;
    %cmp/u;
    %jmp/1 T_7.5, 6;
    %dup/vec4;
    %pushi/vec4 6, 0, 4;
    %cmp/u;
    %jmp/1 T_7.6, 6;
    %dup/vec4;
    %pushi/vec4 7, 0, 4;
    %cmp/u;
    %jmp/1 T_7.7, 6;
    %dup/vec4;
    %pushi/vec4 8, 0, 4;
    %cmp/u;
    %jmp/1 T_7.8, 6;
    %dup/vec4;
    %pushi/vec4 9, 0, 4;
    %cmp/u;
    %jmp/1 T_7.9, 6;
    %dup/vec4;
    %pushi/vec4 10, 0, 4;
    %cmp/u;
    %jmp/1 T_7.10, 6;
    %dup/vec4;
    %pushi/vec4 11, 0, 4;
    %cmp/u;
    %jmp/1 T_7.11, 6;
    %dup/vec4;
    %pushi/vec4 12, 0, 4;
    %cmp/u;
    %jmp/1 T_7.12, 6;
    %dup/vec4;
    %pushi/vec4 13, 0, 4;
    %cmp/u;
    %jmp/1 T_7.13, 6;
    %jmp T_7.14;
T_7.0 ;
    %load/vec4 v0x9b4c35040_0;
    %load/vec4 v0x9b4c350e0_0;
    %add;
    %store/vec4 v0x9b4c34f00_0, 0, 32;
    %jmp T_7.14;
T_7.1 ;
    %load/vec4 v0x9b4c35040_0;
    %load/vec4 v0x9b4c350e0_0;
    %and;
    %store/vec4 v0x9b4c34f00_0, 0, 32;
    %jmp T_7.14;
T_7.2 ;
    %load/vec4 v0x9b4c35040_0;
    %load/vec4 v0x9b4c350e0_0;
    %or;
    %inv;
    %store/vec4 v0x9b4c34f00_0, 0, 32;
    %jmp T_7.14;
T_7.3 ;
    %load/vec4 v0x9b4c35040_0;
    %load/vec4 v0x9b4c350e0_0;
    %or;
    %store/vec4 v0x9b4c34f00_0, 0, 32;
    %jmp T_7.14;
T_7.4 ;
    %load/vec4 v0x9b4c350e0_0;
    %ix/getv 4, v0x9b4c35180_0;
    %shiftl 4;
    %store/vec4 v0x9b4c34f00_0, 0, 32;
    %jmp T_7.14;
T_7.5 ;
    %load/vec4 v0x9b4c350e0_0;
    %ix/getv 4, v0x9b4c35180_0;
    %shiftr/s 4;
    %store/vec4 v0x9b4c34f00_0, 0, 32;
    %jmp T_7.14;
T_7.6 ;
    %load/vec4 v0x9b4c350e0_0;
    %ix/getv 4, v0x9b4c35180_0;
    %shiftr 4;
    %store/vec4 v0x9b4c34f00_0, 0, 32;
    %jmp T_7.14;
T_7.7 ;
    %load/vec4 v0x9b4c35040_0;
    %load/vec4 v0x9b4c350e0_0;
    %sub;
    %store/vec4 v0x9b4c34f00_0, 0, 32;
    %jmp T_7.14;
T_7.8 ;
    %load/vec4 v0x9b4c35040_0;
    %load/vec4 v0x9b4c350e0_0;
    %xor;
    %store/vec4 v0x9b4c34f00_0, 0, 32;
    %jmp T_7.14;
T_7.9 ;
    %load/vec4 v0x9b4c35040_0;
    %load/vec4 v0x9b4c350e0_0;
    %cmp/s;
    %flag_get/vec4 5;
    %pad/u 32;
    %store/vec4 v0x9b4c34f00_0, 0, 32;
    %jmp T_7.14;
T_7.10 ;
    %load/vec4 v0x9b4c35040_0;
    %load/vec4 v0x9b4c350e0_0;
    %cmp/u;
    %flag_get/vec4 5;
    %pad/u 32;
    %store/vec4 v0x9b4c34f00_0, 0, 32;
    %jmp T_7.14;
T_7.11 ;
    %load/vec4 v0x9b4c35040_0;
    %load/vec4 v0x9b4c350e0_0;
    %cmp/e;
    %flag_get/vec4 4;
    %store/vec4 v0x9b4c35220_0, 0, 1;
    %jmp T_7.14;
T_7.12 ;
    %load/vec4 v0x9b4c35040_0;
    %load/vec4 v0x9b4c350e0_0;
    %cmp/ne;
    %flag_get/vec4 4;
    %store/vec4 v0x9b4c35220_0, 0, 1;
    %jmp T_7.14;
T_7.13 ;
    %load/vec4 v0x9b4c350e0_0;
    %ix/load 4, 16, 0;
    %flag_set/imm 4, 0;
    %shiftl 4;
    %store/vec4 v0x9b4c34f00_0, 0, 32;
    %jmp T_7.14;
T_7.14 ;
    %pop/vec4 1;
    %jmp T_7;
    .thread T_7, $push;
    .scope S_0x101ace000;
T_8 ;
    %wait E_0x9b50e6cc0;
    %load/vec4 v0x9b4c366c0_0;
    %flag_set/vec4 8;
    %jmp/0xz  T_8.0, 8;
    %pushi/vec4 0, 0, 1;
    %assign/vec4 v0x9b4c36760_0, 0;
    %jmp T_8.1;
T_8.0 ;
    %load/vec4 v0x9b4c36260_0;
    %load/vec4 v0x9b4c36580_0;
    %cmp/e;
    %jmp/1 T_8.4, 4;
    %flag_mov 8, 4;
    %load/vec4 v0x9b4c36260_0;
    %load/vec4 v0x9b4c36620_0;
    %cmp/e;
    %flag_get/vec4 4;
    %jmp/0 T_8.5, 4;
    %load/vec4 v0x9b4c36120_0;
    %and;
T_8.5;
    %flag_set/vec4 9;
    %flag_or 9, 8;
    %flag_mov 4, 9;
T_8.4;
    %jmp/0xz  T_8.2, 4;
    %pushi/vec4 1, 0, 1;
    %assign/vec4 v0x9b4c36760_0, 0;
    %jmp T_8.3;
T_8.2 ;
    %load/vec4 v0x9b4c36080_0;
    %load/vec4 v0x9b4c36580_0;
    %cmp/e;
    %jmp/1 T_8.8, 4;
    %flag_mov 8, 4;
    %load/vec4 v0x9b4c36080_0;
    %load/vec4 v0x9b4c36620_0;
    %cmp/e;
    %flag_get/vec4 4;
    %jmp/0 T_8.9, 4;
    %load/vec4 v0x9b4c35f40_0;
    %and;
T_8.9;
    %flag_set/vec4 9;
    %flag_or 9, 8;
    %flag_mov 4, 9;
T_8.8;
    %jmp/0xz  T_8.6, 4;
    %pushi/vec4 0, 0, 1;
    %assign/vec4 v0x9b4c36760_0, 0;
    %jmp T_8.7;
T_8.6 ;
    %load/vec4 v0x9b4c36440_0;
    %load/vec4 v0x9b4c36580_0;
    %cmp/e;
    %jmp/1 T_8.12, 4;
    %flag_mov 8, 4;
    %load/vec4 v0x9b4c36440_0;
    %load/vec4 v0x9b4c36620_0;
    %cmp/e;
    %flag_get/vec4 4;
    %jmp/0 T_8.13, 4;
    %load/vec4 v0x9b4c36300_0;
    %and;
T_8.13;
    %flag_set/vec4 9;
    %flag_or 9, 8;
    %flag_mov 4, 9;
T_8.12;
    %jmp/0xz  T_8.10, 4;
    %pushi/vec4 1, 0, 1;
    %assign/vec4 v0x9b4c36760_0, 0;
    %jmp T_8.11;
T_8.10 ;
    %pushi/vec4 0, 0, 1;
    %assign/vec4 v0x9b4c36760_0, 0;
T_8.11 ;
T_8.7 ;
T_8.3 ;
T_8.1 ;
    %jmp T_8;
    .thread T_8;
    .scope S_0x101ad0a00;
T_9 ;
    %wait E_0x9b50e6c40;
    %load/vec4 v0x9b4e44640_0;
    %load/vec4 v0x9b4e44500_0;
    %ix/load 4, 2, 0;
    %flag_set/imm 4, 0;
    %shiftl 4;
    %add;
    %store/vec4 v0x9b4e46080_0, 0, 32;
    %jmp T_9;
    .thread T_9, $push;
    .scope S_0x101ad0a00;
T_10 ;
    %wait E_0x9b50e6cc0;
    %load/vec4 v0x9b4e46f80_0;
    %flag_set/vec4 8;
    %jmp/0xz  T_10.0, 8;
    %pushi/vec4 0, 0, 32;
    %assign/vec4 v0x9b4e455e0_0, 0;
    %jmp T_10.1;
T_10.0 ;
    %load/vec4 v0x9b4e45680_0;
    %flag_set/vec4 8;
    %jmp/0xz  T_10.2, 8;
    %load/vec4 v0x9b4c37660_0;
    %assign/vec4 v0x9b4e455e0_0, 0;
    %pushi/vec4 0, 0, 32;
    %assign/vec4 v0x9b4e44d20_0, 0;
    %pushi/vec4 0, 0, 6;
    %assign/vec4 v0x9b4e44000_0, 0;
    %pushi/vec4 0, 0, 3;
    %assign/vec4 v0x9b4e44140_0, 0;
    %pushi/vec4 0, 0, 2;
    %assign/vec4 v0x9b4e44280_0, 0;
    %pushi/vec4 0, 0, 2;
    %assign/vec4 v0x9b4c37a20_0, 0;
    %pushi/vec4 0, 0, 3;
    %assign/vec4 v0x9b4c378e0_0, 0;
    %pushi/vec4 0, 0, 32;
    %assign/vec4 v0x9b4c37660_0, 0;
    %pushi/vec4 0, 0, 1;
    %assign/vec4 v0x9b4c37e80_0, 0;
    %pushi/vec4 0, 0, 32;
    %assign/vec4 v0x9b4c377a0_0, 0;
    %pushi/vec4 0, 0, 32;
    %assign/vec4 v0x9b4c37de0_0, 0;
    %pushi/vec4 0, 0, 5;
    %assign/vec4 v0x9b4c37b60_0, 0;
    %load/vec4 v0x9b4c37ac0_0;
    %assign/vec4 v0x9b4e45040_0, 0;
    %load/vec4 v0x9b4e468a0_0;
    %assign/vec4 v0x9b4e452c0_0, 0;
    %load/vec4 v0x9b4c37840_0;
    %assign/vec4 v0x9b4e44f00_0, 0;
    %load/vec4 v0x9b4c37c00_0;
    %assign/vec4 v0x9b4e45180_0, 0;
    %jmp T_10.3;
T_10.2 ;
    %load/vec4 v0x9b4e47160_0;
    %flag_set/vec4 8;
    %jmp/0xz  T_10.4, 8;
    %load/vec4 v0x9b4e44320_0;
    %assign/vec4 v0x9b4c37a20_0, 0;
    %load/vec4 v0x9b4e441e0_0;
    %assign/vec4 v0x9b4c378e0_0, 0;
    %load/vec4 v0x9b4e46120_0;
    %assign/vec4 v0x9b4c37660_0, 0;
    %load/vec4 v0x9b4e47340_0;
    %assign/vec4 v0x9b4c37e80_0, 0;
    %load/vec4 v0x9b4e461c0_0;
    %assign/vec4 v0x9b4c377a0_0, 0;
    %load/vec4 v0x9b4e44a00_0;
    %assign/vec4 v0x9b4c37de0_0, 0;
    %load/vec4 v0x9b4c37ac0_0;
    %assign/vec4 v0x9b4e45040_0, 0;
    %load/vec4 v0x9b4e468a0_0;
    %assign/vec4 v0x9b4e452c0_0, 0;
    %load/vec4 v0x9b4c37840_0;
    %assign/vec4 v0x9b4e44f00_0, 0;
    %load/vec4 v0x9b4c37c00_0;
    %assign/vec4 v0x9b4e45180_0, 0;
    %jmp T_10.5;
T_10.4 ;
    %load/vec4 v0x9b4e45720_0;
    %assign/vec4 v0x9b4e455e0_0, 0;
    %load/vec4 v0x9b4e457c0_0;
    %flag_set/vec4 8;
    %jmp/0xz  T_10.6, 8;
    %load/vec4 v0x9b4e44780_0;
    %assign/vec4 v0x9b4c37b60_0, 0;
    %jmp T_10.7;
T_10.6 ;
    %load/vec4 v0x9b4e44b40_0;
    %assign/vec4 v0x9b4c37b60_0, 0;
T_10.7 ;
    %load/vec4 v0x9b4e466c0_0;
    %assign/vec4 v0x9b4e44d20_0, 0;
    %load/vec4 v0x9b4e45720_0;
    %assign/vec4 v0x9b4e44be0_0, 0;
    %load/vec4 v0x9b4e459a0_0;
    %assign/vec4 v0x9b4e44280_0, 0;
    %load/vec4 v0x9b4e44e60_0;
    %assign/vec4 v0x9b4e44140_0, 0;
    %load/vec4 v0x9b4c375c0_0;
    %assign/vec4 v0x9b4e44000_0, 0;
    %load/vec4 v0x9b4e463a0_0;
    %assign/vec4 v0x9b4e44460_0, 0;
    %load/vec4 v0x9b4e44c80_0;
    %assign/vec4 v0x9b4e445a0_0, 0;
    %load/vec4 v0x9b4e46da0_0;
    %assign/vec4 v0x9b4e44820_0, 0;
    %load/vec4 v0x9b4e46e40_0;
    %assign/vec4 v0x9b4e44960_0, 0;
    %load/vec4 v0x9b4e463a0_0;
    %assign/vec4 v0x9b4e44460_0, 0;
    %load/vec4 v0x9b4e47020_0;
    %assign/vec4 v0x9b4e44aa0_0, 0;
    %load/vec4 v0x9b4e46bc0_0;
    %assign/vec4 v0x9b4e446e0_0, 0;
    %load/vec4 v0x9b4e44320_0;
    %assign/vec4 v0x9b4c37a20_0, 0;
    %load/vec4 v0x9b4e441e0_0;
    %assign/vec4 v0x9b4c378e0_0, 0;
    %load/vec4 v0x9b4e46120_0;
    %assign/vec4 v0x9b4c37660_0, 0;
    %load/vec4 v0x9b4e47340_0;
    %assign/vec4 v0x9b4c37e80_0, 0;
    %load/vec4 v0x9b4e461c0_0;
    %assign/vec4 v0x9b4c377a0_0, 0;
    %load/vec4 v0x9b4e44a00_0;
    %assign/vec4 v0x9b4c37de0_0, 0;
    %load/vec4 v0x9b4c37ac0_0;
    %assign/vec4 v0x9b4e45040_0, 0;
    %load/vec4 v0x9b4e468a0_0;
    %assign/vec4 v0x9b4e452c0_0, 0;
    %load/vec4 v0x9b4c37840_0;
    %assign/vec4 v0x9b4e44f00_0, 0;
    %load/vec4 v0x9b4c37c00_0;
    %assign/vec4 v0x9b4e45180_0, 0;
T_10.5 ;
T_10.3 ;
T_10.1 ;
    %jmp T_10;
    .thread T_10;
    .scope S_0x101acf9a0;
T_11 ;
    %vpi_call 2 20 "$dumpfile", "cpu.vcd" {0 0 0};
    %vpi_call 2 21 "$dumpvars", 32'sb00000000000000000000000000000000, S_0x101acf9a0 {0 0 0};
    %end;
    .thread T_11;
    .scope S_0x101acf9a0;
T_12 ;
    %fork t_1, S_0x101acf420;
    %jmp t_0;
    .scope S_0x101acf420;
t_1 ;
    %vpi_call 2 25 "$readmemh", "reference_mem.mem", v0x9b4e47660 {0 0 0};
    %vpi_call 2 26 "$readmemh", "reference_reg.mem", v0x9b4e47700 {0 0 0};
    %end;
    .scope S_0x101acf9a0;
t_0 %join;
    %end;
    .thread T_12;
    .scope S_0x101acf9a0;
T_13 ;
    %fork t_3, S_0x101acfb20;
    %jmp t_2;
    .scope S_0x101acfb20;
t_3 ;
    %pushi/vec4 0, 0, 1;
    %store/vec4 v0x9b4e47480_0, 0, 1;
T_13.0 ;
    %delay 5000, 0;
    %load/vec4 v0x9b4e47480_0;
    %inv;
    %store/vec4 v0x9b4e47480_0, 0, 1;
    %jmp T_13.0;
T_13.1 ;
    %end;
    .scope S_0x101acf9a0;
t_2 %join;
    %end;
    .thread T_13;
    .scope S_0x101acf9a0;
T_14 ;
    %fork t_5, S_0x101acf5a0;
    %jmp t_4;
    .scope S_0x101acf5a0;
t_5 ;
    %pushi/vec4 0, 0, 32;
    %store/vec4 v0x9b4e473e0_0, 0, 32;
    %pushi/vec4 1, 0, 1;
    %store/vec4 v0x9b4e477a0_0, 0, 1;
    %delay 15000, 0;
    %pushi/vec4 0, 0, 1;
    %store/vec4 v0x9b4e477a0_0, 0, 1;
    %wait E_0x9b50e6c00;
    %vpi_call 2 41 "$display", "Program Terminate\012" {0 0 0};
    %pushi/vec4 0, 0, 32;
    %store/vec4 v0x9b4e475c0_0, 0, 32;
T_14.0 ; Top of for-loop
    %load/vec4 v0x9b4e475c0_0;
    %cmpi/s 32, 0, 32;
	  %jmp/0xz T_14.1, 5;
    %ix/getv/s 4, v0x9b4e475c0_0;
    %load/vec4a v0x9b4c37160, 4;
    %ix/getv/s 4, v0x9b4e475c0_0;
    %load/vec4a v0x9b4e47700, 4;
    %cmp/ne;
    %jmp/0xz  T_14.3, 4;
    %pushi/vec4 1, 0, 32;
    %store/vec4 v0x9b4e473e0_0, 0, 32;
T_14.3 ;
T_14.2 ; for-loop step statement
    %load/vec4 v0x9b4e475c0_0;
    %addi 1, 0, 32;
    %store/vec4 v0x9b4e475c0_0, 0, 32;
    %jmp T_14.0;
T_14.1 ; for-loop exit label
    %pushi/vec4 0, 0, 32;
    %store/vec4 v0x9b4e475c0_0, 0, 32;
T_14.5 ; Top of for-loop
    %load/vec4 v0x9b4e475c0_0;
    %cmpi/s 8192, 0, 32;
	  %jmp/0xz T_14.6, 5;
    %ix/getv/s 4, v0x9b4e475c0_0;
    %load/vec4a v0x9b4c36c60, 4;
    %ix/getv/s 4, v0x9b4e475c0_0;
    %load/vec4a v0x9b4e47660, 4;
    %cmp/ne;
    %jmp/0xz  T_14.8, 4;
    %pushi/vec4 1, 0, 32;
    %store/vec4 v0x9b4e473e0_0, 0, 32;
T_14.8 ;
T_14.7 ; for-loop step statement
    %load/vec4 v0x9b4e475c0_0;
    %addi 1, 0, 32;
    %store/vec4 v0x9b4e475c0_0, 0, 32;
    %jmp T_14.5;
T_14.6 ; for-loop exit label
    %load/vec4 v0x9b4e473e0_0;
    %cmpi/ne 0, 0, 32;
    %jmp/0xz  T_14.10, 4;
    %vpi_call 2 55 "$display", "Simulation failed." {0 0 0};
    %pushi/vec4 0, 0, 32;
    %store/vec4 v0x9b4e475c0_0, 0, 32;
T_14.12 ; Top of for-loop
    %load/vec4 v0x9b4e475c0_0;
    %cmpi/s 32, 0, 32;
	  %jmp/0xz T_14.13, 5;
    %vpi_call 2 57 "$display", "index: %d, dat: %h, %h", v0x9b4e475c0_0, &A<v0x9b4c37160, v0x9b4e475c0_0 >, &A<v0x9b4e47700, v0x9b4e475c0_0 > {0 0 0};
T_14.14 ; for-loop step statement
    %load/vec4 v0x9b4e475c0_0;
    %addi 1, 0, 32;
    %store/vec4 v0x9b4e475c0_0, 0, 32;
    %jmp T_14.12;
T_14.13 ; for-loop exit label
    %jmp T_14.11;
T_14.10 ;
    %vpi_call 2 61 "$display", "Simulation success!!!" {0 0 0};
T_14.11 ;
    %vpi_call 2 62 "$finish" {0 0 0};
    %end;
    .scope S_0x101acf9a0;
t_4 %join;
    %end;
    .thread T_14;
# The file index is used to find the file name in the following table.
:file_names 9;
    "N/A";
    "<interactive>";
    "CPU_tb.v";
    "CPU.v";
    "ALU.v";
    "CTRL.v";
    "HAZARD.v";
    "MEM.v";
    "RF.v";
